,Master Regulator,Expr Log Ratio,Molecule Type,Participating regulators,Depth,Predicted Activation,Activation z-score,p-value of overlap,Network bias-corrected p-value,Target Molecules in Dataset,Causal network,Target-connected regulators,sample,sig,overlap_upstreamreg
0,EGF, ,growth factor,"Akt,AKT1,AMPK,AR,ATF1,ATF2,ATF6,ATM,BCL2,BMX,CCND1,CCNE1,CEBPA,CEBPB,CHEK2,Creb,CREB1,CTNNB1,DUSP1,EGF,EGFR,EGR1,ELK1,ERBB2,ERBB3,ERBB4,ERK,ERK1/2,ESR1,ESRRA,EZH2,FOS,HDAC6,HGS,HIF1A,HNRNPA1,HRAS,HSF1,IKBKB,INSR,IRF3,ITGAV,ITGB4,JINK1/2,Jnk,JUN,KAT5,KRAS,LCK,LIN28A,MAP2K1,MAP2K1/2,Mapk,MAPK1,MAPK3,MAPK7,MAPK8,MAPKAPK2,MED1,Mek,MET,MMP1,MMP14,MMP2,MTOR,MYC,NCOA3,NFAT5,Notch,NR3C1,NR4A1,P38 MAPK,PGR,PI3K (complex),PI3K (family),PPARGC1A,PRKCD,PRKCZ,PTEN,PTK2,RAC1,RAF1,Rap1,RARA,RELA,ROCK,RPS6KB1,RUNX2,RXRA,SHC1,SIRT1,SMAD3,SP1,SREBF2,STAT1,STAT3,STAT5a/b,TFEB,TP53,TP63",3,Inhibited,-4.025,4.55e-23,0.0008,"A2M,ABCE1,ACADM,ACO1,ACO2,ACSL3,ACTR3,ADAM10,ADAR,ADH5,AFP,AGO2,AK1,AKR1B1,AKT1,AKT2,ALDOA,ALDOC,ALOX5,APEX1,APOB,APOBEC3G,APOC3,APOE,ARHGAP1,ARHGDIB,ARPC1B,ARPC5L,ARRB1,ASNS,ASS1,ATG7,ATG9A,ATP2A2,B3GALT6,BAG1,BAX,BCAS3,BCAT1,BCLAF1,BCOR,BID,BPNT2,BST2,BUB1B,BZW2,C11orf58,C3,C4A/C4B,CAPN2,CARS1,CASP1,CASP4,CBR1,CBS/CBSL,CD14,CD151,CD63,CD70,CDC37,CDC42,CDK12,CDKN2C,CEBPZ,CHD3,CHD7,CKAP4,CLCN7,CLGN,COL6A3,COX5A,CPT2,CSTA,DDX21,DEGS1,DNM1,DNM1L,DPYSL2,DR1,EDF1,EED,EEF1A1,EEF1A2,EEF1B2,EGLN1,EGR2,EHD1,EIF1AX,EIF2B1,EIF4A2,EIF4E,EIF4G1,EIF5,ENO1,ENO3,ERBIN,ERP29,EZH2,EZR,FABP4,FAM3C,FBL,FBLN1,FBP1,FBXO22,FDPS,FDXR,FHL1,FKBP3,FKBP4,FKBP5,FLI1,FSCN1,FUS,G3BP1,GABPA,GAPDH,GART,GBP2,GBP4,GCLC,GCLM,GDF15,GDI1,GLO1,GLUL,GNL3,GNS,GOT1,GPX4,GSK3A,GSK3B,GSPT1,GSTM3,GSTP1,H1-10,H2BC12,HGSNAT,HINT1,HMGB1,HMGB2,HNRNPA1,HNRNPA2B1,HNRNPA3,HNRNPD,HNRNPF,HNRNPH1,HSP90AA1,HSP90AB1,HSPA1A/HSPA1B,HSPA8,HSPD1,HSPE1,HSPH1,HTT,IDH1,IDH2,IDI1,IGF2,IGFBP2,IGFBP3,IGLL1/IGLL5,IL1B,IL1RAP,ILK,IPO7,IQGAP2,IRAG2,IREB2,IRF8,ISCU,ITGB2,ITIH2,JAK1,JUN,KAT2B,KIFC1,LAMB1,LAMP1,LAP3,LASP1,LCP2,LDHA,LDHB,LGALS1,LGALS3,LIG3,LIMS1,LMAN1,LPL,LRIF1,LSM2,LTF,LUM,MAP2K1,MAP2K2,MAPK1,MAPK7,MARCKS,MAT2A,MATK,MBD2,MBOAT7,ME1,ME2,MECP2,MED1,METTL7A,MIF,MKI67,MKNK1,MMP2,MNDA,MPG,MRPL20,MRPS11,MST1,MTA2,MTHFD2,MX2,MYD88,NAE1,NAMPT,NAP1L1,NASP,NCF1,NDRG1,NDUFB8,NEU1,NFKB1,NIBAN1,NIBAN2,NIFK,NME1,NMI,NNT,NOLC1,NOP16,NOP2,NOP56,NOTCH1,NPC1,NQO1,NUCKS1,NUDCD2,NUDT1,NUP153,P2RX4,P4HA1,PAICS,PARP12,PCNA,PCYT1A,PDCD4,PDCD6IP,PDHX,PDIA4,PDIA5,PDLIM1,PDLIM7,PEA15,PELP1,PGK1,PGLS,PIK3CD,PIP4P1,PKM,PLCG2,PLG,POLDIP2,POLR2A,POSTN,PPAT,PPIA,PPIF,PPM1A,PPM1F,PPP1CA,PPP1R3D,PPP2CA,PPP2R1A,PPP3CB,PPP4C,PPP4R2,PRDX2,PREP,PREX1,PRKAR1A,PRMT1,PRPS1,PSAT1,PSIP1,PSMB3,PSMB5,PSMB9,PSME2,PTPN11,PTPN2,PTPN6,PTPRE,RABGAP1L,RAD23A,RALY,RAN,RANBP1,RANGAP1,RASA1,RHOA,RPA1,RPL10,RPL27A,RSAD2,S100A11,S100A4,S100A9,SAE1,SAMD9,SAMHD1,SDHA,SDHB,SEL1L,SERPINB1,SERPINB8,SERPINB9,SERPINF1,SHC1,SIRT6,SLC9A3R1,SMAP2,SMC1A,SOD1,SON,SP100,SPR,SPRY2,SREBF2,SRSF1,SSBP1,ST13,STAT3,STAT6,STIP1,STK4,STMN1,STOM,STT3B,SUMO1,SUMO2,SUMO3,SUN1,SUN2,SYK,TACC1,TAGLN2,TALDO1,TAPBP,TFB2M,TGFBI,TGM2,THBS1,TIMP2,TK1,TKT,TLN1,TMED10,TMED9,TMSB10/TMSB4X,TMX3,TOP1,TOP2A,TOP2B,TPI1,TPM1,TPX2,TRADD,TREM2,TUBA1C,TUBB2A,TUFM,TXN,TYMP,UBA2,UBE2I,UBE2L6,UGDH,UGP2,UQCRC2,UQCRQ,UTP18,VASP,VCL,VPS26A,VPS35,VTN,WARS1,WAS,WRN,XPO1,YLPM1,YWHAH,YWHAZ,YY1,ZEB2,ZNF318,ZYX",405 (100),94,2hr_PROT_causal,True,
2,PRL, ,cytokine,"AKT1,Ap1,ATF2,CASP8,CCND1,CD247,CD3E,CDK1,CEBPA,CEBPB,CHEK1,Creb,CTNNB1,DUSP1,EGFR,EGR1,ELK1,ERBB2,ERK,ERK1/2,ESR1,estrogen receptor,GLI1,HDAC6,HIF1A,HSF1,IGF1R,INSR,IRF1,ITGB4,JAK2,JUN,LIN28A,MAP2K1,MAP2K1/2,Mapk,MAPK1,MAPK3,MAPK8,MAPK9,MED1,MMP2,MTOR,MYC,NCOA3,NFAT (complex),NFkB (complex),NOS2,NOTCH1,P38 MAPK,PARP1,PGR,PI3K (family),PRKAA,PRKCD,PRL,PTPN6,PXN,RAC1,RARA,RAS,RB1,RELA,RHOA,RPS6KB1,RUNX2,RXRA,SHC1,SMAD3,SP1,STAT1,STAT3,STAT5a/b,TP53,TP63,TP73,ZAP70",3,Inhibited,-3.98,2.5799999999999997e-22,0.0023,"A2M,ACO1,ACSL3,ADAM10,ADAR,ADGRE2,ADK,AFP,AGO2,AIF1,AK1,AKR1B1,AKT1,ALDOA,ALOX5,APOB,APOBEC3G,APOC3,APOE,ARHGAP1,ARHGDIB,ARPC1B,ARPC5,ARPC5L,ARRB1,ASNS,ASS1,ATG7,ATG9A,ATP2A2,ATXN10,B3GALT6,BAG1,BAX,BCAS3,BCAT1,BCLAF1,BCOR,BID,BPNT2,BST2,BUB1B,BZW2,C11orf58,C1QTNF3,C3,C4A/C4B,CA2,CAPG,CAPN2,CARS1,CASP1,CASP4,CASP8,CAST,CBS/CBSL,CD14,CD151,CD46,CDC37,CDK1,CDK6,CDKN2C,CEBPA,CHD3,CHD7,CKAP4,CNTRL,COL1A1,COL3A1,COL6A3,COL9A2,COX4I1,COX5A,CP,CPT2,CSE1L,CSTA,CTPS1,DEGS1,DHX58,DNM1,DPYSL2,DR1,DTYMK,ECM1,EDF1,EED,EEF1A2,EEF1B2,EFHD2,EGLN1,EHD1,EIF1AX,EIF2B1,EIF4A2,EIF4E,EIF4G1,EIF5,ELOB,ELOC,ENDOD1,ERBIN,ERP29,EZR,FABP5,FAM3C,FBL,FBLN1,FBXO22,FCER1G,FDPS,FDXR,FEN1,FHL1,FKBP3,FKBP4,FLI1,FSCN1,FUBP1,FUS,G3BP1,G6PD,GALNT2,GAPDH,GBP2,GBP4,GCLC,GCLM,GDF15,GLO1,GLUL,GNL3,GOT1,GPA33,GPX4,GSK3A,GSK3B,GSPT1,GSR,GSTM3,GSTP1,H1-0,H1-10,H2AX,H2BC12,HGSNAT,HINT1,HMGB1,HMGB2,HNRNPA1,HNRNPA2B1,HNRNPA3,HNRNPD,HNRNPF,HNRNPH1,HSP90AB1,HSPA1A/HSPA1B,HSPA4,HSPA8,HSPD1,HSPE1,HTT,HYOU1,IDH2,IDI1,IFI35,IGF2,IGFBP2,IGFBP3,IGLL1/IGLL5,IL1RAP,IL1RN,IPO7,IQGAP3,IRAG2,IREB2,IRF8,ISCU,ITGB2,ITIH2,ITPR1,JAK1,JUN,KAT2B,KIFC1,KRT10,KYNU,LAMB1,LAMP1,LAP3,LASP1,LBR,LCP2,LIG3,LIMS1,LMNA,LPL,LRIF1,LSM2,LTF,LUM,MAD1L1,MAPK1,MARCKS,MAT2A,MATK,MBD2,MBOAT7,ME1,ME2,MECP2,METAP2,MIF,MKI67,MKNK1,MRPS11,MSI2,MSN,MST1,MTA2,MTHFD2,MX2,NAE1,NAMPT,NASP,NAT1,NDRG1,NDUFB8,NFKB1,NIBAN2,NIFK,NME1,NMI,NOLC1,NOP2,NOP56,NOTCH1,NPC1,NPEPL1,NQO1,NRGN,NUCKS1,NUDCD2,NUP153,NVL,OGFRL1,P2RX4,PAICS,PARP12,PCYT1A,PDHX,PDIA3,PDLIM1,PDLIM7,PELP1,PFDN1,PFKP,PGK1,PGLS,PHGDH,PIK3CD,PIN1,PKM,PLCG2,POLDIP2,POLR2A,POSTN,PPAT,PPIA,PPIF,PPM1A,PPP1CA,PPP1R3D,PPP2CA,PPP2R1A,PPP3CA,PPP3CB,PPP4C,PPP4R2,PREP,PREX1,PRKAR1A,PRMT1,PRPS1,PSIP1,PSMB3,PSMB5,PSME2,PTPN11,PTPN2,PTPN6,PTPRE,PXN,QSOX1,RABGAP1L,RAD23A,RALY,RANBP1,RANGAP1,RASA1,RBL2,RHOA,RHOC,RPA1,RPL10,RPS6KA1,RPS6KA3,RSAD2,S100A4,S100A6,S100A9,SAE1,SAMD9,SAMHD1,SAR1A,SDHB,SEL1L,SERPINB1,SERPINB8,SERPINF1,SET,SFXN3,SHC1,SIRT6,SLC9A3R1,SMAP2,SMC1A,SON,SP1,SP100,SPR,SPRY2,SREBF2,SRM,SRSF1,SSBP1,ST13,STAT6,STIP1,STK4,STMN1,STOM,STT3B,SUMO1,SUMO2,SUMO3,SUN1,SUN2,SYK,TACC1,TAGLN2,TALDO1,TAPBP,TDO2,TFAM,TGFBI,TGM2,THBD,THBS1,TIMP2,TK1,TKT,TLN1,TMED9,TMSB10/TMSB4X,TMX3,TOP1,TOP2B,TPI1,TPM1,TPX2,TRADD,TRAF1,TREM2,TTC13,TUBA1C,TUBB,TUBB2A,TXN,TYMP,UBA2,UBE2I,UBE2L6,UGDH,UGP2,UQCRC2,UQCRQ,UTP18,VASP,VCL,VIM,VMP1,WARS1,WAS,WRN,XPC,XPO1,YLPM1,YWHAH,ZDHHC3,ZEB2,ZNF318,ZYX",404 (77),74,2hr_PROT_causal,True,
4,IQGAP1,-0.803,other,"AHR,AKT1,Ap1,ATF2,CASP9,CCND1,CCNE1,CD247,CEBPA,CEBPB,Creb,CTNNB1,DUSP1,EGFR,EGR1,ELK1,ERBB2,ERBB3,ERK,ERK1/2,ESR1,ESR2,FOXO1,GSK3B,HDAC6,HIF1A,HSF1,IKBKB,IQGAP1,ITGB4,JUN,LCK,LIN28A,MAP2K1/2,MAPK1,MAPK14,MED1,MMP14,MMP2,MTOR,NCOA3,NFAT5,NOS2,Notch,NR3C1,P38 MAPK,PARP1,PGR,Pkc(s),PPARG,PRKAA,PRKCD,RAC1,RELA,RHOA,RHOC,ROCK,RPS6KB1,RUNX2,SHC1,SMAD3,SP1,SRC (family),STAT3,TP53,YAP1",3,Inhibited,-2.415,2.52e-21,0.0003,"A2M,ACO1,ACSL3,ACTB,ADAM10,ADAR,AGO2,AK1,AKR1B1,AKT1,AKT2,ALDOA,ALOX5,APOB,APOBEC3G,APOE,ARHGAP1,ARHGDIB,ARPC1B,ARPC5L,ARRB1,ASNS,ASS1,ATP2A2,ATXN10,B3GALT6,BCAS3,BCLAF1,BPNT2,BST2,BUB1B,C11orf58,C3,CA2,CAPN2,CARS1,CASP4,CASP8,CBR1,CBS/CBSL,CDC37,CDC42,CDK1,CDK6,CDKN2C,CHD3,CHD7,CKAP4,COL1A1,COL3A1,COL6A3,COX4I1,CP,CPT1A,CPT2,DAB2,DDX21,DNAJC3,DNM1,DPYSL2,DR1,DTYMK,ECM1,EDF1,EED,EEF1A2,EEF1B2,EGLN1,EGR2,EHD1,EIF1AX,EIF2B1,EIF4A2,EIF4E,EIF4G1,EIF5,ENO1,ERBIN,ERP29,EZR,FAM3C,FBLN1,FBXO22,FCER1G,FDXR,FEN1,FHL1,FKBP3,FKBP4,FKBP5,FLI1,FSCN1,FUBP1,FUS,G3BP1,GAPDH,GCLC,GCLM,GDF15,GLO1,GLUL,GNL3,GOT1,GPX4,GSK3A,GSK3B,GSPT1,GSTM3,GSTP1,H1-10,H2AX,H2BC12,HGSNAT,HINT1,HMGB1,HMGB2,HNRNPA1,HNRNPA2B1,HNRNPA3,HNRNPD,HNRNPF,HNRNPH1,HSP90AA1,HSP90AB1,HSPA1A/HSPA1B,HSPA4,HSPA8,HSPE1,HTT,HYOU1,IFI35,IGF2,IGFBP3,IGLL1/IGLL5,IL1B,IPO7,IREB2,IRF5,IRF8,ISCU,ITIH2,ITPR1,JAK1,JUN,KAT2B,KDSR,KIFC1,KRT10,LAMB1,LAMP1,LAP3,LASP1,LEMD3,LGALS1,LGALS3,LIG3,LIMS1,LRIF1,LSM2,LTF,LUM,MAP2K2,MAPK1,MAPK7,MARCKS,MATK,MBD2,MBOAT7,ME1,ME2,MECP2,METTL7A,MIF,MKI67,MKNK1,MMP2,MRPS11,MST1,MTA2,MTHFD2,MX2,MYD88,NAE1,NASP,NAT1,NCAM1,NDRG1,NDUFB8,NIBAN2,NME1,NMI,NNT,NOLC1,NOP16,NOP2,NQO1,NUCKS1,NUDCD2,NUDT1,NUP153,NVL,P2RX4,PAICS,PARP12,PCYT1A,PDCD4,PDHX,PDLIM1,PDLIM7,PELP1,PFDN1,PGLS,PHGDH,PIK3CD,PKM,PLCG2,POLDIP2,POLR2A,POSTN,PPAT,PPIA,PPIF,PPM1A,PPP1CA,PPP1R3D,PPP2CA,PPP2R1A,PPP3CB,PPP4C,PPP4R2,PRKAR1A,PRMT1,PRPS1,PSIP1,PSMB3,PSMB5,PSME2,PTPN11,PTPN2,PTPN6,PTPRE,RABGAP1L,RAD23A,RALY,RANBP1,RANGAP1,RASA1,RBP4,RHOA,RHOC,RPA1,RPL10,RPL27A,RSAD2,S100A11,S100A4,S100A9,SAMD9,SDHB,SEL1L,SERPINB1,SERPINB8,SERPINB9,SERPINF1,SH3GLB1,SHBG,SHC1,SIRT6,SLC9A3R1,SMAP2,SMC1A,SON,SP100,SPC25,SPR,SPRY2,SREBF2,SRSF1,SSBP1,ST13,STAT3,STAT6,STIP1,STK4,STMN1,STOM,STT3B,SUN1,SUN2,SYK,TACC1,TAGLN2,TALDO1,TAP1,TAPBP,TFAM,TGFBI,TGM2,TK1,TKT,TLN1,TMED9,TMSB10/TMSB4X,TMX3,TOP1,TOP2B,TPI1,TPX2,TRADD,TRIM21,TUBA1C,TUBB2A,TUFM,TXN,TYMP,UBE2I,UBE2L6,UGDH,UGP2,UQCRC2,UTP18,VASP,VCL,WAS,WIPF1,XPC,XPO1,YLPM1,YWHAH,ZEB2,ZNF318,ZYX",332 (66),65,2hr_PROT_causal,True,
6,Mmp, ,group,"AKT1,ATM,CASP8,CASP9,CCND1,CCNE1,CEBPA,CEBPB,CHEK1,CTNNB1,DUSP1,EGFR,EGR1,ELK1,ERBB3,ERK,ERK1/2,GSK3B,HDAC6,HIF1A,ITGB4,Jnk,JUN,MAP2K1/2,MAP3K7,Mapk,MAPK1,MAPK14,MAPK8,MED1,Mek,MET,Mmp,MMP1,MMP2,MTOR,NFkB (complex),NOS2,Notch,NUAK1,P38 MAPK,PARP1,PGR,PPARG,PRKAA1,PRKCA,RAC1,RELA,RHOA,RUNX2,RXRA,SHC1,SP1,STAT1,STAT3,TAB1,TGFB1,TP53",3,Inhibited,-3.17,5.34e-21,0.0006,"A2M,ABCE1,ACO1,ACSL3,ACTB,ADAM10,ADAR,ADH5,AFP,AGO2,AK1,AKR1B1,AKT1,AKT2,ALB,ALDOA,ALOX5,APOB,APOBEC3G,APOE,ARHGDIB,ARPC1B,ARRB1,ATG7,ATXN10,BAX,BCLAF1,BID,BST2,BUB1B,C11orf58,C3,C4A/C4B,CA2,CAPN2,CARS1,CASP4,CBS/CBSL,CD46,CD70,CDK6,CDKN2C,CEBPA,CEBPZ,CHD3,CKAP4,COL1A1,COL1A2,COL6A3,COX4I1,CPT2,CSE1L,DAB2,DDX21,DNM1,DPYSL2,DR1,DTYMK,ECM1,EDF1,EED,EEF1A2,EEF1B2,EFEMP1,EGLN1,EGR2,EIF1AX,EIF2B1,EIF4E,EIF4G1,EIF5,ENO1,ERBIN,ERP29,EZR,FABP5,FAM3C,FBXO22,FDXR,FEN1,FHL1,FKBP3,FKBP5,FLI1,FSCN1,FUBP1,G3BP1,GAPDH,GART,GBP1,GBP2,GBP4,GCLC,GCLM,GDF15,GLUL,GNL3,GOT1,GPX4,GSK3A,GSK3B,GSPT1,GSTM3,GSTP1,H1-10,H2AX,H2BC12,HINT1,HMGB1,HMGB2,HNRNPA1,HNRNPA2B1,HNRNPH1,HSPA1A/HSPA1B,HSPA8,HSPB1,HSPH1,HTT,IFI35,IGF2,IGFBP3,IGLL1/IGLL5,IL1B,ILK,IPO7,IREB2,IRF5,IRF8,ISCU,ITGB2,ITIH2,ITPR1,JAK1,JMJD6,JUN,KAT2B,KIFC1,KRT10,KYNU,LAP3,LASP1,LEMD3,LGALS3,LIMS1,LTF,LUM,MAP2K1,MAP2K2,MAPK1,MAPK3,MAPKAPK2,MARCKS,MAT2A,MATK,MBD2,ME1,ME2,MECP2,MIF,MKI67,MKNK1,MMP2,MST1,MTA2,MTHFD2,MX2,MYD88,NAE1,NAMPT,NAT1,NCAM1,NDRG1,NDUFB8,NDUFS4,NFKB1,NIBAN2,NME1,NMI,NOLC1,NOP2,NPC1,NQO1,NUCKS1,NUDCD2,NUP153,NVL,P2RX4,PARP12,PCYT1A,PDHX,PDLIM1,PELP1,PFDN1,PGK1,PHGDH,PIK3CD,PKM,POSTN,PPAT,PPIA,PPIF,PPM1A,PPP1CA,PPP2CA,PPP2R1A,PPP3CB,PPP4C,PPP4R2,PRKACB,PRKAR1A,PRMT1,PSIP1,PSMB3,PSMB5,PSMB9,PSME2,PTPN11,PTPN2,PTPN6,PTPRE,PXN,RABGAP1L,RAD23A,RALY,RASA1,RBP4,RHOC,RPL10,RPL27A,RSAD2,S100A11,S100A4,S100A9,SAMHD1,SAR1A,SDHB,SEL1L,SERPINB1,SERPINB8,SERPINF1,SH3GLB1,SHBG,SIRT6,SLC9A3R1,SMAP2,SOD1,SON,SP1,SP100,SPRY2,SRSF1,STAT1,STAT3,STK4,STMN1,STOM,SUN2,SYK,TAGLN2,TALDO1,TAP1,TAPBP,TDO2,TFAM,TFB2M,TGFBI,TGM2,TK1,TLN1,TMSB10/TMSB4X,TOP1,TOP2A,TOP2B,TPI1,TPM1,TPX2,TRADD,TREM2,TRIM21,TUBA1C,TUBB2A,TUFM,TXN,TYMP,UBE2I,UBE2L6,UGDH,UQCRC2,UTP18,VASP,VCL,VIM,WARS1,WAS,XPC,XPO1,YLPM1,YWHAH,ZEB2,ZNF318,ZYX",301 (58),57,2hr_PROT_causal,True,
13,IGF1R, ,transmembrane receptor,"AHR,Akt,AKT1,AMPK,ATF1,ATF2,ATF6,CAV1,CCAR2,CCND1,CCNE1,CDH1,CDK1,CEBPA,CEBPB,CHEK1,CHEK2,CLTC,Creb,CTNNB1,DUSP1,E2F3,EGFR,ERBB2,ERK,ERK1/2,ESR1,ESR2,FGFR1,Focal adhesion kinase,GLI1,GSK3B,HDAC6,HIF1A,HMGA1,HNRNPA1,HSF1,ICAM1,IGF1R,IRF4,ITGB3,ITGB4,JAK2,Jnk,JUN,JUNB,KAT5,KDR,MAP2K1,MAP2K1/2,MAP2K2,Mapk,MAPK8,MDM4,MED1,Mek,MTOR,MYC,NANOG,NCOA3,NFKB1,NR3C1,NR4A1,P38 MAPK,PARP1,PGR,PI3K (family),PI3K p85,Pkc(s),PLSCR1,POU5F1,PPARGC1A,PRKAA1,PRKCD,PTPN11,RAC1,RB1,RUNX2,SEPTIN9,SHC1,SIRT1,SMAD3,SP1,SRC,SREBF1,SREBF2,STAT1,STAT3,SYK,TCF7L2,TP53,TP63,TP73",3,Inhibited,-3.9410000000000003,1.37e-19,0.0182,"A2M,ABCE1,ACADM,ACO1,ACO2,ACSL3,ADAM10,ADGRE2,ADH5,ADK,AGO2,AK1,AKR1B1,AKT1,AKT2,ALDOA,ALOX5,APEX1,APOA4,APOB,APOBEC3G,APOC3,APOE,ARF4,ARHGAP1,ARHGAP4,ARPC1A,ARPC1B,ARPC5,ARPC5L,ARRB1,ASNS,ASPH,ASS1,ATG9A,ATXN10,B3GALT6,BAG1,BCAS3,BCAT1,BCLAF1,BCOR,BID,BIRC6,BPNT2,BUB1B,BZW2,C11orf58,C1QTNF3,C3,C4A/C4B,CAP2,CAPN2,CARS1,CASP4,CASP8,CBR1,CBS/CBSL,CD14,CD151,CD63,CD70,CD74,CDC37,CDC42,CEBPZ,CFI,CHD3,CHD7,CNDP2,CNN3,CNTRL,COL1A1,COL6A3,COX5A,CP,CPT1A,CPT2,CSRP1,CSTA,CTCF,CTNND1,CTPS1,CYP51A1,DDX21,DNAJC3,DNM1,DPYSL2,DR1,EDF1,EED,EEF1A2,EEF1B2,EFHD2,EGR2,EIF1AX,EIF2B1,EIF4A2,EIF4E,EIF4G1,EIF5,ELOB,ELOC,ENDOD1,ENO1,ENO3,ERBIN,EZH2,EZR,FABP4,FAM3C,FBL,FBLN1,FBP1,FBXO22,FCER1G,FDPS,FDXR,FEN1,FHL1,FKBP3,FKBP5,FLI1,FSCN1,FUBP1,FUS,G3BP1,G6PD,GABPA,GALNT2,GBP1,GBP2,GBP4,GCLC,GCLM,GDF15,GLO1,GMFG,GNL3,GOT1,GPA33,GPX4,GSK3A,GSK3B,GSPT1,GSTM3,GSTP1,H1-0,H1-10,H1-2,H2AX,H2BC11,H2BC12,HGSNAT,HINT1,HMGB1,HMGB2,HNRNPA1,HNRNPA2B1,HNRNPA3,HNRNPD,HNRNPH1,HSP90AA1,HSP90AB1,HSPA1A/HSPA1B,HSPA8,HSPD1,HSPE1,HSPH1,HTT,IDH1,IDH2,IGFBP2,IGFBP3,IGLL1/IGLL5,IL1RAP,IL1RN,ILK,INPP5D,IQGAP2,IQGAP3,IREB2,IRF8,ISCU,ITGB2,ITIH2,ITPR1,JAK1,KAT2B,KDSR,KIFC1,KRT10,LAMB1,LAMP1,LBR,LGALS1,LIG3,LIMS1,LRIF1,LSM2,LTF,LUM,MAD1L1,MANF,MAPK1,MAPK7,MARCKS,MAT2A,MATK,MBD2,MBOAT7,ME1,ME2,METTL7A,MIF,MKNK1,MNDA,MPG,MRPL20,MRPS11,MSI2,MST1,MTA2,MVD,MX2,MYD88,NAE1,NAMPT,NASP,NAT1,NCF1,NDRG1,NDUFB8,NFKB1,NIBAN2,NME1,NOLC1,NOP2,NOP56,NOTCH1,NPC1,NPEPL1,NRGN,NUDCD2,NUP153,NVL,OGFRL1,P2RX4,P4HB,PAICS,PCYT1A,PDCD6IP,PDHX,PDIA4,PDLIM1,PDLIM7,PEA15,PELP1,PFDN1,PFKP,PGK1,PGLS,PHGDH,PIK3CD,PKM,PLCG2,PLG,POLDIP2,POLR2A,POSTN,POU2F2,PPAT,PPCS,PPIA,PPIF,PPM1A,PPP1CA,PPP1R3D,PPP2CA,PPP3CA,PPP3CB,PPP4C,PPP4R2,PRDX2,PREP,PREX1,PRKACB,PRKAR1A,PRMT1,PRPS1,PSIP1,PSMB3,PSMB5,PSMB9,PTPN11,PTPN2,PTPN6,PTPRE,PXN,QSOX1,RABGAP1L,RAD23A,RALY,RAN,RANBP1,RANGAP1,RASA1,RBL2,RHOA,RIPK2,RNASET2,RPA1,RPL10,RPS6KA1,RPS6KA3,RSAD2,S100A4,S100A6,S100A9,SAE1,SAMD9,SAMHD1,SDHA,SDHB,SEC24D,SEL1L,SERPINB1,SERPINB8,SERPINB9,SERPINF1,SET,SFXN3,SH3GLB1,SHC1,SIRT6,SLC9A3R1,SMC1A,SOD1,SON,SP100,SPR,SPRY2,SREBF2,SRM,SRRT,SRSF1,SSBP1,ST13,STAT3,STAT6,STMN1,STOM,STT3B,SUMO1,SUMO2,SUMO3,SUN1,SYK,TACC1,TAGLN2,TALDO1,TAPBP,TFAM,TFB2M,TGFBI,TGM2,THBD,TK1,TKT,TLN1,TM9SF2,TMED10,TMED9,TMPO,TMSB10/TMSB4X,TMX3,TOP1,TOP2B,TPI1,TPM1,TPX2,TRADD,TRAF1,TREM2,TRIM21,TTC13,TUBA1C,TUBB,TUBB2A,TXN,TYMP,UBA2,UBE2I,UGDH,UQCRC2,UQCRQ,VASP,VCL,VMP1,VPS29,WARS1,WAS,WIPF1,WRN,XPC,YLPM1,YWHAE,YWHAH,YWHAZ,ZDHHC3,ZEB2,ZYX",412 (93),89,2hr_PROT_causal,True,
14,ACKR3, ,G-protein coupled receptor,"ACKR3,AKT1,Ap1,CASP8,CASP9,CCND1,CCNE1,CDK2,CEBPA,CEBPB,CHEK1,Creb,CTNNB1,DUSP1,EGFR,EGR1,ELK1,ERBB3,ERK,ERK1/2,GSK3B,HDAC6,HIF1A,ITGB4,Jnk,JUN,MAP2K1/2,Mapk,MAPK1,MED1,MET,MMP2,MTOR,NFkB (complex),NOS2,Notch,P38 MAPK,PARP1,PGR,PPARG,RAC1,RELA,RHOA,RPS6KB1,RUNX2,RXRA,SHC1,SMAD3,SP1,STAT1,STAT3,TAB1,TERT",3,Inhibited,-3.214,2.0399999999999996e-19,0.0001,"A2M,ACO1,ADAM10,ADAR,AGO2,AKR1B1,AKT1,AKT2,ALDOA,APOB,APOBEC3G,APOC3,APOE,ARHGDIB,ARRB1,ATG7,ATXN10,BAX,BCLAF1,BST2,C11orf58,C3,C4A/C4B,CA2,CAPN2,CARS1,CASP1,CASP4,CBS/CBSL,CD14,CD70,CDK1,CDK6,CDKN2C,CEBPA,CKAP4,COL1A1,COL3A1,COX4I1,CPT2,CSE1L,DDX21,DPYSL2,DR1,DTYMK,EDF1,EED,EEF1A2,EEF1B2,EGLN1,EGR2,EIF1AX,EIF4E,EIF4G1,EIF5,ENO1,ERBIN,ERP29,EZR,FABP5,FDXR,FHL1,FKBP5,FLI1,FN1,FSCN1,G3BP1,GAPDH,GBP1,GBP2,GBP4,GCLC,GCLM,GDF15,GLUL,GOT1,GPX4,GSPT1,GSTM3,GSTP1,H1-10,H2AX,H2BC12,HINT1,HMGB2,HNRNPA1,HNRNPA2B1,HNRNPH1,HSPB1,HSPH1,IFI35,IGF2,IGFBP3,IGLL1/IGLL5,IL1B,IL1RN,IRF5,IRF8,ITGB2,ITIH2,ITPR1,JAK1,JMJD6,JUN,KAT2B,KIFC1,KRT10,KYNU,LAP3,LASP1,LBR,LDHA,LEMD3,LIMS1,LTF,LUM,MAD1L1,MAP2K2,MARCKS,MAT2A,MATK,MBD2,MECP2,MIF,MKI67,MKNK1,MMP2,MTA2,MTHFD2,MX2,MYD88,NAE1,NAMPT,NAT1,NCAM1,NCOR2,NDRG1,NDUFB8,NFKB1,NIBAN2,NMI,NOP2,NPC1,NQO1,NUCKS1,NUDCD2,NVL,PARP12,PCYT1A,PDLIM1,PELP1,PFDN1,PFKP,PGK1,PHGDH,PKM,POSTN,PPIA,PPIF,PPP2R1A,PPP3CA,PPP3CB,PRKAR1A,PRMT1,PSIP1,PSMB3,PSMB5,PSMB9,PSME2,PTPN2,PTPRE,PXN,RABGAP1L,RAD23A,RASA1,RBP4,RHOC,RPL10,RPL27A,RSAD2,S100A11,S100A4,S100A9,SAMHD1,SAR1A,SDHB,SERPINB1,SERPINB8,SERPINF1,SH3GLB1,SHBG,SIRT6,SLC9A3R1,SMAP2,SOD1,SP1,SP100,SPRY2,SREBF2,SRSF1,STAT1,STAT3,STK4,STMN1,SUN2,SYK,TALDO1,TAP1,TAPBP,TDO2,TGFBI,TGM2,THBS1,TK1,TLN1,TMSB10/TMSB4X,TOP1,TOP2A,TPI1,TPM1,TRADD,TRIM21,TUBA1C,TUBB,TUBB2A,TUFM,TXN,TYMP,UBE2I,UBE2L6,UGDH,UQCRC2,UTP18,VASP,VCL,VIM,WARS1,WAS,YLPM1,ZEB2,ZNF318,ZYX",242 (53),52,2hr_PROT_causal,True,
15,SKP2, ,other,"Akt,AKT1,AURKB,CCND1,CCNE1,CDK1,CDKN1A,CHEK2,CTNNB1,DUSP1,ERK,FOXM1,FOXO3,GLI1,GSK3B,HIF1A,IGF1R,MAP2K1,MAPK1,MAPK14,Mek,MMP2,MYC,NFE2L2,NFkB (complex),NOTCH1,P38 MAPK,PARP1,PRKAA,PRKAA1,RAC1,RELA,SKP2,STAT3,TP53,TP73",3,Activated,2.073,2.38e-19,0.0003,"ABCE1,ACO1,ACSL3,ACTB,ADAM10,ADAR,ADGRE2,ADK,AK1,AKT1,AKT2,ALDOA,ALOX5,APOBEC3G,APOE,ARHGDIB,ARPC1B,ARPC5,ATG7,ATXN10,BAG1,BCAT1,BCLAF1,BCOR,BID,BST2,BUB1B,BZW2,C11orf58,C1QTNF3,CARS1,CASP1,CASP4,CASP8,CD151,CD70,CDC42,CDK1,CDK6,CEBPZ,CHD3,CNTRL,COL1A1,COL3A1,COX5A,CS,CTCF,CTPS1,DAB2,DDX21,DEGS1,DNM1,ECM1,EED,EEF1B2,EFEMP1,EFHD2,EGLN1,EHD1,EIF2B1,EIF4E,EIF4G1,EIF5,ELOB,ELOC,ENDOD1,ENO1,ERBIN,ERP29,EZH2,FABP4,FABP5,FAM3C,FBL,FBXO22,FDXR,FEN1,FKBP3,FSCN1,FUBP1,G3BP1,GALNT2,GART,GBP1,GCLC,GCLM,GLUD1,GNL3,GOT1,GPA33,GSK3A,GSK3B,GSPT1,GSR,GSS,H1-0,H2AX,H2BC12,HMGB1,HNRNPH1,HSP90AA1,HSPA1A/HSPA1B,HSPA8,HSPB1,HSPD1,HSPH1,HTT,HYOU1,IDH1,IDH2,IFI35,IGFBP2,IGFBP3,IL1B,IL1RN,IQGAP2,IQGAP3,IREB2,IRF5,ISCU,ITGB2,ITIH2,ITPR1,JMJD6,KAT2B,KIF20A,KIFC1,KYNU,LAP3,LASP1,LBR,LEMD3,LGALS1,LGALS3,LIMS1,LUM,MAD1L1,MAP2K2,MAPK1,MARCKS,MAT2A,MBD2,ME1,ME2,MECP2,METTL7A,MIF,MKI67,MMP2,MSI2,MST1,MX2,MYD88,NAE1,NAT1,NDRG1,NDUFB8,NIBAN2,NME1,NMI,NOLC1,NOP2,NOP56,NOTCH1,NPEPL1,NQO1,NRGN,NUCKS1,NUDCD2,NUP153,NVL,OGFRL1,P2RX4,PARP12,PCNA,PCYT1A,PDCD4,PDHX,PEA15,PELP1,PFDN1,PFKP,PGD,PGK1,PHB2,PHGDH,PIN1,POSTN,PPAT,PPIF,PPM1A,PPP1CA,PPP2CA,PPP2R1A,PPP3CA,PPP4C,PPP4R2,PRDX1,PRDX2,PREP,PRKACB,PSAT1,PSIP1,PSMA4,PSME2,PTPN11,PTPN6,QSOX1,RAD23A,RALY,RBL2,RHOA,RPL10,RPS6KA1,RPS6KA3,RSAD2,S100A11,S100A4,S100A6,S100A9,SAE1,SAMHD1,SAR1A,SDHA,SDHB,SEL1L,SFXN3,SH3GLB1,SHC1,SIRT6,SLC9A3R1,SMAP2,SOD1,SON,SP1,SP100,SPRY2,SRM,SRSF1,STAT1,STK4,STMN1,STOM,SUMO1,SUMO2,SUMO3,SUN2,TAGLN2,TAP1,TDO2,TFAM,TFB2M,THBS1,TIMP2,TKT,TMED10,TMSB10/TMSB4X,TOP2A,TOP2B,TPI1,TPX2,TRADD,TRAF1,TREM2,TRIM21,TTC13,TUBA1C,TUBB,TYMP,UBA2,UBE2I,UBE2L6,UQCRC2,UQCRQ,UTP18,VIM,VMP1,WAS,WRN,XPC,YLPM1,YWHAH,ZDHHC3,ZEB2,ZNF318",285 (36),36,2hr_PROT_causal,True,
16,GRK5, ,kinase,"26s Proteasome,Akt,AKT1,CASP8,CDK2,CEBPA,EGFR,EGR1,ELK1,ERBB3,ERK1/2,F2R,FOXO3,GLI1,GRK5,GSK3B,HDAC6,HIF1A,IGF1R,ITGB4,Jnk,JUN,LATS1,MAP2K1,MAP2K1/2,Mapk,MAPK1,MAPK9,MED1,Mek,MMP2,MTOR,NOTCH1,P38 MAPK,PARP1,PGR,PI3K (complex),Pkc(s),PRKAA,PRKAA1,PRKCE,PTPN6,RAC1,RB1,RHOA,RPS6KB1,SHC1,SMAD3,SNCA,TAB1,TP53,TP73,YAP1",3,Inhibited,-2.01,3.37e-19,0.0004,"A2M,ABCE1,ACO1,ACSL3,ACTB,ADAM10,ADAR,ADGRE2,ADK,ADRM1,AGO2,AK1,AKR1B1,AKT1,ALB,ALDOA,ALOX5,APOC3,APOE,ARPC1B,ARPC5,ARRB1,ATG7,ATXN10,BAX,BID,BST2,BUB1B,C1QTNF3,C3,CA2,CAPN2,CARS1,CASP1,CASP4,CASP8,CD14,CD70,CDK1,CDK6,CDKN2C,CEBPA,CEBPZ,CHD3,CKAP4,CLCN7,CNTRL,COL1A2,COL3A1,COX4I1,CPT1A,CPT2,CSE1L,CTPS1,DEGS1,DNAJC3,DNM1,DPYSL2,ECM1,EDF1,EED,EEF1A2,EFHD2,EGR2,EIF1AX,EIF2B1,EIF4G1,ELOB,ELOC,ENDOD1,ERP29,EZH2,EZR,FABP4,FAM3C,FBXO22,FDXR,FEN1,FHL1,FKBP3,FKBP5,FLI1,FN1,FUBP1,G6PD,GALNT2,GART,GBP1,GBP2,GCLC,GCLM,GDF15,GLUL,GNL3,GOT1,GPA33,GPX4,GSK3A,GSK3B,GSPT1,GSR,GSTM3,GSTP1,H1-0,H1-10,H2BC12,HMGB1,HNRNPA1,HNRNPA2B1,HNRNPH1,HSPA1A/HSPA1B,HSPA8,HSPH1,HTT,HYOU1,IDH2,IFI35,IGF2,IGFBP2,IGFBP3,IGLL1/IGLL5,IL1B,IL1RN,IPO7,IQGAP2,IQGAP3,IREB2,IRF5,IRF8,ISCU,ITPR1,JAK1,JMJD6,LAMP1,LAP3,LASP1,LBR,LDHA,LEMD3,LGALS1,LGALS3,LIMS1,LPL,MAD1L1,MAP2K2,MAPK1,MATK,MBD2,ME1,ME2,MECP2,METAP2,METTL7A,MIF,MKNK1,MMP2,MSI2,MST1,MTA2,MTHFD2,MX2,MYD88,NAE1,NAT1,NCOR2,NDRG1,NDUFB8,NME1,NMI,NOLC1,NOTCH1,NPC1,NPEPL1,NQO1,NRGN,NUCKS1,NUDCD2,NUP153,NVL,OGFRL1,P2RX4,PARP12,PCNA,PDCD4,PDHX,PDIA3,PDLIM1,PEA15,PELP1,PFDN1,PFKP,PHGDH,PIN1,PLG,POSTN,PPAT,PPIA,PPIF,PPM1A,PPP1CA,PPP2CA,PPP2R1A,PPP3CA,PPP3CB,PPP4C,PPP4R2,PRKACB,PRKAR1A,PSMB3,PSMB5,PSMB9,PSME2,PTPN11,PTPN6,QSOX1,RABGAP1L,RAD23A,RALY,RASA1,RBL2,RHOA,RHOC,RPL27A,RPS6KA1,RPS6KA3,RSAD2,S100A11,S100A4,S100A6,S100A8,SAMHD1,SDHB,SEL1L,SERPINB1,SERPINB8,SERPINF1,SFXN3,SH3GLB1,SIRT6,SOD1,SON,SP100,SREBF2,SRM,SRSF1,STMN1,STOM,SYK,TAGLN2,TAP1,TAPBP,TFAM,TFB2M,TGFBI,TGM2,THBD,THBS1,TIMP2,TMED10,TMSB10/TMSB4X,TOP2A,TOP2B,TPX2,TRADD,TRAF1,TREM2,TRIM21,TTC13,TUBB,TUBB2A,TUFM,TXN,UBE2L6,UGP2,UQCRC2,UTP18,VASP,VIM,VMP1,XPC,XPO1,YWHAH,ZDHHC3,ZEB2,ZNF318,ZYX",286 (53),52,2hr_PROT_causal,True,
18,PKM,-1.539,kinase,"Akt,AMPK,CASP8,CDKN1A,CHEK2,CTNNB1,ERK,ERN1,EZH2,FOXO1,HIF1A,HSF1,Mek,MMP2,MTOR,MYC,NCL,NR3C1,PKM,PLCG1,PRKAA,PRKCZ,RB1,RHOA,RPS6KB1,RPTOR,SMAD2,SMAD3,SREBF1,SREBF2,STAT3,TCF7L2,TFEB,TP53,YAP1",3,Inhibited,-2.066,4.670000000000001e-19,0.0003,"ABCE1,ACO1,ACO2,ACSL3,ACTB,ADAM10,ADH5,AK1,ALDOA,APOBEC3G,APOE,ARF4,ARPC1B,ASPH,ATG7,BAG1,BAX,BCAT1,BCOR,BID,BST2,BUB1B,BZW2,CA2,CAP2,CARS1,CASP8,CBR1,CD14,CD151,CD46,CDK6,CEBPZ,CFI,CHD3,CLCN7,COL1A2,COX4I1,COX5A,CSE1L,CSRP1,CYP51A1,DDX21,DNAJC10,DNM1,DTYMK,ECM1,EDEM1,EED,EFEMP1,EGLN1,EHD1,EIF2B1,EIF4A2,EIF4E,EIF4G1,ENO1,ENO3,ERLEC1,EZH2,FAM3C,FBL,FBLN1,FBP1,FBXO22,FDPS,FDXR,FEN1,FHL1,FKBP3,FKBP4,FKBP5,FSCN1,FUBP1,GAPDH,GART,GBP1,GDF15,GGT1,GNS,GOT1,GSK3A,GSK3B,GSR,GSS,H2AX,H2BC12,HMGB1,HNRNPA3,HNRNPH1,HSP90AA1,HSP90AB1,HSPA1A/HSPA1B,HSPA4,HSPA8,HSPB1,HSPD1,HSPE1,HTT,HYOU1,IDH1,IFI35,IGFBP3,IL1B,IL1RN,IPO7,IQGAP2,IREB2,IRF5,ISCU,ITGB2,JMJD6,KAT2B,KIFC1,KRT10,LAMP1,LBR,LDHA,LGALS3,LIMS1,LRIF1,LSM2,LSS,MAD1L1,MAPK1,MAPK7,MBD2,MBOAT7,ME1,ME2,MIF,MMP2,MST1,MX2,MYD88,NAE1,NASP,NCF1,NCOR2,NDUFB8,NEU1,NIBAN1,NME1,NOP56,NPC1,NUCKS1,NUDCD2,NUP153,P2RX4,PCNA,PDCD4,PDHX,PEA15,PELP1,PFKP,PGK1,PGLS,PHGDH,PIP4P1,PLG,POSTN,PPAT,PPCS,PPM1A,PPP1CA,PPP2CA,PPP2R1A,PPP3CA,PPP4C,PPP4R2,PREP,PRPS1,PSAT1,PSIP1,PSMB5,PTPN11,PTPN2,PTPN6,RAD23A,RALY,RANBP1,RANGAP1,RHOA,RHOC,RNASET2,RPE,RSAD2,SAE1,SDHA,SDHB,SEL1L,SERPINB9,SHC1,SLC9A3R1,SMC1A,SON,SP100,SPC25,SPR,SREBF2,SRSF1,SSBP1,ST13,STAT3,STAT6,STIP1,STMN1,STOM,SUMO1,SUMO2,SUMO3,TAGLN2,TALDO1,TFAM,TFB2M,THBS1,TK1,TMED10,TMSB10/TMSB4X,TOP2A,TOP2B,TPX2,TRAF1,TREM2,TUBB,UBA2,UBE2I,UGP2,UQCRC2,UQCRQ,VPS26A,VPS35,WAS,WIPF1,WRN,XPC,XPO1,YWHAH,ZEB2,ZYX",240 (35),32,2hr_PROT_causal,True,True
20,EPO, ,cytokine,"Akt,AKT1,CASP9,CCND1,CCNE1,CDK2,CDKN1A,CEBPA,CEBPB,CHEK1,CHEK2,CREB1,CTNNB1,DUSP1,EGFR,ELK1,EPO,ERK,ERK1/2,ESR1,EZH2,FOXO1,FOXO3,GAB2,HIF1A,IRF3,IRF4,JAK2,JUN,LIN28A,Mapk,MAPK1,MAPK14,MAPK3,MED1,MMP2,MTOR,MYC,NOS2,Notch,NR4A1,P38 MAPK,PHB2,PI3K (family),PI3K p85,PPARG,Rac,RAC1,RARA,RB1,RELA,RUNX2,RXRA,SP1,SREBF2,STAT1,STAT3,STAT5A,STAT5a/b,TP53,TP63,YBX1",3,Inhibited,-3.4189999999999996,6.05e-19,0.0048,"A2M,ACO1,ACSL3,ACTB,ADAM10,ADAR,ADH5,AGO2,AK1,AKR1B1,AKT2,ALDOA,ALOX5,APOB,APOBEC3G,APOC3,APOE,ARHGAP1,ARHGDIB,ARPC1B,ARPC5L,ARRB1,ASS1,ATG9A,BAG1,BCAS3,BCAT1,BCLAF1,BCOR,BID,BST2,BUB1B,BZW2,C11orf58,C3,C4A/C4B,CARS1,CASP1,CASP4,CASP8,CAST,CBS/CBSL,CD14,CD151,CD46,CD70,CDC42,CDKN2C,CEBPA,CHD3,CKM,COL1A1,COX4I1,COX5A,CP,CPT2,CSTA,DNM1,DR1,DTYMK,ECM1,EDF1,EED,EEF1A2,EEF1B2,EFEMP1,EGLN1,EGR2,EHD1,EIF2B1,EIF4E,EIF4G1,EIF5,ENO3,ERBIN,ERP29,EZH2,EZR,FAM3C,FBL,FBP1,FBXO22,FDPS,FEN1,FHL1,FKBP3,FKBP5,FN1,FSCN1,FUBP1,FUS,G3BP1,GAPDH,GART,GBP2,GBP4,GCLC,GCLM,GDF15,GNL3,GOT1,GSK3A,GSK3B,GSPT1,GSR,GSS,H1-10,H2AX,H2BC12,HINT1,HMGB1,HNRNPA1,HNRNPA2B1,HNRNPD,HNRNPF,HNRNPH1,HSP90AA1,HSPA1A/HSPA1B,HSPA8,HSPD1,HSPH1,HTT,HYOU1,IDH1,IDI1,IGFBP2,IGLL1/IGLL5,IL1B,IL1RAP,IL1RN,INPP5D,IPO7,IQGAP2,IRAG2,IREB2,IRF8,ISCU,ITGB2,ITIH2,JMJD6,JUN,KAT2B,KIFC1,LAP3,LASP1,LBR,LCP2,LDHA,LEMD3,LGALS1,LGALS3,LIMS1,LTF,LUM,MAD1L1,MANF,MAP2K2,MAPK1,MARCKS,MAT2A,MBD2,ME1,ME2,MECP2,METTL7A,MIF,MKI67,MKNK1,MMP2,MST1,MTA2,MTHFD2,MX2,MYD88,NAE1,NAMPT,NCAM1,NCOR2,NDRG1,NDUFB8,NIBAN1,NIBAN2,NIFK,NME1,NMI,NOP2,NOP56,NOTCH1,NQO1,NUCKS1,NUDCD2,NUP153,P2RX4,PARP12,PCNA,PCYT1A,PDHX,PEA15,PELP1,PFKP,PGK1,PGLS,PHGDH,PKM,PLG,POSTN,PPIA,PPM1A,PPP1CA,PPP2CA,PPP2R1A,PPP3CA,PPP3CB,PPP4C,PPP4R2,PREP,PREX1,PRKAR1A,PRMT1,PSIP1,PSMB3,PSMB5,PSMB9,PSME2,PTPN11,PTPN2,PTPN6,PTPRE,RABGAP1L,RALY,RASA1,RBP4,RHOA,RPA1,RPL10,RPL27A,S100A11,S100A8,S100A9,SAE1,SAMD9,SAMHD1,SDHA,SDHB,SEL1L,SERPINB1,SERPINF1,SET,SHBG,SIRT6,SLC9A3R1,SMAP2,SON,SP1,SP100,SPC25,SPRY2,SRSF1,STIP1,STK4,STMN1,STOM,SUMO1,SUMO2,SUMO3,SUN2,SYK,TACC1,TAGLN2,TALDO1,TAPBP,TF,TFAM,TGM2,THBS1,TLN1,TMED10,TOP1,TOP2A,TOP2B,TPI1,TPM1,TPX2,TRADD,TUBA1C,TUBB,TUBB2A,TUFM,TXN,TYMP,UBA2,UBE2I,UBE2L6,UGDH,UGP2,UQCRC2,UQCRQ,UTP18,VCL,VIM,WARS1,WAS,WRN,XPC,XPO1,YLPM1,YWHAH,ZNF318",308 (62),58,2hr_PROT_causal,True,
22,CST5, ,other,CST5,1,Inhibited,-2.294,9.390000000000002e-19,0.0001,"ACAT2,ADRM1,ADSL,AHCTF1,ARF6,BCAP31,CEBPZ,CEP170,CHD3,CNBP,COPS7A,COPS8,CORO1A,DCP1A,DDT,DDX21,DECR1,DKC1,DNAJA3,DR1,DRAP1,EBNA1BP2,EEF1B2,EIF2B1,EIF5B,EZR,FHL1,GNL3,HNRNPA2B1,HNRNPA3,HNRNPDL,HNRNPH1,IQGAP2,KRR1,MRM3,MSN,NCBP1,NDUFB1,NDUFB7,NIFK,NOC3L,NOL9,NOM1,NOP2,NOP53,NUMA1,PCBP1,PDLIM5,PITRM1,PPP2R2A,PPP2R5A,PRDX1,PRDX2,PRKACB,PRPF6,RBM28,RBM3,RNASEH2B,RPF2,RRP1,RRS1,RSL1D1,S100A11,SCAF11,SLC4A1AP,SRSF1,SUPV3L1,SURF6,TOMM40,TXN,UCHL5,UTP18,VASP,VIM,VPS36,VTI1B",76 (1),1,2hr_PROT_causal,True,True
23,NRG1, ,growth factor,"Akt,AR,ATF1,ATF2,ATF6,ATM,BCL11B,BCL2,BMX,CASP9,CCAR2,CCND1,CCNE1,CEBPA,CEBPB,CHEK2,CTNNB1,DUSP1,EGFR,ELK1,ERBB2,ERBB3,ERBB4,ERK,ERK1/2,ERN1,ESR1,GSK3B,HDAC6,HIF1A,HMGA1,HNRNPA1,IKBKB,ITGB4,Jnk,JUN,KAT5,KRAS,LIN28A,MAP2K1/2,Mapk,MAPK1,MAPK3,MAPK7,MAPK9,MED1,Mek,MMP14,MMP2,MTOR,MYC,NCOA3,NFKBIA,Notch,NR3C1,NR4A1,NRG1,P38 MAPK,PAK1,PARP1,PDCD4,PGR,PI3K (complex),PI3K (family),Pkc(s),PPARA,PPARGC1A,PRKCA,PRKCD,PRKCZ,RAC1,RAF1,RARA,RAS,RELA,RPS6KB1,RUNX2,RXRA,SHC1,SMAD2,SMAD3,SP1,SPHK1,SREBF2,STAT3,TCF7L2,TIAM1,TP63",3,Inhibited,-3.0639999999999996,1.37e-18,0.0037,"A2M,ABCE1,ACADM,ACAT1,ACO1,ACTR3,ADAM10,ADAR,ADH5,AGO2,AKR1B1,AKT1,AKT2,ALDOA,ALOX5,APEX1,APOA1,APOA4,APOB,APOBEC3G,APOC3,APOE,ARF4,ARHGAP1,ARHGDIB,ARPC5L,ARRB1,ASNS,ASPH,ASS1,ATG7,ATG9A,ATP2A2,ATXN10,B3GALT6,BAG1,BAX,BCAS3,BCAT1,BCLAF1,BCOR,BPNT2,BST2,BZW2,C11orf58,C3,CAPN2,CARS1,CBR1,CBS/CBSL,CD151,CD46,CD70,CDC37,CDC42,CDKN2C,CEBPA,CEBPZ,CHD7,CKAP4,CLGN,CNDP2,CNN3,COL1A1,COL6A3,COX5A,CP,CPT1A,CPT2,CSTA,DDX21,DEGS1,DNAJC10,DNAJC3,DNM1L,DPYSL2,DR1,EDEM1,EDF1,EED,EEF1A1,EEF1A2,EEF1B2,EGLN1,EGR2,EHD1,EIF1AX,EIF4E,EIF4G1,EIF5,ENO3,ERBIN,ERLEC1,ERP29,EZH2,EZR,FABP4,FBL,FBP1,FDPS,FDXR,FHL1,FKBP4,FKBP5,FLI1,FN1,FSCN1,FUS,G3BP1,GABPA,GAPDH,GART,GDI1,GLO1,GLUL,GNL3,GOT1,GPX4,GSPT1,GSR,GSS,GSTM3,GSTP1,H1-10,H2BC12,HGSNAT,HINT1,HMGB2,HNRNPA1,HNRNPA2B1,HNRNPD,HNRNPF,HNRNPH1,HSP90AA1,HSPB1,HSPD1,HSPH1,IDH1,IFI35,IGF2,IGFBP2,IGLL1/IGLL5,IL1B,IL1RAP,ILK,IQGAP2,IRF8,ITGB2,ITIH2,ITPR1,JAK1,JMJD6,KAT2B,KIFC1,LAMB1,LAMP1,LAP3,LASP1,LGALS1,LIG3,LIMS1,LMAN1,LMNA,LPL,LTF,LUM,MAD1L1,MAP2K2,MAPK7,MARCKS,MATK,MBD2,MECP2,METAP2,METTL7A,MIF,MKI67,MKNK1,MMP2,MNDA,MPG,MRPL20,MRPS11,MTA2,MTHFD2,MVD,MX2,NAE1,NAP1L1,NAT1,NCAM1,NCEH1,NDRG1,NDUFB8,NFKB1,NIBAN2,NMI,NNT,NOP2,NOP56,NOTCH1,NPC1,NQO1,NUCKS1,NUDCD2,NVL,P4HA1,PAICS,PARP12,PCNA,PCYT1A,PDIA3,PDIA4,PDIA5,PDLIM1,PDLIM7,PEA15,PELP1,PFDN1,PGK1,PGLS,PHGDH,PIK3CD,PKM,PLG,POLDIP2,POLR2A,POSTN,PPAT,PPIA,PPIF,PPP1R3D,PPP2R1A,PPP3CA,PPP3CB,PRDX2,PREP,PREX1,PRKAR1A,PRMT1,PRPS1,PSAT1,PSIP1,PSMB3,PSMB5,PSMB9,PSME2,PTPN2,PTPRE,RABGAP1L,RAD23A,RAN,RASA1,RPA1,RPL10,RPL27A,RSAD2,S100A11,S100A9,SAE1,SAMD9,SAMHD1,SDHA,SDHB,SEC24D,SERPINB1,SERPINB8,SERPINB9,SERPINF1,SH3GLB1,SIRT6,SLC9A3R1,SMAP2,SP100,SPRY2,SREBF2,SRSF1,STAT3,STMN1,STT3B,SUMO1,SUMO2,SUMO3,SUN1,SUN2,SYK,TACC1,TALDO1,TAP1,TAPBP,TFB2M,TGFBI,TGM2,THBS1,TIMP2,TK1,TKT,TLN1,TMED10,TMED9,TMX3,TOP1,TOP2A,TPI1,TPM1,TRADD,TREM2,TRIM21,TUBA1C,TUBB2A,TUFM,TXN,TYMP,UBA2,UBE2I,UBE2L6,UGDH,UQCRC1,UQCRC2,UQCRQ,UTP18,VASP,VCL,VIM,VPS29,WAS,WIPF1,WRN,YLPM1,YWHAZ,YY1,ZEB2,ZNF318,ZYX",334 (88),81,2hr_PROT_causal,True,
25,CXCL12, ,cytokine,"ABL1,Akt,AKT1,AMPK,AR,ARF1,ATF1,ATF6,ATM,BCL2,BCL2L1,CASP8,CCAR2,CCND1,CCNE1,CDC37,CDH1,CDK2,CDKN1A,CEBPA,CEBPB,CHEK2,CHUK,CTNNB1,CXCL12,DOCK2,DUSP1,ELK1,ERBB2,ERBB3,ERK,ERK1/2,ESR1,EZH2,Focal adhesion kinase,FOS,FOXO1,FOXO3,GSK3B,HIF1A,HMGA1,HNRNPA1,IGF1R,IKZF3,IRF4,ITGB4,JUN,KAT5,LATS1,LIN28A,Mapk,MAPK1,MAPK14,MAPK3,MED1,Mek,MMP2,MRTFA,MTOR,MYC,NANOG,NCOA3,NFAT5,NFKBIA,Notch,NOTCH1,NR3C1,NR4A1,P38 MAPK,PGR,PI3K (complex),PI3K (family),PI3K p85,PPARG,PPARGC1A,PRKAA,PRKCD,PTEN,PTK2,PTK2B,RAC1,RAC2,RARA,Ras homolog,RELA,RHOA,RUNX2,RXRA,SHC1,SP1,SREBF1,SREBF2,STAT3,STAT5a/b,SYK,TCF7L2,TGFB1,TP53,TP63,Vla-4,WWTR1",3,Inhibited,-3.202,3.9e-18,0.0448,"A2M,ABCE1,ACADM,ACO1,ACO2,ACSL3,ACTR3,ADAM10,ADAR,ADH5,AFP,AK1,AKR1B1,AKT2,ALDOA,APEX1,APOA4,APOB,APOBEC3G,APOC3,APOE,ARHGAP1,ARHGDIB,ARPC3,ARPC5L,ARRB1,ASPH,ASS1,ATG9A,ATP2A2,B3GALT6,BAG1,BAX,BCAS3,BCAT1,BCLAF1,BCOR,BID,BPNT2,BST2,BZW2,C11orf58,C3,CANX,CAP2,CAPN2,CARS1,CASP1,CASP4,CBR1,CBS/CBSL,CD151,CD46,CD70,CDC37,CDC42,CDK5,CDKN2C,CEBPA,CEBPZ,CFI,CHD3,CHD7,CKAP4,CLGN,CNDP2,CNN3,COL1A1,COL6A3,COX5A,CPT2,CSE1L,CSRP1,CSTA,CYP51A1,DAB2,DDX21,DEGS1,DNM1,DNM1L,DPYSL2,DR1,ECM1,EDF1,EED,EEF1A2,EEF1B2,EFEMP1,EHD1,EIF1AX,EIF2B1,EIF4E,EIF4G1,EIF5,ENO3,ERBIN,ERP29,EZH2,EZR,FABP4,FAM3C,FBL,FBP1,FBXO22,FCER1G,FDPS,FDXR,FEN1,FHL1,FKBP3,FKBP4,FKBP5,FLI1,FSCN1,FUBP1,FUS,G3BP1,GABPA,GAPDH,GART,GCLC,GCLM,GDF15,GDI1,GLO1,GMFG,GNL3,GOT1,GPX4,GSK3A,GSPT1,GSR,GSTM3,GSTP1,H1-10,H2BC12,HGSNAT,HINT1,HMGB1,HMGB2,HNRNPD,HNRNPF,HSP90AA1,HSPA1A/HSPA1B,HSPA8,HSPB1,HSPD1,HSPH1,HTT,HYOU1,IDH1,IFI35,IGFBP2,IGLL1/IGLL5,IL1B,IL1RAP,IL1RN,ILK,INPP5D,IPO7,IQGAP2,IRAG2,IREB2,IRF8,ISCU,ITGB2,ITIH2,JMJD6,JUN,KAT2B,KIFC1,LAMB1,LAMP1,LAP3,LBR,LCP2,LDHA,LEMD3,LGALS3,LIG3,LIMS1,LMAN1,LTF,LUM,MAD1L1,MANF,MAP2K2,MAPK3,MAPK7,MAPKAPK2,MARCKS,MAT2A,MATK,MBD2,ME1,ME2,MECP2,METTL7A,MIF,MKI67,MKNK1,MMP2,MNDA,MPG,MRPL20,MRPS11,MST1,MTHFD2,MVD,MX2,MYD88,NAE1,NAMPT,NAP1L1,NCF1,NCOR2,NDRG1,NDUFB8,NFKB1,NIBAN1,NIBAN2,NIFK,NME1,NMI,NOP2,NOP56,NOTCH1,NPC1,NQO1,NUCKS1,NUDCD2,NUDT1,NUMA1,NUP153,P2RX4,P4HA1,PAICS,PARP12,PCNA,PCYT1A,PDHX,PDIA4,PDIA5,PDLIM1,PDLIM7,PEA15,PELP1,PFDN1,PFKP,PFN1,PGK1,PGLS,PIK3CD,PIN1,PKM,PLCG2,PLG,POLDIP2,POLR2A,POSTN,PPAT,PPCS,PPIF,PPM1A,PPM1F,PPP1CA,PPP1R3D,PPP2CA,PPP2R1A,PPP3CA,PPP3CB,PPP4C,PPP4R2,PRDX2,PREP,PREX1,PRMT1,PROS1,PRPS1,PSIP1,PSMB9,PSME2,PTPN11,PTPN2,PTPN6,PXN,RABGAP1L,RALY,RAN,RANGAP1,RASA1,RBP4,RHOC,RNASET2,RPA1,RPL10,RPL27A,S100A11,S100A6,S100A9,SAE1,SAMD9,SAMHD1,SDHA,SDHB,SEC24D,SEL1L,SERPINB1,SERPINB8,SERPINB9,SERPINF1,SET,SH3BP1,SH3GLB1,SHBG,SIRT6,SLC9A3R1,SMAP2,SOD1,SON,SP1,SP100,SPC25,SPRY2,SRRT,SSBP1,STAT3,STIP1,STRAP,STT3B,SUMO1,SUMO2,SUMO3,SUN1,SUN2,SYK,TACC1,TAGLN2,TALDO1,TAP1,TAPBP,TF,TFB2M,TGFBI,TGM2,TIMP2,TK1,TKT,TLN1,TMED10,TMED9,TMX3,TNS3,TOP1,TOP2A,TOP2B,TPI1,TPM1,TRADD,TREM2,TRIM21,TUBA1C,TUBB,TUBB2A,TUFM,UBA2,UBE2I,UBE2L6,UGDH,UQCRC2,UQCRQ,UTP18,VASP,VCL,VIM,VPS29,WAS,WIPF1,WRN,XPC,XPO1,YLPM1,YWHAE,YWHAH,YWHAZ,ZNF318,ZYX",387 (101),93,2hr_PROT_causal,True,
26,ANXA6,0.090,ion channel,"AKT1,ANXA6,Ap1,CASP8,CASP9,CCND1,CCNE1,CDK2,CEBPB,CHUK,Creb,CTNNB1,DUSP1,EGFR,EGR1,ELK1,ERBB3,ERK,ERK1/2,GSK3B,HDAC6,HIF1A,ITGB4,Jnk,JUN,MAP2K1/2,Mapk,MAPK1,MET,NOS2,Notch,P38 MAPK,PARP1,PGR,PPARG,PRKAA,RAC1,RAS,RELA,RHOA,RUNX2,RXRA,SHC1,SMAD3,SP1,STAT1,STAT3,TAB1",3,Activated,2.8360000000000003,4.03e-18,0.0001,"ACO1,ADAM10,ADAR,AGO2,AKT1,AKT2,ALB,ALDOA,APOB,APOBEC3G,APOC3,APOE,ARHGDIB,ARRB1,ATG7,ATXN10,BCLAF1,BST2,C11orf58,C4A/C4B,CAPN2,CARS1,CASP4,CBS/CBSL,CD14,CD70,CDK1,CDK6,CDKN2C,CEBPA,CKAP4,COL1A1,COX4I1,CPT2,CSE1L,DDX21,DPYSL2,DR1,EED,EEF1B2,EGLN1,EGR2,EHD1,EIF1AX,EIF4E,EIF4G1,EIF5,ENO1,ERBIN,ERP29,EZR,FDXR,FHL1,FLI1,FSCN1,G3BP1,GAPDH,GBP1,GBP2,GBP4,GCLC,GCLM,GDF15,GLUL,GOT1,GPX4,GSPT1,GSTM3,GSTP1,H2AX,H2BC12,HINT1,HMGB2,HNRNPA1,HNRNPA2B1,HNRNPH1,HSPB1,HYOU1,IFI35,IGF2,IGFBP3,IL1B,IRF5,ITGB2,ITIH2,ITPR1,JAK1,JMJD6,JUN,KAT2B,KIFC1,KRT10,LAP3,LASP1,LDHA,LEMD3,LIMS1,LUM,MAP2K2,MARCKS,MATK,MBD2,MECP2,MIF,MKI67,MKNK1,MMP2,MTA2,MTHFD2,MX2,MYD88,NAE1,NAT1,NCAM1,NCOR2,NDRG1,NDUFB8,NIBAN2,NMI,NOP2,NPC1,NQO1,NUCKS1,NUDCD2,NVL,PARP12,PCYT1A,PDLIM1,PELP1,PFDN1,PFKP,PGK1,PHGDH,PKM,POSTN,PPIA,PPIF,PPP3CA,PRKAR1A,PRMT1,PSIP1,PSMB3,PSMB5,PSME2,PTPN2,PTPRE,RAD23A,RASA1,RBP4,RHOC,RPL10,RPL27A,RSAD2,S100A11,S100A4,SAMHD1,SDHB,SERPINB8,SH3GLB1,SHBG,SIRT6,SLC9A3R1,SMAP2,SOD1,SP1,SP100,SPRY2,SRSF1,STAT1,STAT3,STK4,STMN1,SUN2,SYK,TALDO1,TAPBP,TGFBI,TGM2,THBD,THBS1,TK1,TLN1,TMSB10/TMSB4X,TOP1,TOP2A,TPI1,TPM1,TRADD,TRIM21,TUBA1C,TUBB,TUFM,TXN,TYMP,UBE2I,UBE2L6,UGDH,UQCRC2,UTP18,VASP,VCL,VIM,WARS1,WAS,XPC,YLPM1,ZEB2,ZNF318,ZYX",209 (48),46,2hr_PROT_causal,True,
27,EPAS1, ,transcription regulator,"Akt,AKT1,CASP8,CASP9,CDK1,CEBPA,CHEK1,CHEK2,Creb,CTNNB1,EGFR,EGR1,ELK1,EPAS1,ERBB2,ERBB3,ERBB4,ERK,ERK1/2,ESR1,FOXO1,FOXO3,GSK3B,HDAC6,HIF1A,IGF1R,IRF3,ITGB4,JAK2,JUN,JUNB,MAP2K1,MAP2K1/2,MAP2K2,Mapk,MAPK1,MAPK3,MED1,Mek,MMP2,MTOR,MTORC1,MYC,NFkB (complex),NFKB1,NR4A1,P38 MAPK,PARP1,PDGFRA,PGR,PI3K (family),PRKAA1,RAC1,RB1,RELA,RHOA,RICTOR,SHC1,SMAD3,SP1,SREBF1,SREBF2,STAT1,STAT3,TCF7L2,TP53,YBX1",3,Inhibited,-4.298,4.53e-18,0.0091,"A2M,ABCE1,ACO1,ACSL3,ADAM10,ADAR,ADH5,AGO2,AK1,AKR1B1,AKT1,ALB,ALDOA,ALOX5,APOBEC3G,APOC3,APOE,ARF4,ARHGAP1,ARHGDIB,ARPC1B,ARPC5L,ARRB1,ASPH,ASS1,ATXN10,B3GALT6,BAG1,BCAS3,BCAT1,BCOR,BID,BPNT2,BST2,BUB1B,BZW2,C3,C4A/C4B,CAP2,CAPN2,CARS1,CASP4,CASP8,CBS/CBSL,CD14,CD151,CD70,CDC37,CDC42,CDKN2C,CEBPA,CEBPZ,CFI,CHD3,CHD7,CKAP4,CKB,CKM,COL6A3,COX4I1,COX5A,CP,CPT2,CSE1L,CSRP1,CYP51A1,DAB2,DDX21,DNM1,DPYSL2,DR1,DTYMK,EDF1,EED,EEF1A2,EFEMP1,EGLN1,EIF1AX,EIF2B1,EIF4E,EIF4G1,ENO1,ENO3,ERP29,EZH2,EZR,FABP4,FABP5,FAM3C,FBL,FBP1,FBXO22,FDPS,FDXR,FEN1,FHL1,FKBP3,FKBP5,FLI1,FSCN1,FUBP1,GAPDH,GBP1,GBP4,GCLC,GCLM,GDF15,GLO1,GLUL,GNL3,GOT1,GPX4,GSK3A,GSK3B,GSPT1,GSR,GSS,GSTM3,GSTP1,H1-10,H2AX,H2BC12,HGSNAT,HINT1,HMGB1,HMGB2,HNRNPA1,HNRNPA2B1,HNRNPD,HNRNPH1,HSP90AA1,HSPA1A/HSPA1B,HSPA8,HSPD1,HSPH1,HTT,HYOU1,IDH1,IGF2,IGFBP2,IGFBP3,IGLL1/IGLL5,IL1B,IQGAP2,IREB2,IRF8,ISCU,ITPR1,JAK1,JMJD6,JUN,KAT2B,KIFC1,KRT10,KYNU,LAMB1,LAMP1,LAP3,LEMD3,LGALS1,LIG3,LIMS1,LTF,MAP2K2,MAPK1,MAT2A,MATK,MBD2,ME1,ME2,MECP2,METTL7A,MIF,MKI67,MKNK1,MMP2,MST1,MTA2,MTHFD2,MX2,NAE1,NAMPT,NAT1,NCAM1,NDUFB8,NFKB1,NME1,NMI,NOLC1,NOP56,NOTCH1,NUCKS1,NUDCD2,NUP153,NVL,P2RX4,PAICS,PARP12,PDHX,PDLIM1,PEA15,PELP1,PFDN1,PGK1,PGLS,PHGDH,PIK3CD,PKM,PLG,POLDIP2,POLR2A,POSTN,PPAT,PPCS,PPIA,PPIF,PPM1A,PPP1CA,PPP2CA,PPP2R1A,PPP3CA,PPP3CB,PPP4C,PPP4R2,PREP,PREX1,PRKACB,PRKAR1A,PRPS1,PSIP1,PSMB3,PSMB5,PSMB9,PSME2,PTPN11,PTPN2,PTPN6,PTPRE,PXN,RABGAP1L,RAD23A,RALY,RASA1,RBL2,RHOA,RHOC,RNASET2,RPA1,S100A8,S100A9,SAE1,SAMD9,SAR1A,SDHA,SDHB,SEL1L,SERPINB1,SERPINB8,SERPINF1,SET,SH3GLB1,SIRT6,SLC9A3R1,SMAP2,SON,SP100,SPC25,SRSF1,STAT3,STK4,STMN1,STOM,STT3B,SUMO1,SUMO2,SUMO3,SUN1,SUN2,SYK,TACC1,TAGLN2,TAP1,TAPBP,TDO2,TFAM,TFB2M,TGFBI,TGM2,THBD,TMED10,TMED9,TMSB10/TMSB4X,TMX3,TOP1,TOP2B,TPM1,TPX2,TRADD,TRAF1,TREM2,TUBB,TUBB2A,UBA2,UBE2I,UBE2L6,UGDH,UGP2,UQCRC2,UQCRQ,UTP18,VASP,VCL,VIM,WARS1,WAS,WRN,XPC,YWHAH,ZEB2,ZNF318,ZYX",321 (67),67,2hr_PROT_causal,True,
28,NMNAT1, ,enzyme,"AMPK,FOXO3,HDAC2,MYC,NMNAT1,SIRT1,SREBF1,STAT1,STAT5a/b,TP53",3,Activated,2.708,4.62e-18,0.0001,"ACO1,ACO2,ACSL3,ACTB,AK1,AKT1,ALDOA,APOBEC3G,ARF4,ARPC1B,ATG7,ATXN10,BAG1,BAX,BCAT1,BCOR,BID,BUB1B,BZW2,C4A/C4B,CAP2,CASP1,CASP4,CASP8,CD14,CD151,CD63,CDK1,CDKN2C,CFI,CHD3,COL1A1,COMP,COX4I1,COX5A,CSRP1,CYP51A1,DNM1,ECM1,EGR2,EIF2B1,EIF4E,EIF4G1,EZH2,FABP4,FAM3C,FBL,FBXO22,FDPS,FEN1,FKBP3,FN1,FUBP1,GART,GBP1,GBP2,GBP4,GDF15,GNL3,GSK3A,GSK3B,GSR,HMGB1,HNRNPH1,HSP90AA1,HSPA1A/HSPA1B,HSPA4,HSPA8,HSPB1,HSPD1,HSPH1,HTT,IDH1,IDH2,IDI1,IGFBP3,IL1B,IL1RN,IQGAP2,IRAG2,IREB2,ISCU,LBR,LCP2,LEMD3,LGALS3,MAD1L1,MAP2K2,MAPK1,MAT2A,ME1,ME2,MMP2,MST1,MX2,MYD88,NAT1,NCF1,NDRG1,NIFK,NME1,NOLC1,NOP56,NOTCH1,NPC1,NUP153,P2RX4,PCNA,PDCD4,PDCD6IP,PDHX,PFKP,PHGDH,PPCS,PPM1A,PPP1CA,PPP2CA,PPP3CA,PPP4C,PPP4R2,PREP,PREX1,PTPN11,PTPN6,RAD23A,RALY,RHOA,RNASET2,RSAD2,S100A4,SAE1,SDHA,SEL1L,SIRT6,SOD1,SON,SP100,SRSF1,STAT1,STAT3,STIP1,STMN1,STOM,SUMO1,SUMO2,SUMO3,TAGLN2,TAP1,TFAM,THBD,THBS1,TMSB10/TMSB4X,TOP2A,TOP2B,TPX2,TRAF1,TRIM21,TUBB,UBA2,UBE2I,UGP2,UQCRQ,VIM,WARS1,WRN,XPC,YWHAH",167 (10),10,2hr_PROT_causal,True,
29,PTPRK, ,phosphatase,"AKT1,Ap1,CASP8,CASP9,CCND1,CCNE1,CDK2,CEBPB,Creb,CTNNB1,DUSP1,EGFR,EGR1,ELK1,ERBB3,ERK,ERK1/2,GSK3B,HDAC6,HIF1A,ITGB4,Jnk,JUN,MAP2K1/2,Mapk,MAPK1,MET,NFkB (complex),NOS2,Notch,P38 MAPK,PARP1,PGR,PPARG,PTPRK,RAC1,RELA,RHOA,RUNX2,RXRA,SHC1,SMAD3,SP1,STAT1,STAT3,TAB1",3,Activated,3.1910000000000003,7.61e-18,0.0002,"ACO1,ADAM10,ADAR,AGO2,AKT1,AKT2,ALB,ALDOA,APOB,APOBEC3G,APOC3,APOE,ARHGDIB,ARRB1,ATG7,ATXN10,BAX,BCLAF1,BST2,C11orf58,C4A/C4B,CAPN2,CARS1,CASP4,CBS/CBSL,CD14,CD70,CDK1,CDK6,CDKN2C,CEBPA,CKAP4,COL1A1,COX4I1,CPT2,CSE1L,DDX21,DPYSL2,DR1,EED,EEF1B2,EGLN1,EGR2,EHD1,EIF1AX,EIF4E,EIF4G1,EIF5,ENO1,ERBIN,ERP29,EZR,FABP5,FDXR,FHL1,FLI1,FSCN1,G3BP1,GAPDH,GBP1,GBP2,GBP4,GCLC,GCLM,GDF15,GLUL,GOT1,GPX4,GSPT1,GSTM3,GSTP1,H2AX,H2BC12,HINT1,HMGB2,HNRNPA1,HNRNPA2B1,HNRNPH1,HSPB1,IFI35,IGF2,IGFBP3,IL1B,IRF5,ITGB2,ITIH2,ITPR1,JAK1,JMJD6,JUN,KAT2B,KIFC1,KRT10,KYNU,LAP3,LASP1,LDHA,LEMD3,LIMS1,LUM,MAP2K2,MARCKS,MAT2A,MATK,MBD2,MECP2,MIF,MKI67,MKNK1,MMP2,MTA2,MTHFD2,MX2,MYD88,NAE1,NAMPT,NAT1,NCAM1,NCOR2,NDRG1,NDUFB8,NFKB1,NIBAN2,NMI,NOP2,NPC1,NQO1,NUCKS1,NUDCD2,NVL,PARP12,PCNA,PCYT1A,PDLIM1,PELP1,PFDN1,PFKP,PGK1,PHGDH,PKM,POSTN,PPIA,PPIF,PPP3CA,PRKAR1A,PRMT1,PSIP1,PSMB3,PSMB5,PSME2,PTPN2,PTPRE,PXN,RAD23A,RASA1,RBP4,RHOC,RPL10,RPL27A,RSAD2,S100A11,S100A4,SAMHD1,SAR1A,SDHB,SERPINB8,SH3GLB1,SHBG,SIRT6,SLC9A3R1,SMAP2,SOD1,SP1,SP100,SPRY2,SRSF1,STAT1,STAT3,STK4,STMN1,SUN2,SYK,TALDO1,TAPBP,TDO2,TGFBI,TGM2,THBD,THBS1,TK1,TLN1,TMSB10/TMSB4X,TOP1,TOP2A,TPI1,TPM1,TRADD,TRIM21,TUBA1C,TUBB,TUFM,TXN,TYMP,UBE2I,UBE2L6,UGDH,UQCRC2,UTP18,VASP,VCL,VIM,WARS1,WAS,YLPM1,ZEB2,ZNF318,ZYX",217 (46),45,2hr_PROT_causal,True,
30,EDA, ,cytokine,"AKT1,Ap1,CASP8,CASP9,CCND1,CCNE1,CDK2,CEBPB,Creb,CTNNB1,DUSP1,EDA,EGFR,EGR1,ELK1,ERBB3,ERK,ERK1/2,GSK3B,HDAC6,HIF1A,ITGB4,Jnk,JUN,MAP2K1/2,Mapk,MAPK1,MET,NFkB (complex),NOS2,Notch,P38 MAPK,PARP1,PGR,PPARG,RAC1,RELA,RHOA,RUNX2,RXRA,SHC1,SMAD3,SP1,STAT1,STAT3,TAB1",3,Inhibited,-3.1910000000000003,8.31e-18,0.0002,"ACO1,ADAM10,ADAR,AGO2,AKT1,AKT2,ALB,ALDOA,APOB,APOBEC3G,APOC3,APOE,ARHGDIB,ARRB1,ATG7,ATXN10,BAX,BCLAF1,BST2,C11orf58,C4A/C4B,CAPN2,CARS1,CASP4,CBS/CBSL,CD14,CD70,CDK1,CDK6,CDKN2C,CEBPA,CKAP4,COL1A1,COX4I1,CPT2,CSE1L,DDX21,DPYSL2,DR1,EED,EEF1B2,EGLN1,EGR2,EHD1,EIF1AX,EIF4E,EIF4G1,EIF5,ENO1,ERBIN,ERP29,EZR,FABP5,FDXR,FHL1,FLI1,FSCN1,G3BP1,GAPDH,GBP1,GBP2,GBP4,GCLC,GCLM,GDF15,GLUL,GOT1,GPX4,GSPT1,GSTM3,GSTP1,H2AX,H2BC12,HINT1,HMGB2,HNRNPA1,HNRNPA2B1,HNRNPH1,HSPB1,IFI35,IGF2,IGFBP3,IL1B,IRF5,ITGB2,ITIH2,ITPR1,JAK1,JMJD6,JUN,KAT2B,KIFC1,KRT10,KYNU,LAP3,LASP1,LDHA,LEMD3,LIMS1,LUM,MAP2K2,MARCKS,MAT2A,MATK,MBD2,MECP2,MIF,MKI67,MKNK1,MMP2,MTA2,MTHFD2,MX2,MYD88,NAE1,NAMPT,NAT1,NCAM1,NCOR2,NDRG1,NDUFB8,NFKB1,NIBAN2,NMI,NOP2,NPC1,NQO1,NUCKS1,NUDCD2,NVL,PARP12,PCNA,PCYT1A,PDLIM1,PELP1,PFDN1,PFKP,PGK1,PHGDH,PKM,POSTN,PPIA,PPIF,PPP3CA,PRKAR1A,PRMT1,PSIP1,PSMB3,PSMB5,PSME2,PTPN2,PTPRE,PXN,RAD23A,RASA1,RBP4,RHOC,RPL10,RPL27A,RSAD2,S100A11,S100A4,SAMHD1,SAR1A,SDHB,SERPINB8,SH3GLB1,SHBG,SIRT6,SLC9A3R1,SMAP2,SOD1,SP1,SP100,SPRY2,SRSF1,STAT1,STAT3,STK4,STMN1,SUN2,SYK,TALDO1,TAPBP,TDO2,TGFBI,TGM2,THBD,THBS1,TK1,TLN1,TMSB10/TMSB4X,TOP1,TOP2A,TPI1,TPM1,TRADD,TRIM21,TUBA1C,TUBB,TUFM,TXN,TYMP,UBE2I,UBE2L6,UGDH,UQCRC2,UTP18,VASP,VCL,VIM,WARS1,WAS,YLPM1,ZEB2,ZNF318,ZYX",217 (46),46,2hr_PROT_causal,True,
31,GFER, ,enzyme,"AKT1,CASP8,CCAR2,CCND1,CEBPA,CREB1,CTNNB1,CYP1A2,CYP2E1,EGFR,EGR1,ELK1,ERBB3,ERK,ERK1/2,estrogen receptor,GFER,GSK3B,HDAC6,HIF1A,HMGA1,IKBKB,IRF3,ITGB4,JUN,LRP6,MAP2K1/2,Mapk,MAPK1,Mek,MTORC1,NCL,NFkB (complex),P38 MAPK,PARP1,PDGFRB,PGR,PRKAA,PRKDC,RAC1,RB1,RELA,RHOA,RXRA,SHC1,SMAD3,SP1,STAT3,STAT5a/b,TAB1,TCF7L2,TP53",3,Inhibited,-2.167,9.26e-18,0.0029,"A2M,ABCE1,ACSL3,ACTB,ADAM10,ADAR,AGO2,AK1,AKR1B1,AKT1,AKT2,ALB,ALDOA,APOBEC3G,APOC3,APOE,ARHGDIB,ARPC1B,ARRB1,ASPH,ATXN10,BCLAF1,BID,BST2,BUB1B,C11orf58,C3,CA2,CAPG,CAPN2,CARS1,CASP1,CASP8,CBS/CBSL,CD70,CEBPA,CEBPZ,CHD3,CKAP4,CNDP2,CNN3,COL1A2,COL9A2,CPT2,CSE1L,CTCF,DDX21,DNM1,DPYSL2,DR1,ECM1,EED,EEF1A2,EEF1B2,EGLN1,EGR2,EHD1,EIF1AX,EIF2B1,EIF4E,EIF4G1,EIF5,ENO1,ERBIN,ERP29,EZR,FABP4,FABP5,FAM3C,FBXO22,FEN1,FHL1,FKBP3,FLI1,FSCN1,FUBP1,G3BP1,GAPDH,GART,GBP1,GBP2,GCLC,GCLM,GLUL,GNL3,GOT1,GPX4,GSK3A,GSK3B,GSPT1,GSTM3,GSTP1,H1-10,H2AX,H2BC12,HINT1,HMGB1,HMGB2,HNRNPA1,HNRNPA2B1,HNRNPH1,HSP90AA1,HSPA8,HSPB1,HTT,HYOU1,IDI1,IFI35,IGF2,IGFBP3,IL1B,IL1RN,IPO7,IRAG2,IREB2,IRF5,ISCU,ITIH2,ITPR1,JAK1,JMJD6,KAT2B,KIFC1,KRT10,KYNU,LAP3,LASP1,LBR,LCP2,LDHA,LGALS3,LIMS1,LTF,MAD1L1,MAP2K2,MAPK1,MARCKS,MAT2A,MATK,MBD2,ME1,ME2,MECP2,MIF,MKI67,MKNK1,MMP2,MSN,MST1,MTA2,MTHFD2,MVD,MX2,MYD88,NAE1,NAMPT,NAT1,NDUFB8,NFKB1,NIBAN2,NIFK,NME1,NMI,NOLC1,NOP2,NOTCH1,NPC1,NQO1,NUCKS1,NUDCD2,NUP153,NVL,P2RX4,PARP12,PCYT1A,PDCD4,PDHX,PDLIM1,PELP1,PFDN1,PFKP,PGK1,PKM,POSTN,PPAT,PPIA,PPIF,PPM1A,PPP1CA,PPP2CA,PPP3CA,PPP4C,PPP4R2,PRKAR1A,PSIP1,PSMB3,PSMB5,PSMB9,PSME2,PTPN11,PTPN2,PTPN6,PTPRE,PXN,RALY,RASA1,RBL2,RHOA,RHOC,RPL10,RPL27A,RSAD2,S100A8,S100A9,SAMHD1,SAR1A,SDHB,SEC24D,SEL1L,SERPINB1,SERPINB8,SERPINF1,SH3GLB1,SLC9A3R1,SMAP2,SOD1,SON,SP1,SP100,SPRY2,SRSF1,STIP1,STOM,SUN2,SYK,TAGLN2,TALDO1,TAP1,TAPBP,TDO2,TFAM,TFB2M,TGFBI,TGM2,TIMP2,TK1,TOP2B,TPI1,TPX2,TRADD,TREM2,TRIM21,TUBA1C,TUBB,TUBB2A,TUFM,TXN,TYMP,UBE2I,UBE2L6,UGDH,UGP2,UQCRC2,UTP18,VASP,VCL,VIM,VPS29,WAS,XPC,XPO1,YLPM1,YWHAH,ZEB2,ZNF318,ZYX",276 (52),50,2hr_PROT_causal,True,
32,CBL,-1.381,transcription regulator,"Abl1/2,AKT1,AR,ATM,CASP8,CBL,CDK1,CDK2,CHEK1,CHEK2,CLTC,CTNNB1,DUSP1,EGFR,EGR1,EPHA2,ERBB2,ERBB3,ERK1/2,HIF1A,IGF1R,ITGB4,JAK2,JUN,JUNB,LIN28A,MAP2K1/2,Mapk,MAPK1,MMP1,MMP14,MTOR,MYC,NFKB1,NUAK1,P38 MAPK,PARP1,PGR,PI3K (family),PPARG,PRKAA1,RB1,RELA,RHOA,SHC1,SP1,SREBF2,STAT1,STAT3,TGFB1,TP53",3,Activated,2.63,9.719999999999999e-18,0.0017,"ACO1,ACTR3,ADAM10,ADAR,ADH5,AFP,AGO2,AK1,ALB,ALDOA,ALOX5,APOE,ARHGDIB,ARPC1B,ARRB1,ATXN10,B3GALT6,BAG1,BAX,BCAT1,BCOR,BID,BPNT2,BST2,BUB1B,BZW2,C4A/C4B,CAPN2,CARS1,CASP4,CAST,CBS/CBSL,CD151,CD46,CD70,CD74,CDC37,CDC42,CDKN2C,CHD3,CHD7,CKAP4,CLGN,COL1A1,COL1A2,COL3A1,COL6A3,COX5A,CPT2,CSE1L,DEGS1,DNM1,DNM1L,DPYSL2,DR1,EED,EGLN1,EGR2,EHD1,EIF1AX,EIF2B1,EIF4E,EIF4G1,ERP29,EZR,FAM3C,FBL,FBXO22,FDXR,FEN1,FHL1,FKBP3,FKBP4,FKBP5,FLI1,FSCN1,FUBP1,FUS,GAPDH,GBP4,GCLC,GCLM,GDF15,GDI1,GLO1,GLUL,GOT1,GPX4,GSK3A,GSK3B,GSTM3,GSTP1,H2AX,H2BC12,HGSNAT,HINT1,HMGB1,HMGB2,HNRNPA1,HNRNPA2B1,HNRNPF,HNRNPH1,HSP90AA1,HSPA1A/HSPA1B,HSPA8,HSPD1,HSPH1,HTT,IDH1,IFI35,IGF2,IGFBP2,IGFBP3,IL1RN,ILK,IQGAP2,IREB2,IRF5,ISCU,ITGB2,ITPR1,JAK1,JMJD6,JUN,KAT2B,KIFC1,KRT10,LAMB1,LAMP1,LAP3,LASP1,LBR,LIG3,LIMS1,LMAN1,LUM,MAD1L1,MAP2K1,MAPK1,MAPK3,MAPKAPK2,MATK,MBD2,ME1,ME2,MECP2,MIF,MKI67,MKNK1,MST1,MTA2,MTHFD2,MX2,NAE1,NAP1L1,NAT1,NCOR2,NDUFB8,NDUFS4,NME1,NMI,NNT,NOLC1,NOP56,NPC1,NUCKS1,NUDCD2,NUP153,NVL,P2RX4,P4HA1,PAICS,PARP12,PDHX,PDIA5,PDLIM1,PELP1,PFDN1,PGK1,PHGDH,PIK3CD,PKM,POLDIP2,POLR2A,POSTN,PPIA,PPIF,PPM1A,PPP1CA,PPP2CA,PPP4C,PPP4R2,PREP,PREX1,PRKACB,PRKAR1A,PRPS1,PSIP1,PSMB3,PSMB5,PSMB9,PSME2,PTPN11,PTPN2,PTPN6,PTPRE,PXN,RAD23A,RALY,RASA1,RBL2,RBP4,RHOA,RHOC,RPA1,S100A4,S100A8,SAE1,SAMHD1,SDHA,SDHB,SEL1L,SERPINB8,SET,SHBG,SLC9A3R1,SMAP2,SOD1,SON,SP100,SPRY2,SRSF1,STAT1,STAT3,STK4,STMN1,STOM,STT3B,SUMO1,SUMO2,SUMO3,SUN1,SUN2,SYK,TAGLN2,TAP1,TFAM,TGFBI,TGM2,THBS1,TIMP2,TMED9,TMX3,TOP1,TOP2B,TPM1,TPX2,TRADD,TRIM21,TUBB,TXN,TYMP,UBA2,UBE2I,UBE2L6,UGDH,UQCRC2,UQCRQ,UTP18,VASP,VCL,VIM,WARS1,WAS,WRN,XPC,YWHAH,ZEB2,ZNF318,ZYX",280 (51),49,2hr_PROT_causal,True,
33,mir-122, ,microRNA,mir-122,1,Activated,3.569,9.82e-18,0.0001,"ADAM10,ALDOA,ARHGAP1,CACYBP,CLIC4,CS,CSRP1,CTCF,G6PD,GNPDA1,H1-0,IQGAP1,LETM1,LMNB2,MAP4,MAPRE1,MTHFD2,NPEPPS,NUDC,NUTF2,PKM,PLIN3,PPP2CA,PXN,RBM3,RCC2,SCAF11,SERPINB6,SH3BGRL3,SH3GL1,TGM2,TPD52L2,VAV3,VIM,VPS4A,VPS4B,WARS1,YARS1",38 (1),1,2hr_PROT_causal,True,True
34,SIRT1, ,transcription regulator,"AMPK,FOXO3,HDAC2,MYC,SIRT1,SREBF1,STAT1,STAT5a/b,TP53",2,Activated,2.725,1.03e-17,0.0001,"ACO1,ACO2,ACSL3,ACTB,AK1,AKT1,ALDOA,APOBEC3G,ARF4,ARPC1B,ATG7,BAG1,BAX,BCAT1,BCOR,BID,BUB1B,BZW2,C4A/C4B,CAP2,CASP1,CASP4,CASP8,CD14,CD151,CD63,CDK1,CDKN2C,CFI,CHD3,COL1A1,COMP,COX4I1,COX5A,CSRP1,CYP51A1,DNM1,ECM1,EGR2,EIF2B1,EIF4E,EIF4G1,EZH2,FABP4,FAM3C,FBL,FBXO22,FDPS,FEN1,FKBP3,FN1,FUBP1,GART,GBP1,GBP2,GBP4,GDF15,GNL3,GSK3A,GSK3B,GSR,HMGB1,HNRNPH1,HSP90AA1,HSPA1A/HSPA1B,HSPA4,HSPA8,HSPB1,HSPD1,HSPH1,HTT,IDH1,IDH2,IDI1,IGFBP3,IL1B,IL1RN,IQGAP2,IRAG2,IREB2,ISCU,LBR,LCP2,LEMD3,LGALS3,MAD1L1,MAP2K2,MAPK1,MAT2A,ME1,ME2,MMP2,MST1,MX2,MYD88,NCF1,NDRG1,NIFK,NME1,NOLC1,NOP56,NOTCH1,NPC1,NUP153,P2RX4,PCNA,PDCD4,PDCD6IP,PDHX,PFKP,PHGDH,PPCS,PPM1A,PPP1CA,PPP2CA,PPP3CA,PPP4C,PPP4R2,PREP,PREX1,PTPN11,PTPN6,RAD23A,RALY,RHOA,RNASET2,RSAD2,S100A4,SAE1,SDHA,SEL1L,SIRT6,SOD1,SON,SP100,SRSF1,STAT1,STAT3,STIP1,STMN1,STOM,SUMO1,SUMO2,SUMO3,TAGLN2,TAP1,TFAM,THBD,THBS1,TMSB10/TMSB4X,TOP2A,TOP2B,TPX2,TRAF1,TRIM21,TUBB,UBA2,UBE2I,UGP2,UQCRQ,VIM,WARS1,WRN,XPC,YWHAH",165 (9),9,2hr_PROT_causal,True,
35,ATR, ,kinase,"Akt,AKT1,AR,ATF1,ATF2,ATF6,ATM,ATR,BCL2,CASP8,CDK2,CEBPA,CEBPB,CHEK1,CHEK2,CREB1,CTNNB1,E2f,E2F3,EGFR,ELF4,ELK1,ERK1/2,estrogen receptor,FANCD2,Focal adhesion kinase,GLI1,GSK3B,HNRNPA1,HSF1,Jnk,JUN,KAT5,MAP2K1,MAPK1,MAPK9,MDM4,Mek,MMP2,MYC,NBN,NCL,NFkB (complex),NR3C1,NR4A1,P38 MAPK,PDGFRA,PGR,PPARGC1A,PRKAA1,PRKCD,RAC1,RHOA,RPA1,SHC1,SMC3,SP1,SREBF2,STAT3,TFEB,TP53,TP63,TP73,VCP,WRN,XPA,YBX1,ZEB1",3,Inhibited,-3.127,1.94e-17,0.0072,"A2M,ABCE1,ACADM,ACO1,ACSL3,ACTB,ACTR3,ADAR,ADGRE2,ADH5,ADK,AK1,AKR1B1,AKT1,AKT2,ALB,ALOX5,APEX1,APOB,ARPC1A,ARPC1B,ARPC5,ARRB1,ASNS,ATG7,ATG9A,ATP2A2,BAG1,BAX,BCAT1,BCOR,BID,BUB1B,BZW2,C1QTNF3,C3,CAPG,CAPN2,CASP1,CASP4,CASP8,CBR1,CBS/CBSL,CBX1,CD151,CD46,CD70,CDK1,CEBPA,CEBPZ,CHD3,CKAP4,CLCN7,CLGN,CNTRL,COL3A1,COL9A2,COX5A,CPT2,CSE1L,CSTA,CTCF,CTNND1,CTPS1,DAB2,DEGS1,DNM1,DNM1L,DPYSL2,DR1,ECM1,EEF1A2,EFHD2,EGR2,EIF1AX,EIF2B1,EIF4A2,ELOB,ELOC,ENDOD1,ENO3,ERP29,EZH2,EZR,FABP4,FABP5,FAM3C,FBL,FBLN1,FBP1,FBXO22,FDPS,FDXR,FEN1,FKBP3,FKBP4,FKBP5,FLI1,FN1,FUBP1,G6PD,GABPA,GALNT2,GART,GBP1,GCLC,GCLM,GDF15,GDI1,GLUL,GNL3,GNS,GOT1,GPA33,GSK3A,GSK3B,GSPT1,GSR,GSS,GSTM3,GSTP1,H1-0,H1-10,H1-2,H2AX,H2BC11,HINT1,HLA-DRB1,HMGB1,HMGB2,HNRNPA1,HNRNPA2B1,HNRNPA3,HNRNPH1,HSP90AB1,HSPA1A/HSPA1B,HSPA4,HSPA8,HSPE1,HTT,IDH1,IDH2,IGFBP3,IL1RAP,IL1RN,ILK,IPO7,IQGAP3,IREB2,ISCU,ITGB2,JUN,KAT2B,KIFC1,KYNU,LAMP1,LAP3,LBR,LDHA,LGALS1,LGALS3,LMAN1,LPL,LRIF1,LSM2,LTF,MAD1L1,MANF,MAP2K2,MAPK1,MAPK7,MATK,MBOAT7,ME1,ME2,MECP2,METAP2,METTL7A,MIF,MKI67,MKNK1,MNDA,MPG,MRPL20,MRPS11,MSI2,MSN,MST1,MT1G,MTA2,MTHFD2,MYD88,NAP1L1,NASP,NCOR2,NDRG1,NDUFB8,NEU1,NME1,NMI,NOLC1,NOP56,NPC1,NPEPL1,NRGN,NUP153,OGFRL1,P2RX4,P4HA1,P4HB,PARP12,PCNA,PDCD4,PDHX,PDIA3,PDIA4,PDIA5,PDLIM1,PDLIM7,PEA15,PFKP,PHGDH,PIP4P1,PLG,PPAT,PPIA,PPIF,PPM1A,PPP1CA,PPP1R3D,PPP2CA,PPP2R1A,PPP3CA,PPP4C,PPP4R2,PRDX2,PREP,PRKACB,PRKAR1A,PRMT1,PSIP1,PSMB3,PSMB5,PSMB9,PSME2,PTPN11,PTPN2,PTPN6,PTPRE,PXN,QSOX1,RAD23A,RALY,RAN,RANBP1,RANGAP1,RASA1,RHOC,RPA1,RPL27A,RPS6KA1,RPS6KA3,S100A11,S100A4,S100A6,SAE1,SAMHD1,SAR1A,SDHA,SDHB,SEL1L,SERPINB1,SERPINB8,SERPINB9,SERPINF1,SFXN3,SH3GLB1,SHC1,SIRT6,SLC9A3R1,SMC1A,SOD1,SON,SP1,SPR,SRM,SRSF1,SSBP1,ST13,STAT1,STAT6,STIP1,STMN1,STOM,SUMO1,SUMO2,SUMO3,SUN2,SYK,TAF7,TAGLN2,TAPBP,TDO2,TF,TFAM,TFB2M,TGFBI,THBD,THBS1,TM9SF2,TMED10,TMPO,TMSB10/TMSB4X,TOP1,TOP2A,TOP2B,TPM1,TPX2,TRADD,TRAF1,TREM2,TTC13,TUBB,TUBB2A,TUFM,UBA2,UBE2L6,UGDH,UQCRC2,UQCRQ,UTP18,VASP,VKORC1L1,VMP1,VPS26A,VPS35,WAS,WRN,XPC,XPO1,YWHAH,YWHAZ,ZDHHC3,ZNF318",344 (68),64,2hr_PROT_causal,True,
37,ITGB1,0.289,transmembrane receptor,"Akt,AR,ATF1,ATF2,ATF6,CBL,CCAR2,CCND1,CCNE1,CDH1,CDK2,CEBPA,CEBPB,CHEK2,CLTC,CTNNB1,DUSP1,DYRK1B,EGFR,EGR1,ELK1,ERBB2,ERK,ERK1/2,ESR1,Focal adhesion kinase,GSK3B,HIF1A,HMGA1,IGF1R,ITGB1,ITGB4,Jnk,KAT5,LCK,LIN28A,MAP2K1,MAP2K1/2,MAP2K2,Mapk,MAPK1,MAPK14,MAPK9,MED1,Mek,MMP2,MTOR,MYC,NANOG,NEDD9,NFAT5,Notch,NR3C1,NR4A1,P38 MAPK,PARP1,PGR,PI3K (family),PLSCR1,PPARG,PPARGC1A,PRKAA1,PTEN,PTK2,RAC1,RARA,RAS,RB1,RHOA,RHOC,ROCK,RUNX2,RXRA,SHC1,SMAD3,SP1,SRC,SREBF1,SREBF2,STAT3,STAT5a/b,SYK,TCF7L2,TFEB,TGFB1,TP63,YAP/TAZ,YBX1",3,Inhibited,-2.4219999999999997,2.48e-17,0.0088,"A2M,ABCE1,ACADM,ACO1,ACTR3,ADAM10,ADAR,ADH5,AFP,AGO2,AKR1B1,AKT1,AKT2,ALDOA,ALOX5,APEX1,APOA4,APOB,APOBEC3G,APOC3,APOE,ARHGAP1,ARPC5L,ARRB1,ASNS,ASPH,ASS1,ATG7,ATG9A,ATXN10,B3GALT6,BAG1,BAX,BCAS3,BCAT1,BCLAF1,BCOR,BPNT2,BST2,BZW2,C11orf58,C3,CAP2,CAPN2,CARS1,CASP4,CBR1,CBS/CBSL,CD151,CD70,CD74,CDC37,CDC42,CEBPA,CEBPZ,CFI,CHD7,CKAP4,CLCN7,CLGN,CNDP2,CNN3,COL1A1,COX5A,CP,CPT2,CSRP1,CSTA,CYP51A1,DDX21,DEGS1,DNM1L,DPYSL2,DR1,EDF1,EED,EEF1A2,EEF1B2,EFEMP1,EGR2,EHD1,EIF1AX,EIF4E,EIF4G1,EIF5,ENO3,ERBIN,ERP29,EZH2,EZR,FABP4,FBL,FBP1,FCER1G,FDPS,FDXR,FHL1,FKBP4,FKBP5,FLI1,FSCN1,FUS,G3BP1,GABPA,GAPDH,GCLC,GCLM,GDI1,GLO1,GLUL,GMFG,GNS,GPX4,GSPT1,GSR,GSS,GSTM3,GSTP1,H1-10,H2BC12,HGSNAT,HINT1,HMGB2,HNRNPA1,HNRNPA2B1,HNRNPD,HNRNPF,HNRNPH1,HSP90AA1,HSPD1,HSPH1,IDH1,IDI1,IFI35,IGF2,IGFBP2,IGFBP3,IGLL1/IGLL5,IL1RAP,IQGAP2,IRAG2,IRF8,ITGB2,ITIH2,ITPR1,JAK1,JMJD6,JUN,KAT2B,KIFC1,LAMB1,LAP3,LASP1,LCP2,LDHA,LIG3,LIMS1,LMAN1,LMNA,LPL,LTF,LUM,MAP2K2,MAPK3,MAPK7,MAPKAPK2,MARCKS,MATK,MBD2,MECP2,METAP2,METTL7A,MIF,MKI67,MKNK1,MMP2,MNDA,MPG,MRPL20,MTA2,MTHFD2,MVD,MX2,NAE1,NAMPT,NAP1L1,NAT1,NCOR2,NDRG1,NDUFB8,NEU1,NFKB1,NIBAN2,NIFK,NMI,NOP16,NOP2,NOP56,NOTCH1,NQO1,NUCKS1,NUDCD2,NUDT1,NVL,P4HA1,PAICS,PARP12,PCYT1A,PDIA3,PDIA4,PDIA5,PDLIM1,PEA15,PELP1,PFKP,PGK1,PGLS,PIP4P1,PKM,PLCG2,PLG,POLDIP2,POLR2A,POSTN,PPAT,PPCS,PPIA,PPIF,PPM1F,PPP2R1A,PPP3CA,PPP3CB,PRDX2,PREP,PREX1,PRKACB,PRKAR1A,PRMT1,PRPS1,PSAT1,PSIP1,PSMB3,PSMB5,PSMB9,PSME2,PTPN2,PTPRE,PXN,RABGAP1L,RAD23A,RAN,RBL2,RBP4,RHOA,RHOC,RNASET2,RPA1,RPL10,RPL27A,S100A11,S100A6,S100A9,SAE1,SAMD9,SAMHD1,SDHA,SDHB,SEC24D,SERPINB1,SERPINB8,SERPINB9,SERPINF1,SH3GLB1,SHBG,SIRT6,SLC9A3R1,SP100,SPRY2,SRRT,SRSF1,STIP1,STT3B,SUMO1,SUMO2,SUMO3,SUN1,SUN2,TACC1,TALDO1,TAP1,TAPBP,TFB2M,TGM2,TIMP2,TLN1,TMED10,TMED9,TMX3,TOP1,TPI1,TRADD,TRAF1,TREM2,TRIM21,TUBA1C,TUBB2A,TUFM,TXN,TYMP,UBA2,UBE2I,UBE2L6,UGDH,UQCRC2,UQCRQ,UTP18,VASP,VCL,VIM,VPS26A,VPS29,VPS35,WAS,WRN,YLPM1,YWHAE,YWHAZ,ZEB2,ZNF318,ZYX",330 (88),85,2hr_PROT_causal,True,
40,ATM,0.247,kinase,"AKT1,AR,ATM,CASP8,CD247,CDK2,CEBPA,CHEK1,CHEK2,Creb,CREB1,CTNNB1,DAXX,DNA-PK,DUSP1,E2f,E2F3,EGFR,ELF4,ERK,ERK1/2,estrogen receptor,FANCD2,FOXO3,GLI1,HIF1A,IGF1R,IKBKB,IKBKG,LAMTOR5,LIN28A,MAP2K1,MAPK1,MAPK12,MAPK14,MAPK3,MAPK9,MDM4,MED1,Mek,MMP2,MTOR,MYC,NFkB (complex),PPARG,PPP2R2C,PRKAA,PRKAA1,PRKCE,PRKDC,RAC1,RARA,RB1,RELA,RHOA,RPS6KB1,SMC3,SNAI1,SP1,TP53,TRIM28,VCP,ZAP70,ZEB1",3,Inhibited,-3.242,3.3799999999999996e-17,0.0067,"A2M,ABCE1,ACSL3,ACTR3,ADAM10,ADAR,ADGRE2,ADH5,ADK,AK1,AKR1B1,AKT1,AKT2,ALB,ALDOA,APOBEC3G,APOE,ARHGAP1,ARHGDIB,ARPC1A,ARPC1B,ARPC5,ARPC5L,ARRB1,ATG7,BAG1,BAX,BCAT1,BCOR,BID,BST2,BUB1B,BZW2,C1QTNF3,C3,CA2,CAPG,CARS1,CASP1,CASP4,CASP8,CAST,CBS/CBSL,CBX1,CD151,CDC42,CDK1,CDK6,CEBPA,CEBPZ,CHD3,CKAP4,CLGN,CNTRL,COL1A1,COL1A2,COL3A1,COL9A2,COX5A,CP,CSE1L,CTCF,CTNND1,CTPS1,DAB2,DDX21,DNM1,DNM1L,DR1,DTYMK,ECM1,EDF1,EED,EEF1A2,EFEMP1,EFHD2,EGLN1,EGR2,EHD1,EIF2B1,EIF4E,EIF4G1,ENDOD1,ERP29,EZR,FABP4,FABP5,FAM3C,FBL,FBXO22,FCER1G,FDXR,FEN1,FHL1,FKBP3,FKBP4,FKBP5,FN1,FSCN1,FUBP1,FUS,GALNT2,GART,GBP1,GCLC,GCLM,GDF15,GDI1,GNL3,GPA33,GSK3A,GSK3B,GSPT1,GSR,H1-0,H1-10,H1-2,H2AX,H2BC11,H2BC12,HINT1,HLA-DRB1,HMGB1,HMGB2,HNRNPA1,HNRNPA2B1,HNRNPD,HNRNPF,HSP90AA1,HSPA1A/HSPA1B,HSPA8,HSPH1,HTT,HYOU1,IFI35,IGF2,IGFBP2,IGFBP3,IGLL1/IGLL5,IL1RN,IPO7,IQGAP3,IREB2,IRF5,IRF8,ISCU,JMJD6,JUN,KIFC1,KRT10,KYNU,LAP3,LBR,LEMD3,LGALS1,LIMS1,LMAN1,LPL,LTF,LUM,MAD1L1,MANF,MAPK1,MAT2A,MBD2,ME1,ME2,MECP2,METAP2,METTL7A,MIF,MKNK1,MSI2,MSN,MST1,MT1G,MTA2,MX2,MYD88,NAE1,NAMPT,NAP1L1,NCOR2,NDRG1,NFKB1,NIBAN1,NME1,NMI,NOLC1,NOP56,NOTCH1,NPC1,NPEPL1,NQO1,NUDCD2,NUP153,OGFRL1,P2RX4,P4HA1,P4HB,PARP12,PCNA,PDCD4,PDHX,PDIA3,PDIA5,PEBP1,PELP1,PFKP,PGLS,PHGDH,PKM,PLCG2,POSTN,PPAT,PPIA,PPIF,PPM1A,PPP1CA,PPP2CA,PPP2R1A,PPP3CA,PPP3CB,PPP4C,PPP4R2,PREP,PRKACB,PRKAR1A,PSMB3,PSME2,PTPN11,PTPN6,PTPRE,PXN,QSOX1,RABGAP1L,RAD23A,RALY,RBL2,RBP4,RHOA,RHOC,RPL27A,RPS6KA1,RPS6KA3,S100A11,S100A4,S100A6,S100A8,S100A9,SAE1,SAMD9,SAMHD1,SAR1A,SDHA,SEL1L,SERPINB1,SERPINF1,SFXN3,SHBG,SLC9A3R1,SMAP2,SOD1,SON,SP1,SP100,SPRY2,SREBF2,SRM,SSBP1,STAT1,STK4,STMN1,STOM,SUMO1,SUMO2,SUMO3,SUN2,TAF7,TAGLN2,TAPBP,TDO2,TF,TFAM,TFB2M,TGFBI,TGM2,THBD,THBS1,TIMP2,TM9SF2,TMPO,TMSB10/TMSB4X,TOP2A,TOP2B,TPX2,TRAF1,TREM2,TRIM21,TTC13,TUBB,TUBB2A,TUFM,UBA2,UBE2I,UBE2L6,UGDH,UQCRQ,UTP18,VCL,VKORC1L1,VMP1,WIPF1,WRN,XPC,XPO1,YWHAH,ZDHHC3,ZEB2,ZNF318",320 (64),59,2hr_PROT_causal,True,
42,TRPC1, ,ion channel,"Akt,AKT1,CASP9,CEBPA,Creb,EGFR,EGR1,ELK1,ERBB3,ERK,ERK1/2,ESR1,EZH2,GSK3B,HDAC6,HIF1A,HSF1,IRF3,ITGB4,JUN,Mapk,MAPK1,MAPK3,MAPK9,MCL1,MED1,MMP2,MMP9,NFkB (complex),NR3C1,NR3C2,NR4A1,P38 MAPK,PARP1,PDGFRA,PGR,PRKAA,PRKCD,RAC1,RELA,ROCK,SHC1,SMAD3,SP1,SREBF2,STAT1,STAT3,TP53,TRPC1,YAP1",3,Inhibited,-2.5469999999999997,4.39e-17,0.0058,"A2M,ACO1,ACSL3,ADAM10,ADAR,AGO2,AK1,AKR1B1,AKT1,ALB,ALDOA,ALOX5,APOBEC3G,APOC3,APOE,ARHGAP1,ARHGDIB,ARPC1B,ARPC5L,ARRB1,ASS1,ATXN10,BAX,BCAS3,BID,BUB1B,C3,C4A/C4B,CAPN2,CARS1,CASP4,CASP8,CBR1,CBS/CBSL,CD14,CD70,CDK6,CDKN2C,CEBPA,CHD3,CKAP4,COL1A1,COL1A2,CP,CPT2,DAB2,DDX21,DNM1,DPYSL2,DR1,ECM1,EDF1,EED,EEF1A2,EGLN1,EIF1AX,EIF2B1,EIF4A2,EIF4E,EIF4G1,ENO1,ENO3,ERP29,EZH2,EZR,FABP4,FABP5,FAM3C,FBLN1,FBP1,FBXO22,FDPS,FDXR,FEN1,FHL1,FKBP3,FKBP4,FKBP5,FLI1,FN1,FSCN1,FUBP1,GAPDH,GART,GBP1,GBP4,GCLC,GCLM,GLUL,GNL3,GOT1,GPX4,GSK3A,GSK3B,GSPT1,GSR,GSS,GSTM3,GSTP1,H1-10,H2BC12,HINT1,HMGB1,HMGB2,HNRNPA1,HNRNPA2B1,HNRNPA3,HNRNPD,HNRNPH1,HSP90AA1,HSP90AB1,HSPA1A/HSPA1B,HSPA4,HSPA8,HSPE1,HTT,HYOU1,IDH1,IGF2,IGFBP3,IGLL1/IGLL5,IL1B,IL1RN,IPO7,IREB2,IRF8,ISCU,ITPR1,JUN,KAT2B,KYNU,LAP3,LGALS1,LGALS3,LIMS1,LMNA,LPL,LRIF1,LSM2,LTF,MAP2K2,MAPK1,MAPK7,MATK,MBD2,MBOAT7,ME1,ME2,MECP2,METAP2,METTL7A,MIF,MKI67,MKNK1,MMP2,MRPS11,MST1,MTA2,MTHFD2,MX2,MYD88,NAE1,NAMPT,NASP,NAT1,NCAM1,NCOR2,NDUFB8,NIBAN1,NME1,NMI,NOLC1,NOP16,NOTCH1,NPC1,NQO1,NUCKS1,NUDCD2,NUP153,NVL,P2RX4,PARP12,PDCD4,PDHX,PDIA3,PDLIM1,PDLIM7,PEA15,PELP1,PFDN1,PGLS,PHGDH,PKM,PLG,POSTN,PPIA,PPIF,PPM1A,PPP1CA,PPP1R3D,PPP2CA,PPP2R1A,PPP3CB,PPP4C,PPP4R2,PRKAR1A,PSIP1,PSMB3,PSMB5,PSMB9,PSME2,PTPN11,PTPN2,PTPN6,PTPRE,PXN,RABGAP1L,RALY,RANBP1,RANGAP1,RASA1,S100A8,S100A9,SAMD9,SAMHD1,SAR1A,SDHB,SEL1L,SERPINB1,SERPINB8,SERPINB9,SERPINF1,SH3GLB1,SHC1,SIRT6,SMAP2,SMC1A,SON,SP1,SPR,SRSF1,SSBP1,ST13,STAT3,STAT6,STIP1,STK4,STMN1,STOM,SUN2,SYK,TACC1,TAGLN2,TAP1,TAPBP,TDO2,TFAM,TGFBI,TGM2,TK1,TMED10,TMSB10/TMSB4X,TOP2A,TOP2B,TPX2,TRADD,TRAF1,TUBB,TUBB2A,UBE2L6,UGDH,UGP2,UQCRC2,UTP18,VASP,VCL,WARS1,WAS,XIRP1,XPC,XPO1,YWHAH,ZEB2,ZNF318,ZYX",285 (50),49,2hr_PROT_causal,True,
43,ITGB3, ,transmembrane receptor,"AHR,Akt,AKT1,AR,ATF1,ATF2,ATF6,BCL2,CASP8,CCND1,CCNE1,CDK1,CEBPA,CEBPB,CHEK2,CTNNB1,DUSP1,EGFR,ELK1,ERBB2,ERK,ERK1/2,EZH2,FOXO1,GLI1,GSK3B,HNRNPA1,IGF1R,IRF3,ITGB3,JAK2,JUN,KAT5,Mapk,MAPK9,MED1,MMP2,MTOR,MYC,NFAT5,NFkB (complex),NFKB1,NOTCH1,NR3C1,NR4A1,P38 MAPK,PDGFRA,PGR,PI3K (family),PPARG,PPARGC1A,PRKAA,Rac,RAC1,RELA,ROCK,RUNX2,SEPTIN9,SHC1,SP1,SREBF2,TP53,TP63,TP73,YAP1,YBX1",3,Inhibited,-4.17,5.31e-17,0.0117,"A2M,ACADM,ACO1,ACSL3,ACTB,ACTR3,ADGRE2,ADH5,ADK,AGO2,AK1,AKR1B1,AKT1,AKT2,APEX1,APOB,APOBEC3G,APOC3,ARHGAP4,ARHGDIB,ARPC1B,ARPC5,ARRB1,ASNS,ATG7,ATG9A,ATP2A2,B3GALT6,BAG1,BAX,BCAT1,BCLAF1,BCOR,BID,BPNT2,BST2,BUB1B,BZW2,C11orf58,C1QTNF3,C3,CAPN2,CASP1,CASP4,CASP8,CBR1,CBS/CBSL,CD151,CD46,CD70,CDC37,CDC42,CDK1,CEBPA,CHD3,CHD7,CKAP4,CLGN,CNTRL,COL1A1,COL6A3,COX5A,CPT2,CSE1L,CSTA,CTPS1,DAB2,DEGS1,DNM1,DPYSL2,ECM1,EDF1,EEF1A2,EEF1B2,EFEMP1,EFHD2,EGLN1,EGR2,EIF1AX,EIF2B1,EIF4G1,EIF5,ELOB,ELOC,ENDOD1,ENO3,ERBIN,EZH2,EZR,FABP4,FABP5,FAM3C,FBL,FBP1,FBXO22,FDPS,FDXR,FEN1,FHL1,FKBP3,FKBP4,FKBP5,FLI1,FUBP1,G3BP1,G6PD,GABPA,GALNT2,GART,GBP1,GCLC,GCLM,GDF15,GDI1,GLO1,GLUL,GNL3,GOT1,GPA33,GSK3A,GSK3B,GSPT1,GSR,GSS,GSTM3,GSTP1,H1-0,H1-10,H2AX,HGSNAT,HINT1,HMGB1,HMGB2,HNRNPA1,HNRNPA2B1,HNRNPH1,HSP90AA1,HSPA1A/HSPA1B,HSPA8,HSPD1,HSPH1,HTT,HYOU1,IDH1,IDH2,IGFBP2,IGFBP3,IGLL1/IGLL5,IL1RAP,IL1RN,ILK,IPO7,IQGAP3,IREB2,IRF5,IRF8,ISCU,ITGB2,ITIH2,JUN,KDSR,KIFC1,KYNU,LAMB1,LAMP1,LASP1,LBR,LDHA,LGALS3,LIG3,LMAN1,LPL,LTF,LUM,MAD1L1,MAPK1,MAPK7,MARCKS,MAT2A,MATK,ME1,ME2,METAP2,MIF,MKNK1,MMP2,MNDA,MPG,MRPL20,MSI2,MST1,MTA2,MTHFD2,MX2,MYD88,NAP1L1,NDRG1,NDUFB8,NFKB1,NIBAN1,NIBAN2,NME1,NOLC1,NOP16,NOP2,NOP56,NOTCH1,NPEPL1,NRGN,NUDT1,NUP153,OGFRL1,P2RX4,P4HA1,PAICS,PCNA,PCYT1A,PDHX,PDIA3,PDIA4,PDIA5,PDLIM1,PEA15,PFKP,PHGDH,PIK3CD,PIN1,PKM,PLG,POLDIP2,POLR2A,POSTN,PPIA,PPIF,PPM1A,PPP1CA,PPP2CA,PPP2R1A,PPP3CA,PPP3CB,PPP4C,PPP4R2,PRDX2,PREP,PREX1,PRKAR1A,PRMT1,PRPS1,PSMB3,PSMB9,PTPN11,PTPN6,PTPRE,PXN,QSOX1,RABGAP1L,RAD23A,RALY,RAN,RASA1,RBP4,RHOA,RPA1,RPL10,RPS6KA1,RPS6KA3,S100A4,S100A6,S100A9,SAE1,SAR1A,SDHA,SDHB,SEL1L,SERPINB1,SERPINB8,SERPINB9,SERPINF1,SET,SFXN3,SH3GLB1,SHBG,SIRT6,SLC9A3R1,SMAP2,SON,SPC25,SRM,SRSF1,STAT1,STAT3,STK4,STMN1,STOM,STT3B,SUMO1,SUMO2,SUMO3,SUN1,SUN2,SYK,TAGLN2,TALDO1,TAPBP,TDO2,TFAM,TGM2,THBD,THBS1,TLN1,TMED10,TMED9,TMSB10/TMSB4X,TMX3,TOP1,TOP2A,TOP2B,TPI1,TPX2,TRADD,TRAF1,TTC13,TUBA1C,TUBB,TUBB2A,TYMP,UBA2,UGDH,UGP2,UQCRC2,UQCRQ,VASP,VCL,VMP1,WRN,XPC,XPO1,YLPM1,YWHAH,YWHAZ,ZDHHC3",341 (66),65,2hr_PROT_causal,True,
44,ENG,0.105,transmembrane receptor,"Akt,ATM,CASP9,CCAR2,CCND1,CCNE1,CDK2,CDKN1A,Creb,CTNNB1,EGFR,ENG,ERN1,FOXO1,GSK3B,HMGA1,IGF1R,IRF3,ITGA5,ITGB1,LCK,MAPK1,MAPK9,MMP2,MYC,NCL,NEDD9,NFE2L2,Notch,PDGFRA,PI3K (family),PRKAB1,PTEN,PTK2,RAC1,RHOA,SHC1,SMAD2,SMAD3,SREBF1,SREBF2,STAT1,STAT3,SYK,TP53,YAP1",3,Inhibited,-2.283,5.81e-17,0.0003,"ACSL3,ADAR,ADH5,AGO2,AK1,AKT2,ALDOA,ALOX5,APOC3,ARPC1B,BAG1,BAX,BCAT1,BCLAF1,BCOR,BID,BST2,BUB1B,BZW2,C11orf58,C3,C4A/C4B,CAP2,CASP1,CASP8,CD14,CD151,CDK1,CFI,CHD3,CNDP2,CNN3,COL3A1,COX4I1,COX5A,CS,CSRP1,CYP51A1,DAB2,DNAJC10,DNM1,DTYMK,ECM1,EDEM1,EEF1B2,EIF2B1,EIF4E,EIF4G1,EIF5,ENO1,ERBIN,ERLEC1,ERP29,EZH2,FAM3C,FBL,FBXO22,FCER1G,FDPS,FEN1,FKBP3,FLI1,FN1,FSCN1,FUBP1,G3BP1,G6PD,GABPA,GAPDH,GART,GBP2,GBP4,GCLC,GCLM,GLUD1,GNL3,GSK3A,GSK3B,GSPT1,GSTP1,H2AX,HMGB1,HMGB2,HNRNPA1,HNRNPA2B1,HNRNPH1,HSP90AA1,HSPA1A/HSPA1B,HSPA8,HSPD1,HSPH1,HTT,IDH1,IDI1,IGFBP2,IL1B,IL1RN,IPO7,IQGAP2,IREB2,IRF5,ISCU,ITIH2,JUN,KAT2B,KIFC1,LAP3,LASP1,LBR,LDHA,LEMD3,LGALS3,LMNA,LPL,MAD1L1,MAPK1,MARCKS,ME1,ME2,MECP2,METAP2,MKI67,MST1,MTA2,MVD,MX2,MYD88,NCAM1,NCOR2,NDUFB8,NIBAN2,NME1,NMI,NOP2,NOP56,NPC1,NQO1,NUP153,P2RX4,PARP12,PCYT1A,PDCD4,PDHX,PDIA3,PEA15,PFKP,PGD,PGK1,PHGDH,PKM,PLCG2,PPCS,PPIA,PPM1A,PPM1F,PPP1CA,PPP2CA,PPP2R1A,PPP3CA,PPP4C,PPP4R2,PRDX1,PREP,PREX1,PRKAR1A,PSAT1,PSIP1,PSMA4,PSMB3,PSMB5,PSME2,PTPN11,PTPN2,PTPN6,PXN,RALY,RBL2,RHOA,RHOC,RNASET2,RPL10,RPL27A,S100A11,S100A4,SAE1,SAMHD1,SDHB,SEC24D,SEL1L,SH3GLB1,SHC1,SLC9A3R1,SOD1,SON,SP100,SPC25,SRSF1,STMN1,STOM,SUMO1,SUMO2,SUMO3,SUN2,TAGLN2,TGM2,THBD,THBS1,TK1,TKT,TMED10,TOP2A,TOP2B,TPI1,TPX2,TUBA1C,TUBB,TUFM,TXN,TYMP,UBA2,UBE2I,UBE2L6,UGP2,UQCRC2,UQCRQ,UTP18,VPS29,WARS1,WAS,WRN,XPO1,YLPM1,YWHAH,ZNF318,ZYX",235 (46),45,2hr_PROT_causal,True,
45,C1QBP,0.400,transcription regulator,"Akt,AKT1,C1QBP,CASP8,CASP9,CCND1,CCNE1,CDK1,CDK2,CEBPB,CHEK1,CHEK2,CTNNB1,DUSP1,EGFR,EGR1,ELK1,ERBB2,ERBB3,ERK,ERK1/2,ESR1,EZH2,FOXO1,GSK3B,HDAC6,HIF1A,IGF1R,INSR,IRF3,ITGB4,JAK2,JUN,MAP2K1,MAP2K1/2,MAP2K2,MAPK1,Mek,MTOR,MYC,NFkB (complex),NFKB1,NOS2,Notch,NR4A1,P38 MAPK,PARP1,PDGFRA,PGR,PI3K (family),PPARG,PRKAA1,RAC1,RB1,RELA,RUNX2,RXRA,SHC1,SMAD3,SP1,SREBF2,STAT3,TP53,TP63,YBX1",3,Inhibited,-2.665,6.38e-17,0.0243,"ABCE1,ACO1,ACSL3,ADAM10,ADAR,ADH5,AFP,AGO2,AK1,AKT1,AKT2,ALB,ALDOA,ALOX5,APOB,APOBEC3G,APOE,ARHGAP1,ARHGDIB,ARPC1B,ARPC5L,ARRB1,ASS1,ATG9A,ATXN10,B3GALT6,BAG1,BCAS3,BCAT1,BCLAF1,BCOR,BID,BPNT2,BUB1B,BZW2,C11orf58,CA2,CAPN2,CARS1,CASP4,CASP8,CAST,CBS/CBSL,CD151,CD46,CD70,CDC37,CDC42,CDKN2C,CEBPZ,CHD3,CHD7,CKAP4,COL3A1,COL6A3,COX4I1,COX5A,CP,CSE1L,CSTA,DAB2,DDX21,DNM1,DPYSL2,DR1,EED,EEF1B2,EFEMP1,EGLN1,EHD1,EIF1AX,EIF2B1,EIF4E,EIF4G1,EIF5,ENO3,ERBIN,ERP29,EZH2,EZR,FABP5,FAM3C,FBL,FBP1,FBXO22,FDPS,FDXR,FEN1,FHL1,FKBP3,FKBP5,FLI1,FSCN1,FUBP1,G3BP1,GBP1,GCLC,GCLM,GDF15,GLO1,GLUL,GNL3,GOT1,GPX4,GSK3A,GSK3B,GSPT1,GSR,GSS,GSTM3,GSTP1,H2AX,H2BC12,HGSNAT,HINT1,HMGB1,HMGB2,HNRNPA1,HNRNPA2B1,HNRNPD,HNRNPH1,HSP90AA1,HSPA1A/HSPA1B,HSPA8,HSPD1,HSPH1,HTT,HYOU1,IDH1,IGF2,IGFBP2,IGFBP3,IL1RAP,IL1RN,IQGAP2,IREB2,ISCU,ITGB2,ITIH2,ITPR1,JAK1,JMJD6,JUN,KAT2B,KIFC1,KRT10,KYNU,LAMB1,LAMP1,LAP3,LASP1,LBR,LDHA,LGALS1,LIG3,LIMS1,LUM,MAD1L1,MAPK1,MARCKS,MAT2A,MATK,MBD2,ME1,ME2,MECP2,METTL7A,MIF,MKI67,MKNK1,MST1,MTA2,MTHFD2,MX2,NAE1,NAMPT,NAT1,NCAM1,NCOR2,NDUFB8,NFKB1,NIBAN1,NIBAN2,NME1,NMI,NOLC1,NOP2,NOP56,NUCKS1,NUDCD2,NUP153,NVL,P2RX4,PAICS,PARP12,PCYT1A,PDHX,PDLIM1,PEA15,PELP1,PFDN1,PGK1,PGLS,PHGDH,PIK3CD,PKM,PLG,POLDIP2,POLR2A,POSTN,PPAT,PPIA,PPIF,PPM1A,PPP1CA,PPP2CA,PPP4C,PPP4R2,PREP,PREX1,PRKACB,PRKAR1A,PRMT1,PRPS1,PSIP1,PSMB3,PSME2,PTPN11,PTPN2,PTPN6,PTPRE,PXN,RAD23A,RALY,RASA1,RBL2,RBP4,RHOA,RPL10,RPL27A,S100A11,SAE1,SAMD9,SAR1A,SDHA,SDHB,SEL1L,SERPINB8,SET,SH3GLB1,SHBG,SIRT6,SLC9A3R1,SMAP2,SON,SP100,SPC25,SRSF1,STAT1,STK4,STMN1,STOM,STT3B,SUMO1,SUMO2,SUMO3,SUN1,SUN2,SYK,TACC1,TAGLN2,TALDO1,TAPBP,TDO2,TFAM,TFB2M,TGFBI,TGM2,THBS1,TLN1,TMED10,TMED9,TMSB10/TMSB4X,TMX3,TOP1,TOP2B,TPI1,TPX2,TRADD,TREM2,TUBA1C,TUFM,TYMP,UBA2,UBE2I,UBE2L6,UGDH,UQCRC2,UQCRQ,UTP18,VASP,VCL,WAS,WIPF1,WRN,XPC,YLPM1,YWHAH,ZEB2,ZNF318,ZYX",311 (65),64,2hr_PROT_causal,True,
46,Vegf, ,group,"Akt,AR,ATF2,CASP8,CASP9,CCAR2,CCND1,CCNE1,CDK2,CDKN1A,CEBPA,CEBPB,CHEK1,Creb,CTNNB1,DUSP1,EGFR,ELK1,ERK,ERK1/2,ESR1,EZH2,FOXO1,FOXO3,GSK3B,HIF1A,HMGA1,ILK,ITGB4,JUN,KDR,LIN28A,LRP6,Mapk,MAPK1,MAPK3,MED1,Mek,MMP2,MTOR,MTORC1,NFAT5,NOS2,Notch,NR4A1,PAK1,PAK2,PGR,PHB2,PRKAA,RAC1,RARA,RB1,RELA,RHOA,ROCK,RUNX2,RXRA,SP1,SREBF2,STAT3,TCF7L2,TP53,Vegf",3,Inhibited,-2.9589999999999996,6.87e-17,0.0115,"A2M,ABCE1,ACO1,ACSL3,ACTB,ACTR3,ADAM10,ADAR,AGO2,AK1,AKR1B1,AKT2,ALDOA,ALOX5,APOB,APOBEC3G,APOC3,APOE,ARHGAP1,ARHGDIB,ARPC1B,ARPC5L,ARRB1,ASNS,ASPH,ASS1,ATP2A2,BAX,BCAS3,BCLAF1,BID,BST2,C11orf58,C3,CAPN2,CARS1,CASP1,CASP8,CAST,CBS/CBSL,CD46,CDK1,CEBPA,CEBPZ,CHD3,CKAP4,CLGN,CNDP2,CNN3,COL1A1,COX4I1,CPT2,CSE1L,DDX21,DEGS1,DNM1,DNM1L,DPYSL2,DR1,DTYMK,ECM1,EDF1,EED,EEF1A2,EEF1B2,EGLN1,EGR2,EHD1,EIF1AX,EIF2B1,EIF4E,EIF4G1,EIF5,ENO3,ERBIN,ERP29,EZH2,EZR,FAM3C,FBP1,FBXO22,FDPS,FDXR,FEN1,FHL1,FKBP3,FKBP4,FKBP5,FSCN1,FUBP1,FUS,G3BP1,GAPDH,GART,GBP1,GDF15,GDI1,GLUL,GNL3,GOT1,GPX4,GSK3A,GSK3B,GSPT1,GSR,GSS,GSTM3,H1-10,H2AX,H2BC12,HINT1,HMGB1,HNRNPA1,HNRNPA2B1,HNRNPD,HNRNPF,HNRNPH1,HSPA1A/HSPA1B,HSPA8,HSPB1,HSPH1,HTT,HYOU1,IDH1,IDI1,IFI35,IGLL1/IGLL5,IL1B,IL1RN,IPO7,IREB2,IRF8,ISCU,ITGB2,ITIH2,JMJD6,KAT2B,KIFC1,KRT10,LAP3,LASP1,LBR,LDHA,LEMD3,LGALS1,LGALS3,LIMS1,LMAN1,LTF,LUM,MAD1L1,MAP2K2,MAPK1,MARCKS,MAT2A,MATK,MBD2,ME1,ME2,MECP2,METTL7A,MIF,MKI67,MKNK1,MMP2,MST1,MTA2,MTHFD2,MVD,MX2,NAE1,NAP1L1,NCAM1,NCOR2,NDRG1,NDUFB8,NIBAN1,NIBAN2,NME1,NMI,NOLC1,NOP16,NOP2,NOTCH1,NPC1,NUCKS1,NUDCD2,NUDT1,NUP153,P2RX4,P4HA1,PARP12,PCYT1A,PDHX,PDIA5,PDLIM1,PEA15,PELP1,PFKP,PGK1,PGLS,PHGDH,PKM,PLG,POSTN,PPAT,PPIA,PPIF,PPM1A,PPP1CA,PPP2CA,PPP2R1A,PPP3CA,PPP3CB,PPP4C,PPP4R2,PRKAR1A,PRMT1,PSIP1,PSMB3,PSMB5,PSMB9,PSME2,PTPN11,PTPN2,PTPN6,PTPRE,RABGAP1L,RALY,RASA1,RHOA,RHOC,RPL10,RPL27A,S100A11,S100A9,SAMD9,SAMHD1,SDHB,SEC24D,SEL1L,SERPINB1,SERPINB8,SERPINF1,SH3GLB1,SIRT6,SLC9A3R1,SMAP2,SOD1,SON,SP100,SPC25,SRSF1,STAT3,STMN1,STOM,SUN2,SYK,TACC1,TAGLN2,TALDO1,TAP1,TAPBP,TFAM,TFB2M,TGM2,TIMP2,TLN1,TMED10,TOP1,TOP2B,TPI1,TPM1,TREM2,TRIM21,TUBA1C,TUBB,TUBB2A,TUFM,TXN,TYMP,UBE2I,UBE2L6,UGDH,UQCRC2,UTP18,VASP,VCL,VIM,VPS29,WAS,WIPF1,XPC,XPO1,YLPM1,YWHAH,ZNF318",297 (64),62,2hr_PROT_causal,True,
47,PRKCD,-1.050,kinase,"AHR,Akt,AKT1,Ap1,ATF1,ATF2,ATF6,CASP8,CCND1,CDK1,CEBPA,CEBPB,CTNNB1,DUSP1,EGFR,ERBB3,ERK,ESR1,FLI1,Gsk3,HDAC6,HIF1A,HNRNPA1,HSF1,IGF1R,INSR,IRAK1,ITGB4,JAK2,Jnk,JUN,KAT5,MAP2K1/2,MAPK8,MAPK9,MAPT,MCL1,Mek,MMP14,NCOA3,NFkB (complex),NR3C1,NR3C2,NR4A1,P38 MAPK,PARP1,PDGFRA,PGR,PI3K (family),Pkc(s),PPARG,PPARGC1A,PRKCD,RB1,RELA,RHOA,ROCK,RUNX2,SEPTIN9,SHC1,SP1,SREBF2,STAT1,STAT3,TCF7L2,TFEB,TP63",3,Inhibited,-3.196,8.13e-17,0.0049,"A2M,ABCE1,ACADM,ACTB,ADAM10,AFP,AGO2,AKR1B1,AKT1,ALDOA,ALOX5,APEX1,APOB,APOBEC3G,APOE,ARHGAP1,ARHGAP4,ARHGDIB,ARPC5L,ASNS,ASPH,ASS1,ATG7,ATG9A,ATXN10,BAX,BCAS3,BCLAF1,C11orf58,C4A/C4B,CAPN2,CARS1,CASP4,CBR1,CBS/CBSL,CD14,CD70,CDK1,CDKN2C,CEBPA,CEBPZ,CKAP4,CLCN7,COL1A1,COL1A2,COL3A1,CP,CPT1A,CPT2,CSE1L,CSTA,DAB2,DDX21,DNAJC3,DPYSL2,DR1,EED,EEF1A2,EEF1B2,EGLN1,EIF1AX,EIF4A2,EIF4E,EIF5,ENO1,ENO3,ERBIN,EZH2,EZR,FABP4,FABP5,FBP1,FDPS,FDXR,FHL1,FLI1,FSCN1,G3BP1,GABPA,GAPDH,GBP2,GBP4,GCLC,GCLM,GDF15,GLUL,GNS,GOT1,GPX4,GSR,GSS,GSTM3,H1-10,H2BC12,HINT1,HMGB2,HNRNPA1,HNRNPA2B1,HNRNPA3,HNRNPD,HNRNPH1,HSP90AB1,HSPA4,HSPB1,HSPE1,IDH1,IGFBP2,IGFBP3,IL1B,IL1RAP,IL1RN,ILK,ITGB2,ITIH2,ITPR1,JAK1,KAT2B,KDSR,KIFC1,KRT10,KYNU,LAMP1,LASP1,LDHA,LGALS1,LIMS1,LMNA,LPL,LRIF1,LSM2,LTF,LUM,MAPK7,MARCKS,MAT2A,MATK,MBD2,MBOAT7,METAP2,METTL7A,MIF,MMP2,MNDA,MPG,MRPL20,MRPS11,MTA2,MX2,NAE1,NAMPT,NASP,NAT1,NDRG1,NDUFB8,NEU1,NIBAN2,NNT,NOP16,NOP2,NOTCH1,NPC1,NQO1,NUCKS1,NUDCD2,NVL,PCNA,PCYT1A,PDCD4,PDIA3,PDIA4,PDLIM1,PDLIM7,PEA15,PELP1,PFDN1,PFKP,PGK1,PGLS,PIK3CD,PIP4P1,PKM,PLG,POSTN,PPAT,PPIA,PPIF,PPP1R3D,PPP3CA,PRDX2,PREX1,PRKAR1A,PRMT1,PSIP1,PSMB3,PSMB5,PSMB9,PTPN2,PTPRE,PXN,RAD23A,RAN,RANBP1,RANGAP1,RASA1,RBL2,RBP4,RHOC,RPA1,RPL10,RPL27A,S100A4,S100A8,S100A9,SAMD9,SAMHD1,SAR1A,SDHB,SERPINB1,SERPINB8,SERPINB9,SERPINF1,SET,SHBG,SHC1,SIRT6,SLC9A3R1,SMAP2,SMC1A,SP1,SP100,SPR,SREBF2,SSBP1,ST13,STAT3,STAT6,STIP1,STK4,SYK,TACC1,TALDO1,TAP1,TAPBP,TDO2,TFB2M,TGFBI,TGM2,TKT,TLN1,TMED10,TMSB10/TMSB4X,TOP1,TPI1,TPM1,TRADD,TRAF1,TREM2,TRIM21,TUBA1C,TUBB2A,TUFM,TYMP,UBE2I,UGDH,UQCRC2,VASP,VCL,VPS26A,VPS35,WARS1,WAS,WIPF1,XIRP1,YLPM1,YWHAZ",275 (67),64,2hr_PROT_causal,True,
48,FGF2, ,growth factor,"Akt,AKT1,AR,ATF1,ATF6,BCL2,CCAR2,CCND1,CDH1,CDK2,CEBPA,CEBPB,CHEK2,CLTC,Creb,CTNNB1,DUSP1,EGFR,EGR1,ELK1,ERK,ERK1/2,estrogen receptor,EZH2,F3,FGF2,FGFR1,GSK3B,HIF1A,HMGA1,HNRNPA1,IKBKB,ITGB4,Jnk,JUN,KAT5,LIN28A,Mapk,MAPK1,MAPK3,MAPK9,MED1,Mek,MYC,NFAT5,NFkB (complex),Notch,NR3C1,NR4A1,P38 MAPK,PGR,PLSCR1,PPARG,PPARGC1A,RAC1,RARA,RB1,RHOA,RHOC,ROCK,RUNX2,RXRA,SHC1,SP1,SRC,SREBF2,STAT3,STAT5a/b,TCF7L2,TFEB,TFPI,TP63,YAP/TAZ",3,Inhibited,-2.568,9.079999999999999e-17,0.0102,"A2M,ABCE1,ACADM,ACO1,ACTR3,ADAM10,ADAR,ADH5,AGO2,AKR1B1,AKT1,ALDOA,ALOX5,APEX1,APOA4,APOB,APOBEC3G,APOC3,APOE,ARHGAP1,ARPC5L,ARRB1,ASPH,ATG7,ATG9A,ATP2A2,BAG1,BAX,BCAT1,BCLAF1,BCOR,BST2,BZW2,C11orf58,C3,CAPG,CAPN2,CARS1,CASP4,CBR1,CBS/CBSL,CD151,CD46,CD70,CD74,CDKN2C,CEBPA,CEBPZ,CKAP4,CLCN7,CLGN,CNDP2,CNN3,COL1A1,COL9A2,COX5A,CPT2,CSTA,CTCF,DDX21,DEGS1,DNM1L,DPYSL2,DR1,EDF1,EED,EEF1A2,EEF1B2,EGR2,EHD1,EIF1AX,EIF4E,EIF4G1,EIF5,ENO1,ENO3,ERBIN,ERP29,EZH2,EZR,FABP4,FABP5,FBL,FBP1,FDPS,FDXR,FHL1,FKBP4,FKBP5,FLI1,FSCN1,FUS,G3BP1,GABPA,GAPDH,GCLC,GCLM,GDF15,GDI1,GLUL,GNL3,GNS,GOT1,GPX4,GSPT1,GSR,GSS,GSTM3,GSTP1,H1-10,H2BC12,HINT1,HMGB2,HNRNPA1,HNRNPA2B1,HNRNPD,HNRNPF,HNRNPH1,HSP90AA1,HSPD1,HSPH1,IDH1,IDI1,IFI35,IGF2,IGLL1/IGLL5,IL1B,IL1RAP,ILK,IPO7,IQGAP2,IRAG2,IRF8,ITGB2,ITIH2,ITPR1,JMJD6,KAT2B,KIFC1,KYNU,LAMP1,LAP3,LASP1,LCP2,LDHA,LGALS1,LIMS1,LMAN1,LMNA,LPL,LTF,LUM,MAP2K2,MAPK7,MARCKS,MAT2A,MATK,MBD2,MECP2,METAP2,METTL7A,MIF,MKI67,MKNK1,MMP2,MNDA,MPG,MRPL20,MSN,MTA2,MTHFD2,MVD,MX2,MYD88,NAE1,NAMPT,NAP1L1,NCOR2,NDRG1,NDUFB8,NEU1,NFKB1,NIBAN1,NIBAN2,NIFK,NMI,NOLC1,NOP16,NOP2,NOP56,NOTCH1,NPC1,NUCKS1,NUDCD2,NUDT1,P4HA1,PAPOLA,PARP12,PCYT1A,PDCD4,PDIA3,PDIA4,PDIA5,PDLIM1,PEA15,PELP1,PGK1,PGLS,PIP4P1,PKM,PLG,POSTN,POU2F2,PPAT,PPIA,PPIF,PPP3CB,PRDX2,PREP,PRKAR1A,PRMT1,PSAT1,PSIP1,PSMB3,PSMB5,PSME2,PTPN2,PTPRE,PXN,RABGAP1L,RAN,RASA1,RBL2,RBP4,RHOA,RHOC,RPA1,RPL10,RPL27A,RSAD2,S100A11,S100A9,SAE1,SAMD9,SAMHD1,SAR1A,SDHA,SDHB,SEC24D,SERPINB1,SERPINB8,SERPINB9,SERPINF1,SH3GLB1,SHBG,SIRT6,SLC9A3R1,SOD1,SP1,SP100,SPRY2,SRSF1,STAT3,STIP1,SUMO1,SUMO2,SUMO3,SUN2,SYK,TALDO1,TAPBP,TDO2,TFB2M,TGM2,THBS1,TLN1,TMED10,TOP1,TPI1,TPM1,TRADD,TREM2,TRIM21,TUBA1C,TUBB2A,TUFM,TYMP,UBA2,UBE2I,UBE2L6,UGDH,UQCRC2,UQCRQ,UTP18,VASP,VCL,VIM,VPS26A,VPS29,VPS35,WAS,WIPF1,WRN,XPO1,YLPM1,YWHAZ,ZNF318",307 (73),72,2hr_PROT_causal,True,
49,EGFR, ,kinase,"Akt,AKT1,AMPK,AR,ATF1,ATF6,ATM,BCL2,CCND1,CDH1,CDK2,CEBPA,CEBPB,CLTC,CTNNB1,DNA-methyltransferase,DUSP1,EGFR,EGR1,ELK1,ERBB3,ERK,ERK1/2,GSK3B,HDAC2,HDAC6,HIF1A,HNRNPA1,ITGB4,Jnk,JUN,KAT5,KDM1A,KDM5B,LIN28A,MAP2K1/2,Mapk,MAPK1,MAPK3,MAPK9,MED1,Mek,MET,MYC,NFAT5,NFkB (complex),Notch,NR3C1,NR4A1,ODC1,P38 MAPK,PARP1,PDCD4,PGR,PI3K (complex),PPARG,PPARGC1A,PRKAB1,Rac,RAC1,RALA,RARA,RHOA,ROCK,RUNX2,RXRA,SHC1,SMAD3,SP1,SRC,SREBF2,STAT3,STAT5a/b,TAB1,TAB2,TCF7L2,TFEB,TIMP1,TP63,YAP/TAZ",3,Inhibited,-2.613,9.4e-17,0.009,"A2M,ABCE1,ACADM,ACO1,ACO2,ACTR3,ADAM10,ADAR,ADH5,AGO2,AKR1B1,AKT1,ALDOA,ALOX5,APEX1,APOA4,APOB,APOBEC3G,APOC3,APOE,ARF4,ARHGAP1,ARL6IP5,ARPC5L,ARRB1,ASPH,ATG7,ATG9A,ATP2A2,ATXN10,BAG1,BAX,BCAT1,BCLAF1,BCOR,BST2,BZW2,C11orf58,CAPN2,CARS1,CASP4,CBR1,CBS/CBSL,CD151,CD70,CD74,CDK1,CDKN2C,CEBPA,CEBPZ,CKAP4,CLCN7,CLGN,COL1A2,COMP,COX5A,CPT2,CSTA,CTCF,DDX21,DEGS1,DNM1L,DPYSL2,DR1,EDF1,EED,EEF1A2,EEF1B2,EGLN1,EGR2,EHD1,EIF1AX,EIF4E,EIF4G1,EIF5,EIF5B,ENO1,ENO3,ERBIN,ERP29,EZH2,EZR,FABP4,FABP5,FBL,FBP1,FDXR,FHL1,FKBP4,FLI1,FSCN1,FUS,G3BP1,GABPA,GAPDH,GBP1,GBP2,GCLC,GCLM,GDI1,GLUL,GNS,GOT1,GPX4,GSPT1,GSTM3,GSTP1,H1-10,H2AX,H2BC12,HINT1,HMGB2,HNRNPA1,HNRNPA2B1,HNRNPD,HNRNPF,HNRNPH1,HSPB1,HSPD1,IARS2,IDH1,IDI1,IFI35,IGF2,IGFBP3,IGLL1/IGLL5,IL1RAP,ILK,IRAG2,IRF5,IRF8,ITIH2,ITPR1,JAK1,JMJD6,JUN,KAT2B,KIFC1,KYNU,LAP3,LASP1,LCP1,LCP2,LDHA,LGALS1,LIMS1,LMAN1,LMNA,LTF,LUM,MAP2K2,MAPK7,MARCKS,MATK,MBD2,MECP2,METAP2,METTL7A,MIA3,MIF,MKI67,MKNK1,MNDA,MPG,MRPL20,MTA2,MTHFD2,MX2,MYD88,NAE1,NAMPT,NAP1L1,NAT1,NCF1,NCOR2,NDUFB8,NEU1,NFKB1,NIBAN2,NIFK,NMI,NOP16,NOP2,NOP56,NOTCH1,NPC1,NQO1,NUCKS1,NUDCD2,NUDT1,NVL,P4HA1,PARP12,PCNA,PCYT1A,PDCD4,PDIA3,PDIA4,PDIA5,PDLIM1,PDLIM2,PEA15,PELP1,PFDN1,PFKP,PGK1,PGLS,PHGDH,PIP4P1,PKM,PLG,POSTN,PPIA,PPIF,PPP3CA,PPP3CB,PRDX2,PREP,PRKAR1A,PRMT1,PSAT1,PSIP1,PSMB3,PSMB5,PSME2,PTPN2,PTPRE,PXN,RABGAP1L,RAD23A,RAN,RASA1,RBP4,RHOC,RNASET2,RPL10,RPL27A,RSAD2,S100A11,S100A8,S100A9,SAE1,SAMD9,SAMHD1,SAR1A,SDHA,SDHB,SERPINB1,SERPINB8,SERPINB9,SERPINF1,SH3GLB1,SHBG,SIRT6,SLC9A3R1,SMARCA2,SOD1,SP1,SP100,SPRY2,SRSF1,STAT3,STIP1,STMN1,SUMO1,SUMO2,SUMO3,SUN2,SWAP70,SYK,TALDO1,TAPBP,TDO2,TFB2M,TGFBI,TGM2,THBS1,TK1,TLN1,TMED10,TOP2A,TPI1,TRADD,TRAF1,TRIM21,TRIP13,TUBA1C,TUFM,TXN,TYMP,UBA2,UBE2I,UBE2L6,UBR7,UGDH,UQCRC2,UQCRQ,UTP18,VASP,VCL,VIM,VPS26A,VPS35,WAS,WRN,YLPM1,YWHAZ,ZEB2,ZNF318,ZYX",310 (80),74,2hr_PROT_causal,True,True
50,NRP1,0.272,transmembrane receptor,"Akt,AKT1,CASP8,CASP9,CCND1,CCNE1,CDK2,CEBPB,CHEK1,Creb,CTNNB1,DUSP1,EGFR,EGR1,ELK1,ERBB3,ERK,ERK1/2,ERN1,EZH2,GSK3B,HDAC6,HIF1A,IQGAP1,IRF3,ITGB4,JUN,KDR,MAP2K1/2,MAPK1,MET,MTOR,MTORC1,NFkB (complex),NOS2,Notch,NR4A1,NRP1,P38 MAPK,PARP1,PDGFRA,PGR,PI3K (family),PLAU,PPARG,PRKAA,PRKAB1,RAC1,RB1,RELA,RUNX2,RXRA,SHC1,SMAD2,SMAD3,SP1,SREBF2,STAT3,STK11,YBX1",3,Inhibited,-2.7460000000000004,1.04e-16,0.0015,"ACO1,ACTB,ADAM10,ADAR,AGO2,AKT1,AKT2,ALB,ALDOA,APOB,APOBEC3G,APOC3,APOE,ARHGDIB,ARRB1,ATXN10,BCLAF1,BST2,C11orf58,C3,CA2,CAPN2,CARS1,CASP1,CASP4,CBS/CBSL,CD70,CDC42,CEBPA,CKAP4,COL1A1,COL1A2,COL3A1,COX4I1,CPT2,CSE1L,DAB2,DDX21,DNAJC10,DPYSL2,DR1,EDEM1,EED,EEF1B2,EFEMP1,EGLN1,EHD1,EIF1AX,EIF4E,EIF4G1,EIF5,ENO1,ENO3,ERBIN,ERLEC1,ERP29,EZH2,EZR,FABP5,FBP1,FDPS,FDXR,FHL1,FKBP5,FLI1,FN1,FSCN1,G3BP1,GABPA,GAPDH,GBP1,GCLC,GCLM,GDF15,GLUL,GOT1,GPX4,GSPT1,GSR,GSS,GSTM3,GSTP1,H2AX,H2BC12,HINT1,HMGB2,HNRNPA1,HNRNPA2B1,HNRNPH1,HSPB1,HSPH1,IDH1,IGF2,IGFBP3,IL1B,ITGB2,ITIH2,ITPR1,JAK1,JMJD6,JUN,KAT2B,KIFC1,KRT10,KYNU,LAP3,LASP1,LDHA,LIMS1,LUM,MAP2K2,MARCKS,MAT2A,MATK,MBD2,MECP2,MIF,MKI67,MKNK1,MMP2,MTA2,MTHFD2,MX2,MYD88,NAE1,NAMPT,NAT1,NCAM1,NCOR2,NDRG1,NDUFB8,NFKB1,NIBAN1,NIBAN2,NMI,NOP2,NOTCH1,NPC1,NQO1,NUCKS1,NUDCD2,NVL,PARP12,PCYT1A,PDLIM1,PEA15,PELP1,PFDN1,PFKP,PGK1,PHGDH,PKM,PLG,POSTN,PPIA,PPIF,PPP3CA,PREX1,PRKAR1A,PRMT1,PSIP1,PSMB3,PSMB5,PSME2,PTPN2,PTPRE,PXN,RAD23A,RASA1,RBL2,RBP4,RPL10,RPL27A,S100A11,SAMHD1,SAR1A,SDHB,SERPINB8,SH3GLB1,SHBG,SIRT6,SLC9A3R1,SMAP2,SP1,SP100,SRSF1,STAT1,STK4,SUN2,SYK,TALDO1,TAPBP,TDO2,TGFBI,TGM2,THBD,THBS1,TK1,TLN1,TMED10,TMSB10/TMSB4X,TOP1,TPI1,TPM1,TRADD,TUBA1C,TUBB,TUFM,TYMP,UBE2I,UBE2L6,UGDH,UQCRC2,UTP18,VASP,VCL,VIM,WAS,XPC,YLPM1,ZEB2,ZNF318,ZYX",223 (60),59,2hr_PROT_causal,True,
51,DAB2IP, ,other,"Akt,AR,BCL2,c-Src,CASP9,CCND1,CCNE1,CDK2,CEBPB,Creb,CTNNB1,DAB2IP,DUSP1,EGFR,ERBB2,ERK,FOXO1,FOXO3,GSK3B,IGF1R,IRF3,Jnk,MAP3K5,Mek,MMP14,MTOR,MYC,NOS2,Notch,NR4A1,P38 MAPK,PDGFRA,PHB2,PPARG,RB1,RELA,RPS6KA1,RPS6KB1,RUNX2,SHC1,SMAD3,SREBF2,STAT3,STAT6,TCF7L2,TP53,YAP1,YBX1",3,Activated,2.2359999999999998,1.35e-16,0.0012,"ABCE1,ACO1,ACSL3,ACTB,ACTR3,AGO2,AK1,AKT2,ALB,APOB,APOBEC3G,APOC3,ARHGDIB,ARPC1B,ASPH,ATG7,ATP2A2,B3GALT6,BAG1,BCAT1,BCLAF1,BCOR,BID,BPNT2,BUB1B,BZW2,C11orf58,CASP1,CAST,CD151,CD46,CD70,CDC37,CEBPZ,CHD3,CHD7,CKAP4,CLGN,COL1A1,COL3A1,COL6A3,COX4I1,COX5A,DAB2,DDX21,DEGS1,DNM1,DNM1L,DTYMK,EEF1B2,EFEMP1,EGLN1,EHD1,EIF2B1,EIF4E,EIF4G1,EIF5,ENO1,ENO3,ERBIN,EZH2,FABP4,FAM3C,FBL,FBP1,FBXO22,FDPS,FDXR,FKBP3,FKBP4,FKBP5,FLI1,FN1,FSCN1,FUBP1,G3BP1,GART,GDI1,GLO1,GSK3A,GSK3B,GSR,GSS,GSTP1,HGSNAT,HMGB1,HMGB2,HNRNPA1,HNRNPA2B1,HNRNPH1,HSP90AA1,HSPA1A/HSPA1B,HSPA8,HSPD1,HSPH1,HTT,HYOU1,IDH1,IGFBP2,IL1RN,IPO7,IQGAP2,IREB2,IRF5,ISCU,ITGB2,ITIH2,KAT2B,KIFC1,KRT10,LAMB1,LAMP1,LASP1,LBR,LDHA,LGALS3,LIG3,LMAN1,LUM,MAD1L1,MAPK1,MARCKS,ME1,ME2,MIF,MST1,MTA2,MX2,MYD88,NAP1L1,NCAM1,NCOR2,NDRG1,NDUFB8,NIBAN2,NME1,NNT,NOP2,NOP56,NOTCH1,NPC1,NUP153,P2RX4,P4HA1,PAICS,PCYT1A,PDCD4,PDHX,PDIA5,PEA15,PFKP,PGK1,PHGDH,POLDIP2,POLR2A,POSTN,PPAT,PPIA,PPM1A,PPP1CA,PPP2CA,PPP3CA,PPP4C,PPP4R2,PREP,PRKAR1A,PRMT1,PRPS1,PSIP1,PSMB3,PSMB5,PTPN11,PTPN2,PTPN6,RAD23A,RALY,RBL2,RBP4,RHOA,RPA1,RPL10,RPL27A,S100A11,S100A8,SAE1,SDHB,SEL1L,SH3GLB1,SHBG,SIRT6,SLC9A3R1,SMAP2,SOD1,SON,SP100,SPC25,SREBF2,SRSF1,STAT1,STAT3,STK4,STMN1,STOM,STT3B,SUMO1,SUMO2,SUMO3,SUN1,TAGLN2,TALDO1,TFB2M,THBD,THBS1,TIMP2,TLN1,TMED10,TMED9,TMX3,TOP1,TOP2A,TOP2B,TPI1,TPX2,TRADD,TRAF1,TREM2,TUBA1C,TUBB,TUFM,TXN,TYMP,UBA2,UBE2I,UGP2,UQCRC2,UQCRQ,VIM,WAS,WIPF1,WRN,XPC,XPO1,YLPM1,YWHAH,ZYX",245 (48),45,2hr_PROT_causal,True,
57,HPSE, ,enzyme,"Akt,AKT1,CASP8,CASP9,CCND1,CCNE1,CDK2,CEBPA,CEBPB,CHEK1,Creb,CTNNB1,DUSP1,EGFR,EGR1,ELK1,ERBB3,ERK,ERK1/2,EZH2,FOXO1,GSK3B,HDAC6,HIF1A,HPSE,IRF3,ITGB4,JUN,MAP2K1/2,Mapk,MAPK1,MED1,MET,MMP2,MTOR,NFkB (complex),NOS2,Notch,NR4A1,P38 MAPK,PARP1,PDGFRA,PGR,PPARG,RAC1,RB1,RELA,RHOA,RUNX2,RXRA,SHC1,SMAD3,SP1,SREBF2,STAT3,YBX1",3,Inhibited,-3.3710000000000004,3.23e-16,0.0026,"A2M,ACO1,ACTB,ADAM10,ADAR,AGO2,AKR1B1,AKT1,AKT2,ALDOA,APOB,APOBEC3G,APOC3,APOE,ARHGDIB,ARRB1,ATXN10,BCLAF1,BST2,C11orf58,C3,CAPN2,CARS1,CASP1,CASP4,CBS/CBSL,CD70,CDK1,CDKN2C,CEBPA,CKAP4,COL1A1,COX4I1,CPT2,CSE1L,DAB2,DDX21,DPYSL2,DR1,DTYMK,EDF1,EED,EEF1A2,EEF1B2,EFEMP1,EGLN1,EIF1AX,EIF4E,EIF4G1,EIF5,ENO1,ENO3,ERBIN,ERP29,EZH2,EZR,FABP5,FBP1,FDPS,FDXR,FHL1,FKBP5,FLI1,FN1,FSCN1,G3BP1,GAPDH,GBP1,GCLC,GCLM,GDF15,GLUL,GOT1,GPX4,GSPT1,GSR,GSS,GSTM3,GSTP1,H1-10,H2AX,H2BC12,HINT1,HMGB2,HNRNPA1,HNRNPA2B1,HNRNPH1,HSPB1,HSPH1,HYOU1,IDH1,IGF2,IGFBP3,IGLL1/IGLL5,IL1B,IL1RN,IRF8,ITGB2,ITIH2,ITPR1,JAK1,JMJD6,JUN,KAT2B,KIFC1,KRT10,KYNU,LAP3,LASP1,LBR,LDHA,LIMS1,LTF,LUM,MAD1L1,MAP2K2,MARCKS,MAT2A,MATK,MBD2,MECP2,MIF,MKI67,MKNK1,MMP2,MTA2,MTHFD2,MX2,MYD88,NAE1,NAMPT,NAT1,NCAM1,NCOR2,NDRG1,NDUFB8,NFKB1,NIBAN1,NIBAN2,NMI,NOP2,NOTCH1,NPC1,NQO1,NUCKS1,NUDCD2,NVL,PARP12,PCYT1A,PDLIM1,PEA15,PELP1,PFDN1,PFKP,PGK1,PHGDH,PKM,PLG,POSTN,PPIA,PPIF,PPP2R1A,PPP3CA,PPP3CB,PRKAR1A,PRMT1,PSIP1,PSMB3,PSMB5,PSMB9,PSME2,PTPN2,PTPRE,PXN,RABGAP1L,RAD23A,RASA1,RBL2,RBP4,RHOC,RPL10,RPL27A,S100A11,S100A9,SAMHD1,SAR1A,SDHB,SERPINB1,SERPINB8,SERPINF1,SH3GLB1,SHBG,SIRT6,SLC9A3R1,SMAP2,SP1,SP100,SPC25,SRSF1,STAT1,STK4,STMN1,SUN2,SYK,TALDO1,TAP1,TAPBP,TDO2,TGFBI,TGM2,THBS1,TK1,TLN1,TMED10,TMSB10/TMSB4X,TOP1,TOP2A,TPI1,TPM1,TRADD,TUBA1C,TUBB,TUBB2A,TUFM,TYMP,UBE2I,UBE2L6,UGDH,UQCRC2,UTP18,VASP,VCL,VIM,WAS,YLPM1,ZEB2,ZNF318,ZYX",238 (56),55,2hr_PROT_causal,True,
61,POSTN,1.761,other,"Akt,AKT1,CASP8,CASP9,CCND1,CCNE1,CDK2,CEBPB,Creb,CTNNB1,DUSP1,EGFR,EGR1,ELK1,ERBB3,ERK,ERK1/2,EZH2,FOXO1,GSK3B,HDAC6,HIF1A,IGF1R,IRF3,IRF4,ITGB4,JUN,LCK,MAP2K1/2,Mapk,MAPK1,MET,MTOR,NFkB (complex),NOS2,Notch,NR4A1,P38 MAPK,PARP1,PDGFRA,PGR,PI3K (family),PI3K p85,POSTN,PPARG,PTEN,PTK2,RAC1,RB1,RELA,RUNX2,RXRA,SHC1,SMAD3,SP1,SREBF2,STAT3,YAP1,YBX1",3,Inhibited,-3.193,6.13e-16,0.0049,"ACO1,ACTB,ADAM10,ADAR,AGO2,AKT1,AKT2,ALB,ALDOA,APOB,APOBEC3G,APOC3,APOE,ARF4,ARHGDIB,ARRB1,ATXN10,BCLAF1,BST2,C11orf58,CA2,CAPN2,CARS1,CASP1,CASP4,CASP8,CBS/CBSL,CD70,CDC42,CDK1,CDKN2C,CEBPA,CKAP4,COL1A1,COL3A1,COX4I1,CPT2,CSE1L,DAB2,DDX21,DPYSL2,DR1,DTYMK,EED,EEF1B2,EFEMP1,EGLN1,EIF1AX,EIF4E,EIF4G1,EIF5,ENO1,ENO3,ERBIN,ERP29,EZH2,EZR,FABP5,FBP1,FDPS,FDXR,FHL1,FKBP5,FLI1,FSCN1,G3BP1,GAPDH,GBP1,GCLC,GCLM,GDF15,GLUL,GOT1,GPX4,GSPT1,GSR,GSS,GSTM3,GSTP1,H2AX,H2BC12,HINT1,HMGB2,HNRNPA1,HNRNPA2B1,HNRNPH1,HSPB1,HSPH1,HYOU1,IDH1,IGF2,IGFBP2,IGFBP3,IL1B,INPP5D,ITGB2,ITIH2,ITPR1,JAK1,JMJD6,JUN,KAT2B,KIFC1,KRT10,KYNU,LAP3,LASP1,LDHA,LIMS1,LUM,MANF,MAP2K2,MARCKS,MAT2A,MATK,MBD2,MECP2,MIF,MKI67,MKNK1,MMP2,MTA2,MTHFD2,MX2,MYD88,NAE1,NAMPT,NAT1,NCAM1,NCOR2,NDRG1,NDUFB8,NFKB1,NIBAN1,NIBAN2,NMI,NOP2,NOTCH1,NPC1,NUCKS1,NUDCD2,NVL,PARP12,PCNA,PCYT1A,PDLIM1,PEA15,PELP1,PFDN1,PFKP,PGK1,PHGDH,PKM,PLCG2,PLG,PPIA,PPIF,PPM1F,PPP3CA,PRKAR1A,PRMT1,PSIP1,PSMB3,PSMB5,PSME2,PTPN2,PTPRE,RAD23A,RASA1,RBL2,RBP4,RHOA,RPL10,RPL27A,S100A11,SAMHD1,SAR1A,SDHB,SERPINB8,SH3GLB1,SHBG,SIRT6,SLC9A3R1,SMAP2,SP1,SP100,SPC25,SRSF1,STAT1,STK4,STMN1,SUN2,SYK,TALDO1,TAPBP,TDO2,TGFBI,TGM2,THBD,THBS1,TLN1,TMED10,TMSB10/TMSB4X,TOP1,TOP2A,TPI1,TPM1,TRADD,TUBA1C,TUBB,TUFM,TYMP,UBE2I,UBE2L6,UGDH,UGP2,UQCRC2,UTP18,VASP,VCL,VIM,WAS,YLPM1,ZEB2,ZNF318,ZYX",226 (59),57,2hr_PROT_causal,True,
63,Gpcr, ,group,"Akt,AKT1,Ap1,AR,CASP9,CEBPA,CHEK1,Creb,CTNNB1,DUSP1,EGFR,EGR1,ELK1,ERBB3,ERK,ERK1/2,ERN1,FYN,Gpcr,GSK3B,HDAC6,HIF1A,ITGB4,JUN,LCK,MAP2K1/2,Mapk,MAPK1,MAPK3,MED1,MET,MMP2,MTOR,NFkB (complex),P38 MAPK,PARP1,PGR,PRKD1,RAC1,RELA,RHOA,RPS6KB1,SHC1,SMAD3,SP1,STAT3,TAB1,TERT",3,Inhibited,-3.3560000000000003,7.52e-16,0.001,"A2M,ACO1,ACTR3,ADAM10,ADAR,AGO2,AKR1B1,AKT1,ALB,ALDOA,APOBEC3G,APOC3,APOE,ARHGDIB,ARRB1,ATXN10,BAX,BST2,BUB1B,C3,CA2,CAPN2,CARS1,CASP1,CASP4,CAST,CBS/CBSL,CD70,CDK1,CDKN2C,CEBPA,CKAP4,CLGN,COL1A2,COL3A1,CPT2,DDX21,DEGS1,DNAJC10,DNM1L,DPYSL2,DR1,DTYMK,EDEM1,EDF1,EED,EEF1A2,EGLN1,EGR2,EIF1AX,EIF4E,EIF4G1,ERLEC1,ERP29,EZH2,EZR,FABP4,FABP5,FDXR,FEN1,FHL1,FKBP4,FKBP5,FLI1,FN1,FSCN1,GAPDH,GBP1,GBP2,GCLC,GCLM,GDI1,GLUL,GOT1,GPX4,GSPT1,GSTM3,GSTP1,H1-10,H2AX,H2BC12,HINT1,HMGB2,HNRNPA1,HNRNPA2B1,HNRNPH1,HSPB1,HSPH1,IFI35,IGF2,IGFBP3,IGLL1/IGLL5,IL1B,IL1RN,IRF5,IRF8,ITPR1,JAK1,JMJD6,JUN,KAT2B,KIFC1,KYNU,LAP3,LBR,LDHA,LIMS1,LMAN1,LTF,LUM,MAD1L1,MAP2K2,MAT2A,MATK,MBD2,MECP2,MIF,MKI67,MKNK1,MMP2,MTA2,MTHFD2,MX2,MYD88,NAE1,NAMPT,NAP1L1,NAT1,NCAM1,NDUFB8,NFKB1,NMI,NOTCH1,NPC1,NQO1,NUCKS1,NUDCD2,NVL,P4HA1,PARP12,PDIA5,PDLIM1,PEA15,PELP1,PFDN1,PFKP,PGK1,PHGDH,PKM,PLCG2,POSTN,PPIA,PPIF,PPP2R1A,PPP3CA,PPP3CB,PRKAR1A,PSIP1,PSMB3,PSMB5,PSMB9,PSME2,PTPN2,PTPRE,PXN,RABGAP1L,RAD23A,RASA1,RHOC,RSAD2,S100A4,S100A8,S100A9,SAMHD1,SAR1A,SDHB,SERPINB1,SERPINB8,SERPINF1,SH3GLB1,SIRT6,SLC9A3R1,SMAP2,SOD1,SP1,SP100,SPRY2,SREBF2,SRSF1,STAT3,STK4,STMN1,SUN2,SYK,TAP1,TAPBP,TDO2,TFAM,TGFBI,TGM2,TIMP2,TK1,TMED10,TMSB10/TMSB4X,TOP2A,TPX2,TRADD,TRIM21,TUBB2A,TXN,UBE2I,UBE2L6,UGDH,UQCRC2,UTP18,VASP,VCL,VIM,WAS,ZEB2,ZNF318,ZYX",222 (48),45,2hr_PROT_causal,True,
64,STUB1, ,enzyme,"AHR,Akt,AKT1,AR,CASP8,CDK1,CHEK1,EIF4E,ERBB2,ERBB3,ERK1/2,FOXO3,GLI1,GSK3B,Hsp27,IGF1R,MAP2K1,MAPK1,MAPK9,MYC,NCOA3,NOS2,NOTCH1,P38 MAPK,PARP1,PINK1,PRKAA,PRKAA1,RAC1,RELA,RHOA,SMAD3,SREBF2,STAT1,STAT5a/b,STUB1,TP53,TP73",3,Activated,3.239,7.64e-16,0.0048,"ACO1,ACSL3,ACTB,ACTR3,ADAR,ADGRE2,ADK,AK1,AKT1,APOC3,ARHGDIB,ARPC1B,ARPC5,ARRB1,ATG16L1,ATG7,ATXN10,B3GALT6,BAG1,BAX,BCAT1,BCOR,BID,BPNT2,BST2,BUB1B,BZW2,C1QTNF3,C4A/C4B,CASP1,CASP4,CASP8,CAST,CD14,CD151,CD46,CD70,CDC37,CDC42,CDK1,CDK6,CDKN2C,CEBPA,CHD3,CHD7,CKAP4,CLGN,CNTRL,COL1A2,COL3A1,COL6A3,COX4I1,COX5A,CSE1L,CTPS1,DEGS1,DNM1,DNM1L,DR1,ECM1,EFHD2,EGLN1,EHD1,EIF2B1,EIF4E,EIF4G1,ELOB,ELOC,ENDOD1,ERP29,EZH2,EZR,FABP4,FAM3C,FBL,FBXO22,FDPS,FDXR,FHL1,FKBP3,FKBP4,FKBP5,FN1,FSCN1,FUBP1,G6PD,GALNT2,GAPDH,GBP1,GBP2,GBP4,GCLC,GCLM,GDF15,GDI1,GLO1,GNL3,GPA33,GSK3A,GSK3B,GSPT1,GSR,H1-0,H2AX,HGSNAT,HMGB1,HNRNPH1,HSP90AA1,HSPA1A/HSPA1B,HSPA8,HSPB1,HSPD1,HSPH1,HTT,HYOU1,IDH1,IDH2,IDI1,IFI35,IGFBP2,IGFBP3,IL1B,IL1RN,IQGAP2,IQGAP3,IRAG2,IREB2,ISCU,ITPR1,JUN,KDSR,LAMB1,LAMP1,LAP3,LBR,LCP2,LEMD3,LGALS3,LIG3,LMAN1,LPL,MAD1L1,MAP2K2,MAPK1,MAT2A,ME1,ME2,MECP2,METAP2,MIF,MKNK1,MSI2,MST1,MTHFD2,MX2,MYD88,NAP1L1,NAT1,NDRG1,NFKB1,NIFK,NME1,NMI,NOLC1,NOP56,NOTCH1,NPEPL1,NRGN,NUP153,NVL,OGFRL1,P2RX4,P4HA1,PAICS,PARP12,PCNA,PDCD4,PDHX,PDIA3,PDIA5,PEA15,PFDN1,PFKP,PGK1,PHGDH,PIK3CD,PIN1,POLDIP2,POLR2A,PPAT,PPIF,PPM1A,PPP1CA,PPP2CA,PPP3CA,PPP4C,PPP4R2,PREP,PRKACB,PRPS1,PSME2,PTPN11,PTPN2,PTPN6,QSOX1,RAD23A,RALY,RBL2,RHOA,RHOC,RPA1,RPL27A,RPS6KA1,RPS6KA3,RSAD2,S100A11,S100A4,S100A6,S100A8,S100A9,SAE1,SEL1L,SFXN3,SH3GLB1,SIRT6,SMAP2,SOD1,SON,SP1,SP100,SRM,SRSF1,STAT1,STAT3,STIP1,STK4,STMN1,STOM,STT3B,SUMO1,SUMO2,SUMO3,SUN1,TAGLN2,TAP1,THBD,THBS1,TIMP2,TK1,TKT,TMED10,TMED9,TMSB10/TMSB4X,TMX3,TOP1,TOP2B,TPM1,TPX2,TRADD,TRAF1,TTC13,TUBB,TUFM,UBA2,UBE2I,UBE2L6,UGP2,UQCRQ,UTP18,VMP1,WARS1,WIPF1,WRN,XPC,YWHAH,ZDHHC3,ZNF318,ZYX",278 (38),37,2hr_PROT_causal,True,
66,PYCARD,-0.021,transcription regulator,"Akt,AKT1,CASP1,CCND1,CDK1,CDK2,CEBPA,EGFR,ELK1,ERK,estrogen receptor,FOXO3,GLI1,GSK3B,HIF1A,IGF1R,IKBKB,Jnk,MAP2K1,Mapk,MAPK9,Mek,NFkB (complex),NOTCH1,P38 MAPK,PRKAA,PRKAA1,PRKCE,PYCARD,RAC1,RELA,RXRA,STAT5a/b,TP53,TP73",3,Inhibited,-3.1210000000000004,1.0599999999999999e-15,0.0057,"A2M,ABCE1,ACO1,ACSL3,ACTB,ADAM10,ADGRE2,ADK,AGO2,AK1,AKR1B1,AKT1,AKT2,ALB,ALDOA,ALOX5,APOC3,APOE,ARHGDIB,ARPC1B,ARPC5,ATG7,BAX,BCLAF1,BID,BUB1B,C11orf58,C1QTNF3,C3,CA2,CAPG,CARS1,CASP1,CASP4,CASP8,CD46,CD70,CDC42,CDK1,CDK6,CDKN2C,CEBPZ,CHD3,CNTRL,COL3A1,COL9A2,COX4I1,CTCF,CTPS1,DDX21,DEGS1,DNM1,DR1,ECM1,EED,EEF1A2,EEF1B2,EFHD2,EGLN1,EGR2,EIF2B1,EIF4G1,EIF5,ELOB,ELOC,ENDOD1,ENO1,ERBIN,EZH2,FABP4,FABP5,FAM3C,FBXO22,FDXR,FEN1,FHL1,FKBP3,FN1,FSCN1,FUBP1,G3BP1,G6PD,GALNT2,GART,GBP1,GCLC,GCLM,GDF15,GNL3,GPA33,GSK3A,GSK3B,GSPT1,GSR,H1-0,H1-10,H2AX,H2BC12,HMGB1,HNRNPA1,HNRNPA2B1,HNRNPH1,HSP90AA1,HSPA1A/HSPA1B,HSPA8,HTT,HYOU1,IDH2,IDI1,IGFBP2,IGFBP3,IL1B,IL1RN,IPO7,IQGAP2,IQGAP3,IRAG2,IREB2,IRF5,ISCU,ITGB2,ITIH2,JMJD6,KYNU,LASP1,LBR,LCP2,LDHA,LEMD3,LGALS1,LGALS3,LIMS1,LPL,LTF,MAD1L1,MAP2K2,MAPK1,MARCKS,MAT2A,MBD2,ME1,ME2,METAP2,METTL7A,MIF,MSI2,MSN,MST1,MTA2,MTHFD2,NAE1,NAMPT,NCOR2,NDRG1,NDUFB8,NFKB1,NIBAN2,NIFK,NME1,NOLC1,NOP2,NOTCH1,NPEPL1,NQO1,NRGN,NUCKS1,NUDCD2,NUP153,OGFRL1,P2RX4,PCNA,PCYT1A,PDCD4,PDHX,PDIA3,PEA15,PELP1,PFKP,PHGDH,PIN1,PKM,PLG,POSTN,PPAT,PPIA,PPIF,PPM1A,PPP1CA,PPP2CA,PPP3CA,PPP4C,PPP4R2,PRKACB,PRKAR1A,PSMB3,PSMB5,PSMB9,PTPN11,PTPN2,PTPN6,PTPRE,PXN,QSOX1,RAD23A,RALY,RHOA,RPL10,RPS6KA1,RPS6KA3,S100A11,S100A4,S100A6,S100A9,SAR1A,SDHB,SEL1L,SERPINB1,SERPINF1,SFXN3,SH3GLB1,SIRT6,SMAP2,SOD1,SON,SP1,SPRY2,SRM,SRSF1,STIP1,STK4,STMN1,STOM,SUN2,TAGLN2,TALDO1,TAP1,TDO2,TFAM,TFB2M,TGM2,THBD,THBS1,TIMP2,TMED10,TMSB10/TMSB4X,TOP2A,TOP2B,TPI1,TPX2,TRADD,TRAF1,TREM2,TTC13,TUBA1C,TUBB,TUBB2A,TYMP,UBE2I,UGP2,UQCRC2,VCL,VMP1,XPC,XPO1,YLPM1,YWHAH,ZDHHC3",267 (35),34,2hr_PROT_causal,True,
68,HBEGF, ,growth factor,"AKT1,ATF1,ATF6,ATM,CASP9,CCND1,CCNE1,CDK2,CEBPA,CEBPB,CHEK2,CREB1,CTNNB1,DUSP1,EGFR,EGR1,ELK1,ERBB2,ERBB3,ERBB4,ERK,ERK1/2,ESR1,GSK3B,HBEGF,HDAC6,HIF1A,HNRNPA1,Hsp27,ITGB4,Jnk,JUN,KAT5,MAP2K1,MAP2K1/2,Mapk,MAPK1,MED1,MET,MMP2,MTOR,NCOA3,NFkB (complex),Notch,NR3C1,P38 MAPK,PARP1,PDCD4,PGR,PI3K (family),PPARG,PPARGC1A,RAC1,RELA,RHOA,RICTOR,RUNX2,RXRA,SHC1,SMAD3,SP1,STAT3,TP63,YBX1",3,Inhibited,-4.397,1.3800000000000001e-15,0.0285,"A2M,ACADM,ACO1,ADAM10,ADAR,ADH5,AGO2,AKR1B1,AKT1,AKT2,ALDOA,ALOX5,APEX1,APOB,APOBEC3G,APOC3,APOE,ARF4,ARHGAP1,ARHGDIB,ARPC5L,ARRB1,ASS1,ATG7,ATG9A,ATP2A2,ATXN10,B3GALT6,BCAS3,BCLAF1,BPNT2,BST2,C11orf58,C3,CA2,CAPN2,CARS1,CASP1,CAST,CBR1,CBS/CBSL,CD46,CD70,CDC37,CDC42,CDKN2C,CEBPA,CHD7,CKAP4,COL1A1,COL6A3,CP,CPT2,CSTA,DDX21,DPYSL2,DR1,EDF1,EED,EEF1A2,EEF1B2,EFEMP1,EGLN1,EGR2,EIF1AX,EIF4E,EIF4G1,EIF5,ERBIN,ERP29,EZR,FABP4,FABP5,FDPS,FDXR,FHL1,FKBP5,FLI1,FSCN1,FUBP1,G3BP1,GABPA,GAPDH,GART,GBP1,GCLC,GCLM,GDF15,GLO1,GLUL,GOT1,GPX4,GSK3B,GSPT1,GSTM3,GSTP1,H1-10,H2BC12,HGSNAT,HINT1,HMGB2,HNRNPA1,HNRNPA2B1,HNRNPD,HNRNPH1,HSPB1,HSPH1,IGF2,IGFBP2,IGFBP3,IGLL1/IGLL5,IL1B,IL1RAP,IL1RN,ILK,IRF5,IRF8,ITGB2,ITIH2,ITPR1,JAK1,JMJD6,JUN,KAT2B,KIFC1,KYNU,LAMB1,LAMP1,LAP3,LASP1,LBR,LDHA,LEMD3,LGALS1,LGALS3,LIG3,LIMS1,LTF,LUM,MAD1L1,MAP2K2,MAPK7,MARCKS,MAT2A,MATK,MBD2,MECP2,METTL7A,MIF,MKI67,MKNK1,MMP2,MNDA,MPG,MRPL20,MTA2,MTHFD2,MX2,MYD88,NAE1,NAMPT,NAT1,NCAM1,NCOR2,NDRG1,NDUFB8,NFKB1,NIBAN2,NMI,NOP2,NPC1,NQO1,NUCKS1,NUDCD2,NVL,PAICS,PARP12,PCNA,PCYT1A,PDCD4,PDIA4,PDLIM1,PELP1,PFDN1,PFKP,PGK1,PGLS,PHGDH,PIK3CD,PKM,POLDIP2,POLR2A,POSTN,PPAT,PPIA,PPIF,PPP2R1A,PPP3CA,PPP3CB,PRDX2,PREX1,PRKAR1A,PRMT1,PRPS1,PSIP1,PSMB3,PSMB5,PSMB9,PSME2,PTPN2,PTPRE,PXN,RABGAP1L,RAD23A,RAN,RASA1,RBP4,RHOC,RPA1,RPL10,RPL27A,RSAD2,S100A11,S100A9,SAMD9,SAR1A,SDHA,SDHB,SERPINB1,SERPINB8,SERPINB9,SERPINF1,SH3GLB1,SHBG,SIRT6,SLC9A3R1,SMAP2,SOD1,SP100,SPRY2,SRSF1,STAT1,STAT3,STK4,STMN1,STOM,STT3B,SUN1,SUN2,SYK,TACC1,TALDO1,TAP1,TAPBP,TDO2,TFAM,TGFBI,TGM2,THBS1,TK1,TKT,TLN1,TMED9,TMSB10/TMSB4X,TMX3,TOP1,TOP2A,TPI1,TPM1,TRADD,TREM2,TUBA1C,TUBB,TUBB2A,TUFM,TXN,TYMP,UBE2I,UBE2L6,UGDH,UQCRC2,UTP18,VASP,VCL,VIM,WAS,YLPM1,YWHAZ,ZEB2,ZNF318,ZYX",291 (64),63,2hr_PROT_causal,True,
69,AMBRA1, ,other,"Akt,AMBRA1,CASP2,CCND1,CDK2,CHEK1,CHEK2,E2f,E2F3,ERK,ERK1/2,estrogen receptor,FANCD2,FLNA,MYC,P38 MAPK,PLK1,RB1,RELA,SMAD4,TP53",3,Activated,2.7510000000000003,1.53e-15,0.0005,"ACO1,ACSL3,AGO2,AK1,AKT1,AKT2,APOBEC3G,APOC3,ARHGDIB,ARPC1A,ARPC1B,ARRB1,BAG1,BAX,BCAT1,BCLAF1,BCOR,BID,BUB1B,BZW2,C11orf58,CAPG,CASP1,CASP4,CASP8,CD151,CD46,CD70,CDK6,CEBPA,CHD3,COL1A1,COL9A2,COX5A,CTCF,CTNND1,DNM1,ECM1,EEF1B2,EGLN1,EGR2,EIF2B1,EIF4E,EIF4G1,EIF5,ENO1,ERBIN,EZH2,EZR,FABP4,FAM3C,FBL,FBXO22,FEN1,FKBP3,FKBP5,FN1,FUBP1,G3BP1,GART,GNL3,GSK3A,GSK3B,GSR,GSS,H1-2,H2AX,H2BC11,HMGB1,HMGB2,HNRNPH1,HSP90AA1,HSPA8,HSPD1,HSPH1,HTT,IFI35,IGF2,IGFBP3,IL1RN,INPP5D,IPO7,IQGAP2,IREB2,ISCU,ITGB2,ITIH2,KRT10,LASP1,LBR,LDHA,LEMD3,LGALS3,LPL,MAD1L1,MAPK1,MARCKS,MAT2A,ME1,ME2,MIF,MKNK1,MSN,MST1,MX2,MYD88,NAMPT,NCAM1,NCOR2,NDUFB8,NIBAN2,NME1,NOLC1,NOP2,NOP56,NOTCH1,NUCKS1,NUP153,P2RX4,PCNA,PCYT1A,PDCD4,PDHX,PEA15,PFKP,PHGDH,PIN1,PKM,POSTN,PPM1A,PPP1CA,PPP2CA,PPP3CA,PPP4C,PPP4R2,PREP,PSMB9,PTPN11,PTPN6,PTPRE,PXN,RAD23A,RALY,RBL2,RHOA,RPL10,RPL27A,RSAD2,S100A4,S100A8,SAE1,SDHA,SDHB,SEL1L,SMAP2,SOD1,SON,SP1,SP100,SRSF1,STAT1,STAT3,STK4,STMN1,STOM,SUMO1,SUMO2,SUMO3,TAGLN2,TALDO1,TAPBP,TFAM,THBD,THBS1,TIMP2,TM9SF2,TMED10,TMPO,TMSB10/TMSB4X,TOP2A,TOP2B,TPI1,TPX2,TRADD,TRAF1,TUBA1C,TUBB,TUFM,TYMP,UBA2,UBE2I,UQCRC2,UQCRQ,VIM,VKORC1L1,WRN,XPC,XPO1,YLPM1,YWHAH,ZEB2",201 (21),21,2hr_PROT_causal,True,
70,GZMB, ,peptidase,"AKT1,ATF2,ATF6,ATM,BCL2,CASP7,CASP8,CDK1,CDK2,CHEK1,CHEK2,Creb,DNA-PK,E2f,EGFR,ELF4,ERK1/2,FANCD2,FOXO3,GLI1,Gsk3,GSK3B,GZMB,IGF1R,IKBKB,Jnk,MAP2K1,MAPK1,MAPK14,MAPK9,MDM4,Mek,NOTCH1,P38 MAPK,PRKAA,PRKAA1,PRKCE,RAC1,RELA,SGK1,SMC3,TGFB1,TP53,TP73,TRIM28,ZEB1",3,Inhibited,-3.569,2.1399999999999997e-15,0.0062,"ABCE1,ACO1,ACSL3,ACTB,ADAR,ADGRE2,ADH5,ADK,AFP,AGO2,AK1,AKT1,ALB,APOBEC3G,ARHGDIB,ARPC1B,ARPC5,ARRB1,ASNS,ATG7,ATP2A2,BAX,BID,BST2,BUB1B,C1QTNF3,CA2,CASP1,CASP4,CASP8,CBX1,CD70,CDC42,CDK1,CDK6,CEBPA,CEBPZ,CHD3,CNTRL,COL1A2,COL6A3,COX4I1,CSE1L,CTPS1,DAB2,DDX21,DEGS1,DNM1,ECM1,EFEMP1,EFHD2,EHD1,EIF2B1,ELOB,ELOC,ENDOD1,ERP29,EZR,FABP4,FAM3C,FBXO22,FDPS,FDXR,FEN1,FHL1,FKBP3,FN1,FSCN1,FUBP1,G6PD,GALNT2,GAPDH,GART,GBP1,GCLC,GCLM,GDF15,GNL3,GPA33,GSK3A,GSK3B,GSPT1,GSR,GSS,H1-0,H2AX,HLA-DRB1,HMGB1,HNRNPA1,HNRNPA2B1,HNRNPH1,HSPA1A/HSPA1B,HSPA8,HSPB1,HTT,HYOU1,IDH2,IFI35,IGFBP2,IGFBP3,IL1B,IL1RN,ILK,IPO7,IQGAP2,IQGAP3,IREB2,ISCU,ITGB2,LAP3,LASP1,LBR,LDHA,LEMD3,LGALS1,LGALS3,LPL,MAD1L1,MANF,MAP2K2,MAPK1,MAPK3,MAPKAPK2,MAT2A,ME1,ME2,MECP2,METAP2,METTL7A,MIF,MKNK1,MMP2,MSI2,MST1,MT1G,MTA2,MX2,NCOR2,NDRG1,NDUFB8,NIBAN1,NME1,NMI,NOLC1,NOTCH1,NPEPL1,NRGN,NUP153,OGFRL1,P2RX4,P4HB,PARP12,PCNA,PDCD4,PDHX,PDIA3,PDIA4,PFDN1,PFKP,PHGDH,PIK3CD,PIN1,PKM,PLG,POSTN,PPAT,PPIA,PPIF,PPM1A,PPP1CA,PPP2CA,PPP3CA,PPP4C,PPP4R2,PRDX2,PRKACB,PRKAR1A,PSMB3,PSMB5,PSME2,PTPN11,PTPN2,PTPN6,PTPRE,QSOX1,RAD23A,RALY,RAN,RHOA,RPL27A,RPS6KA1,RPS6KA3,S100A11,S100A4,S100A6,S100A9,SAMHD1,SDHA,SDHB,SEL1L,SFXN3,SH3GLB1,SIRT6,SMAP2,SOD1,SON,SP1,SP100,SPRY2,SREBF2,SRM,SRSF1,SSBP1,STK4,STMN1,STOM,SUN2,TAF7,TAGLN2,TAP1,TAPBP,TF,TFAM,TFB2M,TGFBI,TGM2,THBD,THBS1,TIMP2,TMSB10/TMSB4X,TOP2A,TOP2B,TPM1,TPX2,TRADD,TRAF1,TREM2,TRIM21,TTC13,TUBB,TUFM,TYMP,UBE2I,UBE2L6,UQCRC2,UTP18,VKORC1L1,VMP1,WIPF1,XPC,XPO1,YWHAH,ZDHHC3,ZNF318,ZYX",255 (46),44,2hr_PROT_causal,True,
71,PLCG1, ,enzyme,"Akt,CASP8,CASP9,CCND1,CEBPA,CREB1,EGFR,ELK1,ERK,ERK1/2,estrogen receptor,HIF1A,IKBKB,Jnk,Mapk,MAPK8,MDM2,Mek,MTOR,NCL,NFkB (complex),PLCG1,PRKCZ,RB1,RELA,RXRA,SP1,STAT3,STAT5a/b,TP53",3,Inhibited,-2.782,2.32e-15,0.0038,"A2M,ABCE1,ACO1,ACSL3,ADAM10,AGO2,AK1,AKR1B1,AKT1,AKT2,ALB,ALDOA,APOBEC3G,APOC3,APOE,ARHGDIB,ARPC1B,ARRB1,ATG7,BAX,BCLAF1,BID,BUB1B,C11orf58,C3,CA2,CAPG,CARS1,CASP4,CASP8,CBS/CBSL,CD46,CDK6,CDKN2C,CEBPA,CEBPZ,CHD3,COL9A2,CSE1L,CTCF,DDX21,DNM1,DR1,ECM1,EED,EEF1A2,EEF1B2,EGLN1,EIF2B1,EIF4E,EIF4G1,EIF5,ENO1,ERBIN,EZH2,EZR,FABP5,FAM3C,FBXO22,FDXR,FEN1,FHL1,FKBP3,FKBP5,FSCN1,FUBP1,G3BP1,GAPDH,GART,GBP1,GDF15,GNL3,GSK3A,GSK3B,GSR,GSS,H1-10,H2BC12,HINT1,HMGB1,HNRNPA1,HNRNPA2B1,HNRNPH1,HSP90AA1,HSPA1A/HSPA1B,HSPA8,HSPB1,HSPH1,HTT,IDI1,IGFBP3,IL1B,IPO7,IRAG2,IREB2,IRF5,ISCU,ITGB2,ITIH2,JMJD6,KAT2B,KRT10,KYNU,LASP1,LBR,LCP2,LGALS3,LIMS1,LTF,MAD1L1,MAPK1,MARCKS,MAT2A,MBD2,ME1,ME2,MIF,MKI67,MKNK1,MMP2,MSN,MST1,MTA2,MTHFD2,NAE1,NAMPT,NCAM1,NDRG1,NDUFB8,NFKB1,NIBAN2,NIFK,NME1,NOLC1,NOP2,NOTCH1,NUCKS1,NUDCD2,NUP153,P2RX4,PCYT1A,PDCD4,PDHX,PEA15,PELP1,PFKP,PGK1,PHGDH,PKM,PLG,POSTN,PPAT,PPIA,PPM1A,PPP1CA,PPP2CA,PPP3CA,PPP4C,PPP4R2,PRKAR1A,PSAT1,PSIP1,PSMB3,PSMB5,PSMB9,PTPN11,PTPN2,PTPN6,PTPRE,PXN,RAD23A,RALY,RBL2,RPL10,RPL27A,S100A4,S100A9,SAR1A,SDHB,SEL1L,SERPINB1,SERPINF1,SIRT6,SMAP2,SOD1,SON,SPRY2,SREBF2,SRSF1,STAT3,STIP1,STK4,STMN1,STOM,TAGLN2,TALDO1,TAP1,TAPBP,TDO2,TFAM,TFB2M,TGM2,THBD,THBS1,TIMP2,TMED10,TMSB10/TMSB4X,TOP2A,TOP2B,TPI1,TPX2,TRAF1,TREM2,TUBA1C,TUBB2A,TUFM,TYMP,UBE2I,UGDH,UGP2,UQCRC2,VCL,WAS,WIPF1,XPC,XPO1,YLPM1,YWHAH",228 (30),29,2hr_PROT_causal,True,
74,CAB39L, ,kinase,"AMPK,CAB39L,CSF1R,EGFR,ERBB2,ERK1/2,FLT3,FOXO1,HSF1,IGF1R,INSR,MET,MTORC1,NR3C1,PPARGC1A,PRKAA,RHOA,ROR2,STK11,TP53,YAP1",3,Activated,3.695,2.93e-15,0.0005,"ACADM,ACO1,ACO2,ACSL3,ACTB,AFP,AGO2,AK1,ARPC1B,ATG7,ATP5F1E,B3GALT6,BID,BPNT2,BST2,BUB1B,C3,CASP1,CASP4,CASP8,CBR1,CDC37,CDC42,CDK6,CEBPA,CHD3,CHD7,COL1A1,COL6A3,COX17,COX4I1,COX5B,COX6C,DNM1,DTYMK,ECM1,EFEMP1,EGR2,EHD1,EIF2B1,EIF4A2,EZR,FABP4,FAM3C,FBLN1,FBXO22,FDXR,FEN1,FKBP3,FKBP4,FKBP5,FN1,FSCN1,FUBP1,GABPA,GART,GDF15,GLO1,GNL3,GSK3A,GSK3B,H2AX,HGSNAT,HMGB1,HNRNPA1,HNRNPA2B1,HNRNPA3,HNRNPH1,HSP90AA1,HSP90AB1,HSPA1A/HSPA1B,HSPA4,HSPA8,HSPB1,HSPE1,HSPH1,HTT,HYOU1,IGFBP2,IL1RN,IPO7,IREB2,ISCU,JMJD6,JUN,LAMB1,LAMP1,LBR,LEMD3,LGALS3,LIG3,LRIF1,LSM2,MAD1L1,MAP2K2,MAPK1,MAPK7,MAT2A,MBOAT7,ME1,ME2,MKNK1,MST1,MTA2,NASP,NCF1,NCOR2,NDRG1,NDUFB10,NDUFB11,NDUFB8,NDUFB9,NDUFS4,NDUFV2,NME1,NOLC1,NPC1,NUP153,P2RX4,PAICS,PCNA,PDHX,PFKP,PGK1,PHGDH,PIK3CD,PKM,POLDIP2,POLR2A,POSTN,PPAT,PPIA,PPM1A,PPP1CA,PPP2CA,PPP3CA,PPP4C,PPP4R2,PRKAR1A,PRPS1,PSMB3,PSMB5,PSMB9,PTPN11,PTPN6,PTPRE,RAD23A,RALY,RANBP1,RANGAP1,RHOA,RHOC,RPA1,S100A4,SDHA,SEL1L,SERPINB9,SHC1,SIRT6,SMC1A,SOD1,SON,SPC25,SPR,SPRY2,SRSF1,SSBP1,ST13,STAT6,STIP1,STMN1,STOM,STT3B,SUN1,TAGLN2,TAP1,TAPBP,TFAM,TGM2,TK1,TMED9,TMSB10/TMSB4X,TMX3,TOP1,TOP2A,TOP2B,TPM1,TPX2,TRAF1,TUBB,UGP2,UQCRB,UQCRQ,VIM,XPC,XPO1,YWHAH,ZEB2",198 (21),21,2hr_PROT_causal,True,True
75,Mapk, ,group,"Akt,AKT1,BID,calpain,CASP8,CASP9,CCND1,CCNE1,CEBPB,CHUK,Creb,CREB1,CTNNB1,DUSP1,E2f,EGFR,EGR1,ELK1,ERBB3,ERK,EZH2,FLNA,FOXO1,GSK3B,HDAC6,HIF1A,IRF3,ITGB4,JUN,MAP2K1/2,Mapk,MAPK1,MTOR,NOS2,Notch,NR4A1,PARP1,PDGFRA,PGR,PPARG,PRKAA,RAC1,RAS,RB1,RELA,RUNX2,RXRA,SHC1,SMAD3,SP1,SREBF2,STAT3,STAT5a/b,YBX1",3,Inhibited,-2.96,2.94e-15,0.0024,"ACO1,ACTB,ADAM10,ADAR,AGO2,AKT1,AKT2,ALB,ALDOA,APOB,APOBEC3G,APOC3,APOE,ARHGDIB,ATXN10,BCLAF1,BST2,C11orf58,CA2,CAPN2,CARS1,CASP1,CASP4,CBS/CBSL,CDK6,CDKN2C,CKAP4,COL1A1,COL3A1,COX4I1,CPT2,CSE1L,DAB2,DDX21,DPYSL2,DR1,EED,EEF1B2,EFEMP1,EGLN1,EHD1,EIF1AX,EIF4E,EIF4G1,EIF5,ENO1,ENO3,ERBIN,ERP29,EZH2,FBP1,FDPS,FHL1,FKBP5,FLI1,FSCN1,G3BP1,GAPDH,GBP1,GCLC,GCLM,GDF15,GLUL,GOT1,GPX4,GSPT1,GSR,GSS,GSTM3,GSTP1,H2BC12,HINT1,HMGB2,HNRNPA1,HNRNPA2B1,HNRNPH1,HSPB1,HSPH1,HYOU1,IDH1,IDI1,IGF2,IGFBP3,IL1B,IRAG2,ITGB2,ITIH2,ITPR1,JAK1,JMJD6,JUN,KAT2B,KIFC1,KRT10,LAP3,LASP1,LCP2,LDHA,LIMS1,LUM,MARCKS,MATK,MBD2,MECP2,MKI67,MMP2,MTA2,MTHFD2,MX2,MYD88,NAE1,NAT1,NCAM1,NDRG1,NDUFB8,NFKB1,NIBAN1,NIBAN2,NIFK,NMI,NOP2,NOTCH1,NPC1,NQO1,NUCKS1,NUDCD2,NVL,PARP12,PCNA,PCYT1A,PDLIM1,PEA15,PELP1,PFDN1,PFKP,PGK1,PHGDH,PKM,PLG,POSTN,PPIA,PPIF,PPP3CA,PRKAR1A,PRMT1,PSIP1,PSMB3,PSMB5,PSMB9,PSME2,PTPN2,PTPRE,RAD23A,RASA1,RBL2,RBP4,RPL10,RPL27A,S100A11,SAMHD1,SDHB,SERPINB8,SH3GLB1,SHBG,SIRT6,SLC9A3R1,SMAP2,SOD1,SP1,SP100,SPC25,SRSF1,STAT1,STIP1,STK4,STMN1,SUN2,SYK,TALDO1,TGFBI,TGM2,THBD,THBS1,TK1,TLN1,TMED10,TMSB10/TMSB4X,TOP1,TOP2A,TPI1,TPM1,TUBA1C,TUBB,TUFM,TYMP,UBE2I,UBE2L6,UGDH,UGP2,UQCRC2,UTP18,VASP,VCL,VIM,VKORC1L1,WAS,XPC,YLPM1,ZEB2,ZNF318,ZYX",211 (54),51,2hr_PROT_causal,True,
77,PRDX2,-2.019,enzyme,"Akt,AKT1,CASP8,CCND1,CCNE1,CDH1,CDK2,CEBPA,CEBPB,CLTC,CTNNB1,DUSP1,EGFR,ERK,ERK1/2,EZH2,FOXO3,GSK3B,IQGAP1,Jnk,MAP2K1/2,Mapk,MAPK9,MED1,Mek,MMP2,MTOR,MYC,NOS2,Notch,P38 MAPK,PLSCR1,PPARG,PRDX2,PRKAA,RAC1,RAF1,RARA,RB1,RHOA,RHOC,RUNX2,RXRA,SMAD3,SP1,SRC,STAT1,STAT5a/b,TCF7L2,YAP/TAZ,YAP1",3,Activated,2.155,3.2799999999999997e-15,0.0013,"A2M,ABCE1,ACTB,AGO2,AKR1B1,AKT2,ALB,ALOX5,APOA4,APOB,APOBEC3G,APOC3,ARHGAP1,ARPC5L,ARRB1,ASPH,ATG7,BAG1,BCAT1,BCLAF1,BCOR,BZW2,C11orf58,C4A/C4B,CA2,CASP1,CASP8,CBS/CBSL,CD14,CD151,CD70,CD74,CDC42,CDK1,CDKN2C,CEBPA,CEBPZ,COL1A1,COL1A2,COL3A1,COX4I1,COX5A,CP,CSE1L,DDX21,DR1,DTYMK,EDF1,EEF1A2,EEF1B2,EGR2,EIF4E,EIF4G1,EIF5,ENO1,ERBIN,EZH2,EZR,FABP4,FBL,FDXR,FKBP5,G3BP1,GAPDH,GBP1,GBP2,GBP4,GCLC,GCLM,GDF15,GLUL,GNL3,GOT1,GSPT1,GSR,GSS,H1-10,H2AX,HINT1,HNRNPA1,HNRNPA2B1,HNRNPD,HNRNPH1,HSP90AA1,HSPB1,HSPD1,HSPH1,HYOU1,IDI1,IGLL1/IGLL5,IL1RN,IPO7,IQGAP2,IRAG2,IRF8,ITGB2,ITIH2,ITPR1,JAK1,KIFC1,LASP1,LBR,LCP2,LGALS1,LMNA,LPL,LTF,LUM,MAD1L1,MAP2K2,MARCKS,METAP2,METTL7A,MIF,MKNK1,MTA2,MYD88,NCOR2,NDRG1,NDUFB8,NIBAN1,NIBAN2,NIFK,NOLC1,NOP2,NOP56,NQO1,PCYT1A,PDCD4,PDIA3,PEA15,PGLS,PKM,POSTN,PPAT,PPIA,PPP2R1A,PPP3CA,PPP3CB,PREP,PRKAR1A,PRMT1,PSAT1,PSMB3,PSMB9,PTPRE,RABGAP1L,RAD23A,RBL2,RBP4,RHOA,RHOC,RPL10,RPL27A,S100A11,S100A8,S100A9,SAE1,SAMD9,SDHB,SERPINB1,SERPINF1,SH3GLB1,SHBG,SIRT6,SLC9A3R1,SOD1,SP1,SRSF1,STAT1,STAT3,STIP1,SUMO1,SUMO2,SUMO3,TALDO1,TAP1,TAPBP,TFB2M,TGM2,THBD,THBS1,TLN1,TMED10,TOP1,TPI1,TPM1,TRADD,TRAF1,TREM2,TUBA1C,TUBB,TUBB2A,TUFM,TYMP,UBA2,UGDH,UGP2,UQCRC2,UQCRQ,VCL,VIM,WARS1,WRN,XPO1,YLPM1,ZYX",207 (51),49,2hr_PROT_causal,True,
78,SFTPD, ,other,"Akt,AKT1,CASP8,CASP9,CCND1,CDK2,CEBPA,CEBPB,Creb,CTNNB1,DUSP1,EGFR,EGR1,ELK1,ERBB3,ERK,ERK1/2,estrogen receptor,EZH2,FOXO1,GSK3B,HDAC6,HIF1A,IKBKB,IRF3,ITGB4,JUN,MAP2K1/2,Mapk,MAPK1,MET,MTOR,NFkB (complex),NOS2,Notch,NR4A1,P38 MAPK,PARP1,PDGFRA,PGR,PPARG,RAC1,RB1,RELA,RHOA,RUNX2,RXRA,SFTPD,SHC1,SMAD3,SP1,SREBF2,STAT3,YBX1",3,Activated,3.053,3.4799999999999997e-15,0.009,"A2M,ACO1,ACTB,ADAM10,ADAR,AGO2,AKR1B1,AKT1,ALDOA,APOB,APOBEC3G,APOC3,APOE,ARHGDIB,ARRB1,ATXN10,BCLAF1,BST2,C11orf58,C3,CAPG,CAPN2,CARS1,CASP1,CASP4,CBS/CBSL,CD70,CDK1,CDKN2C,CEBPA,CKAP4,COL1A1,COL3A1,COL9A2,COX4I1,CPT2,CSE1L,CTCF,DAB2,DDX21,DPYSL2,DR1,EED,EEF1A2,EEF1B2,EFEMP1,EGLN1,EHD1,EIF1AX,EIF4E,EIF4G1,EIF5,ENO1,ENO3,ERBIN,ERP29,EZH2,EZR,FABP5,FBP1,FDPS,FDXR,FHL1,FKBP5,FLI1,FSCN1,G3BP1,GAPDH,GBP1,GCLC,GCLM,GDF15,GLUL,GOT1,GPX4,GSPT1,GSR,GSS,GSTM3,GSTP1,H1-10,H2AX,H2BC12,HINT1,HMGB2,HNRNPA1,HNRNPA2B1,HNRNPH1,HSP90AA1,HSPA1A/HSPA1B,HSPB1,HSPH1,HYOU1,IDH1,IGF2,IGFBP3,IL1B,IL1RN,ITGB2,ITIH2,ITPR1,JAK1,JMJD6,JUN,KAT2B,KIFC1,KRT10,KYNU,LAP3,LASP1,LDHA,LIMS1,LTF,LUM,MAP2K2,MARCKS,MAT2A,MATK,MBD2,MECP2,MIF,MKI67,MKNK1,MMP2,MSN,MTA2,MTHFD2,MX2,MYD88,NAE1,NAMPT,NAT1,NCAM1,NCOR2,NDRG1,NDUFB8,NFKB1,NIBAN1,NIBAN2,NMI,NOP2,NOTCH1,NPC1,NQO1,NUCKS1,NUDCD2,NVL,PARP12,PCNA,PCYT1A,PDLIM1,PEA15,PELP1,PFDN1,PFKP,PGK1,PHGDH,PKM,PLG,POSTN,PPIA,PPIF,PPP3CA,PRKAR1A,PRMT1,PSIP1,PSMB3,PSMB5,PSMB9,PSME2,PTPN2,PTPRE,PXN,RAD23A,RASA1,RBL2,RBP4,RHOC,RPL10,RPL27A,S100A11,S100A9,SAMHD1,SAR1A,SDHB,SERPINB1,SERPINB8,SERPINF1,SH3GLB1,SHBG,SIRT6,SLC9A3R1,SMAP2,SP1,SP100,SPC25,SRSF1,STAT1,STK4,STMN1,SUN2,SYK,TALDO1,TAP1,TAPBP,TDO2,TGFBI,TGM2,THBS1,TIMP2,TK1,TLN1,TMED10,TMSB10/TMSB4X,TOP1,TOP2A,TPI1,TPM1,TRADD,TUBA1C,TUBB,TUBB2A,TUFM,TYMP,UBE2I,UBE2L6,UGDH,UQCRC2,UTP18,VASP,VCL,VIM,WAS,YLPM1,ZEB2,ZNF318,ZYX",237 (54),53,2hr_PROT_causal,True,
80,CDC6, ,other,"Akt,ATF2,ATM,ATR,CASP2,CDC6,CDK2,CHEK1,CHEK2,Creb,DAXX,E2f,E2F3,ELF4,ERK1/2,GSK3B,IKBKB,Jnk,JUN,LAMTOR5,MAPK1,MAPK12,MDM4,MYC,NCL,P38 MAPK,PLK1,RB1,RELA,SMARCA4,SMC3,SRC,TP53,TRIM28,XPA,ZEB1",3,Inhibited,-3.7510000000000003,5.3e-15,0.0013,"ABRACL,ACSL3,ADAR,ADH5,AK1,AKT1,APOBEC3G,ARHGDIB,ARPC1A,ARPC1B,ARRB1,ASNS,ATG7,ATG9A,BAG1,BAX,BCAT1,BCOR,BID,BST2,BUB1B,BZW2,CA2,CASP1,CASP4,CASP8,CBX1,CD151,CD46,CD63,CD70,CDK1,CEBPA,CFP,CHD3,COL1A1,COL1A2,COX5A,CP,CTNND1,DHRS9,DNM1,ECM1,EGLN1,EHD1,EIF2B1,EIF4E,EIF4G1,ERP29,EZH2,EZR,FABP4,FAM3C,FBL,FBP1,FBXO22,FDXR,FEN1,FKBP3,FKBP5,FN1,FSCN1,FUBP1,GART,GBP1,GDF15,GMFG,GNL3,GOT1,GSK3A,GSK3B,GSR,GSS,GSTO1,GSTP1,H1-2,H2AX,H2BC11,HCLS1,HLA-DRB1,HMGB1,HMGB2,HNRNPH1,HSP90AA1,HSPA8,HSPB1,HSPH1,HTT,HYI,IGF2,IGFBP3,IL1RN,INPP1,IQGAP2,IRAG2,IREB2,ISCU,ITPR1,JUN,KRT10,LAP3,LBR,LPL,LPXN,MAD1L1,MANF,MAPK1,MAT2A,ME1,ME2,MECP2,MELTF,MIF,MKNK1,MST1,MT1G,MTRES1,MYD88,NCAM1,NCOR2,NDRG1,NDUFB8,NIBAN1,NME1,NMI,NOLC1,NOP56,NUCKS1,NUP153,OCIAD2,OXCT1,P2RX4,P4HB,PARP12,PCNA,PDCD4,PDHX,PEA15,PFKP,PHGDH,PIN1,PKM,PLG,PPM1A,PPP1CA,PPP2CA,PPP3CA,PPP4C,PPP4R2,PREP,PSME2,PTPN11,PTPN6,PTPRE,RAD23A,RALY,RASA1,RBL2,RHOA,RSAD2,S100A4,S100A6,S100A8,SAE1,SAMHD1,SDHA,SDHB,SEL1L,SERPINB8,SH3GLB1,SMAP2,SON,SRSF1,SSBP1,STAT3,STK4,STMN1,STOM,SUMO1,SUMO2,SUMO3,SUN2,SYK,TAF7,TAGLN2,TAPBP,TF,TFAM,TGFBI,TGM2,THBD,TM9SF2,TMED10,TMPO,TMSB10/TMSB4X,TOP1,TOP2A,TOP2B,TPX2,TRADD,TRAF1,TRIM21,TUBB,TWF1,UBA2,UBE2L6,UQCRC2,UQCRQ,UTP18,VKORC1L1,WRN,XPC,YWHAH,ZEB2,ZNF318",215 (36),35,2hr_PROT_causal,True,
82,FPR1, ,G-protein coupled receptor,"AKT1,Ap1,AR,BCL2,BCL2L1,CASP9,CTNNB1,EGFR,EGR1,ELK1,ERBB3,ERK,ERK1/2,FOXO1,FPR1,GSK3B,HDAC6,HIF1A,ITGB4,Jnk,JUN,MAP2K1/2,Mapk,MAPK1,MAPK3,MET,MTORC1,NFkB (complex),P38 MAPK,PARP1,PGR,RAC1,RHOA,RICTOR,RPS6KB1,SHC1,SMAD3,SP1,STAT3,STAT6,TAB1,TP53,YAP1",3,Inhibited,-2.923,5.8e-15,0.0055,"ACO1,ACSL3,ACTB,ACTR3,ADAM10,ADAR,AGO2,AK1,AKT1,ALDOA,APOBEC3G,APOC3,APOE,ARPC1B,ARRB1,ATG7,ATP2A2,ATXN10,BAX,BID,BST2,BUB1B,CAPN2,CARS1,CASP1,CASP4,CAST,CBS/CBSL,CD70,CDK6,CDKN2C,CEBPA,CHD3,CKAP4,CLGN,COL1A2,CPT2,CTCF,DDX21,DEGS1,DNM1,DNM1L,DPYSL2,DR1,DTYMK,EED,EGLN1,EGR2,EIF1AX,EIF2B1,EIF4E,EIF4G1,ERP29,EZR,FABP4,FABP5,FAM3C,FBXO22,FDXR,FHL1,FKBP3,FKBP4,FLI1,FSCN1,FUBP1,GAPDH,GART,GBP1,GBP2,GCLC,GCLM,GDF15,GDI1,GLUL,GNL3,GOT1,GPX4,GSK3A,GSK3B,GSPT1,GSTM3,GSTP1,H2BC12,HINT1,HMGB1,HMGB2,HNRNPA1,HNRNPA2B1,HNRNPH1,HSPA1A/HSPA1B,HSPA8,HSPB1,HTT,HYOU1,IFI35,IGF2,IGFBP3,IL1B,IL1RN,IPO7,IREB2,IRF5,ISCU,ITPR1,JAK1,JMJD6,JUN,KAT2B,KIFC1,KYNU,LAP3,LBR,LEMD3,LGALS3,LIMS1,LMAN1,MAD1L1,MAPK1,MAT2A,MATK,MBD2,ME1,ME2,MECP2,MIF,MKI67,MKNK1,MMP2,MST1,MTA2,MTHFD2,MX2,MYD88,NAE1,NAMPT,NAP1L1,NAT1,NCAM1,NDUFB8,NFKB1,NME1,NMI,NOLC1,NPC1,NUCKS1,NUDCD2,NUP153,NVL,P2RX4,P4HA1,PARP12,PDHX,PDIA5,PDLIM1,PELP1,PFDN1,PGK1,PHGDH,PKM,PLG,POSTN,PPIA,PPIF,PPM1A,PPP1CA,PPP2CA,PPP4C,PPP4R2,PRKAR1A,PSIP1,PSMB3,PSMB5,PSME2,PTPN11,PTPN2,PTPN6,PTPRE,PXN,RAD23A,RALY,RASA1,RHOC,RSAD2,S100A4,S100A8,SAMHD1,SAR1A,SDHB,SEL1L,SERPINB8,SH3GLB1,SIRT6,SLC9A3R1,SOD1,SON,SP1,SP100,SPC25,SPRY2,SREBF2,SRSF1,STAT3,STMN1,STOM,SUN2,SYK,TAGLN2,TAPBP,TDO2,TGFBI,TGM2,THBD,TIMP2,TMSB10/TMSB4X,TOP2A,TOP2B,TPX2,TRADD,TRIM21,TUBB,TXN,UBE2I,UBE2L6,UGDH,UGP2,UQCRC2,UTP18,VASP,VCL,VIM,WAS,XPC,XPO1,YWHAH,ZEB2,ZNF318,ZYX",237 (43),42,2hr_PROT_causal,True,
85,STUB1, ,enzyme,"AHR,AR,EIF4E,ERBB2,MYC,NOS2,STUB1,TP53",2,Activated,2.274,7.7e-15,0.0001,"ACO1,ACSL3,ACTB,ACTR3,AK1,AKT1,ARPC1B,ATG16L1,ATG7,B3GALT6,BAG1,BAX,BCAT1,BCOR,BID,BPNT2,BUB1B,BZW2,CASP1,CASP4,CASP8,CAST,CD151,CDC37,CDC42,CDK1,CEBPA,CHD3,CHD7,CKAP4,CLGN,COL3A1,COL6A3,COX4I1,COX5A,DEGS1,DNM1,DNM1L,DR1,ECM1,EIF2B1,EIF4E,EIF4G1,EZH2,FAM3C,FBL,FBXO22,FDXR,FKBP3,FKBP4,FKBP5,FN1,FSCN1,FUBP1,GBP1,GDF15,GDI1,GLO1,GNL3,GSK3A,GSK3B,GSR,HGSNAT,HMGB1,HNRNPH1,HSP90AA1,HSPA1A/HSPA1B,HSPA8,HSPB1,HSPD1,HSPH1,HTT,IFI35,IGFBP3,IL1B,IL1RN,IQGAP2,IREB2,ISCU,JUN,KDSR,LAMB1,LAMP1,LBR,LGALS3,LIG3,LMAN1,MAD1L1,MAP2K2,MAPK1,MAT2A,ME1,ME2,MST1,MTHFD2,MX2,MYD88,NAP1L1,NDRG1,NFKB1,NME1,NOLC1,NOP56,NOTCH1,NUP153,P2RX4,P4HA1,PAICS,PCNA,PDCD4,PDHX,PDIA5,PFKP,PGK1,PHGDH,PIK3CD,POLDIP2,POLR2A,PPAT,PPM1A,PPP1CA,PPP2CA,PPP3CA,PPP4C,PPP4R2,PREP,PRPS1,PTPN11,PTPN6,RAD23A,RALY,RBL2,RHOA,RPA1,RSAD2,S100A4,S100A8,SAE1,SEL1L,SIRT6,SON,SP100,SRSF1,STAT1,STAT3,STMN1,STOM,STT3B,SUMO1,SUMO2,SUMO3,SUN1,TAGLN2,TAP1,THBD,THBS1,TIMP2,TK1,TMED9,TMSB10/TMSB4X,TMX3,TOP1,TOP2B,TPM1,TPX2,TRAF1,TUBB,UBA2,UBE2I,UQCRQ,WIPF1,WRN,XPC,YWHAH",174 (8),8,2hr_PROT_causal,True,
87,DNAJA3,0.887,other,"26s Proteasome,Akt,AR,ATR,CASP8,CASP9,caspase,CCND1,CDK2,CEBPB,CHEK1,CTNNB1,DNAJA3,DUSP1,EGFR,EGR1,ELK1,ERBB3,ERK,ERK1/2,EZH2,FOXO1,G6PD,HDAC6,HIF1A,Hsp27,IQGAP1,IRF3,ITGB4,JUN,MAP2K1/2,MET,MTOR,Notch,NOX4,NR4A1,PDGFRA,PGR,PI3K (family),PPARG,RAC1,RB1,RELA,ROR1,RUNX2,RXRA,SHC1,SMAD3,SP1,SREBF2,STAT3,TP53,TP63,YBX1",3,Activated,2.747,7.85e-15,0.013,"ACSL3,ACTB,ACTR3,ADAM10,ADRM1,AGO2,AK1,ALB,ALDOA,APOB,APOBEC3G,APOE,ARHGDIB,ARPC1B,ARRB1,ATG9A,BCLAF1,BID,C11orf58,CA2,CAPN2,CARS1,CASP1,CASP4,CASP8,CBS/CBSL,CD14,CD46,CDC42,CDKN2C,CHD3,CKAP4,CLCN7,CLGN,COL1A1,COL3A1,CPT2,CS,CSE1L,CSTA,DAB2,DDX21,DEGS1,DNM1,DNM1L,DPYSL2,DR1,ECM1,EED,EEF1B2,EFEMP1,EGLN1,EIF1AX,EIF2B1,EIF4E,EIF4G1,EIF5,ENO1,ENO3,ERBIN,EZH2,EZR,FAM3C,FBP1,FBXO22,FEN1,FHL1,FKBP3,FKBP4,FKBP5,FLI1,FN1,FSCN1,FUBP1,G3BP1,GAPDH,GART,GBP1,GDF15,GDI1,GLUL,GNL3,GOT1,GPX4,GSK3A,GSK3B,GSPT1,GSR,GSS,GSTM3,GSTP1,H2BC12,HINT1,HMGB1,HNRNPA1,HNRNPA2B1,HNRNPH1,HSPA1A/HSPA1B,HSPA8,HSPB1,HSPH1,HTT,HYOU1,IDH1,IGF2,IGFBP2,IGFBP3,IL1RAP,IL1RN,IPO7,IREB2,ISCU,ITGB2,ITIH2,JAK1,JMJD6,JUN,KAT2B,KIFC1,LAMP1,LASP1,LBR,LDHA,LGALS3,LIMS1,LMAN1,LUM,MAD1L1,MAP2K2,MAPK1,MARCKS,MAT2A,MATK,MBD2,ME1,ME2,MKNK1,MST1,MTA2,MTHFD2,MYD88,NAE1,NAMPT,NAP1L1,NCAM1,NCF2,NCOR2,NDRG1,NDUFB8,NIBAN1,NIBAN2,NME1,NOLC1,NOP2,NOTCH1,NPC1,NUCKS1,NUDCD2,NUP153,P2RX4,P4HA1,PCNA,PCYT1A,PDHX,PDIA5,PDLIM1,PEA15,PELP1,PFKP,PGK1,PKM,PLG,POSTN,PPIA,PPIF,PPM1A,PPP1CA,PPP2CA,PPP3CA,PPP4C,PPP4R2,PREX1,PRKAR1A,PRMT1,PSIP1,PSMB3,PSMB5,PTPN11,PTPN2,PTPN6,PTPRE,RALY,RASA1,RBL2,RBP4,RHOA,RPA1,RPL10,RPL27A,S100A11,SDHB,SEL1L,SERPINB8,SHBG,SIRT6,SLC9A3R1,SMAP2,SON,SPC25,SRSF1,STAT3,STK4,STOM,SYK,TAGLN2,TALDO1,TAPBP,TGFBI,TGM2,THBD,THBS1,TIMP2,TK1,TLN1,TMED10,TOP1,TOP2B,TPI1,TPM1,TUBA1C,TUBB,TUFM,TYMP,UGDH,UQCRC2,VASP,VCL,WAS,WIPF1,XPC,XPO1,YLPM1,YWHAH,ZEB2,ZYX",245 (54),52,2hr_PROT_causal,True,
89,CDH13, ,other,"Akt,AKT1,ATF2,CASP9,CDH13,CDK1,CHEK1,CHEK2,EGFR,ERBB2,ERBB3,ERK,ERK1/2,ESR1,EZH2,FANCD2,FOXO1,FOXO3,GSK3B,HDAC6,HIF1A,IGF1R,IRF3,ITGB4,JAK2,MAP2K1,MAP2K1/2,MAP2K2,Mapk,MAPK1,MAPK3,Mek,NR4A1,P38 MAPK,PARP1,PDGFRA,PGR,PHB2,PI3K (family),PRKAA1,RAC1,RHOA,SHC1,SMAD3,SREBF2,TFEB,TP53,YBX1",3,Activated,2.424,9.84e-15,0.0078,"ABCE1,ACO1,ACSL3,ADAM10,ADAR,ADH5,AGO2,AK1,AKT1,ALDOA,ALOX5,APOC3,APOE,ARHGAP1,ARPC1B,ARPC5L,ARRB1,ASNS,ASS1,ATXN10,B3GALT6,BAX,BCAS3,BID,BPNT2,BST2,BUB1B,CA2,CAPN2,CARS1,CASP8,CD70,CDC37,CDC42,CDK6,CDKN2C,CEBPZ,CHD3,CHD7,CKAP4,CLCN7,COL3A1,COL6A3,CP,CPT2,DAB2,DDX21,DNM1,DPYSL2,DR1,EED,EFEMP1,EHD1,EIF1AX,EIF2B1,ENO1,ENO3,ERP29,EZH2,EZR,FABP4,FAM3C,FBP1,FBXO22,FDXR,FEN1,FHL1,FKBP3,FKBP5,FLI1,FUBP1,GAPDH,GBP1,GCLC,GCLM,GLO1,GLUL,GNL3,GNS,GPX4,GSK3A,GSK3B,GSPT1,GSR,GSS,GSTM3,GSTP1,H2AX,H2BC12,HGSNAT,HMGB1,HMGB2,HNRNPA1,HNRNPA2B1,HNRNPD,HNRNPH1,HSPA1A/HSPA1B,HSPA8,HTT,HYOU1,IDH1,IGFBP2,IGFBP3,IL1RN,IREB2,IRF5,ISCU,ITPR1,JAK1,JMJD6,JUN,LAMB1,LAMP1,LAP3,LBR,LEMD3,LGALS1,LIG3,LIMS1,MAD1L1,MAPK1,MATK,MBD2,ME1,ME2,MECP2,METTL7A,MIF,MKI67,MMP2,MST1,MTA2,NAE1,NAT1,NCAM1,NEU1,NIBAN1,NME1,NMI,NOTCH1,NUCKS1,NUDCD2,NUP153,NVL,P2RX4,PAICS,PARP12,PDHX,PDLIM1,PEA15,PELP1,PFDN1,PGLS,PHGDH,PIK3CD,PIP4P1,PKM,PLG,POLDIP2,POLR2A,POSTN,PPAT,PPIA,PPIF,PPM1A,PPP1CA,PPP2CA,PPP4C,PPP4R2,PREX1,PRKACB,PRKAR1A,PRPS1,PSMB3,PSMB5,PSME2,PTPN11,PTPN6,PTPRE,RALY,RHOA,RHOC,RPA1,S100A4,S100A8,SAMD9,SDHA,SEL1L,SERPINB8,SET,SH3GLB1,SIRT6,SOD1,SON,SPC25,SPRY2,SRSF1,STMN1,STOM,STT3B,SUN1,SUN2,TACC1,TAGLN2,TAPBP,TFAM,TFB2M,TGFBI,TGM2,THBD,TMED10,TMED9,TMX3,TOP1,TOP2B,TPM1,TPX2,TRADD,TREM2,TUBB,TXN,UBE2L6,UTP18,VASP,VCL,VIM,VPS26A,VPS35,XPC,YWHAH,ZEB2,ZNF318,ZYX",233 (48),47,2hr_PROT_causal,True,
90,GPNMB,0.207,enzyme,"c-Src,CASP8,CASP9,CCND1,CCNE1,CDK2,CDKN1A,CEBPB,Creb,DUSP1,EGFR,ELK1,ERBB2,ERK,ERK1/2,GPNMB,GSK3B,HIF1A,IGF1R,KDR,LCK,MET,MMP2,NFkB (complex),NOS2,Notch,PPARG,PTEN,PTK2,RAC1,RB1,RELA,RHOA,RPS6KB1,RUNX2,RXRA,STAT1,STAT3,TP53,YAP1",3,Inhibited,-3.255,1.08e-14,0.0074,"ACO1,ACSL3,ACTB,ADAM10,AGO2,AK1,AKT2,ALB,ALDOA,APOB,APOBEC3G,APOE,ARF4,ARHGDIB,ARPC1B,ARRB1,B3GALT6,BCLAF1,BID,BPNT2,BUB1B,C11orf58,C3,C4A/C4B,CARS1,CASP1,CASP8,CD14,CD46,CDC37,CDK1,CDK6,CEBPA,CHD3,CHD7,COL1A1,COL1A2,COL6A3,COX4I1,CSE1L,DNM1,DR1,DTYMK,ECM1,EED,EEF1B2,EGLN1,EHD1,EIF2B1,EIF4E,EIF4G1,EIF5,ENO1,ERBIN,EZR,FABP4,FABP5,FAM3C,FBXO22,FDXR,FEN1,FHL1,FKBP3,FN1,FSCN1,FUBP1,G3BP1,GAPDH,GART,GBP2,GBP4,GDF15,GLO1,GNL3,GSK3A,GSK3B,GSPT1,H2AX,H2BC12,HGSNAT,HMGB1,HNRNPA1,HNRNPA2B1,HNRNPH1,HSPA1A/HSPA1B,HSPA8,HSPB1,HTT,IFI35,IGFBP2,IGFBP3,IL1B,IL1RN,IPO7,IREB2,IRF5,ISCU,ITGB2,ITIH2,JMJD6,JUN,KAT2B,KRT10,KYNU,LAMB1,LAMP1,LASP1,LBR,LDHA,LEMD3,LGALS3,LIG3,LIMS1,LUM,MAD1L1,MAP2K2,MAPK1,MARCKS,MBD2,ME1,ME2,MIF,MKNK1,MMP2,MST1,MTA2,MTHFD2,NAE1,NAMPT,NCAM1,NCOR2,NDRG1,NFKB1,NIBAN2,NME1,NOLC1,NOP2,NOTCH1,NPC1,NQO1,NUCKS1,NUDCD2,NUP153,P2RX4,PAICS,PCNA,PCYT1A,PDHX,PELP1,PFKP,PGK1,PHGDH,PIK3CD,PKM,PLCG2,POLDIP2,POLR2A,POSTN,PPAT,PPIA,PPM1A,PPM1F,PPP1CA,PPP2CA,PPP2R1A,PPP3CA,PPP4C,PPP4R2,PREX1,PRKAR1A,PRMT1,PRPS1,PSIP1,PSMB3,PSMB5,PTPN11,PTPN2,PTPN6,PTPRE,RAD23A,RALY,RBP4,RHOA,RHOC,RPA1,RPL10,RPL27A,S100A11,S100A8,SAR1A,SEL1L,SH3GLB1,SHBG,SIRT6,SMAP2,SON,SREBF2,SRSF1,STAT1,STAT3,STK4,STMN1,STOM,STT3B,SUN1,TAGLN2,TALDO1,TAPBP,TDO2,TFAM,TGM2,THBD,THBS1,TK1,TLN1,TMED9,TMX3,TOP1,TOP2A,TOP2B,TPI1,TPX2,TRIM21,TUBA1C,TUBB,TUFM,TYMP,UGP2,VIM,WARS1,WAS,WIPF1,XPC,XPO1,YLPM1,YWHAH",236 (40),37,2hr_PROT_causal,True,
91,CD44,0.422,other,"AHR,Akt,ATM,CCND1,CD44,CDH1,CDK2,CEBPA,CEBPB,CHEK2,CLTC,Creb,CTNNB1,DUSP1,EGFR,EGR1,ELK1,EP300,ERBB3,ERK,ERK1/2,ERN1,ESR1,ESR2,EZH2,FOS,GSK3B,HDAC6,HIF1A,IGF1R,IKBKB,ILK,IQGAP1,IRF3,ITGB4,JUN,LCK,LIN28A,MAP2K1/2,MAPK1,MAPK3,MAPK9,MAPKAPK2,MED1,MET,MMP2,MTOR,NANOG,NCOA3,NOS2,Notch,NR4A1,P38 MAPK,PAK1,PARP1,PGR,PI3K (family),PIK3CA,PIK3CB,Pkc(s),PLSCR1,PPARG,PRKAB1,PRKCD,PRKCE,PTEN,PTK2,RAF1,RELA,RHOA,RHOC,ROCK,RUNX2,SHC1,SLC9A1,Smad,SMAD2,SMAD3,SP1,SRC,SREBF2,STAT3,STAT5a/b,STK11,TGFBR1,TWIST1,YAP/TAZ",3,Inhibited,-2.36,1.1e-14,0.0336,"A2M,ACO1,ADAM10,ADAR,ADH5,AGO2,AKR1B1,AKT1,AKT2,ALDOA,ALOX5,APOA4,APOB,APOBEC3G,APOC3,APOE,ARF4,ARHGAP1,ARHGDIB,ARPC5L,ARRB1,ASS1,ATXN10,BAX,BCAS3,BCLAF1,BID,BST2,C11orf58,C3,CAPN2,CARS1,CASP1,CASP4,CBS/CBSL,CD14,CD74,CDC42,CDK1,CKAP4,COL1A1,COL1A2,COX4I1,CP,CPT1A,CPT2,DDX21,DNAJC10,DNAJC3,DPYSL2,DR1,EDEM1,EDF1,EED,EEF1A2,EEF1B2,EGLN1,EGR2,EHD1,EIF1AX,EIF4E,EIF4G1,EIF5,ENO1,ENO3,ERBIN,ERLEC1,ERP29,EZH2,EZR,FABP4,FBLN1,FBP1,FDPS,FHL1,FKBP5,FLI1,FN1,FSCN1,FUS,G3BP1,GABPA,GAPDH,GDF15,GLUL,GMFG,GOT1,GPX4,GSTM3,GSTP1,H1-10,H2BC12,HINT1,HMGB2,HNRNPA1,HNRNPA2B1,HNRNPD,HNRNPF,HNRNPH1,HSPA1A/HSPA1B,HSPA8,HSPB1,HSPH1,IDH1,IDI1,IFI35,IGF2,IGFBP2,IGFBP3,IGLL1/IGLL5,IL1B,IL1RN,IRAG2,IRF8,ITGB2,ITIH2,ITPR1,JAK1,JMJD6,JUN,KAT2B,KDSR,KIFC1,LAMB1,LAP3,LASP1,LBR,LCP2,LDHA,LGALS1,LIMS1,LMNA,LPL,LTF,LUM,MAD1L1,MAP2K2,MARCKS,MATK,MBD2,MECP2,METAP2,METTL7A,MIF,MKI67,MKNK1,MMP2,MRPS11,MTA2,MTHFD2,MX2,MYD88,NAE1,NAT1,NCOR2,NDRG1,NDUFB8,NIBAN1,NIBAN2,NIFK,NMI,NOP16,NOP2,NOTCH1,NPC1,NUCKS1,NUDCD2,NVL,PARP12,PCYT1A,PDCD4,PDIA3,PDLIM1,PDLIM7,PEA15,PELP1,PFDN1,PFKP,PGK1,PGLS,PHGDH,PIK3CD,PKM,PLCG2,PLG,POSTN,PPIA,PPIF,PPM1F,PPP1R3D,PPP2R1A,PPP3CA,PPP3CB,PRKAR1A,PRMT1,PSAT1,PSIP1,PSMB3,PSMB5,PSME2,PTPN2,PTPRE,RABGAP1L,RAD23A,RASA1,RBP4,RHOA,RPL10,RPL27A,RSAD2,S100A11,S100A4,S100A6,S100A9,SAMD9,SDHA,SDHB,SERPINB1,SERPINB8,SERPINF1,SET,SH3GLB1,SHBG,SIRT6,SLC9A3R1,SMAP2,SP100,SPRY2,SRRT,SRSF1,STAT3,STIP1,STK4,STMN1,SUN2,SYK,TACC1,TALDO1,TAP1,TAPBP,TGFBI,TGM2,THBS1,TKT,TLN1,TMED10,TMSB10/TMSB4X,TOP1,TOP2A,TPI1,TPM1,TRADD,TRIM21,TUBA1C,TUBB,TUBB2A,TUFM,TYMP,UBE2I,UBE2L6,UGDH,UQCRC2,UTP18,VASP,VCL,VIM,WAS,WIPF1,YLPM1,YWHAE,ZEB2,ZNF318,ZYX",273 (87),80,2hr_PROT_causal,True,
92,FRS3, ,other,"AKT1,CCAR2,CTNNB1,EGFR,EGR1,ERBB3,ERK,ERK1/2,FOS,FRS3,GSK3B,HDAC6,HIF1A,HMGA1,IRF3,ITGB4,JUN,LRP6,MAP2K1/2,Mapk,MAPK1,Mek,MTORC1,NCL,NFkB (complex),P38 MAPK,PARP1,PDGFRB,PGR,PRKAA,PRKDC,RAC1,RB1,RHOA,SHC1,SMAD3,SP1,STAT3,TAB1,TCF7L2,TP53",3,Activated,2.434,1.23e-14,0.0085,"ABCE1,ACSL3,ACTB,ADAM10,ADAR,AGO2,AK1,AKT1,ALDOA,APOBEC3G,APOC3,APOE,ARPC1B,ARRB1,ASPH,ATXN10,BID,BST2,BUB1B,CAPN2,CARS1,CASP1,CASP8,CBS/CBSL,CD70,CDK6,CDKN2C,CEBPA,CEBPZ,CHD3,CKAP4,CNDP2,CNN3,COL1A2,CPT2,CTCF,DDX21,DNM1,DPYSL2,ECM1,EED,EGLN1,EGR2,EHD1,EIF1AX,EIF2B1,EIF4E,EIF4G1,ERP29,EZR,FABP4,FABP5,FAM3C,FBXO22,FEN1,FHL1,FKBP3,FLI1,FSCN1,FUBP1,GAPDH,GART,GBP1,GBP2,GCLC,GCLM,GLUL,GNL3,GOT1,GPX4,GSK3A,GSK3B,GSPT1,GSTM3,GSTP1,H2AX,H2BC12,HINT1,HMGB1,HMGB2,HNRNPA1,HNRNPA2B1,HNRNPH1,HSPA1A/HSPA1B,HSPA8,HSPB1,HTT,HYOU1,IDI1,IFI35,IGF2,IGFBP3,IL1B,IL1RN,IPO7,IREB2,IRF5,ISCU,ITPR1,JAK1,JMJD6,KAT2B,KIFC1,KRT10,KYNU,LAP3,LBR,LDHA,LGALS3,LIMS1,MAD1L1,MAP2K2,MAPK1,MAT2A,MATK,MBD2,ME1,ME2,MECP2,MIF,MKI67,MKNK1,MMP2,MST1,MTA2,MVD,MX2,MYD88,NAE1,NAMPT,NAT1,NDUFB8,NFKB1,NME1,NMI,NOLC1,NPC1,NQO1,NUCKS1,NUDCD2,NUP153,NVL,P2RX4,PARP12,PDCD4,PDHX,PDLIM1,PELP1,PFDN1,PFKP,PGK1,PKM,POSTN,PPAT,PPIA,PPIF,PPM1A,PPP1CA,PPP2CA,PPP3CA,PPP4C,PPP4R2,PRKAR1A,PSIP1,PSMB3,PSMB5,PSME2,PTPN11,PTPN2,PTPN6,PTPRE,PXN,RALY,RASA1,RBL2,RHOA,RHOC,RSAD2,S100A8,SAMHD1,SAR1A,SDHB,SEC24D,SEL1L,SERPINB8,SH3GLB1,SLC9A3R1,SOD1,SON,SP1,SP100,SPRY2,SRSF1,STK4,STOM,SUN2,SYK,TAGLN2,TAPBP,TDO2,TFAM,TFB2M,TGFBI,TGM2,THBD,TK1,TMSB10/TMSB4X,TOP2B,TPX2,TRADD,TRAF1,TREM2,TRIM21,TUBB,TXN,UBE2I,UBE2L6,UGDH,UQCRC2,UTP18,VASP,VCL,VIM,VPS29,WAS,XPC,XPO1,YWHAH,ZEB2,ZNF318,ZYX",231 (41),40,2hr_PROT_causal,True,
95,SERPINE1, ,other,"AKT1,AMPK,ATM,CASP8,CASP9,CDK2,CEBPA,CHEK1,CTNNB1,EGFR,ELK1,ERBB2,ERK,ERK1/2,FOXO1,FOXO3,FOXO4,HIF1A,Hsp27,JUN,MAP3K7,MAPK1,MAPK14,MAPK8,MED1,Mek,MET,MMP1,MMP2,MTOR,MTORC1,NUAK1,P38 MAPK,PDGFRA,PLAT,PPARG,PRKAA1,PRKAB1,PRKCA,RELA,RHOA,SERPINE1,SMAD3,SP1,STAT3,TGFB1,TP53",3,Inhibited,-2.785,1.66e-14,0.0228,"A2M,ABCE1,ACO1,ACO2,ACSL3,ACTB,ADAM10,ADAR,ADH5,AFP,AGO2,AK1,AKR1B1,AKT1,ALB,ALDOA,ALOX5,APOC3,APOE,ARHGDIB,ARPC1B,ARRB1,ATG7,B3GALT6,BAX,BID,BPNT2,BST2,BUB1B,C3,CA2,CARS1,CASP4,CBS/CBSL,CD14,CD46,CD70,CDC37,CEBPA,CEBPZ,CHD3,CHD7,COL1A1,COL1A2,COL6A3,CSE1L,DAB2,DDX21,DNM1,DTYMK,ECM1,EDF1,EED,EEF1A2,EFEMP1,EGLN1,EGR2,EIF2B1,EIF4E,EIF4G1,ERP29,EZR,FAM3C,FBXO22,FDXR,FEN1,FHL1,FKBP3,FKBP5,FN1,FSCN1,FUBP1,GABPA,GAPDH,GBP2,GCLC,GCLM,GLO1,GNL3,GOT1,GSK3A,GSK3B,GSR,GSS,H1-10,H2AX,H2BC12,HGSNAT,HINT1,HMGB1,HNRNPA1,HNRNPA2B1,HNRNPH1,HSPA1A/HSPA1B,HSPA8,HSPB1,HSPH1,HTT,IFI35,IGFBP3,IGLL1/IGLL5,IL1B,ILK,IPO7,IREB2,IRF5,IRF8,ISCU,ITGB2,JMJD6,JUN,KAT2B,KIFC1,LAMB1,LAMP1,LAP3,LASP1,LEMD3,LGALS3,LIG3,LIMS1,LTF,MAP2K1,MAP2K2,MAPK1,MAPK3,MAPKAPK2,MAT2A,MBD2,ME1,ME2,MECP2,MIF,MKI67,MKNK1,MMP2,MST1,MTA2,MTHFD2,MX2,NAE1,NCAM1,NCF1,NCOR2,NDRG1,NDUFS4,NME1,NMI,NOLC1,NPC1,NQO1,NUCKS1,NUDCD2,NUP153,P2RX4,PAICS,PARP12,PDHX,PELP1,PFDN1,PFKP,PGK1,PHGDH,PIK3CD,PKM,PLG,POLDIP2,POLR2A,POSTN,PPAT,PPIA,PPM1A,PPP1CA,PPP2CA,PPP2R1A,PPP3CB,PPP4C,PPP4R2,PRKACB,PRKAR1A,PRPS1,PSIP1,PSMB3,PSMB5,PSMB9,PSME2,PTPN11,PTPN2,PTPN6,PTPRE,PXN,RABGAP1L,RAD23A,RALY,RASA1,RBP4,RHOC,RPA1,RSAD2,S100A4,S100A9,SAMHD1,SDHA,SEL1L,SERPINB1,SERPINF1,SHBG,SIRT6,SLC9A3R1,SMAP2,SOD1,SON,SP1,SP100,SPC25,SPRY2,SRSF1,STAT3,STK4,STMN1,STOM,STT3B,SUN1,SUN2,SYK,TAGLN2,TAP1,TAPBP,TFAM,TFB2M,TGFBI,TGM2,THBD,THBS1,TK1,TMED9,TMSB10/TMSB4X,TMX3,TOP1,TOP2B,TPM1,TPX2,TRADD,TREM2,TRIM21,TUBB,TUBB2A,TYMP,UBE2I,UBE2L6,UGDH,UTP18,VCL,VIM,WAS,XPC,XPO1,YWHAH,ZEB2,ZNF318,ZYX",261 (47),46,2hr_PROT_causal,True,
96,ICOSLG/LOC102723996, ,other,"AR,ATF1,ATF6,BCL2,CASP8,CCND1,CDK2,CEBPA,CEBPB,Creb,CREB1,DUSP1,EGFR,ELK1,ERK,ERK1/2,estrogen receptor,FOXO1,GSK3B,HIF1A,HNRNPA1,Hsp27,ICOSLG/LOC102723996,IKBKB,Jnk,JUN,KAT5,MET,MMP2,MTOR,MTORC1,NFkB (complex),Notch,NR3C1,P38 MAPK,PGR,PPARG,PPARGC1A,RELA,RPS6KB1,RUNX2,RXRA,SHC1,SP1,STAT3,TP53,TP63",3,Inhibited,-3.0660000000000003,1.68e-14,0.0353,"A2M,ACADM,ACO1,ACSL3,ACTB,ACTR3,ADAM10,AGO2,AK1,AKR1B1,AKT1,ALDOA,APEX1,APOB,APOBEC3G,APOE,ARHGDIB,ARPC1B,ARRB1,ATG7,ATG9A,ATP2A2,BCLAF1,BID,BST2,BUB1B,C11orf58,C3,CA2,CAPG,CAPN2,CARS1,CASP4,CBR1,CBS/CBSL,CD46,CD70,CDC42,CEBPA,CHD3,CKAP4,CLGN,COL1A1,COL1A2,COL3A1,COL9A2,CPT2,CSE1L,CSTA,CTCF,DDX21,DEGS1,DNM1,DNM1L,DPYSL2,DR1,EED,EEF1A2,EEF1B2,EGLN1,EGR2,EIF1AX,EIF2B1,EIF4E,EIF4G1,EIF5,ENO1,ERBIN,EZR,FABP4,FABP5,FAM3C,FBXO22,FDPS,FDXR,FHL1,FKBP3,FKBP4,FLI1,FN1,FSCN1,G3BP1,GABPA,GAPDH,GART,GBP1,GDF15,GDI1,GLUL,GNL3,GOT1,GSK3A,GSK3B,GSTM3,GSTP1,H1-10,H2BC12,HINT1,HMGB1,HMGB2,HNRNPA1,HNRNPA2B1,HNRNPH1,HSP90AA1,HSPA1A/HSPA1B,HSPA8,HSPB1,HSPH1,HTT,HYOU1,IGFBP2,IL1B,IL1RAP,ILK,IPO7,IREB2,IRF5,ISCU,ITGB2,ITIH2,JMJD6,JUN,KAT2B,KYNU,LASP1,LBR,LEMD3,LGALS3,LIMS1,LMAN1,LTF,LUM,MAD1L1,MAPK1,MAPK7,MARCKS,MAT2A,MATK,MBD2,ME1,ME2,MIF,MKI67,MKNK1,MMP2,MNDA,MPG,MRPL20,MSN,MST1,MTA2,MTHFD2,MX2,NAE1,NAMPT,NAP1L1,NCOR2,NDRG1,NFKB1,NIBAN2,NME1,NOLC1,NOP2,NOTCH1,NPC1,NUCKS1,NUDCD2,NUP153,P2RX4,P4HA1,PCYT1A,PDHX,PDIA4,PDIA5,PDLIM1,PELP1,PGK1,PHGDH,PLG,POSTN,PPIA,PPIF,PPM1A,PPP1CA,PPP2CA,PPP2R1A,PPP3CA,PPP4C,PPP4R2,PRDX2,PRKAR1A,PRMT1,PSIP1,PSMB3,PSMB5,PSMB9,PTPN11,PTPN2,PTPN6,PTPRE,PXN,RAD23A,RALY,RAN,RASA1,RBP4,RPA1,RPL10,RPL27A,RSAD2,S100A11,S100A9,SAR1A,SEL1L,SERPINB1,SERPINB8,SERPINB9,SERPINF1,SH3GLB1,SHBG,SIRT6,SMAP2,SOD1,SON,SPC25,SPRY2,SREBF2,SRSF1,STAT1,STAT3,STK4,STMN1,STOM,SYK,TAGLN2,TALDO1,TAP1,TAPBP,TDO2,TGM2,THBS1,TLN1,TMSB10/TMSB4X,TOP1,TOP2A,TOP2B,TPI1,TPM1,TPX2,TRADD,TRAF1,TUBA1C,TUBB2A,TUFM,TXN,TYMP,UBE2I,UGDH,VASP,VCL,WAS,XPC,XPO1,YLPM1,YWHAH,YWHAZ",266 (47),46,2hr_PROT_causal,True,
97,WWOX, ,enzyme,"Ap1,ATF2,CASP8,CASP9,CCND1,CDK2,CEBPA,CEBPB,Creb,CTNNB1,DUSP1,EGR1,ELK1,ERBB2,ERBB4,ERK,ERK1/2,estrogen receptor,FANCD2,GSK3B,HIF1A,IGF1R,IKBKB,JAK2,JUN,MAPK1,MAPT,MYC,NFkB (complex),NOS2,Notch,P38 MAPK,PPARG,RUNX2,RXRA,STAT3,TFEB,WWOX",3,Activated,2.623,1.69e-14,0.0049,"A2M,ACO1,ADAM10,ADAR,AGO2,AKR1B1,AKT1,ALDOA,APOB,APOBEC3G,APOE,ARRB1,ASNS,B3GALT6,BAG1,BAX,BCAT1,BCLAF1,BCOR,BPNT2,BST2,BZW2,C11orf58,C3,CA2,CAPG,CARS1,CD151,CD46,CD70,CDC37,CDC42,CDK6,CEBPA,CHD7,CLCN7,COL1A1,COL1A2,COL6A3,COL9A2,COX4I1,COX5A,CSE1L,CTCF,DR1,EED,EEF1A2,EEF1B2,EHD1,EIF4E,EIF4G1,EIF5,ENO1,ERBIN,ERP29,EZR,FABP4,FABP5,FBL,FDXR,FHL1,FSCN1,G3BP1,GAPDH,GART,GDF15,GLO1,GNS,GOT1,H1-10,H2BC12,HGSNAT,HNRNPH1,HSP90AA1,HSPA1A/HSPA1B,HSPD1,HSPH1,IGF2,IGFBP2,IGFBP3,IL1B,IL1RN,IPO7,IQGAP2,IRF5,ITGB2,ITIH2,JMJD6,JUN,KAT2B,KIFC1,KRT10,KYNU,LAMB1,LAP3,LASP1,LDHA,LEMD3,LIG3,LIMS1,LTF,LUM,MAP2K2,MARCKS,MBD2,MECP2,MKI67,MKNK1,MMP2,MSN,MTHFD2,MX2,MYD88,NAE1,NAMPT,NCAM1,NCOR2,NDRG1,NEU1,NFKB1,NIBAN2,NMI,NOLC1,NOP2,NOP56,NOTCH1,NPC1,NUCKS1,NUDCD2,PAICS,PARP12,PCNA,PCYT1A,PDCD4,PELP1,PGK1,PIK3CD,PIP4P1,POLDIP2,POLR2A,POSTN,PPAT,PPP3CA,PREP,PRMT1,PRPS1,PSIP1,PSMB5,PSMB9,PSME2,PTPN2,PTPRE,PXN,RAD23A,RASA1,RBP4,RPA1,RPL10,RPL27A,RSAD2,S100A11,S100A4,S100A8,S100A9,SAE1,SAMHD1,SAR1A,SERPINB1,SERPINF1,SET,SH3GLB1,SHBG,SIRT6,SLC9A3R1,SOD1,SP100,SPRY2,SRSF1,STAT1,STAT3,STT3B,SUMO1,SUMO2,SUMO3,SUN1,SUN2,SYK,TALDO1,TAP1,TAPBP,TDO2,TGM2,THBS1,TIMP2,TK1,TLN1,TMED9,TMX3,TOP1,TOP2A,TPI1,TRADD,TUBA1C,TUBB,TUBB2A,TUFM,TYMP,UBA2,UBE2I,UBE2L6,UQCRQ,UTP18,VCL,VPS26A,VPS35,WAS,WRN,XPO1,YLPM1,ZEB2,ZNF318",221 (38),37,2hr_PROT_causal,True,
98,HTRA1, ,peptidase,"Akt,AKT1,CASP8,CCND1,CREB1,CTNNB1,EGFR,EGR1,ELK1,ERBB3,ERK,ERK1/2,EZH2,FOXO1,FOXO3,GSK3B,HDAC6,HIF1A,HTRA1,IRF3,ITGB4,JUN,MAP2K1/2,Mapk,MAPK1,MAPK3,MET,MTOR,NFkB (complex),NR4A1,P38 MAPK,PARP1,PDGFRA,PGR,RAC1,RB1,RELA,RHOA,RXRA,SHC1,SMAD3,SP1,SREBF2,STAT1,STAT3,STAT5a/b,YBX1",3,Activated,3.555,1.74e-14,0.0096,"ACO1,ACTB,ADAM10,ADAR,AGO2,AKT1,ALDOA,APOBEC3G,APOC3,APOE,ARHGDIB,ARRB1,ATXN10,BCLAF1,BST2,C11orf58,C4A/C4B,CA2,CAPN2,CARS1,CASP1,CASP4,CBS/CBSL,CD14,CD70,CDK1,CEBPA,CKAP4,COL3A1,CPT2,CSE1L,DAB2,DDX21,DPYSL2,DR1,EED,EEF1B2,EFEMP1,EGLN1,EHD1,EIF1AX,EIF4E,EIF4G1,EIF5,ENO1,ENO3,ERBIN,ERP29,EZH2,EZR,FABP4,FABP5,FBP1,FDPS,FDXR,FHL1,FKBP5,FLI1,FSCN1,G3BP1,GAPDH,GBP1,GBP4,GCLC,GCLM,GLUL,GOT1,GPX4,GSPT1,GSR,GSS,GSTM3,GSTP1,H2AX,H2BC12,HINT1,HMGB2,HNRNPA1,HNRNPA2B1,HNRNPH1,HSPB1,HSPH1,HYOU1,IDH1,IDI1,IGF2,IGFBP3,IL1B,IRAG2,ITIH2,ITPR1,JAK1,JMJD6,JUN,KAT2B,KIFC1,KRT10,KYNU,LAP3,LASP1,LCP2,LDHA,LEMD3,LIMS1,MAP2K2,MARCKS,MAT2A,MATK,MBD2,MECP2,MIF,MKI67,MKNK1,MMP2,MTA2,MTHFD2,MX2,MYD88,NAE1,NAMPT,NAT1,NDUFB8,NFKB1,NIBAN1,NIBAN2,NIFK,NMI,NOP2,NOTCH1,NPC1,NQO1,NUCKS1,NUDCD2,NVL,PARP12,PCNA,PCYT1A,PDLIM1,PEA15,PELP1,PFDN1,PFKP,PGK1,PHGDH,PKM,PLG,POSTN,PPIA,PPIF,PPP3CA,PRKAR1A,PSIP1,PSMB3,PSMB5,PSME2,PTPN2,PTPRE,PXN,RAD23A,RASA1,RBL2,RHOC,RPL10,RPL27A,S100A4,S100A8,SAMHD1,SAR1A,SDHB,SERPINB8,SH3GLB1,SIRT6,SLC9A3R1,SMAP2,SOD1,SP1,SP100,SPC25,SRSF1,STIP1,STK4,STMN1,SUN2,SYK,TALDO1,TAPBP,TDO2,TGFBI,TGM2,TK1,TMED10,TMSB10/TMSB4X,TOP2A,TPI1,TRADD,TUBA1C,TUBB,TUFM,TYMP,UBE2I,UBE2L6,UGDH,UGP2,UQCRC2,UTP18,VASP,VCL,VIM,WARS1,WAS,YLPM1,ZEB2,ZNF318,ZYX",214 (47),46,2hr_PROT_causal,True,
99,LCK, ,kinase,"AKT1,AMPK,Ap1,AR,BCL2L1,CASP8,CCND1,CD247,CD46,CDK2,CEBPA,CEBPB,CTNNB1,DUSP1,EGFR,ELK1,ERK,ERK1/2,estrogen receptor,FOXO1,GSK3B,HIF1A,IKBKB,Jnk,LAT,LCK,Mapk,MAPK14,MED1,MMP2,MTOR,MTORC1,NCL,Nfat (family),NFAT5,NFkB (complex),NOS2,Notch,P38 MAPK,PARP1,PECAM1,PLCG1,PPARG,PRKCQ,PRKCZ,PTPN6,RB1,RELA,RPS6KB1,RUNX2,RXRA,SHC1,SP1,STAT1,STAT5a/b,TERT,TP53,YAP1,ZAP70",3,Inhibited,-2.25,1.74e-14,0.0222,"A2M,ACO2,ACSL3,ACTR3,ADAM10,AGO2,AK1,AKR1B1,AKT1,ALDOA,APOB,APOBEC3G,APOC3,APOE,ARHGDIB,ARPC1B,ARRB1,ATG7,ATXN10,BAX,BCLAF1,BID,BUB1B,C11orf58,C4A/C4B,CA2,CAPG,CARS1,CAST,CBS/CBSL,CD14,CD70,CDK6,CDKN2C,CEBPA,CHD3,CKAP4,CLGN,COL1A1,COL1A2,COL3A1,COL9A2,COX4I1,CSE1L,CTCF,DAB2,DEGS1,DNM1,DNM1L,DR1,DTYMK,EDF1,EED,EEF1A2,EEF1B2,EFEMP1,EGLN1,EGR2,EIF2B1,EIF4E,EIF4G1,EIF5,ENO1,ERBIN,EZR,FABP5,FAM3C,FBXO22,FCER1G,FDXR,FHL1,FKBP3,FKBP4,FLI1,FN1,FUBP1,G3BP1,GAPDH,GART,GBP4,GCLC,GCLM,GDF15,GDI1,GNL3,GSK3A,GSK3B,GSTP1,H1-10,H2BC12,HINT1,HMGB1,HMGB2,HNRNPA1,HNRNPA2B1,HNRNPH1,HSP90AA1,HSPA1A/HSPA1B,HSPA8,HSPB1,HSPH1,HTT,HYOU1,IDI1,IGFBP3,IGLL1/IGLL5,IL1B,IPO7,IRAG2,IREB2,IRF5,IRF8,ISCU,ITGB2,ITIH2,ITPR1,JMJD6,JUN,KIFC1,KRT10,KYNU,LASP1,LCP2,LEMD3,LGALS3,LIMS1,LMAN1,LTF,LUM,MAP2K2,MAPK1,MARCKS,MAT2A,MBD2,ME1,ME2,MIF,MKNK1,MMP2,MSN,MST1,MTA2,MTHFD2,NAE1,NAMPT,NAP1L1,NAT1,NCF1,NCOR2,NDRG1,NFKB1,NIBAN2,NIFK,NME1,NOLC1,NOP2,NOTCH1,NPC1,NUCKS1,NUDCD2,NUDT1,NUP153,NVL,P2RX4,P4HA1,PCYT1A,PDCD4,PDHX,PDIA5,PELP1,PFDN1,PFKP,PHGDH,PKM,PLCG2,PLG,POSTN,PPIA,PPM1A,PPP1CA,PPP2CA,PPP2R1A,PPP3CB,PPP4C,PPP4R2,PRKAR1A,PRMT1,PSAT1,PSMB3,PTPN11,PTPN6,PTPRE,PXN,RABGAP1L,RAD23A,RALY,RBL2,RBP4,RPL10,RPL27A,S100A11,S100A4,S100A8,S100A9,SAR1A,SDHA,SEL1L,SERPINB1,SERPINF1,SH3GLB1,SHBG,SIRT6,SLC9A3R1,SMAP2,SOD1,SON,SP1,SPC25,SREBF2,SRSF1,STAT1,STAT3,STIP1,STK4,STMN1,STOM,TAGLN2,TALDO1,TAPBP,TDO2,TGM2,THBS1,TK1,TLN1,TMSB10/TMSB4X,TOP1,TOP2A,TOP2B,TPI1,TPM1,TPX2,TRADD,TUBA1C,TUBB2A,TUFM,TXN,TYMP,UGDH,UGP2,VCL,VIM,WARS1,XPC,XPO1,YLPM1,YWHAH",256 (59),53,2hr_PROT_causal,True,
103,ROR1, ,kinase,"CASP8,CASP9,CCAR2,CCND1,CCNE1,CDK2,CEBPB,Creb,DUSP1,EGFR,ELK1,ERBB2,ERBB3,ERK,ERK1/2,FOXO1,GSK3B,HMGA1,IRF3,MAP2K1,MAPK1,MMP2,MTOR,MYC,NCL,NFkB (complex),NOS2,Notch,P38 MAPK,PDGFRA,PI3K (family),PPARG,Rac,RAC1,RELA,RHOA,ROR1,RUNX2,RXRA,SREBF1,SREBF2,STAT3,SYK,TP53,YBX1",3,Inhibited,-3.1010000000000004,2.14e-14,0.0214,"ACSL3,ACTB,ADAR,AGO2,AK1,AKT2,ALB,ALDOA,APOB,APOBEC3G,ARHGDIB,ARPC1B,ARRB1,ATG7,B3GALT6,BAG1,BCAT1,BCLAF1,BCOR,BID,BPNT2,BST2,BUB1B,BZW2,C11orf58,C3,CAP2,CASP1,CASP8,CD151,CD46,CD70,CDC37,CDC42,CDKN2C,CEBPA,CFI,CHD3,CHD7,CNDP2,CNN3,COL1A1,COL6A3,COX5A,CSE1L,CSRP1,CYP51A1,DAB2,DNM1,DR1,ECM1,EEF1B2,EFEMP1,EGLN1,EHD1,EIF2B1,EIF4E,EIF4G1,EIF5,ENO1,ERBIN,ERP29,EZR,FABP4,FABP5,FAM3C,FBL,FBXO22,FCER1G,FDPS,FDXR,FEN1,FKBP3,FN1,FSCN1,FUBP1,G3BP1,GART,GCLC,GCLM,GDF15,GLO1,GNL3,GSK3A,GSK3B,GSPT1,HGSNAT,HMGB1,HNRNPA1,HNRNPA2B1,HNRNPH1,HSP90AA1,HSPA1A/HSPA1B,HSPA8,HSPD1,HSPH1,HTT,HYOU1,IDH1,IDI1,IL1B,IL1RN,IPO7,IQGAP2,IREB2,IRF5,ISCU,ITGB2,ITIH2,JUN,KAT2B,KRT10,KYNU,LAMB1,LAMP1,LAP3,LASP1,LBR,LDHA,LGALS3,LIG3,LUM,MAD1L1,MAP2K2,MAPK1,MARCKS,MAT2A,ME1,ME2,MECP2,MIF,MKI67,MKNK1,MMP2,MST1,MTA2,MTHFD2,MVD,MX2,MYD88,NAMPT,NCAM1,NCOR2,NDRG1,NIBAN2,NME1,NMI,NOP2,NOP56,NQO1,NUP153,P2RX4,PAICS,PARP12,PCYT1A,PDCD4,PDHX,PFKP,PGK1,PHGDH,PIK3CD,PKM,PLCG2,POLDIP2,POLR2A,POSTN,PPAT,PPCS,PPIA,PPM1A,PPP1CA,PPP2CA,PPP2R1A,PPP3CA,PPP4C,PPP4R2,PREP,PREX1,PRKAR1A,PRMT1,PRPS1,PSIP1,PSMB3,PSMB5,PSME2,PTPN11,PTPN2,PTPN6,PXN,RAD23A,RALY,RBP4,RHOA,RHOC,RNASET2,RPA1,RPL10,RPL27A,S100A11,S100A8,SAE1,SAMHD1,SAR1A,SEC24D,SEL1L,SH3GLB1,SHBG,SIRT6,SMAP2,SON,SP100,SPC25,SRSF1,STAT1,STK4,STMN1,STOM,STT3B,SUMO1,SUMO2,SUMO3,SUN1,SUN2,TAGLN2,TALDO1,TAPBP,TDO2,TFAM,TGM2,THBD,THBS1,TK1,TLN1,TMED9,TMX3,TOP1,TOP2A,TOP2B,TPI1,TPX2,TRADD,TREM2,TUBA1C,TUBB,TUFM,TYMP,UBA2,UBE2I,UBE2L6,UQCRQ,UTP18,VIM,VPS29,WAS,WRN,XPC,XPO1,YLPM1,YWHAH,ZNF318",260 (45),44,2hr_PROT_causal,True,
105,mir-10, ,microRNA,"AKT1,Ap1,CASP9,CEBPA,CHEK1,CTNNB1,EGFR,EGR1,ELK1,ERBB3,ERK1/2,GSK3B,HDAC6,HIF1A,ITGB4,JUN,MAP2K1/2,MAPK1,MED1,MET,mir-10,MMP2,MTOR,NFAT (complex),NFkB (complex),P38 MAPK,PARP1,PGR,RAC1,RELA,RPS6KB1,SHC1,SMAD3,SP1,STAT3,TAB1,TERT,TP63",3,Inhibited,-2.07,2.51e-14,0.0045,"A2M,ACO1,ADAM10,ADAR,AGO2,AIF1,AKR1B1,AKT1,ALB,ALDOA,ALOX5,AP1M1,APOE,ARHGDIB,ARRB1,ATG9A,ATXN10,BAX,C3,CA2,CAPN2,CARS1,CASP1,CASP4,CAST,CBS/CBSL,CD46,CD70,CDC42,CDK1,CDK6,CDKN2C,CEBPA,CKAP4,COL1A1,COL1A2,COL3A1,CSTA,DDX21,DGAT1,DNAJC10,DPYSL2,DTYMK,EDEM1,EDF1,EED,EEF1A2,EGLN1,EGR2,EIF1AX,EIF4E,EIF4G1,ERP29,EZR,FABP4,FABP5,FDXR,FHL1,FKBP5,FLI1,FN1,FSCN1,FUBP1,GBP1,GBP2,GCLC,GCLM,GLUL,GOT1,GPX4,GSPT1,GSTM3,GSTP1,H1-10,H2AX,H2BC12,HINT1,HMGB2,HNRNPA1,HNRNPA2B1,HNRNPH1,HSPB1,HSPH1,IFI35,IGF2,IGFBP2,IGFBP3,IGLL1/IGLL5,IL1RAP,IL1RN,IRF5,IRF8,ITPR1,JAK1,JMJD6,JUN,KAT2B,KIFC1,KRT10,KYNU,LAP3,LBR,LDHA,LIMS1,LTF,MAD1L1,MAP2K2,MAT2A,MATK,MBD2,MECP2,MIF,MKI67,MKNK1,MTA2,MTHFD2,MX2,MYD88,NAE1,NAMPT,NAT1,NCAM1,NDRG1,NDUFB8,NFKB1,NMI,NOTCH1,NPC1,NQO1,NUCKS1,NUDCD2,NVL,PARP12,PDLIM1,PELP1,PFDN1,PFKP,PGK1,PHGDH,PKM,POSTN,PPIA,PPIF,PPP2R1A,PPP3CA,PPP3CB,PRKAR1A,PSIP1,PSMB3,PSMB9,PSMD8,PSME2,PTPN2,PTPRE,PXN,RABGAP1L,RAD23A,RASA1,RPA1,RPS6KA1,RSAD2,S100A4,S100A8,S100A9,SAMHD1,SAR1A,SDHB,SERPINB1,SERPINB8,SERPINF1,SH3GLB1,SLC9A3R1,SMAP2,SP1,SP100,SPRY2,SREBF2,SRSF1,STAT1,STAT3,STK4,STMN1,SUN2,SYK,TAP1,TAPBP,TDO2,TGFBI,TGM2,THBD,TK1,TMSB10/TMSB4X,TOP2A,TPM1,TRADD,TRIM21,TUBB2A,TXN,UBE2I,UBE2L6,UGDH,UQCRC2,UTP18,VASP,VCL,WAS,WIPF1,ZEB2,ZNF318,ZYX",210 (38),38,2hr_PROT_causal,True,
106,TOPBP1, ,other,"Akt,CASP2,CCNE1,CDK2,CHEK1,CHEK2,E2F3,ERK1/2,FANCD2,H2AX,MDM4,MYC,NBN,PLK1,PRKDC,RB1,RELA,SMARCA4,SMC3,SRC,TOPBP1,TP53,TRIM28",3,Inhibited,-3.2689999999999997,2.66e-14,0.0006,"ABRACL,ACO1,ACSL3,ADH5,AK1,AKT1,AKT2,APOBEC3G,ARHGDIB,ARPC1A,ARPC1B,ARRB1,ATG7,ATG9A,BAG1,BAX,BCAT1,BCOR,BID,BUB1B,BZW2,C3,CA2,CASP1,CASP4,CASP8,CD151,CD63,CDK1,CEBPA,CFP,CHD3,COL1A1,COX5A,CP,CTCF,CTNND1,DHRS9,DNM1,ECM1,EGLN1,EGR2,EIF2B1,EIF4E,EIF4G1,EZH2,EZR,FAM3C,FBL,FBP1,FBXO22,FDXR,FEN1,FKBP3,FKBP5,FUBP1,GART,GBP1,GDF15,GMFG,GNL3,GSK3A,GSK3B,GSR,GSS,GSTO1,GSTP1,H1-2,H2AX,H2BC11,HCLS1,HLA-DRB1,HMGB1,HMGB2,HNRNPH1,HSP90AA1,HSPA8,HSPB1,HSPH1,HTT,HYI,IFI35,IGF2,IGFBP3,IL1RN,INPP1,IQGAP2,IRAG2,IREB2,ISCU,ITPR1,JUN,KRT10,LBR,LGALS3,LPL,LPXN,MAD1L1,MAPK1,MAT2A,ME1,ME2,MELTF,MKNK1,MST1,MTRES1,MX2,MYD88,NAMPT,NCAM1,NCOR2,NDRG1,NDUFB8,NFKB1,NIBAN1,NME1,NOLC1,NOP56,NOTCH1,NUCKS1,NUP153,OCIAD2,OXCT1,P2RX4,P4HB,PCNA,PDCD4,PDHX,PEA15,PFKP,PHGDH,PIN1,PKM,PLG,PPM1A,PPP1CA,PPP2CA,PPP3CA,PPP4C,PPP4R2,PREP,PTPN11,PTPN6,PTPRE,PXN,RAD23A,RALY,RBL2,RHOA,RSAD2,S100A4,S100A6,S100A8,SAE1,SDHA,SDHB,SEL1L,SERPINB8,SIRT6,SMAP2,SOD1,SON,SP100,SPRY2,SRSF1,SSBP1,STAT1,STAT3,STK4,STMN1,STOM,SUMO1,SUMO2,SUMO3,SYK,TAGLN2,TAPBP,TFAM,THBD,TM9SF2,TMED10,TMPO,TMSB10/TMSB4X,TOP2A,TOP2B,TPX2,TRAF1,TUBB,TWF1,UBA2,UBE2I,UQCRC2,UQCRQ,WIPF1,WRN,XPC,YWHAH,ZEB2",198 (23),21,2hr_PROT_causal,True,
108,MAP3K11, ,kinase,"AR,ATF1,ATF6,BCL2,BRAF,CASP8,CCND1,CCNE1,CDK2,CEBPA,CEBPB,Creb,CREB1,CTNNB1,DUSP1,EGFR,ELK1,ERK,ERK1/2,FOXO1,GSK3B,HIF1A,HNRNPA1,Hsp27,Jnk,JUN,KAT5,MAP2K1/2,MAP3K11,MED1,Mek,MET,MMP2,MTOR,MTORC1,NFkB (complex),Notch,NR3C1,P38 MAPK,PGR,PPARG,PPARGC1A,RELA,RICTOR,RPS6KB1,RUNX2,RXRA,SHC1,SP1,STAT3,TP53,TP63",3,Inhibited,-3.153,2.86e-14,0.0381,"A2M,ABCE1,ACADM,ACO1,ACSL3,ACTB,ACTR3,ADAM10,AGO2,AK1,AKR1B1,AKT1,AKT2,ALDOA,APEX1,APOB,APOBEC3G,APOE,ARHGDIB,ARPC1B,ARRB1,ATG7,ATG9A,ATP2A2,BCLAF1,BID,BST2,BUB1B,C11orf58,C3,CA2,CAPN2,CARS1,CASP4,CBR1,CBS/CBSL,CD46,CD70,CDC42,CEBPA,CEBPZ,CHD3,CKAP4,CLGN,COL1A1,COL1A2,CPT2,CSE1L,CSTA,DDX21,DEGS1,DNM1,DNM1L,DPYSL2,DR1,EDF1,EED,EEF1A2,EEF1B2,EGLN1,EGR2,EIF1AX,EIF2B1,EIF4E,EIF4G1,EIF5,ENO1,ERBIN,EZR,FABP4,FABP5,FAM3C,FBXO22,FDPS,FDXR,FHL1,FKBP3,FKBP4,FKBP5,FLI1,FSCN1,G3BP1,GABPA,GAPDH,GART,GBP1,GDF15,GDI1,GLUL,GNL3,GOT1,GSK3A,GSK3B,GSTM3,GSTP1,H1-10,H2BC12,HINT1,HMGB1,HMGB2,HNRNPA1,HNRNPA2B1,HNRNPH1,HSPA1A/HSPA1B,HSPA8,HSPB1,HSPH1,HTT,HYOU1,IGFBP2,IGLL1/IGLL5,IL1B,IL1RAP,ILK,IPO7,IREB2,IRF5,IRF8,ISCU,ITGB2,ITIH2,JAK1,JMJD6,JUN,KAT2B,KIFC1,KYNU,LASP1,LEMD3,LGALS3,LIMS1,LMAN1,LTF,LUM,MAP2K2,MAPK1,MAPK7,MARCKS,MAT2A,MATK,MBD2,ME1,ME2,MIF,MKI67,MKNK1,MMP2,MNDA,MPG,MRPL20,MST1,MTA2,MTHFD2,MX2,NAE1,NAMPT,NAP1L1,NCOR2,NDRG1,NFKB1,NIBAN2,NME1,NOLC1,NOP2,NPC1,NUCKS1,NUDCD2,NUP153,P2RX4,P4HA1,PCYT1A,PDHX,PDIA4,PDIA5,PDLIM1,PELP1,PGK1,PHGDH,PKM,PLG,POSTN,PPAT,PPIA,PPIF,PPM1A,PPP1CA,PPP2CA,PPP2R1A,PPP3CB,PPP4C,PPP4R2,PRDX2,PRKAR1A,PRMT1,PSIP1,PSMB3,PSMB5,PSMB9,PTPN11,PTPN2,PTPN6,PTPRE,PXN,RABGAP1L,RAD23A,RALY,RAN,RASA1,RBP4,RPA1,RPL10,RPL27A,RSAD2,S100A11,S100A9,SAR1A,SEL1L,SERPINB1,SERPINB8,SERPINB9,SERPINF1,SH3GLB1,SHBG,SIRT6,SLC9A3R1,SMAP2,SOD1,SON,SPC25,SPRY2,SREBF2,SRSF1,STAT1,STAT3,STK4,STMN1,STOM,SYK,TAGLN2,TALDO1,TAP1,TAPBP,TDO2,TFB2M,TGM2,THBS1,TIMP2,TLN1,TMSB10/TMSB4X,TOP1,TOP2A,TOP2B,TPI1,TPM1,TPX2,TRADD,TREM2,TUBA1C,TUBB2A,TUFM,TXN,TYMP,UBE2I,UGDH,VASP,VCL,WAS,XPC,XPO1,YLPM1,YWHAH,YWHAZ",272 (52),50,2hr_PROT_causal,True,
112,NOD2, ,other,"AR,ATF1,ATF6,BCL2,CASP1,CASP8,CCND1,CD247,CDK2,CEBPA,CEBPB,CREB1,DUSP1,EGFR,ELK1,ERK,ERK1/2,estrogen receptor,FOXO1,GSK3B,HIF1A,HNRNPA1,Hsp27,IKBKG,IRF3,Jnk,JUN,KAT5,MET,MMP2,MTOR,NFkB (complex),NOD2,Notch,NR3C1,P38 MAPK,PGR,PPARG,PPARGC1A,RELA,RPS6KB1,RUNX2,RXRA,SHC1,SP1,STAT3,TP53,TP63,ZAP70",3,Inhibited,-2.764,3.2e-14,0.0453,"A2M,ACADM,ACO1,ACSL3,ACTB,ACTR3,ADAM10,AGO2,AK1,AKR1B1,AKT1,ALDOA,APEX1,APOB,APOBEC3G,APOE,ARHGDIB,ARPC1B,ARRB1,ATG7,ATG9A,ATP2A2,BCLAF1,BID,BST2,BUB1B,C11orf58,C3,CA2,CAPG,CAPN2,CARS1,CASP4,CBR1,CBS/CBSL,CD46,CD70,CDC42,CEBPA,CHD3,CKAP4,CLGN,COL1A1,COL1A2,COL3A1,COL9A2,CPT2,CSE1L,CSTA,CTCF,DDX21,DEGS1,DNM1,DNM1L,DPYSL2,DR1,EED,EEF1A2,EEF1B2,EGR2,EIF1AX,EIF2B1,EIF4E,EIF4G1,EIF5,ENO1,ERBIN,EZR,FABP4,FABP5,FAM3C,FBXO22,FCER1G,FDPS,FDXR,FHL1,FKBP3,FKBP4,FLI1,G3BP1,GABPA,GAPDH,GART,GBP1,GDF15,GDI1,GLUL,GNL3,GOT1,GSK3A,GSK3B,GSTM3,GSTP1,H1-10,H2BC12,HINT1,HMGB1,HMGB2,HNRNPA1,HNRNPA2B1,HNRNPH1,HSP90AA1,HSPA1A/HSPA1B,HSPA8,HSPB1,HSPH1,HTT,HYOU1,IGFBP2,IL1B,IL1RAP,ILK,IPO7,IREB2,IRF5,ISCU,ITGB2,ITIH2,JMJD6,JUN,KAT2B,KYNU,LASP1,LBR,LEMD3,LGALS3,LIMS1,LMAN1,LTF,LUM,MAD1L1,MAPK1,MAPK7,MARCKS,MATK,MBD2,ME1,ME2,MIF,MKI67,MKNK1,MMP2,MNDA,MPG,MRPL20,MSN,MST1,MTA2,MTHFD2,MX2,NAE1,NAMPT,NAP1L1,NCOR2,NDRG1,NFKB1,NIBAN2,NME1,NOLC1,NOP2,NOTCH1,NPC1,NUCKS1,NUDCD2,NUP153,P2RX4,P4HA1,PCYT1A,PDHX,PDIA4,PDIA5,PDLIM1,PELP1,PGK1,PHGDH,PLCG2,PLG,POSTN,PPIA,PPIF,PPM1A,PPP1CA,PPP2CA,PPP2R1A,PPP3CA,PPP4C,PPP4R2,PRDX2,PRKAR1A,PRMT1,PSIP1,PSMB3,PSMB5,PSMB9,PTPN11,PTPN2,PTPN6,PTPRE,PXN,RAD23A,RALY,RAN,RASA1,RBP4,RPA1,RPL10,RPL27A,RSAD2,S100A11,S100A9,SAR1A,SEL1L,SERPINB1,SERPINB8,SERPINB9,SERPINF1,SH3GLB1,SHBG,SIRT6,SMAP2,SOD1,SON,SPC25,SPRY2,SREBF2,SRSF1,STAT1,STAT3,STK4,STMN1,STOM,SYK,TAGLN2,TALDO1,TAP1,TAPBP,TDO2,TGM2,THBS1,TLN1,TMSB10/TMSB4X,TOP1,TOP2A,TOP2B,TPI1,TPM1,TPX2,TRADD,TRAF1,TUBA1C,TUBB2A,TUFM,TXN,TYMP,UBE2I,UGDH,VASP,VCL,VIM,WAS,XPC,XPO1,YLPM1,YWHAH,YWHAZ",265 (49),47,2hr_PROT_causal,True,
114,G protein alphai, ,group,"ADCY,AKT1,Ap1,AR,CASP9,CEBPA,CHEK1,Creb,CTNNB1,EGFR,EGR1,ERBB3,ERK,ERK1/2,FOXO1,FOXO3,G protein alphai,GPIIB-IIIA,GSK3B,HDAC6,HIF1A,ITGB4,Jnk,JUN,KCNN4,MAP2K1/2,Mapk,MAPK1,MAPK3,MED1,MET,MMP2,MTOR,NFkB (complex),P38 MAPK,PARP1,PGR,RAC1,RELA,RHOA,RPS6KB1,SHC1,SMAD3,SP1,STAT3,STK4,TAB1,TERT",3,Inhibited,-3.702,4.02e-14,0.0033,"A2M,ACO1,ACTR3,ADAM10,ADAR,AGO2,AKR1B1,AKT1,ALB,ALDOA,APOBEC3G,APOC3,APOE,ARRB1,ATG7,ATXN10,BAX,BST2,BUB1B,C3,CA2,CAPN2,CARS1,CASP1,CASP4,CAST,CBS/CBSL,CD70,CDK1,CDKN2C,CEBPA,CLGN,COL1A2,COL3A1,CPT2,DDX21,DEGS1,DNM1L,DPYSL2,DR1,DTYMK,EDF1,EED,EEF1A2,EIF1AX,EIF4E,EIF4G1,ERP29,EZR,FABP4,FABP5,FDXR,FEN1,FHL1,FKBP4,FKBP5,FLI1,FN1,FSCN1,GAPDH,GBP1,GBP2,GCLC,GCLM,GDI1,GLUL,GOT1,GPX4,GSPT1,GSTM3,GSTP1,H1-10,H2AX,H2BC12,HINT1,HMGB2,HNRNPA1,HNRNPA2B1,HNRNPH1,HSPB1,HSPH1,HYOU1,IFI35,IGF2,IGFBP3,IGLL1/IGLL5,IL1RN,IRF5,IRF8,ITPR1,JAK1,JMJD6,JUN,KAT2B,KIFC1,KYNU,LAP3,LBR,LDHA,LEMD3,LIMS1,LMAN1,LTF,MAD1L1,MAP2K2,MATK,MBD2,MECP2,MIF,MKI67,MKNK1,MMP2,MTA2,MX2,MYD88,NAE1,NAP1L1,NAT1,NCAM1,NDUFB8,NFKB1,NMI,NQO1,NUCKS1,NUDCD2,NVL,P4HA1,PARP12,PDIA5,PDLIM1,PELP1,PFDN1,PFKP,PGK1,PHGDH,PKM,POSTN,PPIA,PPIF,PPP2R1A,PPP3CA,PPP3CB,PPP5C,PRKAR1A,PSIP1,PSMB3,PSMB5,PSMB9,PSME2,PTPN2,PTPRE,RABGAP1L,RAD23A,RASA1,RHOC,RSAD2,S100A4,S100A8,S100A9,SAMHD1,SAR1A,SDHB,SERPINB1,SERPINB8,SERPINF1,SH3GLB1,SIRT6,SLC9A3R1,SP1,SP100,SPC25,SREBF2,SRSF1,STAT3,STK4,STMN1,SUN2,SYK,TAP1,TAPBP,TDO2,TFAM,TGFBI,TGM2,THBD,TIMP2,TK1,TOP2A,TPX2,TRADD,TRIM21,TUBB2A,TXN,UBE2I,UBE2L6,UGDH,UQCRC2,UTP18,VASP,VCL,VIM,WAS,ZEB2,ZNF318,ZYX",205 (48),45,2hr_PROT_causal,True,
116,PCGEM1, ,other,"G6PD,MYC,PCGEM1",2,Inhibited,-2.5,4.18e-14,0.0001,"AKT1,ALDOA,BAG1,BAX,BCAT1,BCOR,BZW2,CD151,COL1A1,COX5A,CS,EIF4E,EIF4G1,ENO1,EZH2,FBL,G6PD,GAPDH,GGT1,GLUD1,GSR,HNRNPH1,HSP90AA1,HSPB1,HSPD1,HSPH1,IDH1,IDH2,IFI35,IPO7,IQGAP2,LDHA,LSS,MAT2A,MX2,MYD88,NCF2,NOLC1,NOP56,NUDT9,PDCD4,PGD,PGK1,PGLS,PKM,PREP,RHOA,RSAD2,SAE1,SDHA,SP100,SRSF1,STAT1,STAT3,SUCLG1,SUMO1,SUMO2,SUMO3,TALDO1,UBA2,UBE2I,UQCRQ,WRN,XPO1",64 (3),3,2hr_PROT_causal,True,
117,PTPN2,-1.866,phosphatase,"ABL1,Akt,AKT1,AMPK,BCL2,CAV1,CHUK,CTNNB1,EGFR,ERBB3,ERK1/2,FGFR1,FOS,HDAC6,HIF1A,IKBKB,ITGB4,JAK1,Jnk,JUN,MAP2K1/2,Mapk,MET,NFkB (complex),P38 MAPK,PARP1,PGR,POU5F1,PTPN2,RAC1,RELA,RHOA,RHOC,SHC1,SMAD3,SP1,STAT1,STAT3,STAT5a/b,TP53,TP63",3,Activated,2.434,4.18e-14,0.0167,"ACO2,ACSL3,ACTB,ADAM10,AFP,AGO2,AK1,AKT1,ALDOA,APOBEC3G,APOC3,APOE,ARHGDIB,ARPC1B,ARRB1,ATG9A,ATP2A2,ATXN10,BAG1,BID,BIRC6,BUB1B,C4A/C4B,CAPN2,CARS1,CASP4,CASP8,CAST,CBS/CBSL,CD14,CD46,CDC42,CDK6,CEBPA,CHD3,CKAP4,COL1A1,COL1A2,CPT2,CSTA,CTCF,DDX21,DNM1,DPYSL2,ECM1,EED,EGR2,EIF1AX,EIF2B1,EIF4E,EIF4G1,EZH2,EZR,FABP4,FABP5,FAM3C,FBXO22,FEN1,FHL1,FKBP3,FLI1,FN1,FSCN1,FUBP1,GAPDH,GART,GBP1,GBP2,GBP4,GCLC,GCLM,GNL3,GOT1,GPX4,GSK3A,GSK3B,GSPT1,GSTM3,GSTP1,H2AX,H2BC12,HINT1,HMGB1,HMGB2,HNRNPA1,HNRNPA2B1,HNRNPH1,HSPA1A/HSPA1B,HSPA8,HSPB1,HTT,IDI1,IFI35,IGFBP2,IGFBP3,IL1B,IL1RAP,IL1RN,IPO7,IRAG2,IREB2,IRF5,ISCU,ITPR1,JAK1,JMJD6,JUN,KAT2B,KIFC1,KRT10,KYNU,LBR,LCP2,LDHA,LGALS3,LIMS1,MAD1L1,MAP2K2,MAPK1,MAT2A,MATK,MBD2,ME1,ME2,MIF,MKNK1,MMP2,MST1,MTA2,MYD88,NAE1,NAMPT,NAT1,NCAM1,NCF1,NDRG1,NDUFB8,NFKB1,NIFK,NME1,NOLC1,NOTCH1,NPC1,NQO1,NUCKS1,NUDCD2,NUP153,NVL,P2RX4,PDHX,PDLIM1,PEA15,PELP1,PFDN1,PFKP,PGK1,PKM,PLG,POSTN,POU2F2,PPIA,PPIF,PPM1A,PPP1CA,PPP2CA,PPP3CA,PPP4C,PPP4R2,PRKAR1A,PSIP1,PSMB3,PSMB5,PTPN11,PTPN6,PTPRE,RALY,RASA1,RHOA,RHOC,RIPK2,RPA1,S100A4,SAR1A,SDHA,SDHB,SEL1L,SERPINB8,SLC9A3R1,SMAP2,SOD1,SON,SP1,SRSF1,STAT3,STIP1,STK4,STOM,SYK,TAGLN2,TAP1,TAPBP,TDO2,TFAM,TGFBI,TGM2,THBD,TK1,TMED10,TMSB10/TMSB4X,TOP2B,TPM1,TPX2,TRADD,TRAF1,TRIM21,TUBB,TXN,UGDH,UGP2,UQCRC2,VASP,VCL,VIM,WARS1,WAS,WIPF1,XPC,XPO1,YWHAH,ZEB2,ZYX",231 (41),40,2hr_PROT_causal,True,
120,ANGPT1, ,growth factor,"Akt,ANGPT1,ATF2,CASP8,CASP9,CCAR2,CCND1,CCNE1,CDC42,CDK2,CEBPA,CEBPB,Creb,CTNNB1,DIAPH1,DUSP1,DYRK1B,ELK1,ERK,ERK1/2,EZH2,FOSL1,FOXO1,GSK3B,HMGA1,ITGB4,JUN,LATS1,MED1,Mek,MMP2,MRTFA,MTOR,MYC,NCL,NFAT5,NOS2,Notch,NR4A1,P38 MAPK,PDGFRA,PGR,PHB2,PPARG,PRKAA,Rac,RAC1,RAS,Ras homolog,RB1,RELA,RHOA,ROCK,RUNX2,RXRA,SMAD3,SP1,SREBF2,STAT3,TAZ,TCF7L2,TP53,WWTR1,YAP1,YBX1",3,Inhibited,-2.807,5.87e-14,0.032,"A2M,ABCE1,ACO1,ACSL3,ACTB,AK1,AKR1B1,AKT2,APOB,APOBEC3G,ARHGDIB,ARRB1,ASNS,ASPH,ATP2A2,BAG1,BCAT1,BCLAF1,BCOR,BID,BUB1B,BZW2,C11orf58,C3,CAPN2,CASP1,CASP8,CBS/CBSL,CD151,CD70,CDC42,CEBPA,CEBPZ,CHD3,CKAP4,CNDP2,CNN3,COL1A1,COX4I1,COX5A,CP,CPT2,CSE1L,DAB2,DDX21,DNM1,DPYSL2,DR1,ECM1,EDF1,EEF1A2,EEF1B2,EFEMP1,EGLN1,EHD1,EIF1AX,EIF2B1,EIF4E,EIF4G1,EIF5,ENO1,ENO3,ERBIN,EZH2,EZR,FAM3C,FBL,FBP1,FBXO22,FDPS,FEN1,FKBP3,FKBP5,FN1,FSCN1,FUBP1,G3BP1,GART,GNL3,GOT1,GPX4,GSK3A,GSK3B,GSPT1,GSR,GSS,GSTM3,H1-10,HINT1,HMGB1,HNRNPH1,HSP90AA1,HSPA1A/HSPA1B,HSPA8,HSPB1,HSPD1,HSPH1,HTT,HYOU1,IDH1,IDI1,IGLL1/IGLL5,IL1RN,IPO7,IQGAP2,IREB2,IRF8,ISCU,ITGB2,ITIH2,KAT2B,KIFC1,KRT10,LASP1,LBR,LDHA,LGALS3,LTF,LUM,MAD1L1,MAP2K2,MAPK1,MARCKS,MATK,ME1,ME2,MIF,MKNK1,MMP2,MST1,MTHFD2,MVD,MX2,MYD88,NCAM1,NCOR2,NDRG1,NDUFB8,NIBAN1,NIBAN2,NME1,NOP16,NOP2,NOP56,NOTCH1,NPC1,NUDT1,NUP153,P2RX4,PCYT1A,PDCD4,PDHX,PDLIM1,PEA15,PFKP,PFN1,PGK1,PHGDH,PKM,PLG,POSTN,PPAT,PPIF,PPM1A,PPP1CA,PPP2CA,PPP2R1A,PPP3CA,PPP3CB,PPP4C,PPP4R2,PREP,PRMT1,PSIP1,PSMB5,PSMB9,PTPN11,PTPN2,PTPN6,PTPRE,RABGAP1L,RALY,RASA1,RBL2,RBP4,RHOC,RPL10,RPL27A,S100A11,S100A9,SAE1,SDHB,SEC24D,SEL1L,SERPINB1,SERPINB8,SERPINF1,SH3BP1,SH3GLB1,SHBG,SIRT6,SLC9A3R1,SMAP2,SON,SP100,SPC25,SPRY2,SRSF1,STAT1,STAT3,STMN1,STOM,SUMO1,SUMO2,SUMO3,SYK,TAGLN2,TALDO1,TAP1,TAPBP,TFAM,TFB2M,TGM2,THBS1,TLN1,TMED10,TOP1,TOP2B,TPI1,TPM1,TPX2,TRADD,TREM2,TUBA1C,TUBB,TUBB2A,TUFM,TXN,TYMP,UBA2,UBE2I,UGDH,UGP2,UQCRC2,UQCRQ,VASP,VCL,VIM,VPS29,WAS,WIPF1,WRN,XPC,XPO1,YLPM1,YWHAH,ZYX",257 (65),59,2hr_PROT_causal,True,
121,MCRS1, ,other,"Akt,AKT1,ATF2,ATM,ATR,CASP8,CHEK1,CHEK2,Creb,E2f,E2F3,ELF4,ERK1/2,FOXO3,GLB1,GLI1,GSK3B,IGF1R,IKBKB,Jnk,JUN,MAP2K1,MAPK1,MAPK9,MCRS1,MDM4,Mek,NCL,P38 MAPK,PI3K (complex),PRKAA,PRKAA1,PRKCE,RAC1,RB1,RELA,SMC3,TP53,TP73,TRIM28,XPA,ZEB1",3,Inhibited,-3.5,6.06e-14,0.0124,"ABCE1,ACO1,ACSL3,ACTB,ADAR,ADGRE2,ADH5,ADK,AK1,AKT1,ALOX5,APOBEC3G,ARHGDIB,ARPC1A,ARPC1B,ARPC5,ARRB1,ASNS,ATG7,BAX,BID,BST2,BUB1B,C1QTNF3,CA2,CASP1,CASP4,CASP8,CBX1,CD46,CD70,CDC42,CDK1,CDK6,CEBPA,CEBPZ,CHD3,CNTRL,COL1A2,COX4I1,CSE1L,CTNND1,CTPS1,DDX21,DEGS1,DNM1,ECM1,EFHD2,EGLN1,EHD1,EIF2B1,ELOB,ELOC,ENDOD1,ERP29,EZH2,EZR,FABP4,FAM3C,FBXO22,FDXR,FEN1,FHL1,FKBP3,FN1,FSCN1,FUBP1,G6PD,GALNT2,GAPDH,GART,GBP1,GCLC,GCLM,GDF15,GNL3,GOT1,GPA33,GSK3A,GSK3B,GSPT1,GSR,H1-0,H1-2,H2AX,H2BC11,HLA-DRB1,HMGB1,HMGB2,HSPA1A/HSPA1B,HSPA8,HSPB1,HSPD1,HTT,HYOU1,IDH2,IFI35,IGF2,IGFBP2,IGFBP3,IL1B,IL1RN,IPO7,IQGAP2,IQGAP3,IREB2,ISCU,JUN,KRT10,LAP3,LASP1,LBR,LDHA,LEMD3,LGALS1,LGALS3,LPL,MAD1L1,MANF,MAP2K2,MAPK1,MAT2A,ME1,ME2,MECP2,METAP2,METTL7A,MIF,MKNK1,MMP2,MSI2,MST1,MT1G,MX2,NDRG1,NDUFB8,NFKB1,NIBAN1,NME1,NMI,NOLC1,NOTCH1,NPEPL1,NQO1,NRGN,NUCKS1,NUP153,OGFRL1,P2RX4,P4HB,PARP12,PCNA,PDCD4,PDHX,PDIA3,PEA15,PFKP,PHGDH,PKM,PLG,PPAT,PPIF,PPM1A,PPP1CA,PPP2CA,PPP3CA,PPP4C,PPP4R2,PRKACB,PSME2,PTPN11,PTPN2,PTPN6,PTPRE,QSOX1,RAD23A,RALY,RASA1,RBL2,RHOA,RPL27A,RPS6KA1,RPS6KA3,S100A11,S100A4,S100A6,S100A8,S100A9,SAMHD1,SDHA,SDHB,SEL1L,SFXN3,SH3GLB1,SIRT6,SMAP2,SON,SP1,SP100,SPRY2,SRM,SSBP1,STK4,STMN1,STOM,SUN2,SYK,TAF7,TAGLN2,TAP1,TAPBP,TF,TFAM,TFB2M,TGFBI,TGM2,THBD,THBS1,TIMP2,TM9SF2,TMED10,TMPO,TMSB10/TMSB4X,TOP1,TOP2A,TOP2B,TPX2,TRADD,TRAF1,TREM2,TRIM21,TTC13,TUBB,TUFM,UBE2I,UBE2L6,UQCRC2,UTP18,VKORC1L1,VMP1,WIPF1,XPC,XPO1,YWHAH,ZDHHC3,ZEB2,ZNF318",247 (42),40,2hr_PROT_causal,True,
124,EML4-ALK, ,fusion gene/product,"CASP8,CASP9,CCND1,CCNE1,CDK2,CDKN1A,CEBPB,DUSP1,ELK1,EML4-ALK,ERK,ERK1/2,HIF1A,JAK2,Mapk,MMP2,NFkB (complex),NOS2,Notch,P38 MAPK,PPARG,RAC1,RB1,RELA,RHOA,RPS6KB1,RUNX2,RXRA,STAT1,STAT3,STAT5a/b,STAT6,TP53,TP63",3,Inhibited,-2.685,8.12e-14,0.0149,"ACO1,ACSL3,ACTB,ADAM10,AK1,AKT2,ALB,ALDOA,APOB,APOBEC3G,APOC3,APOE,ARF1,ARHGDIB,ARPC1B,ARRB1,ATG9A,BAX,BCLAF1,BID,BST2,BUB1B,C11orf58,C3,C4A/C4B,CARS1,CASP1,CASP4,CASP8,CAST,CD14,CD46,CD70,CDC42,CDK1,CDK6,CDKN2C,CEBPA,CHD3,COL1A1,COL1A2,COL3A1,COX4I1,CPT2,CSE1L,CSTA,DNM1,DR1,ECM1,EED,EEF1B2,EGLN1,EGR2,EIF2B1,EIF4E,EIF4G1,EIF5,ENO1,ERBIN,EZR,FABP4,FABP5,FAM3C,FBXO22,FEN1,FHL1,FKBP3,FN1,FSCN1,FUBP1,G3BP1,GAPDH,GART,GBP1,GBP2,GBP4,GDF15,GNL3,GSK3A,GSK3B,GSPT1,H2BC12,HMGB1,HSPA1A/HSPA1B,HSPA8,HSPB1,HTT,IDI1,IFI35,IGFBP2,IGFBP3,IL1B,IL1RAP,IL1RN,IPO7,IRAG2,IREB2,IRF5,ISCU,ITGB2,ITIH2,JMJD6,JUN,KAT2B,KYNU,LASP1,LBR,LCP2,LDHA,LEMD3,LGALS3,LIMS1,LUM,MAD1L1,MAP2K2,MAPK1,MARCKS,MBD2,ME1,ME2,MIF,MKNK1,MMP2,MST1,MTHFD2,NAE1,NAMPT,NCAM1,NCOR2,NDRG1,NFKB1,NIBAN2,NIFK,NME1,NOLC1,NOP2,NOTCH1,NUCKS1,NUDCD2,NUP153,P2RX4,PCNA,PCYT1A,PDHX,PELP1,PFKP,PGK1,PHGDH,PKM,POSTN,PPM1A,PPP1CA,PPP2CA,PPP2R1A,PPP3CA,PPP4C,PPP4R2,PRMT1,PSIP1,PSMB5,PTPN11,PTPN2,PTPN6,PTPRE,PXN,RAD23A,RALY,RBP4,RHOC,RPA1,RPL10,RPL27A,RSU1,S100A11,S100A8,SAR1A,SEL1L,SET,SHBG,SIRT6,SMAP2,SOD1,SON,SP100,SREBF2,STAT3,STAT6,STIP1,STK4,STMN1,STOM,TAGLN2,TALDO1,TAP1,TAPBP,TDO2,TFAM,TGM2,THBD,THBS1,TLN1,TOP1,TOP2A,TOP2B,TPI1,TPM1,TPX2,TRADD,TRIM21,TUBA1C,TUBB,TUFM,TYMP,UGP2,VIM,WARS1,WAS,WIPF1,XPC,XPO1,YLPM1,YWHAH",222 (34),34,2hr_PROT_causal,True,
125,FGFR2, ,kinase,"Akt,AKT1,Ap1,ATM,BRAF,CASP9,CDK2,CEBPA,CHEK2,CTNNB1,EGFR,EGR1,ELK1,ERBB2,ERBB3,ERK1/2,ESR1,FGFR2,GSK3B,HDAC6,HIF1A,ITGB4,Jnk,JUN,MAP2K1,Mapk,MAPK1,MED1,Mek,MTOR,NCOA3,NFkB (complex),P38 MAPK,PARP1,PDCD4,PGR,PI3K (family),RAC1,RB1,RELA,RHOA,RICTOR,SHC1,SMAD3,SP1,STAT1,STAT3,STAT5a/b,TERT,YBX1",3,Inhibited,-5.218,8.19e-14,0.0431,"A2M,ABCE1,ACO1,ACTB,ADAM10,ADAR,ADH5,AGO2,AKR1B1,AKT1,ALB,ALDOA,ALOX5,APOC3,APOE,ARF4,ARHGAP1,ARHGDIB,ARPC5L,ARRB1,ASS1,ATG7,ATXN10,B3GALT6,BAX,BCAS3,BPNT2,BST2,C3,C4A/C4B,CA2,CAPN2,CARS1,CASP1,CBS/CBSL,CD14,CD70,CDC37,CDC42,CDKN2C,CEBPA,CEBPZ,CHD7,CKAP4,COL1A1,COL1A2,COL3A1,COL6A3,CP,CPT2,DPYSL2,DR1,DTYMK,EDF1,EED,EEF1A2,EFEMP1,EGLN1,EIF1AX,EIF4E,EIF4G1,ENO1,ERP29,EZH2,EZR,FABP4,FABP5,FDPS,FDXR,FHL1,FKBP5,FLI1,FSCN1,GAPDH,GART,GBP1,GBP4,GCLC,GCLM,GLO1,GLUL,GNL3,GOT1,GPX4,GSPT1,GSTM3,GSTP1,H1-10,H2BC12,HGSNAT,HINT1,HMGB2,HNRNPA1,HNRNPA2B1,HNRNPD,HNRNPH1,HSPH1,IDI1,IGF2,IGFBP3,IGLL1/IGLL5,IL1B,IRAG2,IRF5,IRF8,ITGB2,ITPR1,JMJD6,JUN,KAT2B,KIFC1,KRT10,KYNU,LAMB1,LAMP1,LAP3,LBR,LCP2,LDHA,LGALS1,LGALS3,LIG3,LIMS1,LTF,MAD1L1,MAP2K2,MAT2A,MATK,MBD2,MECP2,METTL7A,MIF,MKI67,MKNK1,MMP2,MTA2,MTHFD2,MX2,MYD88,NAE1,NAMPT,NAT1,NCAM1,NCOR2,NDRG1,NDUFB8,NIFK,NMI,NOTCH1,NPC1,NQO1,NUCKS1,NUDCD2,NVL,PAICS,PARP12,PCNA,PDCD4,PDLIM1,PEA15,PELP1,PFDN1,PFKP,PGK1,PGLS,PHGDH,PIK3CD,PKM,PLG,POLDIP2,POLR2A,POSTN,PPAT,PPIA,PPIF,PPP3CA,PPP3CB,PREX1,PRKAR1A,PRPS1,PSIP1,PSMB3,PSMB5,PSMB9,PSME2,PTPN2,PTPRE,PXN,RABGAP1L,RAD23A,RASA1,RBL2,RHOC,RPA1,RSAD2,S100A4,S100A8,S100A9,SAMD9,SAR1A,SDHA,SDHB,SERPINB1,SERPINB8,SERPINF1,SH3GLB1,SLC9A3R1,SMAP2,SOD1,SP100,SRSF1,STAT3,STIP1,STK4,STMN1,STT3B,SUN1,SUN2,SYK,TACC1,TAP1,TAPBP,TDO2,TFB2M,TGFBI,TGM2,THBD,TK1,TKT,TMED10,TMED9,TMSB10/TMSB4X,TMX3,TOP1,TOP2A,TPM1,TRADD,TUBB2A,TXN,UBE2I,UBE2L6,UGDH,UGP2,UQCRC2,UTP18,VASP,VCL,VIM,WARS1,WAS,ZEB2,ZNF318,ZYX",253 (50),48,2hr_PROT_causal,True,
127,TGFB2, ,growth factor,"Akt,ATF1,ATF6,CDK1,CEBPB,Creb,CREB1,CTNNB1,CYP19A1,EGFR,ELK1,ERN1,HIF1A,HNRNPA1,Hsp27,KAT5,MET,MMP2,MTOR,NFkB (complex),NFKB1,NR3C1,P38 MAPK,PDGFRA,PDGFRB,PGR,PI3K (family),PPARGC1A,RELA,SMAD2,SP1,STAT1,STAT3,TGFB2,TGM2,TP53,TP63,YAP1",3,Inhibited,-2.4619999999999997,1.0300000000000002e-13,0.0269,"ACADM,ACO1,ACSL3,ACTB,ADAM10,ADGRE2,AGO2,AK1,ALB,ALDOA,APEX1,APOB,APOBEC3G,APOE,ARHGDIB,ARPC1B,ARRB1,ATG9A,ATP2A2,BID,BST2,BUB1B,C3,C4A/C4B,CA2,CAPN2,CARS1,CASP1,CAST,CBR1,CBS/CBSL,CD14,CD46,CD70,CD74,CDC42,CDK6,CFP,CHD3,CKAP4,COL1A1,COL1A2,COL3A1,COX4I1,CPT2,CSTA,DAB2,DDX21,DNAJC10,DNM1,DPYSL2,DTYMK,ECM1,EDEM1,EED,EGLN1,EGR2,EHD1,EIF1AX,EIF2B1,EIF4E,EIF4G1,ERLEC1,EZH2,EZR,FABP4,FABP5,FAM3C,FBXO22,FCER1G,FDPS,FDXR,FEN1,FHL1,FKBP3,FN1,FSCN1,FUBP1,GABPA,GAPDH,GART,GBP1,GBP2,GBP4,GCLC,GCLM,GDF15,GLUL,GNL3,GOT1,GSK3A,GSS,GSTM3,H2AX,H2BC12,HINT1,HK3,HMGB1,HNRNPA1,HNRNPA2B1,HNRNPH1,HSPA1A/HSPA1B,HSPA8,HSPB1,HSPG2,HSPH1,HTT,IFI35,IGFBP2,IL1B,IL1RAP,IL1RN,ILK,IPO7,IREB2,IRF5,ISCU,JMJD6,JUN,KAT2B,KIFC1,KRT10,KYNU,LBR,LDHA,LEMD3,LGALS3,LIMS1,LSP1,MAD1L1,MAP2K2,MAPK1,MAPK7,MAT2A,MATK,MBD2,ME1,ME2,MIF,MKI67,MMP2,MNDA,MPG,MRPL20,MST1,MTA2,MTHFD2,MX2,NAE1,NAMPT,NCF2,NDUFB8,NFKB1,NME1,NOLC1,NPC1,NQO1,NUCKS1,NUDCD2,NUP153,OTUD6B,P2RX4,PAK1,PCNA,PDHX,PDIA4,PDLIM1,PEA15,PELP1,PFKP,PGK1,PHGDH,PLG,PPIA,PPIF,PPM1A,PPP1CA,PPP2CA,PPP2R1A,PPP3CA,PPP4C,PPP4R2,PRDX2,PREX1,PRKAR1A,PRMT1,PSIP1,PSMB3,PSMB5,PSMB9,PTPN11,PTPN2,PTPN6,PTPRE,PXN,RALY,RAN,RPA1,RPF2,RSAD2,S100A8,SAMHD1,SAR1A,SDHB,SEL1L,SERPINB8,SERPINB9,SIRT6,SLC9A3R1,SLPI,SMAP2,SOD1,SON,SREBF2,SRSF1,STAT1,STAT3,STK4,STMN1,TAGLN2,TAP1,TDO2,TGM2,THBD,THBS1,TIMP2,TK1,TMED10,TOP1,TOP2A,TOP2B,TPM1,TPX2,TRADD,TRIM21,TTC27,TUBB,UBA7,UGDH,UGP2,UQCRC2,VASP,VCL,VIM,WARS1,WAS,WIPF1,XPC,XPO1,YWHAH,YWHAZ",251 (38),38,2hr_PROT_causal,True,True
128,HES1, ,transcription regulator,"AKT1,AMPK,CASP9,CEBPA,CHEK1,Creb,CTNNB1,EGFR,ELK1,ERBB2,ERK,ERK1/2,Focal adhesion kinase,FOXO3,Gsk3,HES1,HSF1,MAPK1,MED1,MET,MMP2,MTOR,MTORC1,NFkB (complex),NR3C1,PDGFRA,PRKAA,RAC1,RELA,RPS6KB1,SP1,STAT3,TP53,YAP1",3,Inhibited,-2.935,1.0699999999999999e-13,0.0102,"A2M,ACO2,ACSL3,ACTB,ADAR,AGO2,AK1,AKR1B1,AKT1,ALB,APOBEC3G,ARHGDIB,ARPC1B,ARRB1,ATG7,B3GALT6,BAX,BID,BPNT2,BST2,BUB1B,C3,CA2,CASP1,CASP8,CBR1,CBS/CBSL,CD46,CDC37,CDC42,CDK6,CEBPA,CHD3,CHD7,COL3A1,COL6A3,CTCF,DAB2,DNM1,DTYMK,ECM1,EDF1,EEF1A2,EFEMP1,EGLN1,EIF2B1,EIF4A2,ERP29,EZR,FABP5,FAM3C,FBLN1,FBXO22,FDXR,FEN1,FKBP3,FKBP4,FN1,FSCN1,FUBP1,GART,GCLC,GCLM,GLO1,GNL3,GSK3A,GSK3B,GSPT1,GSR,GSS,H1-10,H2AX,HGSNAT,HINT1,HMGB1,HNRNPA1,HNRNPA2B1,HNRNPA3,HNRNPH1,HSP90AA1,HSP90AB1,HSPA1A/HSPA1B,HSPA4,HSPA8,HSPB1,HSPE1,HSPH1,HTT,HYOU1,IFI35,IGLL1/IGLL5,IL1B,IL1RN,IPO7,IREB2,IRF8,ISCU,ITGB2,JMJD6,JUN,KAT2B,KIFC1,KYNU,LAMB1,LAMP1,LAP3,LBR,LGALS3,LIG3,LRIF1,LSM2,LTF,MAD1L1,MAP2K2,MAPK1,MAPK7,MAT2A,MBOAT7,ME1,ME2,MECP2,MKI67,MKNK1,MMP2,MST1,MTA2,MTHFD2,MX2,NASP,NCAM1,NCF1,NCOR2,NME1,NMI,NOLC1,NPC1,NQO1,NUP153,P2RX4,PAICS,PARP12,PDHX,PFKP,PGK1,PHGDH,PIK3CD,PKM,PLG,POLDIP2,POLR2A,POSTN,PPAT,PPIA,PPM1A,PPP1CA,PPP2CA,PPP2R1A,PPP3CA,PPP3CB,PPP4C,PPP4R2,PRKAR1A,PRPS1,PSIP1,PSMB3,PSMB5,PSMB9,PSME2,PTPN11,PTPN2,PTPN6,PTPRE,RABGAP1L,RALY,RANBP1,RANGAP1,RPA1,S100A9,SAMHD1,SAR1A,SDHA,SEL1L,SERPINB1,SERPINB9,SERPINF1,SHC1,SIRT6,SLC9A3R1,SMAP2,SMC1A,SOD1,SON,SP1,SP100,SPR,SREBF2,SRSF1,SSBP1,ST13,STAT6,STIP1,STK4,STMN1,STOM,STT3B,SUN1,SUN2,TAGLN2,TAP1,TAPBP,TDO2,TFAM,TK1,TMED9,TMX3,TOP1,TOP2A,TOP2B,TPM1,TPX2,TRIM21,TUBB,TUBB2A,UBE2I,UBE2L6,UGDH,UGP2,UTP18,VCL,VIM,WAS,XPC,XPO1,YWHAH,ZNF318",235 (34),33,2hr_PROT_causal,True,
130,SERPIND1,1.486,other,"Akt,AMPK,AXL,CSF1R,EGFR,ERBB2,ERK1/2,FLT3,FOXO1,HSF1,IGF1R,INSR,MET,MTORC1,NOS3,NR3C1,PRKAA,RHOA,ROR2,SERPIND1,STAT1,STK11,TP53,YAP1",3,Activated,2.481,1.1400000000000002e-13,0.0024,"ACO1,ACO2,ACSL3,ACTB,AFP,AGO2,AK1,APOBEC3G,ARPC1B,ATG7,B3GALT6,BAX,BID,BPNT2,BST2,BUB1B,C3,C4A/C4B,CASP1,CASP4,CASP8,CBR1,CD14,CDC37,CDC42,CDK6,CEBPA,CHD3,CHD7,COL1A1,COL6A3,DNM1,DTYMK,ECM1,EFEMP1,EGR2,EHD1,EIF2B1,EIF4A2,EZH2,EZR,FAM3C,FBLN1,FBXO22,FDXR,FEN1,FKBP3,FKBP4,FKBP5,FN1,FSCN1,FUBP1,GART,GBP2,GBP4,GDF15,GLO1,GNL3,GSK3A,GSK3B,GSS,H2AX,HGSNAT,HMGB1,HNRNPA1,HNRNPA2B1,HNRNPA3,HNRNPH1,HSP90AA1,HSP90AB1,HSPA1A/HSPA1B,HSPA4,HSPA8,HSPB1,HSPE1,HSPH1,HTT,HYOU1,IFI35,IGFBP2,IL1RN,IPO7,IREB2,ISCU,JMJD6,JUN,LAMB1,LAMP1,LBR,LEMD3,LGALS3,LIG3,LRIF1,LSM2,MAD1L1,MAP2K2,MAPK1,MAPK7,MAT2A,MBOAT7,ME1,ME2,MKNK1,MMP2,MST1,MTA2,NASP,NCF1,NCOR2,NDRG1,NDUFB8,NME1,NOLC1,NPC1,NUP153,P2RX4,PAICS,PCNA,PDHX,PEA15,PFKP,PGK1,PHGDH,PIK3CD,PKM,PLG,POLDIP2,POLR2A,POSTN,PPAT,PPIA,PPM1A,PPP1CA,PPP2CA,PPP3CA,PPP4C,PPP4R2,PRKAR1A,PRPS1,PSMB3,PSMB5,PSMB9,PTPN11,PTPN6,PTPRE,RAD23A,RALY,RANBP1,RANGAP1,RHOA,RHOC,RPA1,S100A4,SDHA,SDHB,SEL1L,SERPINB9,SHC1,SIRT6,SMC1A,SON,SPC25,SPR,SPRY2,SRSF1,SSBP1,ST13,STAT6,STIP1,STMN1,STOM,STT3B,SUN1,TAGLN2,TAP1,TAPBP,TFAM,TGM2,TK1,TMED10,TMED9,TMSB10/TMSB4X,TMX3,TOP1,TOP2A,TOP2B,TPM1,TPX2,TRAF1,TRIM21,TUBB,UGP2,UQCRC2,VIM,WARS1,XPC,XPO1,YWHAH,ZEB2",199 (24),22,2hr_PROT_causal,True,
132,RALB,-0.236,enzyme,"AKT1,ATM,CASP8,CDK2,CHEK2,Creb,E2f,ELF4,ERK1/2,FANCD2,FOXO3,GLI1,GSK3B,IGF1R,IKBKB,Jnk,MAP2K1,MAPK1,MAPK9,MDM4,Mek,MYC,NFkB (complex),NOTCH1,P38 MAPK,PRKAA,PRKAA1,PRKCE,RAC1,RALB,RELA,SMC3,STK38,TP53,TP73,TRIM28,YAP1,ZEB1",3,Activated,2.909,1.1599999999999999e-13,0.0145,"ABCE1,ACO1,ACSL3,ACTB,ADAR,ADGRE2,ADH5,ADK,AK1,AKT1,ALOX5,APOBEC3G,ARHGDIB,ARPC1B,ARPC5,ARRB1,ATG7,BAG1,BAX,BCAT1,BCOR,BID,BST2,BUB1B,BZW2,C1QTNF3,C3,CA2,CASP1,CASP4,CASP8,CBX1,CD151,CD46,CD70,CDC42,CDK1,CEBPA,CEBPZ,CHD3,CNTRL,COL1A2,COX4I1,COX5A,CSE1L,CTPS1,DDX21,DEGS1,DNM1,DTYMK,ECM1,EFHD2,EGLN1,EIF2B1,EIF4G1,ELOB,ELOC,ENDOD1,ERP29,EZH2,EZR,FABP4,FABP5,FAM3C,FBL,FBXO22,FDXR,FEN1,FHL1,FKBP3,FN1,FSCN1,FUBP1,G6PD,GALNT2,GAPDH,GART,GBP1,GCLC,GCLM,GDF15,GNL3,GPA33,GSK3A,GSK3B,GSPT1,GSR,GSS,H1-0,HLA-DRB1,HMGB1,HNRNPH1,HSP90AA1,HSPA1A/HSPA1B,HSPA8,HSPB1,HSPD1,HSPH1,HTT,HYOU1,IDH2,IGFBP2,IGFBP3,IL1B,IL1RN,IPO7,IQGAP3,IREB2,ISCU,KYNU,LAP3,LBR,LDHA,LEMD3,LGALS1,LGALS3,LPL,MAD1L1,MANF,MAP2K2,MAPK1,MAT2A,ME1,ME2,MECP2,METAP2,METTL7A,MIF,MKNK1,MMP2,MSI2,MST1,MT1G,MYD88,NAMPT,NCOR2,NDRG1,NIBAN1,NME1,NMI,NOLC1,NOP56,NOTCH1,NPEPL1,NQO1,NRGN,NUP153,OGFRL1,P2RX4,P4HB,PARP12,PCNA,PDCD4,PDHX,PDIA3,PFKP,PHGDH,PIN1,PKM,PLG,PPAT,PPIF,PPM1A,PPP1CA,PPP2CA,PPP3CA,PPP4C,PPP4R2,PREP,PRKACB,PSME2,PTPN11,PTPN2,PTPN6,PTPRE,PXN,QSOX1,RAD23A,RALY,RHOA,RPL27A,RPS6KA1,RPS6KA3,RSAD2,S100A11,S100A4,S100A6,S100A9,SAE1,SAMHD1,SAR1A,SDHA,SEL1L,SFXN3,SH3GLB1,SIRT6,SMAP2,SOD1,SON,SP1,SPRY2,SRM,SRSF1,SSBP1,STK4,STMN1,STOM,SUMO1,SUMO2,SUMO3,SUN2,TAF7,TAGLN2,TAP1,TAPBP,TDO2,TF,TFAM,TFB2M,TGFBI,TGM2,THBD,THBS1,TIMP2,TK1,TMSB10/TMSB4X,TOP2A,TOP2B,TPX2,TRADD,TRAF1,TREM2,TRIM21,TTC13,TUBB,TUFM,UBA2,UBE2L6,UGP2,UQCRQ,UTP18,VKORC1L1,VMP1,WIPF1,WRN,XPC,XPO1,YWHAH,ZDHHC3,ZNF318",250 (38),36,2hr_PROT_causal,True,
134,PTPN12,-0.453,phosphatase,"ABL1,Akt,AKT1,CTNNB1,EGFR,EGR1,ERBB3,ERK,ERK1/2,GSK3B,HDAC6,HIF1A,ITGB4,Jnk,JUN,MAP2K1/2,Mapk,MAPK1,MAPK3,MAPK8,MAPK9,MET,NFkB (complex),P38 MAPK,PARP1,PGR,PRKCD,PTPN12,RAC1,RHOA,SHC1,SMAD3,SP1,STAT3,TAB1,TP53,TP63,TP73",3,Activated,2.793,1.2799999999999998e-13,0.0233,"ACO1,ACSL3,ACTB,ADAM10,ADAR,AGO2,AK1,AKT1,ALDOA,APOBEC3G,APOC3,APOE,ARPC1B,ARRB1,ATG7,ATG9A,ATXN10,BAX,BID,BST2,BUB1B,CAPN2,CARS1,CASP1,CASP4,CASP8,CAST,CBS/CBSL,CDC42,CDK6,CDKN2C,CEBPA,CHD3,CKAP4,COX4I1,CPT2,CSTA,CTCF,DDX21,DNM1,DPYSL2,ECM1,EED,EGLN1,EGR2,EHD1,EIF1AX,EIF2B1,EIF4E,EIF4G1,ELOB,ELOC,ERP29,EZH2,EZR,FABP4,FABP5,FAM3C,FBXO22,FDXR,FHL1,FKBP3,FLI1,FSCN1,G6PD,GAPDH,GART,GBP1,GBP2,GCLC,GCLM,GLUL,GNL3,GOT1,GPX4,GSK3A,GSK3B,GSPT1,GSTM3,GSTP1,H2AX,H2BC12,HINT1,HMGB1,HMGB2,HNRNPA1,HNRNPA2B1,HNRNPH1,HSPA8,HSPB1,HTT,IDH2,IFI35,IGF2,IGFBP2,IGFBP3,IL1RAP,IPO7,IREB2,IRF5,ISCU,ITPR1,JAK1,JMJD6,JUN,KAT2B,KIFC1,KRT10,KYNU,LAP3,LBR,LGALS3,LIMS1,LMNA,LPL,MAD1L1,MAPK1,MATK,MBD2,ME1,ME2,MECP2,METAP2,MIF,MKI67,MKNK1,MRPS11,MST1,MTA2,MX2,MYD88,NAE1,NAMPT,NAT1,NDUFB8,NFKB1,NME1,NMI,NOLC1,NPC1,NQO1,NRGN,NUCKS1,NUDCD2,NUP153,NVL,P2RX4,PARP12,PDCD4,PDHX,PDIA3,PDLIM1,PDLIM7,PEA15,PELP1,PFDN1,PGK1,PHGDH,PKM,PLG,POSTN,PPIA,PPIF,PPM1A,PPP1CA,PPP1R3D,PPP2CA,PPP4C,PPP4R2,PRKAR1A,PSIP1,PSMB3,PSMB5,PSME2,PTPN11,PTPN2,PTPN6,PTPRE,PXN,RAD23A,RALY,RASA1,RHOC,RPA1,RSAD2,SAMHD1,SAR1A,SDHB,SEL1L,SERPINB8,SH3GLB1,SIRT6,SLC9A3R1,SOD1,SON,SP1,SP100,SPRY2,SRSF1,STAT3,STMN1,STOM,SUN2,SYK,TAGLN2,TAPBP,TDO2,TFAM,TGFBI,TGM2,THBD,TK1,TMED10,TMSB10/TMSB4X,TOP2A,TOP2B,TPM1,TPX2,TRADD,TRIM21,TUBB,TXN,UBE2I,UBE2L6,UGDH,UQCRC2,UTP18,VASP,VCL,VIM,WAS,XPC,XPO1,YWHAH,ZEB2,ZNF318,ZYX",237 (38),37,2hr_PROT_causal,True,
135,AREG, ,growth factor,"Akt,AKT1,Ap1,AREG,CASP9,CEBPA,CHEK1,Creb,CTNNB1,DUSP1,EGFR,EGR1,ELK1,ERBB3,ERK,ERK1/2,GSK3B,HDAC6,HIF1A,ITGB4,Jnk,JUN,LIN28A,MAP2K1/2,Mapk,MAPK1,MAPK14,MAPK3,MED1,MET,MMP2,MTOR,NFkB (complex),P38 MAPK,PARP1,PGR,RAC1,RARA,RELA,RHOA,RPS6KB1,SHC1,SMAD3,SP1,STAT3,TAB1",3,Inhibited,-3.549,1.3699999999999997e-13,0.022,"A2M,ACO1,ADAM10,ADAR,AGO2,AKR1B1,AKT1,ALB,ALDOA,ALOX5,APOBEC3G,APOC3,APOE,ARHGAP1,ARHGDIB,ARPC5L,ARRB1,ATG7,ATXN10,BST2,C3,CA2,CAPN2,CARS1,CASP1,CASP4,CBS/CBSL,CD70,CDKN2C,CEBPA,CKAP4,COL1A2,COL3A1,CP,CPT2,DAB2,DDX21,DPYSL2,DTYMK,EDF1,EED,EEF1A2,EFEMP1,EGLN1,EGR2,EHD1,EIF1AX,EIF4E,EIF4G1,EMC10,ERP29,EZH2,EZR,FABP4,FABP5,FDXR,FHL1,FKBP5,FLI1,FN1,FSCN1,FUS,GAPDH,GBP1,GBP2,GCLC,GCLM,GLUL,GOT1,GPX4,GSPT1,GSTM3,GSTP1,H1-10,H2AX,H2BC12,HINT1,HMGB2,HNRNPA1,HNRNPA2B1,HNRNPD,HNRNPF,HNRNPH1,HSPB1,HSPH1,IFI35,IGF2,IGFBP3,IGLL1/IGLL5,IL1B,IL1RN,IQGAP3,IRF5,IRF8,ITPR1,JAK1,JMJD6,JUN,KAT2B,KIF20A,KIFC1,KYNU,LAP3,LBR,LDHA,LGALS1,LIMS1,LTF,LUM,MAD1L1,MAP2K2,MAT2A,MATK,MBD2,MECP2,METTL7A,MIF,MKI67,MKNK1,MMP2,MTA2,MTHFD2,MX2,MYD88,NAE1,NAMPT,NAT1,NCAM1,NDUFB8,NFKB1,NMI,NOTCH1,NPC1,NQO1,NUCKS1,NUDCD2,NVL,PARP12,PDLIM1,PEA15,PELP1,PFDN1,PFKP,PGK1,PGLS,PHGDH,PKM,PLG,POSTN,PPIA,PPIF,PPP2R1A,PPP3CA,PPP3CB,PRKAR1A,PSIP1,PSMB3,PSMB5,PSMB9,PSME2,PTPN2,PTPRE,PXN,RABGAP1L,RAD23A,RASA1,RHOC,RSAD2,S100A4,S100A8,S100A9,SAE1,SAMD9,SAMHD1,SAR1A,SDHB,SERPINB1,SERPINB8,SERPINF1,SH3GLB1,SIRT6,SLC9A3R1,SMAP2,SOD1,SP1,SP100,SPRY2,SREBF2,SRSF1,SSBP1,STAT1,STAT3,STK4,STMN1,SUN2,SYK,TAP1,TAPBP,TDO2,TGFBI,TGM2,TK1,TMED10,TMSB10/TMSB4X,TOP2A,TRADD,TRIM21,TUBB2A,TXN,TXNRD1,UBE2I,UBE2L6,UGDH,UQCRC2,UTP18,VASP,VCL,VIM,WAS,WIPF1,ZEB2,ZNF318,ZYX",223 (46),46,2hr_PROT_causal,True,
138,SNX1,-1.675,transporter,"Akt,AKT1,Ap1,CASP9,CEBPA,CHEK1,Creb,CTNNB1,EGFR,EGR1,ELK1,ERBB3,ERK,ERK1/2,GSK3B,HDAC6,HIF1A,ITGB4,Jnk,JUN,MAP2K1/2,Mapk,MAPK1,MAPK3,MED1,MET,MMP2,MTOR,NFkB (complex),P38 MAPK,PARP1,PGR,RAC1,RELA,RHOA,RPS6KB1,SHC1,SMAD3,SNX1,SP1,STAT3,TAB1,TERT",3,Activated,3.72,1.6800000000000002e-13,0.0067,"A2M,ACO1,ADAM10,ADAR,AGO2,AKR1B1,AKT1,ALB,ALDOA,APOBEC3G,APOC3,APOE,ARHGDIB,ARRB1,ATG7,ATXN10,BAX,BST2,C3,CA2,CAPN2,CARS1,CASP1,CASP4,CBS/CBSL,CD70,CDK1,CDKN2C,CEBPA,CKAP4,COL1A2,COL3A1,CPT2,DDX21,DPYSL2,DTYMK,EDF1,EED,EEF1A2,EGLN1,EGR2,EIF1AX,EIF4E,EIF4G1,ERP29,EZH2,EZR,FABP4,FABP5,FDXR,FHL1,FKBP5,FLI1,FN1,FSCN1,GAPDH,GBP1,GBP2,GCLC,GCLM,GLUL,GOT1,GPX4,GSPT1,GSTM3,GSTP1,H1-10,H2AX,H2BC12,HINT1,HMGB2,HNRNPA1,HNRNPA2B1,HNRNPH1,HSPB1,HSPH1,IFI35,IGF2,IGFBP3,IGLL1/IGLL5,IL1B,IL1RN,IRF5,IRF8,ITPR1,JAK1,JMJD6,JUN,KAT2B,KIFC1,KYNU,LAP3,LBR,LDHA,LIMS1,LTF,MAD1L1,MAP2K2,MAT2A,MATK,MBD2,MECP2,MIF,MKI67,MKNK1,MMP2,MTA2,MTHFD2,MX2,MYD88,NAE1,NAMPT,NAT1,NCAM1,NDUFB8,NFKB1,NMI,NOTCH1,NPC1,NQO1,NUCKS1,NUDCD2,NVL,PARP12,PDLIM1,PEA15,PELP1,PFDN1,PFKP,PGK1,PHGDH,PKM,PLG,POSTN,PPIA,PPIF,PPP2R1A,PPP3CA,PPP3CB,PRKAR1A,PSIP1,PSMB3,PSMB5,PSMB9,PSME2,PTPN2,PTPRE,PXN,RABGAP1L,RAD23A,RASA1,RHOC,RSAD2,S100A4,S100A8,S100A9,SAMHD1,SAR1A,SDHB,SERPINB1,SERPINB8,SERPINF1,SH3GLB1,SIRT6,SLC9A3R1,SMAP2,SOD1,SP1,SP100,SPRY2,SREBF2,SRSF1,STAT3,STK4,STMN1,SUN2,SYK,TAP1,TAPBP,TDO2,TGFBI,TGM2,THBD,TK1,TMED10,TMSB10/TMSB4X,TOP2A,TRADD,TRIM21,TUBB2A,TXN,UBE2I,UBE2L6,UGDH,UQCRC2,UTP18,VASP,VCL,VIM,WAS,ZEB2,ZNF318,ZYX",203 (43),42,2hr_PROT_causal,True,
139,GRP, ,growth factor,"Akt,AKT1,Ap1,CASP9,CEBPA,CHEK1,Creb,CTNNB1,EGFR,EGR1,ELK1,ERBB3,ERK,ERK1/2,GRP,GSK3B,HDAC6,HIF1A,ITGB4,Jnk,JUN,MAP2K1/2,Mapk,MAPK1,MAPK3,MED1,MET,MMP2,MTOR,NFkB (complex),P38 MAPK,PARP1,PGR,RAC1,RELA,RHOA,RPS6KB1,SHC1,SMAD3,SP1,STAT3,TAB1,TERT",3,Inhibited,-3.72,1.6800000000000002e-13,0.0067,"A2M,ACO1,ADAM10,ADAR,AGO2,AKR1B1,AKT1,ALB,ALDOA,APOBEC3G,APOC3,APOE,ARHGDIB,ARRB1,ATG7,ATXN10,BAX,BST2,C3,CA2,CAPN2,CARS1,CASP1,CASP4,CBS/CBSL,CD70,CDK1,CDKN2C,CEBPA,CKAP4,COL1A2,COL3A1,CPT2,DDX21,DPYSL2,DTYMK,EDF1,EED,EEF1A2,EGLN1,EGR2,EIF1AX,EIF4E,EIF4G1,ERP29,EZH2,EZR,FABP4,FABP5,FDXR,FHL1,FKBP5,FLI1,FN1,FSCN1,GAPDH,GBP1,GBP2,GCLC,GCLM,GLUL,GOT1,GPX4,GSPT1,GSTM3,GSTP1,H1-10,H2AX,H2BC12,HINT1,HMGB2,HNRNPA1,HNRNPA2B1,HNRNPH1,HSPB1,HSPH1,IFI35,IGF2,IGFBP3,IGLL1/IGLL5,IL1B,IL1RN,IRF5,IRF8,ITPR1,JAK1,JMJD6,JUN,KAT2B,KIFC1,KYNU,LAP3,LBR,LDHA,LIMS1,LTF,MAD1L1,MAP2K2,MAT2A,MATK,MBD2,MECP2,MIF,MKI67,MKNK1,MMP2,MTA2,MTHFD2,MX2,MYD88,NAE1,NAMPT,NAT1,NCAM1,NDUFB8,NFKB1,NMI,NOTCH1,NPC1,NQO1,NUCKS1,NUDCD2,NVL,PARP12,PDLIM1,PEA15,PELP1,PFDN1,PFKP,PGK1,PHGDH,PKM,PLG,POSTN,PPIA,PPIF,PPP2R1A,PPP3CA,PPP3CB,PRKAR1A,PSIP1,PSMB3,PSMB5,PSMB9,PSME2,PTPN2,PTPRE,PXN,RABGAP1L,RAD23A,RASA1,RHOC,RSAD2,S100A4,S100A8,S100A9,SAMHD1,SAR1A,SDHB,SERPINB1,SERPINB8,SERPINF1,SH3GLB1,SIRT6,SLC9A3R1,SMAP2,SOD1,SP1,SP100,SPRY2,SREBF2,SRSF1,STAT3,STK4,STMN1,SUN2,SYK,TAP1,TAPBP,TDO2,TGFBI,TGM2,THBD,TK1,TMED10,TMSB10/TMSB4X,TOP2A,TRADD,TRIM21,TUBB2A,TXN,UBE2I,UBE2L6,UGDH,UQCRC2,UTP18,VASP,VCL,VIM,WAS,ZEB2,ZNF318,ZYX",203 (43),42,2hr_PROT_causal,True,
140,HTATIP2,-0.046,transcription regulator,"Akt,AKT1,Ap1,CASP9,CEBPA,CHEK1,Creb,CTNNB1,EGFR,EGR1,ELK1,ERBB3,ERK,ERK1/2,GSK3B,HDAC6,HIF1A,HTATIP2,ITGB4,Jnk,JUN,MAP2K1/2,Mapk,MAPK1,MAPK3,MED1,MET,MMP2,MTOR,NFkB (complex),P38 MAPK,PARP1,PGR,RAC1,RELA,RHOA,RPS6KB1,SHC1,SMAD3,SP1,STAT3,TAB1,TERT",3,Activated,3.72,1.6800000000000002e-13,0.0067,"A2M,ACO1,ADAM10,ADAR,AGO2,AKR1B1,AKT1,ALB,ALDOA,APOBEC3G,APOC3,APOE,ARHGDIB,ARRB1,ATG7,ATXN10,BAX,BST2,C3,CA2,CAPN2,CARS1,CASP1,CASP4,CBS/CBSL,CD70,CDK1,CDKN2C,CEBPA,CKAP4,COL1A2,COL3A1,CPT2,DDX21,DPYSL2,DTYMK,EDF1,EED,EEF1A2,EGLN1,EGR2,EIF1AX,EIF4E,EIF4G1,ERP29,EZH2,EZR,FABP4,FABP5,FDXR,FHL1,FKBP5,FLI1,FN1,FSCN1,GAPDH,GBP1,GBP2,GCLC,GCLM,GLUL,GOT1,GPX4,GSPT1,GSTM3,GSTP1,H1-10,H2AX,H2BC12,HINT1,HMGB2,HNRNPA1,HNRNPA2B1,HNRNPH1,HSPB1,HSPH1,IFI35,IGF2,IGFBP3,IGLL1/IGLL5,IL1B,IL1RN,IRF5,IRF8,ITPR1,JAK1,JMJD6,JUN,KAT2B,KIFC1,KYNU,LAP3,LBR,LDHA,LIMS1,LTF,MAD1L1,MAP2K2,MAT2A,MATK,MBD2,MECP2,MIF,MKI67,MKNK1,MMP2,MTA2,MTHFD2,MX2,MYD88,NAE1,NAMPT,NAT1,NCAM1,NDUFB8,NFKB1,NMI,NOTCH1,NPC1,NQO1,NUCKS1,NUDCD2,NVL,PARP12,PDLIM1,PEA15,PELP1,PFDN1,PFKP,PGK1,PHGDH,PKM,PLG,POSTN,PPIA,PPIF,PPP2R1A,PPP3CA,PPP3CB,PRKAR1A,PSIP1,PSMB3,PSMB5,PSMB9,PSME2,PTPN2,PTPRE,PXN,RABGAP1L,RAD23A,RASA1,RHOC,RSAD2,S100A4,S100A8,S100A9,SAMHD1,SAR1A,SDHB,SERPINB1,SERPINB8,SERPINF1,SH3GLB1,SIRT6,SLC9A3R1,SMAP2,SOD1,SP1,SP100,SPRY2,SREBF2,SRSF1,STAT3,STK4,STMN1,SUN2,SYK,TAP1,TAPBP,TDO2,TGFBI,TGM2,THBD,TK1,TMED10,TMSB10/TMSB4X,TOP2A,TRADD,TRIM21,TUBB2A,TXN,UBE2I,UBE2L6,UGDH,UQCRC2,UTP18,VASP,VCL,VIM,WAS,ZEB2,ZNF318,ZYX",203 (43),43,2hr_PROT_causal,True,
141,AGK,0.720,kinase,"AGK,Akt,AKT1,Ap1,CASP9,CEBPA,CHEK1,Creb,CTNNB1,EGFR,EGR1,ELK1,ERBB3,ERK,ERK1/2,GSK3B,HDAC6,HIF1A,ITGB4,Jnk,JUN,MAP2K1/2,Mapk,MAPK1,MAPK3,MED1,MET,MMP2,MTOR,NFkB (complex),P38 MAPK,PARP1,PGR,RAC1,RELA,RHOA,RPS6KB1,SHC1,SMAD3,SP1,STAT3,TAB1,TERT",3,Inhibited,-3.72,1.6800000000000002e-13,0.0067,"A2M,ACO1,ADAM10,ADAR,AGO2,AKR1B1,AKT1,ALB,ALDOA,APOBEC3G,APOC3,APOE,ARHGDIB,ARRB1,ATG7,ATXN10,BAX,BST2,C3,CA2,CAPN2,CARS1,CASP1,CASP4,CBS/CBSL,CD70,CDK1,CDKN2C,CEBPA,CKAP4,COL1A2,COL3A1,CPT2,DDX21,DPYSL2,DTYMK,EDF1,EED,EEF1A2,EGLN1,EGR2,EIF1AX,EIF4E,EIF4G1,ERP29,EZH2,EZR,FABP4,FABP5,FDXR,FHL1,FKBP5,FLI1,FN1,FSCN1,GAPDH,GBP1,GBP2,GCLC,GCLM,GLUL,GOT1,GPX4,GSPT1,GSTM3,GSTP1,H1-10,H2AX,H2BC12,HINT1,HMGB2,HNRNPA1,HNRNPA2B1,HNRNPH1,HSPB1,HSPH1,IFI35,IGF2,IGFBP3,IGLL1/IGLL5,IL1B,IL1RN,IRF5,IRF8,ITPR1,JAK1,JMJD6,JUN,KAT2B,KIFC1,KYNU,LAP3,LBR,LDHA,LIMS1,LTF,MAD1L1,MAP2K2,MAT2A,MATK,MBD2,MECP2,MIF,MKI67,MKNK1,MMP2,MTA2,MTHFD2,MX2,MYD88,NAE1,NAMPT,NAT1,NCAM1,NDUFB8,NFKB1,NMI,NOTCH1,NPC1,NQO1,NUCKS1,NUDCD2,NVL,PARP12,PDLIM1,PEA15,PELP1,PFDN1,PFKP,PGK1,PHGDH,PKM,PLG,POSTN,PPIA,PPIF,PPP2R1A,PPP3CA,PPP3CB,PRKAR1A,PSIP1,PSMB3,PSMB5,PSMB9,PSME2,PTPN2,PTPRE,PXN,RABGAP1L,RAD23A,RASA1,RHOC,RSAD2,S100A4,S100A8,S100A9,SAMHD1,SAR1A,SDHB,SERPINB1,SERPINB8,SERPINF1,SH3GLB1,SIRT6,SLC9A3R1,SMAP2,SOD1,SP1,SP100,SPRY2,SREBF2,SRSF1,STAT3,STK4,STMN1,SUN2,SYK,TAP1,TAPBP,TDO2,TGFBI,TGM2,THBD,TK1,TMED10,TMSB10/TMSB4X,TOP2A,TRADD,TRIM21,TUBB2A,TXN,UBE2I,UBE2L6,UGDH,UQCRC2,UTP18,VASP,VCL,VIM,WAS,ZEB2,ZNF318,ZYX",203 (43),42,2hr_PROT_causal,True,
142,UGCG, ,enzyme,"Akt,AKT1,ATF2,ATM,CASP8,CDK1,CDK2,CTNNB1,EGR1,FANCD2,Focal adhesion kinase,FOXO3,GLI1,GSK3B,IGF1R,Jnk,JUN,MAP2K1,MAPK9,Mek,MYC,NFkB (complex),NOTCH1,P38 MAPK,PRKAA,PRKAA1,RAC1,RB1,RELA,STAT1,STAT3,TERT,TFEB,TP53,TP73,UGCG",3,Activated,2.286,1.7800000000000002e-13,0.0175,"ABCE1,ACO1,ACSL3,ACTB,ADGRE2,ADH5,ADK,AK1,AKT1,ALOX5,ARHGDIB,ARPC1B,ARPC5,ASNS,ATG7,BAG1,BAX,BCAT1,BCOR,BID,BUB1B,BZW2,C1QTNF3,C3,C4A/C4B,CASP1,CASP4,CASP8,CD14,CD151,CD46,CD70,CDC42,CDK1,CDK6,CEBPZ,CHD3,CLCN7,CNTRL,COL3A1,COX4I1,COX5A,CSE1L,CTPS1,DDX21,DEGS1,DNM1,ECM1,EFHD2,EGLN1,EIF2B1,EIF4E,EIF4G1,ELOB,ELOC,ENDOD1,FABP4,FABP5,FAM3C,FBL,FBXO22,FDXR,FEN1,FHL1,FKBP3,FN1,FSCN1,FUBP1,G6PD,GALNT2,GAPDH,GART,GBP1,GBP2,GBP4,GCLC,GCLM,GDF15,GNL3,GNS,GOT1,GPA33,GSK3A,GSK3B,GSPT1,GSR,H1-0,H2AX,HMGB1,HNRNPH1,HSP90AA1,HSPA1A/HSPA1B,HSPA8,HSPD1,HSPH1,HTT,HYOU1,IDH2,IFI35,IGF2,IGFBP2,IGFBP3,IL1B,IL1RN,IPO7,IQGAP2,IQGAP3,IREB2,ISCU,ITGB2,KAT2B,KIFC1,KYNU,LAMP1,LBR,LDHA,LEMD3,LGALS1,LGALS3,LPL,MAD1L1,MAP2K2,MAPK1,ME1,ME2,METAP2,METTL7A,MIF,MKI67,MMP2,MSI2,MST1,MX2,MYD88,NCOR2,NDRG1,NDUFB8,NEU1,NME1,NOLC1,NOP56,NOTCH1,NPEPL1,NQO1,NRGN,NUP153,OGFRL1,P2RX4,PCNA,PDHX,PDIA3,PEA15,PFKP,PGK1,PHGDH,PIN1,PIP4P1,PKM,PLG,PPAT,PPIF,PPM1A,PPP1CA,PPP2CA,PPP3CA,PPP4C,PPP4R2,PREP,PRKACB,PSIP1,PSMB5,PTPN11,PTPN6,PXN,QSOX1,RAD23A,RALY,RASA1,RBL2,RPL27A,RPS6KA1,RPS6KA3,RSAD2,S100A11,S100A4,S100A6,S100A9,SAE1,SAR1A,SDHB,SEL1L,SFXN3,SH3GLB1,SIRT6,SLC9A3R1,SMAP2,SOD1,SON,SP1,SP100,SPRY2,SRM,SRSF1,STK4,STMN1,STOM,SUMO1,SUMO2,SUMO3,SUN2,SYK,TAGLN2,TAP1,TDO2,TFAM,TFB2M,TGM2,THBD,THBS1,TIMP2,TMED10,TMSB10/TMSB4X,TOP2A,TOP2B,TPX2,TRADD,TRAF1,TREM2,TRIM21,TTC13,TUBB,TUFM,UBA2,UBE2I,UQCRC2,UQCRQ,VMP1,VPS26A,VPS35,WARS1,WAS,WIPF1,WRN,XPC,XPO1,YWHAH,ZDHHC3,ZEB2",248 (36),35,2hr_PROT_causal,True,
143,ADAM9,0.761,peptidase,"ADAM9,Akt,AKT1,Ap1,CASP9,CEBPA,CHEK1,Creb,CTNNB1,EGFR,EGR1,ELK1,ERBB3,ERK,ERK1/2,GSK3B,HDAC6,HIF1A,ITGB4,Jnk,JUN,MAP2K1/2,Mapk,MAPK1,MAPK3,MED1,MET,MMP2,MTOR,NFkB (complex),P38 MAPK,PARP1,PGR,RAC1,RELA,RHOA,RPS6KB1,SHC1,SMAD3,SP1,STAT3,TAB1,TERT",3,Inhibited,-3.72,1.8100000000000004e-13,0.007,"A2M,ACO1,ADAM10,ADAR,AGO2,AKR1B1,AKT1,ALB,ALDOA,APOBEC3G,APOC3,APOE,ARHGDIB,ARRB1,ATG7,ATXN10,BAX,BST2,C3,CA2,CAPN2,CARS1,CASP1,CASP4,CBS/CBSL,CD70,CDK1,CDKN2C,CEBPA,CKAP4,COL1A2,COL3A1,CPT2,DDX21,DPYSL2,DTYMK,EDF1,EED,EEF1A2,EGLN1,EGR2,EIF1AX,EIF4E,EIF4G1,ERP29,EZH2,EZR,FABP4,FABP5,FDXR,FHL1,FKBP5,FLI1,FN1,FSCN1,GAPDH,GBP1,GBP2,GCLC,GCLM,GLUL,GOT1,GPX4,GSPT1,GSTM3,GSTP1,H1-10,H2AX,H2BC12,HINT1,HMGB2,HNRNPA1,HNRNPA2B1,HNRNPH1,HSPB1,HSPH1,IFI35,IGF2,IGFBP3,IGLL1/IGLL5,IL1B,IL1RN,IRF5,IRF8,ITPR1,JAK1,JMJD6,JUN,KAT2B,KIFC1,KYNU,LAP3,LBR,LDHA,LIMS1,LTF,MAD1L1,MAP2K2,MAT2A,MATK,MBD2,MECP2,MIF,MKI67,MKNK1,MMP2,MTA2,MTHFD2,MX2,MYD88,NAE1,NAMPT,NAT1,NCAM1,NDUFB8,NFKB1,NMI,NOTCH1,NPC1,NQO1,NUCKS1,NUDCD2,NVL,PARP12,PDLIM1,PEA15,PELP1,PFDN1,PFKP,PGK1,PHGDH,PKM,PLG,POSTN,PPIA,PPIF,PPP2R1A,PPP3CA,PPP3CB,PRKAR1A,PSIP1,PSMB3,PSMB5,PSMB9,PSME2,PTPN2,PTPRE,PXN,RABGAP1L,RAD23A,RASA1,RHOC,RSAD2,S100A4,S100A8,S100A9,SAMHD1,SAR1A,SDHB,SERPINB1,SERPINB8,SERPINF1,SH3GLB1,SIRT6,SLC9A3R1,SMAP2,SOD1,SP1,SP100,SPRY2,SREBF2,SRSF1,STAT3,STK4,STMN1,SUN2,SYK,TAP1,TAPBP,TDO2,TGFBI,TGM2,THBD,TK1,TMED10,TMSB10/TMSB4X,TOP2A,TRADD,TRIM21,TUBB2A,TXN,UBE2I,UBE2L6,UGDH,UQCRC2,UTP18,VASP,VCL,VIM,WAS,ZEB2,ZNF318,ZYX",203 (43),42,2hr_PROT_causal,True,
144,ATG5, ,other,"Akt,AKT1,ATG5,CASP8,CDH1,CHUK,CTNNB1,EGFR,ERK,ERK1/2,Focal adhesion kinase,GSK3B,HIF1A,IKBKB,IRF3,Mapk,MAPK1,MAPK8,MAPK9,MMP2,NFkB (complex),NFKB1,P38 MAPK,PDGFRA,PDGFRB,PI3K (family),PLSCR1,PRKAA,RAC1,RB1,RELA,RHOA,RHOC,SRC,STAT3,STAT5a/b,TGM2,TP53,TP63,YAP/TAZ,YAP1",3,Inhibited,-2.245,2e-13,0.0275,"ACSL3,ACTB,ADAM10,ADAR,ADGRE2,AGO2,AIFM1,AK1,ALDOA,APOA4,APOBEC3G,APOC3,APOE,ARHGDIB,ARPC1B,ARRB1,ATG9A,BID,BST2,BUB1B,C3,CA2,CARS1,CASP1,CASP4,CASP8,CAST,CD46,CD70,CD74,CDK1,CDK6,CDKN2C,CFP,CHD3,COL1A1,COL1A2,CPT2,CSE1L,CSTA,DAB2,DNM1,DTYMK,ECM1,EED,EGLN1,EGR2,EHD1,EIF2B1,EIF4E,EIF4G1,EIF5A,ERP29,EZH2,EZR,FABP4,FABP5,FAM3C,FBXO22,FCER1G,FDPS,FEN1,FHL1,FKBP3,FKBP5,FN1,FSCN1,FUBP1,GAPDH,GART,GBP1,GLUL,GNL3,GOT1,GSK3A,GSK3B,GSPT1,GSS,H2AX,H2BC12,HK3,HMGB1,HNRNPA1,HNRNPA2B1,HNRNPH1,HSPA1A/HSPA1B,HSPA8,HSPB1,HTT,HYOU1,IDI1,IFI35,IGFBP2,IL1B,IL1RAP,IL1RN,IPO7,IRAG2,IREB2,IRF5,ISCU,ITGB2,ITPR1,JMJD6,JUN,KAT2B,KIFC1,KYNU,LAP3,LBR,LCP2,LDHA,LGALS1,LGALS3,LIMS1,LMNA,LPL,LSP1,MAD1L1,MAP2K2,MAPK1,MAT2A,MBD2,ME1,ME2,MECP2,METAP2,MIF,MKI67,MKNK1,MMP2,MST1,MTA2,MX2,NAE1,NAMPT,NCF2,NDRG1,NDUFB8,NFKB1,NIFK,NME1,NMI,NOLC1,NOTCH1,NUCKS1,NUDCD2,NUP153,OTUD6B,P2RX4,PAK1,PARP12,PCNA,PDCD5,PDHX,PDIA3,PEA15,PELP1,PFKP,PGK1,PHGDH,PKM,PPIA,PPM1A,PPP1CA,PPP2CA,PPP2R1A,PPP3CA,PPP4C,PPP4R2,PREX1,PRKAR1A,PRKCD,PSAT1,PSIP1,PSMB3,PSMB5,PSME2,PTPN11,PTPN2,PTPN6,PTPRE,PXN,RALY,RBL2,RHOA,RHOC,RPA1,RPF2,RSAD2,S100A4,S100A8,SAMHD1,SAR1A,SDHB,SEL1L,SH3GLB1,SLC9A3R1,SLPI,SMAP2,SOD1,SON,SP1,SP100,SPRY2,SRSF1,STAT3,STIP1,STK4,STMN1,STOM,SUN2,TAGLN2,TAP1,TAPBP,TDO2,TFAM,TGM2,THBD,THBS1,TK1,TMED10,TOMM40,TOP2A,TOP2B,TPM1,TPX2,TRADD,TRIM21,TTC27,TUBB,UBA7,UBE2I,UBE2L6,UGP2,UQCRC2,UTP18,VIM,WAS,WIPF1,XPO1,YWHAH,ZNF318",243 (41),41,2hr_PROT_causal,True,
152,KAT5, ,transcription regulator,"AKT1,ATF2,ATM,ATR,BCL2,CASP8,CDK1,CDK2,CHEK1,CHEK2,Creb,DNA-PK,E2f,ELF4,ERK1/2,FOXO3,GLI1,GSK3B,HSF1,IGF1R,IKBKB,INSR,IRF3,JUN,KAT5,MAP2K1,MAPK1,MAPK8,MAPK9,MDM4,Mek,NOTCH1,P38 MAPK,PRKAA,PRKAA1,PRKCD,RAC1,RELA,SMC3,STAT3,TP53,TP73,TRIM28,XPA,ZEB1",3,Inhibited,-2.605,4.65e-13,0.0304,"ABCE1,ACO1,ACSL3,ACTB,ADAR,ADGRE2,ADH5,ADK,AFP,AK1,AKT1,ALOX5,APEX1,APOBEC3G,ARHGDIB,ARPC1B,ARPC5,ARRB1,ASNS,ATG7,ATP2A2,BAX,BID,BST2,BUB1B,C1QTNF3,CA2,CASP1,CASP4,CASP8,CBX1,CDC42,CDK1,CDK6,CEBPA,CEBPZ,CHD3,CNTRL,COL1A2,COX4I1,CSE1L,CTPS1,DDX21,DEGS1,DNM1,ECM1,EFEMP1,EFHD2,EGLN1,EHD1,EIF2B1,EIF4A2,EIF4E,ELOB,ELOC,ENDOD1,ERP29,EZR,FABP4,FAM3C,FBLN1,FBXO22,FDXR,FEN1,FHL1,FKBP3,FKBP4,FN1,FSCN1,FUBP1,G6PD,GALNT2,GAPDH,GART,GBP1,GCLC,GCLM,GDF15,GNL3,GOT1,GPA33,GSK3A,GSK3B,GSPT1,GSR,H1-0,H2AX,HLA-DRB1,HMGB1,HNRNPA3,HSP90AA1,HSP90AB1,HSPA1A/HSPA1B,HSPA4,HSPA8,HSPB1,HSPE1,HSPH1,HTT,HYOU1,IDH2,IFI35,IGFBP2,IGFBP3,IL1B,IL1RN,IPO7,IQGAP2,IQGAP3,IREB2,IRF5,ISCU,JMJD6,JUN,KAT2B,LAP3,LBR,LDHA,LEMD3,LGALS1,LGALS3,LMNA,LPL,LRIF1,LSM2,MAD1L1,MANF,MAP2K2,MAPK1,MBOAT7,ME1,ME2,MECP2,METAP2,METTL7A,MIF,MKNK1,MMP2,MNDA,MPG,MRPL20,MRPS11,MSI2,MST1,MT1G,MX2,NASP,NCOR2,NDRG1,NIBAN1,NME1,NMI,NOLC1,NOTCH1,NPEPL1,NRGN,NUP153,OGFRL1,P2RX4,P4HB,PARP12,PCNA,PDHX,PDIA3,PDLIM7,PFKP,PHGDH,PIN1,PKM,PPAT,PPIF,PPM1A,PPP1CA,PPP1R3D,PPP2CA,PPP3CA,PPP4C,PPP4R2,PRKACB,PSIP1,PSMB5,PSME2,PTPN11,PTPN2,PTPN6,PTPRE,QSOX1,RAD23A,RALY,RANBP1,RANGAP1,RASA1,RPL27A,RPS6KA1,RPS6KA3,RSAD2,S100A11,S100A4,S100A6,S100A9,SAMHD1,SDHA,SEL1L,SFXN3,SH3GLB1,SHC1,SIRT6,SMAP2,SMC1A,SON,SP1,SP100,SPR,SPRY2,SRM,SSBP1,ST13,STAT6,STIP1,STK4,STMN1,STOM,SUN2,SYK,TAF7,TAGLN2,TAP1,TAPBP,TF,TFAM,TFB2M,TGFBI,TGM2,THBD,THBS1,TIMP2,TMSB10/TMSB4X,TOP1,TOP2A,TOP2B,TPX2,TRADD,TRAF1,TREM2,TRIM21,TTC13,TUBB,TUFM,UBE2I,UBE2L6,UTP18,VKORC1L1,VMP1,WAS,WIPF1,XPC,XPO1,YWHAH,ZDHHC3,ZNF318",260 (45),45,2hr_PROT_causal,True,
160,LAIR1,-0.397,transmembrane receptor,"ATF1,ATF2,ATF6,CASP8,CASP9,CCND1,CCNE1,CDK1,CEBPB,Creb,CREB1,CYP19A1,DUSP1,EGFR,ELK1,ERK,ERK1/2,GSK3B,HNRNPA1,HSF1,Hsp27,Jnk,JUN,KAT5,LAIR1,MAPK14,MAPK8,MAPK9,MET,MMP2,MTOR,NFAT (complex),NFkB (complex),Notch,NR3C1,P38 MAPK,PGR,PPARG,PPARGC1A,PRKCD,RELA,RUNX2,RXRA,SP1,STAT3,TP63,VAV,YAP1,ZAP70",3,Activated,2.4090000000000003,7.53e-13,0.0186,"ACADM,AGO2,AIF1,AKT1,AKT2,ALB,APEX1,APOB,APOBEC3G,ARHGDIB,ARRB1,ASNS,ATG7,ATG9A,ATP2A2,BCLAF1,C11orf58,C3,CAPN2,CASP1,CASP4,CAST,CBR1,CBS/CBSL,CD46,CD70,CDC42,CDK1,CEBPA,CHD3,CKAP4,COL1A1,COL1A2,COL3A1,CPT2,CSE1L,CSTA,DAB2,DDX21,DPYSL2,DR1,DTYMK,EEF1B2,EFEMP1,EGLN1,EGR2,EHD1,EIF1AX,EIF4A2,EIF4E,EIF5,ENO1,ERBIN,EZR,FABP4,FABP5,FBLN1,FDPS,FDXR,FKBP4,FKBP5,FN1,FSCN1,FUBP1,G3BP1,GABPA,GAPDH,GBP1,GDF15,GLUL,GOT1,GSK3B,GSTM3,H2AX,HINT1,HNRNPA1,HNRNPA2B1,HNRNPA3,HNRNPH1,HSP90AA1,HSP90AB1,HSPA4,HSPA8,HSPE1,IGFBP2,IL1B,IL1RAP,IL1RN,ILK,ITGB2,ITIH2,JMJD6,JUN,KAT2B,KYNU,LASP1,LDHA,LEMD3,LMNA,LPL,LRIF1,LSM2,LUM,MAP2K2,MAPK7,MARCKS,MATK,MBOAT7,METAP2,MIF,MKI67,MKNK1,MMP2,MNDA,MPG,MRPL20,MRPS11,MTA2,MTHFD2,MX2,NAMPT,NASP,NCAM1,NDRG1,NFKB1,NIBAN2,NOP2,NPC1,PCNA,PCYT1A,PDCD4,PDIA3,PDIA4,PDLIM1,PDLIM7,PFKP,PLCG2,POSTN,PPIA,PPIF,PPP1R3D,PPP2R1A,PRDX2,PRKAR1A,PRMT1,PSIP1,PSMB3,PSMB5,PTPN2,PTPN6,PTPRE,PXN,RAN,RANBP1,RANGAP1,RASA1,RBP4,RPA1,RPL10,RPL27A,RSAD2,S100A11,SAR1A,SERPINB8,SERPINB9,SH3GLB1,SHBG,SHC1,SIRT6,SMAP2,SMC1A,SOD1,SPR,SREBF2,SRSF1,SSBP1,ST13,STAT1,STAT3,STAT6,STIP1,STK4,STOM,SYK,TALDO1,TAPBP,TDO2,TFAM,TGM2,THBD,THBS1,TK1,TLN1,TMSB10/TMSB4X,TOP1,TPI1,TPM1,TRADD,TRAF1,TUBA1C,TUBB,TUFM,TYMP,UGDH,UGP2,VASP,VCL,WAS,WIPF1,YLPM1,YWHAZ",211 (49),49,2hr_PROT_causal,True,
161,BMI1, ,transcription regulator,"Akt,AKT1,AMPK,ATM,BMI1,CASP8,CDK1,CDK2,CHEK1,CHEK2,Creb,DNA-PK,E2f,EGFR,ELF4,ERBB2,ERK,ERK1/2,FANCD2,FOXO1,FOXO3,FOXO4,GLI1,Gsk3,GSK3B,IGF1R,IKBKB,MAP2K1,MAPK9,MDM4,Mek,NOTCH1,PDGFRA,PRKAA1,PRKCE,SMC3,TP53,TP73,TRIM28,ZEB1",3,Activated,3.341,8.179999999999999e-13,0.0221,"ABCE1,ACO1,ACO2,ACSL3,ACTB,ADGRE2,ADH5,ADK,AGO2,AK1,AKT1,ALOX5,ARPC1B,ARPC5,ARRB1,ATG7,B3GALT6,BAX,BID,BPNT2,BUB1B,C1QTNF3,CA2,CASP1,CASP4,CASP8,CBX1,CDC37,CDK1,CDK6,CEBPA,CEBPZ,CHD3,CHD7,CNTRL,COL1A2,COL3A1,COL6A3,COX4I1,CSE1L,CTPS1,DAB2,DDX21,DEGS1,DNM1,ECM1,EFHD2,EGLN1,EIF2B1,ELOB,ELOC,ENDOD1,EZH2,EZR,FAM3C,FBXO22,FDXR,FEN1,FHL1,FKBP3,FN1,FSCN1,FUBP1,G6PD,GALNT2,GAPDH,GART,GBP1,GCLC,GCLM,GDF15,GLO1,GNL3,GPA33,GSK3A,GSK3B,GSR,GSS,H1-0,H2AX,HGSNAT,HLA-DRB1,HMGB1,HNRNPA1,HNRNPA2B1,HNRNPH1,HSPA1A/HSPA1B,HSPA8,HTT,IDH2,IGFBP2,IGFBP3,IL1B,IL1RN,IPO7,IQGAP2,IQGAP3,IREB2,ISCU,ITGB2,LAMB1,LAMP1,LBR,LDHA,LEMD3,LGALS1,LGALS3,LIG3,LPL,MAD1L1,MANF,MAP2K2,MAPK1,MAT2A,ME1,ME2,METAP2,METTL7A,MKNK1,MMP2,MSI2,MST1,MT1G,MTA2,NCF1,NCOR2,NDRG1,NIBAN1,NME1,NOLC1,NOTCH1,NPC1,NPEPL1,NQO1,NRGN,NUP153,OGFRL1,P2RX4,P4HB,PAICS,PCNA,PDCD4,PDHX,PDIA3,PEA15,PFKP,PGK1,PHGDH,PIK3CD,PIN1,PKM,PLG,POLDIP2,POLR2A,POSTN,PPIA,PPIF,PPM1A,PPP1CA,PPP2CA,PPP3CA,PPP4C,PPP4R2,PRKACB,PRKAR1A,PRPS1,PSMB3,PSMB5,PTPN11,PTPN2,PTPN6,PTPRE,QSOX1,RAD23A,RALY,RHOA,RPA1,RPL27A,RPS6KA1,RPS6KA3,S100A11,S100A4,S100A6,S100A9,SDHA,SEL1L,SFXN3,SH3GLB1,SOD1,SON,SP1,SPC25,SREBF2,SRM,SRSF1,SSBP1,STMN1,STOM,STT3B,SUN1,TAF7,TAGLN2,TAP1,TAPBP,TF,TFAM,TFB2M,TGFBI,TGM2,THBD,THBS1,TIMP2,TK1,TMED10,TMED9,TMSB10/TMSB4X,TMX3,TOP1,TOP2A,TOP2B,TPM1,TPX2,TRAF1,TREM2,TTC13,TUBB,TUFM,VKORC1L1,VMP1,XPC,XPO1,YWHAH,ZDHHC3",233 (40),39,2hr_PROT_causal,True,
163,MLH1, ,enzyme,"AKT1,AR,ATF2,ATF6,CASP8,CDK1,CDK2,CHEK2,EGFR,ERK1/2,EZH2,FOXO3,GLI1,Gsk3,GSK3B,IGF1R,Jnk,MAP2K1,MAP2K6,MAPK14,MAPK9,MDM4,Mek,MLH1,NOTCH1,PRKAA,PRKAA1,PRKCE,RAC1,RELA,SEPTIN9,SGK1,TGFB1,TP53,TP73,TRIM28,YAP1",3,Inhibited,-2.875,8.52e-13,0.0377,"ABCE1,ACO1,ACSL3,ACTB,ACTR3,ADGRE2,ADH5,ADK,AFP,AGO2,AK1,AKT1,ALB,APOBEC3G,ARHGAP4,ARHGDIB,ARPC1B,ARPC5,ARRB1,ASNS,ATG7,BAX,BID,BUB1B,C1QTNF3,CA2,CASP1,CASP4,CASP8,CAST,CD46,CDC42,CDK1,CDK6,CEBPA,CEBPZ,CHD3,CKAP4,CLGN,CNTRL,COL1A2,COL3A1,COL6A3,COX4I1,CSE1L,CTPS1,DAB2,DDX21,DNM1,DR1,DTYMK,ECM1,EFEMP1,EFHD2,EGR2,EHD1,EIF2B1,EIF4E,ELOB,ELOC,ENDOD1,EZR,FAM3C,FBXO22,FDPS,FDXR,FEN1,FHL1,FKBP3,FKBP4,FN1,FSCN1,FUBP1,G6PD,GALNT2,GAPDH,GART,GBP1,GCLC,GCLM,GDF15,GDI1,GNL3,GPA33,GSK3A,GSK3B,GSPT1,GSR,GSS,H1-0,H2AX,HMGB1,HNRNPA1,HNRNPA2B1,HNRNPH1,HSPA1A/HSPA1B,HSPA8,HSPB1,HTT,HYOU1,IDH2,IGFBP2,IGFBP3,IL1B,IL1RN,ILK,IPO7,IQGAP2,IQGAP3,IREB2,ISCU,ITGB2,LASP1,LBR,LDHA,LEMD3,LGALS1,LGALS3,LMAN1,LPL,MAD1L1,MAP2K2,MAPK1,MAPK3,MAPKAPK2,MAT2A,ME1,ME2,METAP2,METTL7A,MKI67,MKNK1,MMP2,MSI2,MST1,MTA2,MTHFD2,NAP1L1,NCOR2,NDRG1,NDUFB8,NIBAN1,NME1,NOLC1,NOTCH1,NPC1,NPEPL1,NRGN,NUP153,OGFRL1,P2RX4,P4HA1,P4HB,PCNA,PDCD4,PDHX,PDIA3,PDIA4,PDIA5,PFDN1,PFKP,PHGDH,PIK3CD,PIN1,PLG,POSTN,PPAT,PPIA,PPIF,PPM1A,PPP1CA,PPP2CA,PPP3CA,PPP4C,PPP4R2,PRDX2,PRKACB,PRKAR1A,PSMB3,PSMB5,PTPN11,PTPN2,PTPN6,QSOX1,RAD23A,RALY,RAN,RHOA,RPL27A,RPS6KA1,RPS6KA3,S100A11,S100A4,S100A6,S100A9,SDHA,SDHB,SEL1L,SFXN3,SH3GLB1,SIRT6,SMAP2,SOD1,SON,SP1,SPRY2,SREBF2,SRM,SRSF1,SSBP1,STAT1,STK4,STMN1,STOM,SUN2,TAGLN2,TAP1,TAPBP,TFAM,TFB2M,TGFBI,THBD,THBS1,TIMP2,TK1,TMSB10/TMSB4X,TOP2A,TOP2B,TPM1,TPX2,TRAF1,TREM2,TTC13,TUBB,TUFM,TYMP,UGP2,UQCRC2,VMP1,WIPF1,XPC,XPO1,YWHAH,ZDHHC3,ZYX",245 (37),36,2hr_PROT_causal,True,
173,PPM1D, ,phosphatase,"Akt,ATF1,ATF6,CASP2,CEBPB,CHEK1,CHEK2,Creb,CREB1,E2F3,EGFR,ELK1,ERK1/2,FANCD2,H2AX,HNRNPA1,Hsp27,KAT5,MDM4,MET,MMP2,MTOR,NR3C1,P38 MAPK,PGR,PLK1,PPARGC1A,PPM1D,RELA,SP1,STAT1,TP53,TP63,TRIM28,YAP1",3,Activated,2.9330000000000003,1.45e-12,0.0259,"ACADM,ACO1,ACSL3,ACTB,ADH5,AGO2,AK1,AKT1,ALB,APEX1,APOB,APOBEC3G,ARHGDIB,ARPC1A,ARPC1B,ARRB1,ATG7,ATG9A,ATP2A2,BID,BST2,BUB1B,C3,C4A/C4B,CA2,CAPN2,CASP4,CAST,CBR1,CBS/CBSL,CD14,CD46,CD70,CDC42,CDK1,CEBPA,CHD3,CKAP4,COL1A2,COL3A1,COX4I1,CPT2,CSTA,CTCF,CTNND1,DDX21,DNM1,DPYSL2,DTYMK,ECM1,EGLN1,EGR2,EHD1,EIF1AX,EIF2B1,EZH2,EZR,FABP4,FAM3C,FBXO22,FDPS,FDXR,FEN1,FKBP3,FN1,FSCN1,GABPA,GAPDH,GART,GBP1,GBP2,GBP4,GDF15,GLUL,GNL3,GOT1,GSK3A,GSK3B,GSR,GSS,GSTM3,H1-2,H2AX,H2BC11,HINT1,HMGB1,HMGB2,HNRNPA1,HNRNPA2B1,HNRNPH1,HSPA8,HSPB1,HSPD1,HSPH1,HTT,IGF2,IGFBP2,IL1B,IL1RAP,ILK,IPO7,IREB2,ISCU,JUN,KRT10,LBR,LDHA,LEMD3,LPL,MAD1L1,MAPK1,MAPK7,MAT2A,MATK,ME1,ME2,MIF,MKI67,MKNK1,MMP2,MNDA,MPG,MRPL20,MST1,MTA2,MTHFD2,MX2,NAMPT,NCAM1,NDRG1,NDUFB8,NFKB1,NIBAN1,NME1,NOLC1,NPC1,NUCKS1,NUP153,P2RX4,P4HB,PCNA,PDHX,PDIA4,PDLIM1,PEA15,PHGDH,PIN1,PLG,PPIA,PPIF,PPM1A,PPP1CA,PPP2CA,PPP2R1A,PPP3CA,PPP4C,PPP4R2,PRDX2,PRKAR1A,PRMT1,PSMB3,PSMB5,PTPN11,PTPN6,PTPRE,PXN,RAD23A,RALY,RAN,RPA1,RSAD2,SDHA,SDHB,SEL1L,SERPINB8,SERPINB9,SIRT6,SMAP2,SOD1,SON,SREBF2,SRSF1,SSBP1,STAT1,STAT3,STK4,STMN1,STOM,TAGLN2,TAPBP,TFAM,TK1,TM9SF2,TMED10,TMPO,TMSB10/TMSB4X,TOP1,TOP2A,TOP2B,TPM1,TPX2,TRADD,TRAF1,TRIM21,TUBB,UGDH,UGP2,UQCRC2,VASP,VCL,WARS1,XPC,XPO1,YWHAH,YWHAZ",215 (35),33,2hr_PROT_causal,True,
180,PRL, ,cytokine,"Ap1,ATF2,Creb,EGFR,ERBB2,ERK,ERK1/2,IGF1R,IRF1,JAK2,MAP2K1,MAPK1,MAPK3,MAPK8,MAPK9,NFkB (complex),PRL,RB1,RELA,SHC1,STAT1,STAT3,STAT5a/b,TP53,ZAP70",2,Inhibited,-3.312,2.72e-12,0.0196,"ACO1,ACSL3,ADAR,AGO2,AK1,AKT1,APOBEC3G,ARHGDIB,ARPC1B,ARRB1,ASNS,ATG7,ATP2A2,B3GALT6,BAX,BID,BPNT2,BST2,BUB1B,C3,C4A/C4B,CASP1,CASP4,CASP8,CD14,CD46,CDC37,CDK1,CDKN2C,CEBPA,CHD3,CHD7,COL1A1,COL3A1,COL6A3,DHX58,DNM1,ECM1,EGLN1,EHD1,EIF2B1,EIF4E,ERP29,EZR,FABP5,FAM3C,FBXO22,FDXR,FEN1,FKBP3,FLI1,FSCN1,FUBP1,GAPDH,GBP2,GBP4,GDF15,GLO1,GNL3,GSK3A,GSK3B,GSR,GSTP1,HGSNAT,HMGB1,HMGB2,HNRNPA1,HNRNPA2B1,HNRNPH1,HSPA1A/HSPA1B,HSPA8,HTT,IDI1,IFI35,IGFBP2,IGFBP3,IL1RN,IPO7,IRAG2,IREB2,ISCU,ITGB2,JUN,KAT2B,KRT10,KYNU,LAMB1,LAMP1,LAP3,LBR,LCP2,LIG3,LMNA,LPL,MAD1L1,MAPK1,MAT2A,ME1,ME2,MECP2,METAP2,MKI67,MKNK1,MST1,MTA2,MX2,NAMPT,NDRG1,NDUFB8,NFKB1,NIFK,NME1,NMI,NOLC1,NOTCH1,NPC1,NQO1,NUP153,P2RX4,PAICS,PARP12,PDHX,PDIA3,PFKP,PGK1,PHGDH,PIK3CD,PKM,PLCG2,POLDIP2,POLR2A,POSTN,PPAT,PPIA,PPM1A,PPP1CA,PPP2CA,PPP3CA,PPP4C,PPP4R2,PRKAR1A,PRPS1,PSIP1,PSMB3,PSMB5,PSME2,PTPN11,PTPN2,PTPN6,PTPRE,PXN,RAD23A,RALY,RBL2,RHOA,RPA1,RSAD2,S100A4,SAMD9,SAMHD1,SAR1A,SDHB,SEL1L,SET,SIRT6,SMAP2,SON,SP1,SP100,SPRY2,SRSF1,STIP1,STK4,STMN1,STOM,STT3B,SUN1,SUN2,TAGLN2,TAPBP,TDO2,TFAM,TGM2,THBD,THBS1,TK1,TMED9,TMSB10/TMSB4X,TMX3,TOP1,TOP2B,TPM1,TPX2,TRAF1,TREM2,TUBB,TXN,UBE2I,UBE2L6,UGP2,UQCRC2,UTP18,VIM,WARS1,WAS,XPC,XPO1,YWHAH,ZEB2,ZNF318",210 (25),25,2hr_PROT_causal,True,
184,TMED10,0.611,transporter,"Akt,Ap1,AR,BCL2,BCL2L1,CASP9,Creb,ELK1,ERK1/2,FOXO1,Jnk,JUN,MTORC1,MYC,NFkB (complex),RICTOR,ROCK,RPS6KB1,SHC1,SMAD2,SP1,STAT6,Tgf beta,TMED10,TP53,YAP1",3,Activated,2.786,3.28e-12,0.0063,"ACO1,ACSL3,ACTB,ACTR3,AK1,AKT1,ARPC1B,ARRB1,ATG7,ATP2A2,BAG1,BAX,BCAT1,BCOR,BID,BUB1B,BZW2,C3,CASP1,CASP4,CAST,CBS/CBSL,CD151,CDK6,CEBPA,CHD3,CKAP4,CLGN,COL1A2,COL3A1,COX5A,CTCF,DEGS1,DNM1,DNM1L,DR1,DTYMK,EGR2,EHD1,EIF2B1,EIF4E,EIF4G1,EZR,FABP4,FABP5,FAM3C,FBL,FBXO22,FDXR,FKBP3,FKBP4,FLI1,FSCN1,FUBP1,GART,GBP1,GDF15,GDI1,GNL3,GOT1,GSK3A,GSK3B,GSS,GSTP1,HINT1,HMGB1,HMGB2,HNRNPH1,HSP90AA1,HSPA1A/HSPA1B,HSPA8,HSPB1,HSPD1,HSPH1,HTT,HYOU1,IFI35,IGFBP3,IL1B,IL1RN,IQGAP2,IREB2,ISCU,JUN,KYNU,LBR,LEMD3,LGALS3,LMAN1,MAD1L1,MAPK1,MAT2A,ME1,ME2,MKNK1,MMP2,MST1,MTHFD2,MX2,MYD88,NAMPT,NAP1L1,NCAM1,NDRG1,NDUFB8,NFKB1,NME1,NOLC1,NOP16,NOP56,NPC1,NUP153,P2RX4,P4HA1,PCNA,PDCD4,PDHX,PDIA5,PEA15,PFKP,PHGDH,PKM,PLG,PPM1A,PPP1CA,PPP2CA,PPP3CA,PPP4C,PPP4R2,PREP,PTPN11,PTPN6,PTPRE,PXN,RAD23A,RALY,RASA1,RHOA,RSAD2,S100A4,SAE1,SAR1A,SDHB,SEL1L,SIRT6,SON,SP100,SPC25,SPRY2,SREBF2,SRSF1,STAT1,STAT3,STMN1,STOM,SUMO1,SUMO2,SUMO3,SYK,TAGLN2,TAPBP,TDO2,TGM2,THBD,THBS1,TIMP2,TK1,TMSB10/TMSB4X,TOP2A,TOP2B,TPX2,TRAF1,TUBB,TXN,UBA2,UBE2I,UGDH,UGP2,UQCRC2,UQCRQ,VIM,WIPF1,WRN,XPC,YWHAH,ZEB2",186 (26),25,2hr_PROT_causal,True,
187,H2AX,1.359,transcription regulator,"Akt,AKT1,ATM,CASP8,CDK2,CHEK2,Creb,E2f,ELF4,ERK1/2,FANCD2,FOXO3,GLI1,GSK3B,H2AX,IGF1R,IKBKB,Jnk,MAP2K1,MAPK1,MAPK9,MDM4,Mek,NFkB (complex),NOTCH1,PLK1,PRKAA,PRKAA1,PRKCE,PRKDC,RAC1,SMC3,SNAI1,TP53,TP73,TRIM28,ZEB1",3,Inhibited,-2.9010000000000002,4.73e-12,0.0394,"ABCE1,ACO1,ACSL3,ACTB,ADAR,ADGRE2,ADH5,ADK,AK1,AKT1,ALOX5,APOBEC3G,ARPC1B,ARPC5,ARRB1,ATG7,BAX,BID,BST2,BUB1B,C1QTNF3,C3,CA2,CASP1,CASP4,CASP8,CBX1,CD46,CDC42,CDK1,CDK6,CEBPA,CEBPZ,CHD3,CNTRL,COL1A2,COX4I1,CSE1L,CTCF,CTPS1,DDX21,DEGS1,DNM1,ECM1,EFHD2,EGLN1,EGR2,EHD1,EIF2B1,ELOB,ELOC,ENDOD1,ERP29,EZH2,EZR,FABP5,FAM3C,FBXO22,FDXR,FEN1,FHL1,FKBP3,FN1,FSCN1,FUBP1,G6PD,GALNT2,GAPDH,GART,GBP1,GCLC,GCLM,GDF15,GNL3,GPA33,GSK3A,GSK3B,GSPT1,GSR,H1-0,HLA-DRB1,HMGB1,HSPA1A/HSPA1B,HSPA8,HSPB1,HTT,HYOU1,IDH2,IFI35,IGFBP2,IGFBP3,IL1B,IL1RN,IPO7,IQGAP2,IQGAP3,IREB2,ISCU,KYNU,LAP3,LBR,LDHA,LEMD3,LGALS1,LGALS3,LPL,MAD1L1,MANF,MAP2K2,MAPK1,MAT2A,ME1,ME2,MECP2,METAP2,METTL7A,MKNK1,MMP2,MSI2,MST1,MT1G,MX2,NAMPT,NCOR2,NDRG1,NDUFB8,NIBAN1,NME1,NMI,NOLC1,NOTCH1,NPEPL1,NQO1,NRGN,NUP153,OGFRL1,P2RX4,P4HB,PARP12,PCNA,PDCD4,PDHX,PDIA3,PEA15,PEBP1,PFKP,PHGDH,PIN1,PKM,PLG,PPAT,PPIF,PPM1A,PPP1CA,PPP2CA,PPP3CA,PPP4C,PPP4R2,PRKACB,PSME2,PTPN11,PTPN2,PTPN6,PTPRE,PXN,QSOX1,RAD23A,RALY,RHOA,RPL27A,RPS6KA1,RPS6KA3,S100A11,S100A4,S100A6,S100A9,SAMHD1,SAR1A,SDHA,SDHB,SEL1L,SFXN3,SH3GLB1,SIRT6,SOD1,SON,SP1,SP100,SPRY2,SRM,SSBP1,STMN1,STOM,SUN2,TAF7,TAGLN2,TAP1,TAPBP,TDO2,TF,TFAM,TFB2M,TGFBI,TGM2,THBD,THBS1,TIMP2,TMED10,TMSB10/TMSB4X,TOP2A,TOP2B,TPX2,TRAF1,TREM2,TRIM21,TTC13,TUBB,TUFM,UBE2I,UBE2L6,UQCRC2,UTP18,VKORC1L1,VMP1,WIPF1,XPC,XPO1,YWHAH,ZDHHC3,ZNF318",230 (37),36,2hr_PROT_causal,True,
190,FBH1, ,enzyme,"Akt,AKT1,ATM,CASP8,CDK2,CHEK2,Creb,DNA-PK,E2f,ELF4,ERK1/2,FANCD2,FBH1,FOXO3,GLI1,GSK3B,IGF1R,IKBKB,Jnk,MAP2K1,MAPK1,MAPK9,MDM4,Mek,NFkB (complex),NOTCH1,PRKAA,PRKAA1,PRKCE,RAC1,SMC3,TP53,TP73,TRIM28,ZEB1",3,Inhibited,-2.782,5.57e-12,0.0374,"ABCE1,ACO1,ACSL3,ACTB,ADAR,ADGRE2,ADH5,ADK,AK1,AKT1,ALOX5,APOBEC3G,ARPC1B,ARPC5,ARRB1,ATG7,BAX,BID,BST2,BUB1B,C1QTNF3,C3,CA2,CASP1,CASP4,CASP8,CBX1,CDC42,CDK1,CDK6,CEBPA,CEBPZ,CHD3,CNTRL,COL1A2,COX4I1,CSE1L,CTCF,CTPS1,DDX21,DEGS1,DNM1,ECM1,EFHD2,EGLN1,EHD1,EIF2B1,ELOB,ELOC,ENDOD1,ERP29,EZH2,EZR,FABP5,FAM3C,FBXO22,FDXR,FEN1,FHL1,FKBP3,FN1,FSCN1,FUBP1,G6PD,GALNT2,GAPDH,GART,GBP1,GCLC,GCLM,GDF15,GNL3,GPA33,GSK3A,GSK3B,GSPT1,GSR,H1-0,H2AX,HLA-DRB1,HMGB1,HSPA1A/HSPA1B,HSPA8,HSPB1,HTT,HYOU1,IDH2,IFI35,IGFBP2,IGFBP3,IL1B,IL1RN,IPO7,IQGAP2,IQGAP3,IREB2,ISCU,KYNU,LAP3,LBR,LDHA,LEMD3,LGALS1,LGALS3,LPL,MAD1L1,MANF,MAP2K2,MAPK1,MAT2A,ME1,ME2,MECP2,METAP2,METTL7A,MKNK1,MMP2,MSI2,MST1,MT1G,MX2,NAMPT,NCOR2,NDRG1,NDUFB8,NIBAN1,NME1,NMI,NOLC1,NOTCH1,NPEPL1,NQO1,NRGN,NUP153,OGFRL1,P2RX4,P4HB,PARP12,PCNA,PDCD4,PDHX,PDIA3,PEA15,PFKP,PHGDH,PIN1,PKM,PLG,PPAT,PPIF,PPM1A,PPP1CA,PPP2CA,PPP3CA,PPP4C,PPP4R2,PRKACB,PSME2,PTPN11,PTPN2,PTPN6,PTPRE,PXN,QSOX1,RAD23A,RALY,RHOA,RPL27A,RPS6KA1,RPS6KA3,S100A11,S100A4,S100A6,S100A9,SAMHD1,SAR1A,SDHA,SDHB,SEL1L,SFXN3,SH3GLB1,SIRT6,SOD1,SON,SP1,SP100,SPRY2,SRM,SSBP1,STMN1,STOM,SUN2,TAF7,TAGLN2,TAP1,TAPBP,TDO2,TF,TFAM,TFB2M,TGFBI,TGM2,THBD,THBS1,TIMP2,TMED10,TMSB10/TMSB4X,TOP2A,TOP2B,TPX2,TRAF1,TREM2,TRIM21,TTC13,TUBB,TUFM,UBE2I,UBE2L6,UQCRC2,UTP18,VKORC1L1,VMP1,WIPF1,XPC,XPO1,YWHAH,ZDHHC3,ZNF318",228 (35),34,2hr_PROT_causal,True,
196,FYN, ,kinase,"Akt,AKT1,ATF2,CASP8,CD247,CTNNB1,DYRK1B,EGFR,EGR1,ERBB3,ERK,ERK1/2,FYN,GSK3B,HDAC6,HIF1A,ITGB4,Jnk,JUN,LCK,MAP2K1/2,Mapk,MAPK1,MAPK3,MAPK8,MET,NFAT5,NFkB (complex),P38 MAPK,PARP1,PGR,PTPN6,RAC1,RELA,RHOA,ROCK,SHC1,SMAD3,SP1,STAT3,TAB1",3,Inhibited,-3.9389999999999996,9.41e-12,0.019,"ACO1,ADAM10,ADAR,AGO2,AKT1,ALDOA,APOBEC3G,APOC3,APOE,ARHGDIB,ARRB1,ASNS,ATG7,ATP2A2,ATXN10,BAX,BST2,CAPN2,CARS1,CASP4,CBS/CBSL,CD70,CDK1,CDK6,CDKN2C,CEBPA,CKAP4,COL1A2,CP,CPT2,CSE1L,DDX21,DPYSL2,EED,EGLN1,EGR2,EHD1,EIF1AX,EIF4E,EIF4G1,ERP29,EZH2,EZR,FABP4,FABP5,FCER1G,FDXR,FHL1,FLI1,FSCN1,GAPDH,GBP1,GBP2,GCLC,GCLM,GLUL,GOT1,GPX4,GSPT1,GSTM3,GSTP1,H2AX,H2BC12,HINT1,HMGB2,HNRNPA1,HNRNPA2B1,HNRNPH1,HSPB1,IFI35,IGF2,IGFBP3,IL1B,IRF5,ITGB2,ITPR1,JAK1,JMJD6,JUN,KAT2B,KIFC1,KYNU,LAP3,LDHA,LIMS1,MAP2K2,MAT2A,MATK,MBD2,MECP2,MIF,MKI67,MKNK1,MTA2,MX2,MYD88,NAE1,NAMPT,NAT1,NDUFB8,NFKB1,NMI,NOP16,NOTCH1,NPC1,NQO1,NUCKS1,NUDCD2,NUDT1,NVL,PARP12,PCNA,PDLIM1,PEA15,PELP1,PFDN1,PFKP,PGK1,PHGDH,PKM,PLCG2,PLG,POSTN,PPIA,PPIF,PPP3CA,PRKAR1A,PSIP1,PSMB3,PSMB5,PSME2,PTPN2,PTPRE,PXN,RAD23A,RASA1,RHOC,RSAD2,S100A8,SAMHD1,SAR1A,SDHB,SERPINB8,SH3GLB1,SIRT6,SLC9A3R1,SMAP2,SOD1,SP1,SP100,SPRY2,SRSF1,STAT3,STK4,STMN1,SUN2,SYK,TAPBP,TDO2,TGFBI,TGM2,THBS1,TK1,TMED10,TMSB10/TMSB4X,TOP2A,TRADD,TRIM21,TXN,UBE2I,UBE2L6,UGDH,UQCRC2,UTP18,VASP,VCL,VIM,WAS,ZEB2,ZNF318,ZYX",181 (41),40,2hr_PROT_causal,True,
198,PIK3C3,-0.286,kinase,"Akt,AKT1,ATF2,EGFR,EGR1,EIF4E,EIF4EBP1,ERBB3,ERK,ERK1/2,GSK3B,HDAC6,HIF1A,ITGB4,Jnk,JUN,MAP2K1/2,Mapk,MAPK1,MAPK3,MET,MTORC1,NFkB (complex),P38 MAPK,PARP1,PGR,PIK3C3,Pld,PLD1,RAC1,RHOA,RPS6KB1,SHC1,SMAD3,SP1,STAT3,TAB1",3,Activated,3.2110000000000003,9.85e-12,0.0097,"ACO1,ADAM10,ADAR,AGO2,AKT1,ALDOA,APOBEC3G,APOC3,APOE,ARRB1,ASNS,ATXN10,BAX,BST2,CAPN2,CARS1,CASP4,CBS/CBSL,CD70,CDK1,CDKN2C,CEBPA,CKAP4,COL1A2,CPT2,CTCF,DDX21,DPYSL2,EED,EGLN1,EGR2,EHD1,EIF1AX,EIF4E,EIF4G1,ERP29,EZH2,EZR,FABP4,FABP5,FDXR,FHL1,FLI1,FSCN1,GAPDH,GBP1,GBP2,GCLC,GCLM,GLUL,GOT1,GPX4,GSPT1,GSTM3,GSTP1,H2AX,H2BC12,HINT1,HMGB2,HNRNPA1,HNRNPA2B1,HNRNPH1,HSPB1,IFI35,IGF2,IGFBP3,IRF5,ITPR1,JAK1,JMJD6,JUN,KAT2B,KYNU,LAP3,LDHA,LIMS1,MAP2K2,MAT2A,MATK,MBD2,MECP2,MIF,MKI67,MKNK1,MTA2,MX2,MYD88,NAE1,NAMPT,NAT1,NDUFB8,NFKB1,NMI,NOTCH1,NPC1,NQO1,NUCKS1,NUDCD2,NVL,PARP12,PCNA,PDLIM1,PEA15,PELP1,PFDN1,PFKP,PGK1,PHGDH,PKM,PLG,POSTN,PPIA,PPIF,PRKAR1A,PSIP1,PSMB3,PSMB5,PSME2,PTPN2,PTPRE,PXN,RASA1,RHOC,RSAD2,S100A8,SAMHD1,SAR1A,SDHB,SERPINB8,SH3GLB1,SIRT6,SOD1,SP1,SP100,SPRY2,SREBF2,SRSF1,STMN1,SUN2,SYK,TAPBP,TDO2,TGFBI,TGM2,THBS1,TK1,TMED10,TOP2A,TRADD,TRIM21,TXN,UBE2I,UBE2L6,UGDH,UQCRC2,UTP18,VASP,VCL,VIM,WAS,ZEB2,ZNF318,ZYX",163 (37),33,2hr_PROT_causal,True,
202,EGF, ,growth factor,"Akt,AKT1,ATF2,Creb,CREB1,EGF,EGFR,ERBB2,ERBB3,ERBB4,ERK,ERK1/2,ESRRA,FOS,JINK1/2,Jnk,JUN,MAP2K1,Mapk,MAPK1,MAPK3,MAPK7,MAPK8,MET,MMP1,MTOR,MYC,P38 MAPK,PI3K (complex),PRKCZ,RAC1,RAF1,RPS6KB1,SHC1,STAT1,STAT3,STAT5a/b",2,Inhibited,-4.044,1.34e-11,0.0148,"ACADM,ACO1,ADAR,AGO2,AKT1,ALDOC,APOBEC3G,APOC3,ARRB1,ASNS,ATG7,B3GALT6,BAG1,BAX,BCAT1,BCOR,BPNT2,BST2,BZW2,C3,C4A/C4B,CASP1,CASP4,CD14,CD151,CD70,CDC37,CDC42,CDK12,CDKN2C,CHD7,COL6A3,COX5A,EGR2,EHD1,EIF4E,EIF4G1,ENO1,ERP29,EZH2,EZR,FABP4,FBL,FDXR,FKBP5,FLI1,FSCN1,GAPDH,GART,GBP2,GBP4,GCLC,GCLM,GDF15,GLO1,GOT1,GSPT1,GSTP1,HGSNAT,HMGB2,HNRNPA1,HNRNPA2B1,HNRNPH1,HSP90AA1,HSPD1,HSPH1,IDI1,IGFBP2,IGFBP3,IL1B,IPO7,IQGAP2,IRAG2,ITGB2,JUN,KAT2B,LAMB1,LAMP1,LAP3,LASP1,LCP2,LDHA,LDHB,LGALS3,LIG3,LPL,MAP2K1,MAP2K2,MAT2A,MECP2,MED1,MIF,MKI67,MKNK1,MMP2,MTA2,MX2,MYD88,NAMPT,NDRG1,NDUFB8,NFKB1,NIFK,NMI,NOLC1,NOP56,NOTCH1,NPC1,NQO1,PAICS,PARP12,PCNA,PDCD4,PEA15,PGK1,PIK3CD,PKM,PLG,POLDIP2,POLR2A,POSTN,PPAT,PPIA,PREP,PRKAR1A,PRPS1,PSAT1,PSIP1,PSMB3,PSMB5,PSMB9,PSME2,PTPN2,PTPRE,RASA1,RHOA,RPA1,RSAD2,S100A4,SAE1,SAMHD1,SDHB,SIRT6,SOD1,SP100,SPRY2,SREBF2,SRSF1,STAT3,STIP1,STMN1,STT3B,SUMO1,SUMO2,SUMO3,SUN1,SUN2,SYK,TAPBP,TGM2,THBS1,TK1,TMED10,TMED9,TMX3,TOP1,TOP2A,TPI1,TPM1,TRADD,TREM2,TXN,UBA2,UBE2I,UBE2L6,UGP2,UQCRC2,UQCRQ,UTP18,WARS1,WAS,WRN,XPO1,ZEB2,ZNF318",185 (37),37,2hr_PROT_causal,True,
203,MGAT1,0.428,enzyme,"Akt,AKT1,CTNNB1,EGFR,EGR1,ERBB3,ERK,ERK1/2,ERN1,GSK3B,HDAC6,HIF1A,IGF1R,ITGB4,Jnk,JUN,LCK,MAP2K1/2,Mapk,MAPK1,MAPK3,MAPK8,MET,MGAT1,NFkB (complex),P38 MAPK,PARP1,PGR,PTEN,PTK2,RAC1,RHOA,SHC1,SMAD2,SMAD3,SP1,STAT3,TAB1,YAP1",3,Inhibited,-3.0639999999999996,1.35e-11,0.0225,"ACO1,ADAM10,ADAR,AGO2,AKT1,ALDOA,APOBEC3G,APOC3,APOE,ARF4,ARRB1,ATG7,ATXN10,BAX,BST2,CAPN2,CARS1,CASP4,CASP8,CBS/CBSL,CD70,CDC42,CDK1,CDK6,CDKN2C,CEBPA,CKAP4,COL1A2,CPT2,CTCF,DDX21,DNAJC10,DPYSL2,DTYMK,EDEM1,EED,EGLN1,EGR2,EIF1AX,EIF4E,EIF4G1,ERLEC1,ERP29,EZH2,EZR,FABP4,FABP5,FDXR,FHL1,FLI1,FN1,FSCN1,GAPDH,GBP1,GBP2,GCLC,GCLM,GLUL,GOT1,GPX4,GSPT1,GSTM3,GSTP1,H2AX,H2BC12,HINT1,HMGB2,HNRNPA1,HNRNPA2B1,HNRNPH1,HSPB1,IFI35,IGF2,IGFBP2,IGFBP3,IRF5,ITPR1,JAK1,JMJD6,JUN,KAT2B,KIFC1,KYNU,LAP3,LDHA,LIMS1,MAP2K2,MATK,MBD2,MECP2,MIF,MKI67,MKNK1,MMP2,MTA2,MX2,MYD88,NAE1,NAMPT,NAT1,NDUFB8,NFKB1,NMI,NOTCH1,NPC1,NUCKS1,NUDCD2,NVL,PARP12,PCNA,PDLIM1,PEA15,PELP1,PFDN1,PFKP,PGK1,PHGDH,PKM,PLCG2,PLG,POSTN,PPIA,PPIF,PPM1F,PPP3CA,PREX1,PRKAR1A,PSIP1,PSMB3,PSMB5,PSME2,PTPN2,PTPRE,RAD23A,RASA1,RHOA,RHOC,RSAD2,S100A8,SAMHD1,SAR1A,SDHB,SERPINB8,SH3GLB1,SIRT6,SLC9A3R1,SOD1,SP1,SP100,SPRY2,SRSF1,STAT3,STMN1,SUN2,SYK,TAPBP,TDO2,TGFBI,TGM2,THBS1,TMED10,TOP2A,TRADD,TRAF1,TRIM21,TXN,UBE2I,UBE2L6,UGDH,UGP2,UQCRC2,UTP18,VASP,VCL,VIM,WAS,ZEB2,ZNF318,ZYX",179 (39),38,2hr_PROT_causal,True,
204,SIRT5, ,enzyme,"AKT1,ATM,CASP8,CDK2,CHEK2,Creb,E2f,ELF4,ERK1/2,FANCD2,FOXO3,GLI1,GLS,GSK3B,IGF1R,IKBKB,Jnk,MAP2K1,MAPK1,MAPK9,MDM4,Mek,NFkB (complex),NOTCH1,PRKAA,PRKAA1,PRKCE,RAC1,SIRT5,SMC3,TP53,TP73,TRIM28,ZEB1",3,Activated,2.806,1.54e-11,0.0471,"ABCE1,ACO1,ACSL3,ACTB,ADAR,ADGRE2,ADH5,ADK,AK1,AKT1,ALOX5,APOBEC3G,ARPC1B,ARPC5,ARRB1,ATG7,BAX,BID,BST2,BUB1B,C1QTNF3,C3,CA2,CASP1,CASP4,CASP8,CBX1,CDC42,CDK1,CDK6,CEBPA,CEBPZ,CHD3,CNTRL,COL1A1,COL1A2,COL3A1,COX4I1,CSE1L,CTCF,CTPS1,DDX21,DEGS1,DNM1,ECM1,EFHD2,EGLN1,EHD1,EIF2B1,ELOB,ELOC,ENDOD1,ERP29,EZR,FABP5,FAM3C,FBXO22,FDXR,FEN1,FHL1,FKBP3,FSCN1,FUBP1,G6PD,GALNT2,GAPDH,GART,GBP1,GCLC,GCLM,GDF15,GNL3,GPA33,GSK3A,GSK3B,GSPT1,GSR,GSS,H1-0,H2AX,HLA-DRB1,HMGB1,HSPA1A/HSPA1B,HSPA8,HSPB1,HTT,HYOU1,IDH2,IFI35,IGFBP2,IGFBP3,IL1B,IL1RN,IPO7,IQGAP2,IQGAP3,IREB2,ISCU,KYNU,LAP3,LBR,LDHA,LEMD3,LGALS1,LGALS3,LPL,MAD1L1,MANF,MAP2K2,MAPK1,MAT2A,ME1,ME2,MECP2,METAP2,METTL7A,MKNK1,MMP2,MSI2,MST1,MT1G,MX2,NAMPT,NCOR2,NDRG1,NIBAN1,NME1,NMI,NOLC1,NOTCH1,NPEPL1,NQO1,NRGN,NUP153,OGFRL1,P2RX4,P4HB,PARP12,PCNA,PDCD4,PDHX,PDIA3,PFKP,PHGDH,PIN1,PKM,PLG,PPAT,PPIF,PPM1A,PPP1CA,PPP2CA,PPP3CA,PPP4C,PPP4R2,PRKACB,PSME2,PTPN11,PTPN2,PTPN6,PTPRE,PXN,QSOX1,RAD23A,RALY,RHOA,RPL27A,RPS6KA1,RPS6KA3,S100A11,S100A4,S100A6,S100A9,SAMHD1,SAR1A,SDHA,SEL1L,SFXN3,SH3GLB1,SIRT6,SOD1,SON,SP1,SP100,SPRY2,SRM,SSBP1,STMN1,STOM,SUN2,TAF7,TAGLN2,TAP1,TAPBP,TDO2,TF,TFAM,TFB2M,TGFBI,TGM2,THBD,THBS1,TIMP2,TMSB10/TMSB4X,TOP2A,TOP2B,TPX2,TRAF1,TREM2,TRIM21,TTC13,TUBB,TUFM,UBE2I,UBE2L6,UTP18,VKORC1L1,VMP1,WIPF1,XPC,XPO1,YWHAH,ZDHHC3,ZNF318",224 (34),34,2hr_PROT_causal,True,
205,NBN, ,other,"AKT1,ATM,CASP8,CDK1,CDK2,CHEK1,CHEK2,Creb,DNA-PK,E2f,ELF4,ERK1/2,FANCD2,FOXO3,GLI1,GSK3B,IGF1R,IKBKB,Jnk,MAP2K1,MAPK1,MAPK9,MDM4,Mek,NBN,NFkB (complex),NOTCH1,PRKAA,PRKAA1,PRKCE,RAC1,SMC3,TP53,TP73,TRIM28,ZEB1",3,Inhibited,-2.806,1.54e-11,0.048,"ABCE1,ACO1,ACSL3,ACTB,ADAR,ADGRE2,ADH5,ADK,AK1,AKT1,ALOX5,APOBEC3G,ARPC1B,ARPC5,ARRB1,ATG7,BAX,BID,BST2,BUB1B,C1QTNF3,C3,CA2,CASP1,CASP4,CASP8,CBX1,CDC42,CDK1,CDK6,CEBPA,CEBPZ,CHD3,CNTRL,COL1A2,COL3A1,COX4I1,CSE1L,CTCF,CTPS1,DDX21,DEGS1,DNM1,ECM1,EFHD2,EGLN1,EHD1,EIF2B1,ELOB,ELOC,ENDOD1,ERP29,EZR,FABP5,FAM3C,FBXO22,FDXR,FEN1,FHL1,FKBP3,FN1,FSCN1,FUBP1,G6PD,GALNT2,GAPDH,GART,GBP1,GCLC,GCLM,GDF15,GNL3,GPA33,GSK3A,GSK3B,GSPT1,GSR,GSS,H1-0,H2AX,HLA-DRB1,HMGB1,HSPA1A/HSPA1B,HSPA8,HSPB1,HTT,HYOU1,IDH2,IFI35,IGFBP2,IGFBP3,IL1B,IL1RN,IPO7,IQGAP2,IQGAP3,IREB2,ISCU,KYNU,LAP3,LBR,LDHA,LEMD3,LGALS1,LGALS3,LPL,MAD1L1,MANF,MAP2K2,MAPK1,MAT2A,ME1,ME2,MECP2,METAP2,METTL7A,MKNK1,MMP2,MSI2,MST1,MT1G,MX2,NAMPT,NCOR2,NDRG1,NIBAN1,NME1,NMI,NOLC1,NOTCH1,NPEPL1,NQO1,NRGN,NUP153,OGFRL1,P2RX4,P4HB,PARP12,PCNA,PDCD4,PDHX,PDIA3,PFKP,PHGDH,PIN1,PKM,PLG,PPAT,PPIF,PPM1A,PPP1CA,PPP2CA,PPP3CA,PPP4C,PPP4R2,PRKACB,PSME2,PTPN11,PTPN2,PTPN6,PTPRE,PXN,QSOX1,RAD23A,RALY,RHOA,RPL27A,RPS6KA1,RPS6KA3,S100A11,S100A4,S100A6,S100A9,SAMHD1,SAR1A,SDHA,SEL1L,SFXN3,SH3GLB1,SIRT6,SOD1,SON,SP1,SP100,SPRY2,SRM,SSBP1,STMN1,STOM,SUN2,TAF7,TAGLN2,TAP1,TAPBP,TDO2,TF,TFAM,TFB2M,TGFBI,TGM2,THBD,THBS1,TIMP2,TMSB10/TMSB4X,TOP2A,TOP2B,TPX2,TRAF1,TREM2,TRIM21,TTC13,TUBB,TUFM,UBE2I,UBE2L6,UTP18,VKORC1L1,VMP1,WIPF1,XPC,XPO1,YWHAH,ZDHHC3,ZNF318",224 (36),35,2hr_PROT_causal,True,
206,RGS6, ,enzyme,"AKT1,ATM,CASP8,CDK1,CDK2,CHEK1,CHEK2,Creb,DNA-PK,E2f,ELF4,ERK1/2,FANCD2,FOXO3,GLI1,GSK3B,IGF1R,IKBKB,Jnk,MAP2K1,MAPK1,MAPK9,MDM4,Mek,NFkB (complex),NOTCH1,PRKAA,PRKAA1,PRKCE,RAC1,RGS6,SMC3,TP53,TP73,TRIM28,ZEB1",3,Inhibited,-2.806,1.54e-11,0.0482,"ABCE1,ACO1,ACSL3,ACTB,ADAR,ADGRE2,ADH5,ADK,AK1,AKT1,ALOX5,APOBEC3G,ARPC1B,ARPC5,ARRB1,ATG7,BAX,BID,BST2,BUB1B,C1QTNF3,C3,CA2,CASP1,CASP4,CASP8,CBX1,CDC42,CDK1,CDK6,CEBPA,CEBPZ,CHD3,CNTRL,COL1A2,COL3A1,COX4I1,CSE1L,CTCF,CTPS1,DDX21,DEGS1,DNM1,ECM1,EFHD2,EGLN1,EHD1,EIF2B1,ELOB,ELOC,ENDOD1,ERP29,EZR,FABP5,FAM3C,FBXO22,FDXR,FEN1,FHL1,FKBP3,FN1,FSCN1,FUBP1,G6PD,GALNT2,GAPDH,GART,GBP1,GCLC,GCLM,GDF15,GNL3,GPA33,GSK3A,GSK3B,GSPT1,GSR,GSS,H1-0,H2AX,HLA-DRB1,HMGB1,HSPA1A/HSPA1B,HSPA8,HSPB1,HTT,HYOU1,IDH2,IFI35,IGFBP2,IGFBP3,IL1B,IL1RN,IPO7,IQGAP2,IQGAP3,IREB2,ISCU,KYNU,LAP3,LBR,LDHA,LEMD3,LGALS1,LGALS3,LPL,MAD1L1,MANF,MAP2K2,MAPK1,MAT2A,ME1,ME2,MECP2,METAP2,METTL7A,MKNK1,MMP2,MSI2,MST1,MT1G,MX2,NAMPT,NCOR2,NDRG1,NIBAN1,NME1,NMI,NOLC1,NOTCH1,NPEPL1,NQO1,NRGN,NUP153,OGFRL1,P2RX4,P4HB,PARP12,PCNA,PDCD4,PDHX,PDIA3,PFKP,PHGDH,PIN1,PKM,PLG,PPAT,PPIF,PPM1A,PPP1CA,PPP2CA,PPP3CA,PPP4C,PPP4R2,PRKACB,PSME2,PTPN11,PTPN2,PTPN6,PTPRE,PXN,QSOX1,RAD23A,RALY,RHOA,RPL27A,RPS6KA1,RPS6KA3,S100A11,S100A4,S100A6,S100A9,SAMHD1,SAR1A,SDHA,SEL1L,SFXN3,SH3GLB1,SIRT6,SOD1,SON,SP1,SP100,SPRY2,SRM,SSBP1,STMN1,STOM,SUN2,TAF7,TAGLN2,TAP1,TAPBP,TDO2,TF,TFAM,TFB2M,TGFBI,TGM2,THBD,THBS1,TIMP2,TMSB10/TMSB4X,TOP2A,TOP2B,TPX2,TRAF1,TREM2,TRIM21,TTC13,TUBB,TUFM,UBE2I,UBE2L6,UTP18,VKORC1L1,VMP1,WIPF1,XPC,XPO1,YWHAH,ZDHHC3,ZNF318",224 (36),35,2hr_PROT_causal,True,
207,ACOX1,0.367,enzyme,"ACOX1,AKT1,ATM,CASP8,CDK2,CHEK2,Creb,E2f,ELF4,ERK1/2,FANCD2,FOXO3,GLI1,GSK3B,IGF1R,IKBKB,Jnk,MAP2K1,MAPK1,MAPK9,MDM4,Mek,NFkB (complex),NOTCH1,PRKAA,PRKAA1,PRKCE,RAC1,SMC3,TP53,TP73,TRIM28,ZEB1",3,Inhibited,-2.673,1.54e-11,0.0482,"ABCE1,ACO1,ACSL3,ACTB,ADAR,ADGRE2,ADH5,ADK,AK1,AKT1,ALOX5,APOBEC3G,ARPC1B,ARPC5,ARRB1,ATG7,BAX,BID,BST2,BUB1B,C1QTNF3,C3,CA2,CASP1,CASP4,CASP8,CBX1,CDC42,CDK1,CDK6,CEBPA,CEBPZ,CHD3,CNTRL,COL1A2,COL3A1,COX4I1,CSE1L,CTCF,CTPS1,DDX21,DEGS1,DNM1,ECM1,EFHD2,EGLN1,EHD1,EIF2B1,ELOB,ELOC,ENDOD1,ERP29,EZR,FABP5,FAM3C,FBXO22,FDXR,FEN1,FHL1,FKBP3,FN1,FSCN1,FUBP1,G6PD,GALNT2,GAPDH,GART,GBP1,GCLC,GCLM,GDF15,GNL3,GPA33,GSK3A,GSK3B,GSPT1,GSR,GSS,H1-0,H2AX,HLA-DRB1,HMGB1,HSPA1A/HSPA1B,HSPA8,HSPB1,HTT,HYOU1,IDH2,IFI35,IGFBP2,IGFBP3,IL1B,IL1RN,IPO7,IQGAP2,IQGAP3,IREB2,ISCU,KYNU,LAP3,LBR,LDHA,LEMD3,LGALS1,LGALS3,LPL,MAD1L1,MANF,MAP2K2,MAPK1,MAT2A,ME1,ME2,MECP2,METAP2,METTL7A,MKNK1,MMP2,MSI2,MST1,MT1G,MX2,NAMPT,NCOR2,NDRG1,NIBAN1,NME1,NMI,NOLC1,NOTCH1,NPEPL1,NQO1,NRGN,NUP153,OGFRL1,P2RX4,P4HB,PARP12,PCNA,PDCD4,PDHX,PDIA3,PFKP,PHGDH,PIN1,PKM,PLG,PPAT,PPIF,PPM1A,PPP1CA,PPP2CA,PPP3CA,PPP4C,PPP4R2,PRKACB,PSME2,PTPN11,PTPN2,PTPN6,PTPRE,PXN,QSOX1,RAD23A,RALY,RHOA,RPL27A,RPS6KA1,RPS6KA3,S100A11,S100A4,S100A6,S100A9,SAMHD1,SAR1A,SDHA,SEL1L,SFXN3,SH3GLB1,SIRT6,SOD1,SON,SP1,SP100,SPRY2,SRM,SSBP1,STMN1,STOM,SUN2,TAF7,TAGLN2,TAP1,TAPBP,TDO2,TF,TFAM,TFB2M,TGFBI,TGM2,THBD,THBS1,TIMP2,TMSB10/TMSB4X,TOP2A,TOP2B,TPX2,TRAF1,TREM2,TRIM21,TTC13,TUBB,TUFM,UBE2I,UBE2L6,UTP18,VKORC1L1,VMP1,WIPF1,XPC,XPO1,YWHAH,ZDHHC3,ZNF318",224 (33),33,2hr_PROT_causal,True,
210,mir-146, ,microRNA,"Akt,AKT1,CTNNB1,EGFR,EGR1,ERBB3,ERK,ERK1/2,GSK3B,HDAC6,HIF1A,ITGB4,Jnk,JUN,MAP2K1/2,Mapk,MAPK1,MAPK3,MET,mir-146,NFkB (complex),P38 MAPK,PARP1,PGR,RAC1,RHOA,SHC1,SMAD3,SP1,STAT3,TAB1",3,Activated,3.528,1.84e-11,0.0148,"ACO1,ADAM10,ADAR,AGO2,AKT1,ALDOA,APOBEC3G,APOC3,APOE,ARRB1,ATG7,ATXN10,BAX,BST2,CAPN2,CARS1,CASP4,CBS/CBSL,CD70,CDK1,CDKN2C,CEBPA,CKAP4,COL1A2,CPT2,CTCF,DDX21,DPYSL2,EED,EGLN1,EGR2,EHD1,EIF1AX,EIF4E,EIF4G1,ERP29,EZH2,EZR,FABP4,FABP5,FAF1,FDXR,FHL1,FLI1,FSCN1,GAPDH,GBP1,GBP2,GCLC,GCLM,GLUL,GOT1,GPX4,GSPT1,GSTM3,GSTP1,H2AX,H2BC12,HINT1,HMGB2,HNRNPA1,HNRNPA2B1,HNRNPH1,HSPB1,IFI35,IGF2,IGFBP3,IL1B,IRF5,ITPR1,JAK1,JMJD6,JUN,KAT2B,KIFC1,KYNU,LAP3,LDHA,LIMS1,MAP2K2,MATK,MBD2,MECP2,MIF,MKI67,MKNK1,MTA2,MX2,MYD88,NAE1,NAMPT,NAT1,NDUFB8,NFKB1,NMI,NOTCH1,NPC1,NQO1,NUCKS1,NUDCD2,NVL,PARP12,PCNA,PDLIM1,PEA15,PELP1,PFDN1,PFKP,PGK1,PHGDH,PKM,PLG,POSTN,PPIA,PPIF,PPP3CA,PRKAR1A,PSIP1,PSMB3,PSMB5,PSME2,PTPN2,PTPRE,PXN,RAD23A,RASA1,RHOC,RSAD2,S100A8,SAMHD1,SAR1A,SDHB,SERPINB8,SH3GLB1,SIRT6,SLC9A3R1,SOD1,SP1,SP100,SPRY2,SRSF1,STAT1,STAT3,STMN1,SUN2,SYK,TAPBP,TDO2,TGFBI,TGM2,THBS1,TK1,TMED10,TOP2A,TRADD,TRAF1,TRIM21,TXN,UBE2I,UBE2L6,UGDH,UQCRC2,UTP18,VASP,VCL,VIM,WAS,ZEB2,ZNF318,ZYX",170 (31),31,2hr_PROT_causal,True,
213,ROR2, ,kinase,"Akt,AKT1,CASP8,CDH1,CHUK,CLTC,EGFR,ERK,ERK1/2,Focal adhesion kinase,FOS,IKBKB,IQGAP1,Mapk,MAPK1,MAPK9,MYC,NFkB (complex),P38 MAPK,PLSCR1,PRKAA,Rac,RAC1,RB1,RHOA,RHOC,ROR2,SRC,STAT3,STAT5a/b,YAP/TAZ,YAP1",3,Inhibited,-2.562,2.3899999999999996e-11,0.0031,"ACO1,ACTB,ADAR,AGO2,APOA4,APOBEC3G,APOC3,ARRB1,BAG1,BCAT1,BCOR,BST2,BZW2,C3,CASP4,CASP8,CD151,CD70,CD74,CDC42,CDK6,CDKN2C,CEBPA,COL1A1,COX5A,CSE1L,CTCF,DTYMK,EGLN1,EGR2,EIF4E,EIF4G1,ERP29,EZH2,EZR,FABP4,FABP5,FBL,FDXR,FKBP5,FSCN1,GAPDH,GBP1,GCLC,GCLM,GDF15,GLUL,GOT1,GSPT1,GSR,GSS,H2AX,HNRNPA1,HNRNPA2B1,HNRNPH1,HSP90AA1,HSPB1,HSPD1,HSPH1,HYOU1,IDI1,IFI35,IGFBP3,IPO7,IQGAP2,IRAG2,ITGB2,ITPR1,JUN,KAT2B,KRT10,KYNU,LAP3,LCP2,LDHA,LMNA,LPL,MAP2K2,MAT2A,MECP2,METAP2,MIF,MKI67,MKNK1,MMP2,MTA2,MX2,MYD88,NAMPT,NDRG1,NDUFB8,NFKB1,NIFK,NMI,NOLC1,NOP56,NOTCH1,NQO1,PARP12,PCNA,PDCD4,PDIA3,PEA15,PGK1,PKM,POSTN,PPIA,PREP,PRKAR1A,PSAT1,PSIP1,PSMB3,PSMB5,PSME2,PTPN2,PTPRE,PXN,RBL2,RHOA,RHOC,RSAD2,SAE1,SAMHD1,SAR1A,SDHB,SOD1,SP1,SP100,SPRY2,SRSF1,STAT3,STIP1,SUMO1,SUMO2,SUMO3,SUN2,TAPBP,TDO2,TGM2,THBS1,TK1,TMED10,TRADD,TRIM21,UBA2,UBE2I,UBE2L6,UGP2,UQCRC2,UQCRQ,UTP18,WAS,WRN,XPO1,ZEB2,ZNF318",156 (32),31,2hr_PROT_causal,True,
218,FANCC, ,other,"ATM,CASP8,CEBPA,CHEK1,CHEK2,DAXX,DNA-PK,E2f,EIF2AK2,ELF4,ERK1/2,estrogen receptor,FANCC,FANCD2,HIF1A,IKBKB,IRF3,Jnk,JUN,LAMTOR5,MAPK1,MDM4,NFkB (complex),PRKDC,RB1,RELA,SMC3,STAT3,TP53,TRIM28,ZEB1",3,Activated,2.701,2.66e-11,0.046,"A2M,ACSL3,ADAM10,ADAR,ADH5,AGO2,AK1,AKR1B1,AKT1,AKT2,ALB,ALDOA,APOE,ARHGDIB,ARPC1B,ARRB1,BAX,BID,BST2,BUB1B,C3,CA2,CAPG,CARS1,CASP1,CASP8,CBX1,CD46,CDK1,CEBPA,CHD3,COL1A2,COL3A1,COL9A2,CSE1L,CTCF,DNM1,ECM1,EED,EEF1A2,EGLN1,EGR2,EHD1,EIF2B1,EIF4E,EIF4G1,ERP29,EZR,FABP5,FAM3C,FBXO22,FDXR,FEN1,FHL1,FKBP3,FKBP5,FN1,FUBP1,GAPDH,GART,GBP1,GNL3,GOT1,GSK3A,GSK3B,GSR,H1-10,H2AX,H2BC12,HLA-DRB1,HMGB1,HSP90AA1,HSPA1A/HSPA1B,HSPA8,HSPB1,HTT,IFI35,IGFBP3,IL1B,IPO7,IREB2,IRF5,ISCU,JMJD6,JUN,KAT2B,KRT10,KYNU,LAP3,LBR,LIMS1,LTF,MAD1L1,MANF,MAPK1,MAT2A,MBD2,ME1,ME2,MECP2,MIF,MKNK1,MMP2,MSN,MST1,MT1G,MX2,NAE1,NAMPT,NFKB1,NIBAN1,NME1,NMI,NOLC1,NOTCH1,NUCKS1,NUDCD2,NUP153,P2RX4,P4HB,PARP12,PCNA,PDHX,PELP1,PFKP,PGK1,PHGDH,PKM,PLG,PPM1A,PPP1CA,PPP2CA,PPP3CA,PPP4C,PPP4R2,PSIP1,PSMB5,PSMB9,PSME2,PTPN11,PTPN2,PTPN6,PTPRE,PXN,RAD23A,RALY,RASA1,RBL2,RSAD2,S100A4,S100A9,SAMHD1,SAR1A,SDHA,SEL1L,SERPINB1,SERPINF1,SMAP2,SOD1,SON,SP100,SPRY2,SSBP1,STAT1,STMN1,STOM,SUN2,SYK,TAF7,TAGLN2,TAP1,TAPBP,TDO2,TF,TFAM,TGFBI,TGM2,THBD,THBS1,TIMP2,TMSB10/TMSB4X,TOP2A,TOP2B,TPX2,TRAF1,TRIM21,TUBB,TUBB2A,UBE2L6,UTP18,VCL,VKORC1L1,WAS,XPC,XPO1,YWHAH,ZEB2,ZNF318",198 (31),31,2hr_PROT_causal,True,
222,PALLD, ,other,"Akt,AKT1,CASP8,CDH1,CHUK,CLTC,EGFR,ERK,ERK1/2,Focal adhesion kinase,FOS,IKBKB,IQGAP1,Mapk,MAPK1,MAPK9,MYC,NFkB (complex),P38 MAPK,PALLD,PLSCR1,PRKAA,Rac,RAC1,RB1,RHOA,RHOC,SRC,STAT3,STAT5a/b,YAP/TAZ,YAP1",3,Inhibited,-2.49,3.35e-11,0.004,"ACO1,ACTB,ADAR,AGO2,APOA4,APOBEC3G,APOC3,ARRB1,BAG1,BCAT1,BCOR,BST2,BZW2,C3,CASP4,CASP8,CD151,CD70,CD74,CDC42,CDK6,CDKN2C,COL1A1,COX5A,CSE1L,CTCF,DTYMK,EGLN1,EGR2,EIF4E,EIF4G1,ERP29,EZH2,EZR,FABP4,FABP5,FBL,FDXR,FKBP5,FSCN1,GAPDH,GBP1,GCLC,GCLM,GDF15,GLUL,GOT1,GSPT1,GSR,GSS,H2AX,HNRNPA1,HNRNPA2B1,HNRNPH1,HSP90AA1,HSPB1,HSPD1,HSPH1,HYOU1,IDI1,IFI35,IGFBP3,IPO7,IQGAP2,IRAG2,ITGB2,ITPR1,JUN,KAT2B,KRT10,KYNU,LAP3,LCP2,LDHA,LMNA,LPL,MAP2K2,MAT2A,MECP2,METAP2,MIF,MKI67,MKNK1,MMP2,MTA2,MX2,MYD88,NAMPT,NDRG1,NDUFB8,NFKB1,NIFK,NMI,NOLC1,NOP56,NOTCH1,NQO1,PARP12,PCNA,PDCD4,PDIA3,PEA15,PGK1,PKM,POSTN,PPIA,PREP,PRKAR1A,PSAT1,PSIP1,PSMB3,PSMB5,PSME2,PTPN2,PTPRE,PXN,RBL2,RHOA,RHOC,RSAD2,SAE1,SAMHD1,SAR1A,SDHB,SOD1,SP1,SP100,SPRY2,SRSF1,STAT3,STIP1,SUMO1,SUMO2,SUMO3,SUN2,TAPBP,TDO2,TGM2,THBS1,TK1,TMED10,TRADD,TRIM21,UBA2,UBE2I,UBE2L6,UGP2,UQCRC2,UQCRQ,UTP18,WAS,WRN,XPO1,ZEB2,ZNF318",155 (32),30,2hr_PROT_causal,True,
225,HSP90AA1,-0.961,enzyme,"ACKR1,Akt,AKT1,c-Src,CDK2,CTNNB1,EGFR,EGR1,ERBB2,ERBB3,ERK,ERK1/2,GSK3B,HDAC6,HIF1A,HSP90AA1,IGF1R,ITGB4,Jnk,JUN,LATS1,MAP2K1/2,Mapk,MAPK1,MAPK3,MET,NFkB (complex),P38 MAPK,PARP1,PGR,PLK1,RAC1,RHOA,SHC1,SMAD3,SP1,STAT3,TAB1,YAP1",3,Inhibited,-3.8569999999999998,3.7799999999999995e-11,0.0435,"ACO1,ADAM10,ADAR,AGO2,AKT1,ALDOA,APOBEC3G,APOC3,APOE,ARRB1,ATG7,ATXN10,B3GALT6,BPNT2,BST2,CAPN2,CARS1,CASP4,CASP8,CBS/CBSL,CD14,CD70,CDC37,CDK1,CDK6,CDKN2C,CEBPA,CHD7,CKAP4,COL1A2,COL6A3,CPT2,CTCF,DDX21,DPYSL2,DTYMK,EED,EGLN1,EGR2,EHD1,EIF1AX,EIF4E,EIF4G1,ERP29,EZH2,EZR,FABP4,FABP5,FDXR,FHL1,FLI1,FN1,FSCN1,GAPDH,GART,GBP1,GBP2,GCLC,GCLM,GLO1,GLUL,GOT1,GPX4,GSPT1,GSTM3,GSTP1,H2BC12,HGSNAT,HINT1,HMGB2,HNRNPA1,HNRNPA2B1,HNRNPH1,HSPB1,IFI35,IGF2,IGFBP2,IGFBP3,IRF5,ITPR1,JAK1,JMJD6,JUN,KAT2B,KIFC1,KYNU,LAMB1,LAMP1,LAP3,LDHA,LIG3,LIMS1,LTF,MAP2K2,MATK,MBD2,MECP2,MIF,MKI67,MKNK1,MTA2,MX2,MYD88,NAE1,NAMPT,NAT1,NCOR2,NDUFB8,NFKB1,NMI,NOTCH1,NQO1,NUCKS1,NUDCD2,NVL,PAICS,PARP12,PCNA,PDLIM1,PEA15,PELP1,PFDN1,PFKP,PGK1,PHGDH,PIK3CD,PIN1,PKM,PLG,POLDIP2,POLR2A,POSTN,PPAT,PPIA,PPIF,PPP3CA,PRKAR1A,PRPS1,PSIP1,PSMB3,PSMB5,PSME2,PTPN2,PTPRE,PXN,RAD23A,RASA1,RHOA,RHOC,RPA1,RSAD2,S100A8,SAMHD1,SAR1A,SDHB,SERPINB8,SH3GLB1,SIRT6,SLC9A3R1,SOD1,SP1,SP100,SPRY2,SRSF1,STAT3,STMN1,STT3B,SUN1,SUN2,SYK,TAPBP,TDO2,TGFBI,TGM2,TMED10,TMED9,TMX3,TOP1,TPM1,TRADD,TRAF1,TRIM21,TXN,UBE2I,UBE2L6,UGDH,UGP2,UQCRC2,UTP18,VASP,VCL,VIM,WAS,ZEB2,ZNF318,ZYX",196 (39),37,2hr_PROT_causal,True,
226,AGT, ,growth factor,"AGT,Akt,AKT1,CTNNB1,EGFR,EGR1,ERBB3,ERK,ERK1/2,GSK3B,HDAC6,HIF1A,ITGB4,Jnk,JUN,MAP2K1/2,Mapk,MAPK1,MAPK3,MET,NFkB (complex),P38 MAPK,PARP1,PGR,RAC1,RHOA,SHC1,SMAD3,SP1,STAT3,TAB1",3,Inhibited,-3.24,3.820000000000001e-11,0.0191,"ACO1,ADAM10,ADAR,AGO2,AKT1,ALDOA,APOBEC3G,APOC3,APOE,ARRB1,ATG7,ATXN10,BAX,BST2,CAPN2,CARS1,CASP4,CBS/CBSL,CD70,CDK1,CDKN2C,CEBPA,CKAP4,COL1A1,COL1A2,CPT2,CTCF,DDX21,DPYSL2,EED,EGLN1,EGR2,EHD1,EIF1AX,EIF4E,EIF4G1,ERP29,EZH2,EZR,FABP4,FABP5,FDXR,FHL1,FLI1,FSCN1,GAPDH,GBP1,GBP2,GCLC,GCLM,GLUL,GOT1,GPX4,GSPT1,GSTM3,GSTP1,H2AX,H2BC12,HINT1,HMGB2,HNRNPA1,HNRNPA2B1,HNRNPH1,HSPB1,IFI35,IGF2,IGFBP3,IRF5,ITPR1,JAK1,JMJD6,JUN,KAT2B,KIFC1,KYNU,LAP3,LDHA,LIMS1,MAP2K2,MATK,MBD2,MECP2,MIF,MKI67,MKNK1,MTA2,MX2,MYD88,NAE1,NAMPT,NAT1,NDUFB8,NFKB1,NMI,NOTCH1,NPC1,NQO1,NUCKS1,NUDCD2,NVL,PARP12,PCNA,PDLIM1,PEA15,PELP1,PFDN1,PFKP,PGK1,PHGDH,PKM,PLG,POSTN,PPIA,PPIF,PPP3CA,PRKAR1A,PSIP1,PSMB3,PSMB5,PSME2,PTPN2,PTPRE,PXN,RAD23A,RASA1,RHOC,RSAD2,S100A8,SAMHD1,SAR1A,SDHB,SERPINB8,SH3GLB1,SIRT6,SLC9A3R1,SOD1,SP1,SP100,SPRY2,SRSF1,STAT3,STMN1,SUN2,SYK,TAPBP,TDO2,TGFBI,TGM2,THBS1,TK1,TMED10,TOP2A,TRADD,TRAF1,TRIM21,TXN,UBE2I,UBE2L6,UGDH,UQCRC2,UTP18,VASP,VCL,VIM,WAS,ZEB2,ZNF318,ZYX",168 (31),31,2hr_PROT_causal,True,
234,EGFR, ,kinase,"Akt,AKT1,CTNNB1,EGFR,EGR1,ERBB3,ERK,ERK1/2,GSK3B,HDAC6,HIF1A,ITGB4,Jnk,JUN,MAP2K1/2,Mapk,MAPK1,MAPK3,MET,NFkB (complex),P38 MAPK,PARP1,PGR,RAC1,RHOA,SHC1,SMAD3,SP1,STAT3,TAB1",2,Inhibited,-3.327,5.69e-11,0.0221,"ACO1,ADAM10,ADAR,AGO2,AKT1,ALDOA,APOBEC3G,APOC3,APOE,ARRB1,ATG7,ATXN10,BAX,BST2,CAPN2,CARS1,CASP4,CBS/CBSL,CD70,CDK1,CDKN2C,CEBPA,CKAP4,COL1A2,CPT2,CTCF,DDX21,DPYSL2,EED,EGLN1,EGR2,EHD1,EIF1AX,EIF4E,EIF4G1,ERP29,EZH2,EZR,FABP4,FABP5,FDXR,FHL1,FLI1,FSCN1,GAPDH,GBP1,GBP2,GCLC,GCLM,GLUL,GOT1,GPX4,GSPT1,GSTM3,GSTP1,H2AX,H2BC12,HINT1,HMGB2,HNRNPA1,HNRNPA2B1,HNRNPH1,HSPB1,IFI35,IGF2,IGFBP3,IRF5,ITPR1,JAK1,JMJD6,JUN,KAT2B,KIFC1,KYNU,LAP3,LDHA,LIMS1,MAP2K2,MATK,MBD2,MECP2,MIF,MKI67,MKNK1,MTA2,MX2,MYD88,NAE1,NAMPT,NAT1,NDUFB8,NFKB1,NMI,NOTCH1,NPC1,NQO1,NUCKS1,NUDCD2,NVL,PARP12,PCNA,PDLIM1,PEA15,PELP1,PFDN1,PFKP,PGK1,PHGDH,PKM,PLG,POSTN,PPIA,PPIF,PPP3CA,PRKAR1A,PSIP1,PSMB3,PSMB5,PSME2,PTPN2,PTPRE,PXN,RAD23A,RASA1,RHOC,RSAD2,S100A8,SAMHD1,SAR1A,SDHB,SERPINB8,SH3GLB1,SIRT6,SLC9A3R1,SOD1,SP1,SP100,SPRY2,SRSF1,STAT3,STMN1,SUN2,SYK,TAPBP,TDO2,TGFBI,TGM2,THBS1,TK1,TMED10,TOP2A,TRADD,TRAF1,TRIM21,TXN,UBE2I,UBE2L6,UGDH,UQCRC2,UTP18,VASP,VCL,VIM,WAS,ZEB2,ZNF318,ZYX",167 (30),30,2hr_PROT_causal,True,True
237,FANCG, ,other,"ATM,CASP8,CHEK1,CHEK2,DAXX,DNA-PK,E2f,EIF2AK2,ELF4,ERK1/2,FANCD2,FANCG,IKBKB,IRF3,Jnk,JUN,LAMTOR5,MAPK1,MDM4,NFkB (complex),PRKDC,RB1,SMC3,STAT3,TP53,TRIM28,ZEB1",3,Activated,2.068,6.59e-11,0.0097,"ACSL3,ADAR,ADH5,AK1,AKT1,AKT2,ARPC1B,ARRB1,BAX,BID,BST2,BUB1B,C3,CA2,CASP1,CASP8,CBX1,CD46,CDK1,CEBPA,CHD3,COL1A2,COL3A1,CSE1L,CTCF,DNM1,ECM1,EGLN1,EGR2,EHD1,EIF2B1,EIF4E,ERP29,EZR,FABP5,FAM3C,FBXO22,FDXR,FEN1,FKBP3,FKBP5,FN1,FUBP1,GART,GBP1,GNL3,GOT1,GSK3A,GSK3B,GSR,H2AX,HLA-DRB1,HMGB1,HSPA1A/HSPA1B,HSPA8,HTT,IFI35,IGFBP3,IL1RN,IPO7,IREB2,IRF5,ISCU,JUN,KAT2B,KRT10,KYNU,LAP3,LBR,MAD1L1,MANF,MAPK1,MAT2A,ME1,ME2,MECP2,MKNK1,MST1,MT1G,MX2,NFKB1,NIBAN1,NME1,NMI,NOLC1,NUP153,P2RX4,P4HB,PARP12,PCNA,PDHX,PFKP,PGK1,PHGDH,PKM,PLG,PPM1A,PPP1CA,PPP2CA,PPP3CA,PPP4C,PPP4R2,PSIP1,PSMB5,PSME2,PTPN11,PTPN2,PTPN6,PTPRE,PXN,RAD23A,RALY,RASA1,RBL2,RSAD2,S100A4,SAMHD1,SAR1A,SDHA,SEL1L,SOD1,SON,SP100,SPRY2,SSBP1,STAT1,STK4,STMN1,STOM,SUN2,SYK,TAF7,TAGLN2,TAPBP,TDO2,TF,TFAM,TGFBI,TGM2,THBD,THBS1,TMSB10/TMSB4X,TOP2A,TOP2B,TPX2,TRAF1,TRIM21,TUBB,UBE2I,UBE2L6,UTP18,VKORC1L1,WAS,XPC,XPO1,YWHAH,ZEB2,ZNF318",158 (27),26,2hr_PROT_causal,True,
239,calpain, ,complex,"AKT1,AMPK,ATF2,calpain,CDC42,EGFR,ERBB2,ERK,ERK1/2,Focal adhesion kinase,FOXO1,FOXO3,FOXO4,Gsk3,MAPK1,MET,MYC,NFkB (complex),P38 MAPK,PDGFRA,Rac",3,Activated,2.54,6.740000000000001e-11,0.007,"ACO1,ACO2,ADAR,AGO2,AKT1,APOBEC3G,ARRB1,ASNS,B3GALT6,BAG1,BAX,BCAT1,BCOR,BPNT2,BST2,BZW2,CD151,CD46,CD70,CDC37,CDC42,CDK1,CEBPA,CHD7,COL1A1,COL6A3,COX5A,CTCF,DAB2,EGR2,EHD1,EIF4E,EIF4G1,ERP29,EZR,FABP4,FABP5,FBL,FDXR,FSCN1,GART,GCLC,GCLM,GDF15,GLO1,GSR,GSS,HGSNAT,HNRNPA1,HNRNPA2B1,HNRNPH1,HSP90AA1,HSPD1,HSPH1,HYOU1,IFI35,IGFBP3,IPO7,IQGAP2,ITGB2,KYNU,LAMB1,LAMP1,LAP3,LDHA,LEMD3,LIG3,MAP2K2,MAT2A,MECP2,MIF,MKI67,MKNK1,MTA2,MX2,MYD88,NAMPT,NCF1,NDRG1,NMI,NOLC1,NOP56,NPC1,NQO1,PAICS,PARP12,PCNA,PDCD4,PGK1,PIK3CD,PKM,PLG,POLDIP2,POLR2A,POSTN,PPAT,PPIA,PREP,PRKAR1A,PRPS1,PSMB3,PSMB5,PSMB9,PSME2,PTPRE,PXN,RHOA,RPA1,RSAD2,SAE1,SAMHD1,SAR1A,SDHA,SIRT6,SOD1,SP1,SP100,SPC25,SPRY2,SREBF2,SRSF1,STT3B,SUMO1,SUMO2,SUMO3,SUN1,SUN2,TAP1,TAPBP,TDO2,THBS1,TK1,TMED9,TMX3,TOP1,TOP2A,TPM1,TRADD,TRIM21,UBA2,UBE2I,UBE2L6,UQCRQ,UTP18,WIPF1,WRN,XPO1,ZEB2,ZNF318",149 (21),18,2hr_PROT_causal,True,
246,TDGF1, ,growth factor,"Akt,AKT1,ATF2,CASP9,CEBPA,CHEK1,Creb,CTNNB1,EGR1,ELK1,ERBB2,ERBB4,ERK1/2,EZH2,FANCD2,FOXO1,FOXO3,Gsk3,GSK3B,IGF1R,IRF4,Jnk,MAPK1,MAPK3,MAPK8,MED1,MMP2,MTOR,MYC,NR4A1,P38 MAPK,PDGFRA,PHB2,PI3K (family),PI3K p85,RAC1,RB1,RHOA,SP1,SREBF2,STAT3,TDGF1,TFEB,YBX1",3,Inhibited,-3.239,1.08e-10,0.0459,"A2M,ACO1,ACTB,ADAR,AKR1B1,AKT1,ALB,ARRB1,ASNS,ATG7,B3GALT6,BAG1,BAX,BCAT1,BCOR,BPNT2,BST2,BZW2,C3,CASP1,CBS/CBSL,CD151,CD46,CD70,CDC37,CDC42,CDK1,CDK6,CEBPA,CHD7,CLCN7,COL6A3,COX5A,DAB2,DTYMK,EDF1,EEF1A2,EFEMP1,EIF4E,EIF4G1,ENO3,ERP29,EZH2,EZR,FABP4,FBL,FBP1,FDPS,FDXR,FKBP5,FN1,FSCN1,GART,GCLC,GCLM,GDF15,GLO1,GNS,GSPT1,GSR,GSS,H1-10,H2AX,HGSNAT,HINT1,HNRNPH1,HSP90AA1,HSPB1,HSPD1,HSPH1,HYOU1,IDH1,IGF2,IGFBP2,IGLL1/IGLL5,IL1B,IL1RN,INPP5D,IPO7,IQGAP2,IRF8,JAK1,JUN,KAT2B,KIFC1,KRT10,LAMB1,LAP3,LBR,LDHA,LEMD3,LIG3,LTF,MAD1L1,MANF,MAP2K2,MECP2,MIF,MKI67,MKNK1,MMP2,MTHFD2,MX2,MYD88,NCAM1,NDRG1,NDUFB8,NEU1,NIBAN1,NMI,NOLC1,NOP56,NOTCH1,NPC1,NQO1,PAICS,PARP12,PDCD4,PEA15,PGK1,PIK3CD,PIP4P1,PKM,PLG,POLDIP2,POLR2A,PPAT,PPP2R1A,PPP3CA,PPP3CB,PREP,PREX1,PRPS1,PSIP1,PSMB5,PSMB9,PSME2,PTPN2,PTPRE,RABGAP1L,RAD23A,RBL2,RHOC,RPA1,S100A9,SAE1,SAMHD1,SDHB,SERPINB1,SERPINF1,SH3GLB1,SIRT6,SLC9A3R1,SOD1,SP1,SP100,SPC25,SRSF1,STAT1,STAT3,STT3B,SUMO1,SUMO2,SUMO3,SUN1,SUN2,TAP1,TAPBP,THBD,TK1,TMED10,TMED9,TMX3,TOP1,TOP2A,TPM1,TRADD,TUBB2A,TXN,UBA2,UBE2I,UBE2L6,UGDH,UQCRC2,UQCRQ,UTP18,VCL,VPS26A,VPS35,WAS,WRN,XPO1,ZNF318",193 (44),43,2hr_PROT_causal,True,
252,ATM,0.247,kinase,"ATM,CHEK1,CHEK2,Creb,DAXX,DNA-PK,E2f,ELF4,ERK1/2,FANCD2,IKBKB,LAMTOR5,MAPK1,MAPK12,MDM4,NFkB (complex),PRKDC,RB1,SMC3,TP53,TRIM28,ZEB1",2,Inhibited,-2.0340000000000003,1.48e-10,0.007,"ACSL3,ADAR,ADH5,AK1,AKT1,ARPC1B,ARRB1,ATG7,BAX,BID,BST2,BUB1B,C3,CA2,CASP1,CASP4,CASP8,CBX1,CDK1,CEBPA,CHD3,COL1A1,COL1A2,COL3A1,CTCF,DNM1,ECM1,EGLN1,EGR2,EHD1,EIF2B1,EIF4E,ERP29,EZR,FABP5,FAM3C,FBXO22,FDXR,FEN1,FKBP3,FKBP5,FN1,FSCN1,FUBP1,GART,GBP1,GDF15,GNL3,GSK3A,GSK3B,GSR,H2AX,HLA-DRB1,HMGB1,HSPA1A/HSPA1B,HSPA8,HTT,IFI35,IGFBP3,IL1RN,IPO7,IREB2,ISCU,JUN,KRT10,KYNU,LAP3,LBR,MAD1L1,MANF,MAPK1,MAT2A,ME1,ME2,MECP2,MKNK1,MST1,MT1G,MX2,NAMPT,NDRG1,NFKB1,NIBAN1,NME1,NMI,NOLC1,NOTCH1,NUP153,P2RX4,P4HB,PARP12,PCNA,PDHX,PFKP,PHGDH,PKM,PPM1A,PPP1CA,PPP2CA,PPP3CA,PPP4C,PPP4R2,PSME2,PTPN11,PTPN6,PTPRE,PXN,RAD23A,RALY,RBL2,S100A4,SAMHD1,SAR1A,SDHA,SEL1L,SOD1,SON,SP100,SPRY2,SSBP1,STAT1,STMN1,STOM,SUN2,TAF7,TAGLN2,TAPBP,TDO2,TF,TFAM,TGFBI,TGM2,THBD,THBS1,TMSB10/TMSB4X,TOP2A,TOP2B,TPX2,TRAF1,TRIM21,TUBB,UBE2I,UBE2L6,UTP18,VKORC1L1,WIPF1,XPC,XPO1,YWHAH,ZEB2,ZNF318",151 (22),22,2hr_PROT_causal,True,
258,DDB2, ,other,"ATM,AURKB,CASP9,CCND1,CCNE1,CDK1,CDK2,CDKN1A,CEBPA,DDB2,ERK1/2,estrogen receptor,HIF1A,IKBKB,Jnk,MAPK9,NFE2L2,NFkB (complex),RB1",3,Activated,2.819,3.69e-10,0.0113,"A2M,ACTB,ADAM10,ADH5,AGO2,AKR1B1,AKT2,ALB,ALDOA,APOE,ARRB1,BAX,BCLAF1,C11orf58,C3,CA2,CAPG,CARS1,CD70,CDK1,CDK6,CEBPA,COL3A1,COL9A2,COX4I1,CS,CTCF,EED,EEF1A2,EEF1B2,EIF4E,EIF4G1,EIF5,ENO1,ERBIN,EZR,FABP5,FDXR,FHL1,FKBP5,FN1,FSCN1,G3BP1,G6PD,GAPDH,GBP1,GCLC,GCLM,GDF15,GLUD1,GOT1,H1-10,H2AX,H2BC12,HSP90AA1,HSPA1A/HSPA1B,HSPB1,IDH1,IGFBP3,IL1B,IL1RN,IRF5,ITIH2,JMJD6,KYNU,LASP1,LBR,LDHA,LIMS1,LMNA,LPL,LTF,MAP2K2,MARCKS,MBD2,ME1,METAP2,MIF,MKNK1,MMP2,MSN,NAE1,NAMPT,NCAM1,NCOR2,NFKB1,NIBAN2,NOP2,NOTCH1,NQO1,NUCKS1,NUDCD2,PCNA,PCYT1A,PDIA3,PELP1,PGD,PHGDH,PLG,PRDX1,PSAT1,PSMA4,PSMB5,PSMB9,PTPRE,PXN,RBL2,RPL10,RPL27A,S100A9,SAR1A,SERPINB1,SERPINF1,SHC1,SOD1,STMN1,TAP1,TAPBP,TDO2,TFAM,TGM2,THBD,THBS1,TIMP2,TKT,TOP2A,TPI1,TUBA1C,TUBB,TUBB2A,TUFM,TYMP,UBE2I,VCL,VIM,YLPM1,ZEB2",137 (19),18,2hr_PROT_causal,True,
260,CCL25, ,cytokine,"Akt,AR,ATF2,CASP9,CCL25,CDKN1A,CEBPA,CHEK1,Creb,CTNNB1,EGR1,ELK1,ERK1/2,EZH2,FANCD2,FOSL1,FOXO1,FOXO3,GSK3B,IGF1R,IRF3,Jnk,MAPK8,MED1,MMP2,MTOR,MYC,NR4A1,P38 MAPK,PDGFRA,PHB2,RB1,SP1,SREBF2,STAT3,TFEB,YBX1",3,Inhibited,-2.949,7.779999999999999e-10,0.0401,"A2M,ACTB,ACTR3,AKR1B1,AKT1,ALB,ARRB1,ASNS,ATG7,BAG1,BAX,BCAT1,BCOR,BUB1B,BZW2,C3,CASP1,CAST,CBS/CBSL,CD151,CD46,CD70,CDC42,CDK1,CDK6,CEBPA,CKAP4,CLCN7,CLGN,COX5A,DAB2,DEGS1,DNM1L,DR1,DTYMK,EDF1,EEF1A2,EFEMP1,EGR2,EHD1,EIF4E,EIF4G1,ENO3,EZH2,EZR,FABP4,FBL,FBP1,FDPS,FDXR,FEN1,FKBP4,FKBP5,FN1,FSCN1,GDI1,GNS,GSR,GSS,H1-10,H2AX,HINT1,HNRNPH1,HSP90AA1,HSPB1,HSPD1,HSPH1,HYOU1,IDH1,IGF2,IGFBP2,IGLL1/IGLL5,IL1B,IL1RN,IPO7,IQGAP2,IRF5,IRF8,JUN,KAT2B,KIFC1,KRT10,LAMP1,LBR,LDHA,LEMD3,LMAN1,LTF,MAD1L1,MAP2K2,MIF,MKNK1,MMP2,MTHFD2,MX2,MYD88,NAP1L1,NCAM1,NDRG1,NDUFB8,NEU1,NIBAN1,NOLC1,NOP56,NOTCH1,NPC1,P4HA1,PCNA,PDCD4,PDIA5,PEA15,PGK1,PIP4P1,PKM,PLG,PPP2R1A,PPP3CA,PPP3CB,PREP,PSIP1,PSMB5,PSMB9,PTPN2,PTPRE,RABGAP1L,RAD23A,S100A9,SAE1,SDHB,SERPINB1,SERPINF1,SH3GLB1,SLC9A3R1,SOD1,SP100,SPC25,SPRY2,SRSF1,STAT1,STMN1,SUMO1,SUMO2,SUMO3,TAP1,TAPBP,TFAM,THBD,THBS1,TIMP2,TMED10,TOP2A,TPX2,TRADD,TUBB2A,TXN,UBA2,UBE2I,UGDH,UQCRC2,UQCRQ,VCL,VPS26A,VPS35,WAS,WRN,XPO1",166 (37),36,2hr_PROT_causal,True,
261,ACKR2, ,G-protein coupled receptor,"ACKR2,Akt,AR,ATF2,CASP9,CDKN1A,CEBPA,CHEK1,Creb,CTNNB1,EGR1,ELK1,ERK1/2,EZH2,FANCD2,FOSL1,FOXO1,FOXO3,GSK3B,IGF1R,IRF3,Jnk,MAPK8,MED1,MMP2,MTOR,MYC,NR4A1,P38 MAPK,PDGFRA,PHB2,RB1,SP1,SREBF2,STAT3,TFEB,YBX1",3,Inhibited,-2.949,7.779999999999999e-10,0.0401,"A2M,ACTB,ACTR3,AKR1B1,AKT1,ALB,ARRB1,ASNS,ATG7,BAG1,BAX,BCAT1,BCOR,BUB1B,BZW2,C3,CASP1,CAST,CBS/CBSL,CD151,CD46,CD70,CDC42,CDK1,CDK6,CEBPA,CKAP4,CLCN7,CLGN,COX5A,DAB2,DEGS1,DNM1L,DR1,DTYMK,EDF1,EEF1A2,EFEMP1,EGR2,EHD1,EIF4E,EIF4G1,ENO3,EZH2,EZR,FABP4,FBL,FBP1,FDPS,FDXR,FEN1,FKBP4,FKBP5,FN1,FSCN1,GDI1,GNS,GSR,GSS,H1-10,H2AX,HINT1,HNRNPH1,HSP90AA1,HSPB1,HSPD1,HSPH1,HYOU1,IDH1,IGF2,IGFBP2,IGLL1/IGLL5,IL1B,IL1RN,IPO7,IQGAP2,IRF5,IRF8,JUN,KAT2B,KIFC1,KRT10,LAMP1,LBR,LDHA,LEMD3,LMAN1,LTF,MAD1L1,MAP2K2,MIF,MKNK1,MMP2,MTHFD2,MX2,MYD88,NAP1L1,NCAM1,NDRG1,NDUFB8,NEU1,NIBAN1,NOLC1,NOP56,NOTCH1,NPC1,P4HA1,PCNA,PDCD4,PDIA5,PEA15,PGK1,PIP4P1,PKM,PLG,PPP2R1A,PPP3CA,PPP3CB,PREP,PSIP1,PSMB5,PSMB9,PTPN2,PTPRE,RABGAP1L,RAD23A,S100A9,SAE1,SDHB,SERPINB1,SERPINF1,SH3GLB1,SLC9A3R1,SOD1,SP100,SPC25,SPRY2,SRSF1,STAT1,STMN1,SUMO1,SUMO2,SUMO3,TAP1,TAPBP,TFAM,THBD,THBS1,TIMP2,TMED10,TOP2A,TPX2,TRADD,TUBB2A,TXN,UBA2,UBE2I,UGDH,UQCRC2,UQCRQ,VCL,VPS26A,VPS35,WAS,WRN,XPO1",166 (37),36,2hr_PROT_causal,True,
262,IL15, ,cytokine,IL15,1,Inhibited,-3.307,7.88e-10,0.0001,"AKT1,AKT2,ALDOA,ALDOC,EGLN1,EIF4E,ENO1,ENO3,FBP1,G6PD,GAPDH,GPD2,JUN,LDHA,MAP2K1,MDC1,MKNK1,MYD88,NFKB1,PDIA3,PFKP,PGD,PGK1,PGM1,PGM2,PKM,PLCG2,PSMB9,RPE,RPIA,TALDO1,TKT,TPI1",33 (1),1,2hr_PROT_causal,True,True
263,USP11, ,peptidase,"ATM,AURKB,BRCA2,CASP9,CCND1,CCNE1,CDK1,CDK2,CDKN1A,CEBPA,ERK1/2,estrogen receptor,HIF1A,IKBKB,Jnk,MAPK9,NFE2L2,NFkB (complex),PCGF2,RB1,SRC (family),USP11",3,Inhibited,-2.99,1e-09,0.0207,"A2M,ACTB,ADAM10,ADH5,AGO2,AKR1B1,AKT2,ALB,ALDOA,APOE,ARRB1,BAX,BCLAF1,C11orf58,C3,CA2,CAPG,CARS1,CD70,CDK1,CDK6,CEBPA,COL3A1,COL9A2,COX4I1,CS,CTCF,EED,EEF1A2,EEF1B2,EIF4E,EIF4G1,EIF5,ENO1,ERBIN,EZR,FABP5,FDXR,FHL1,FKBP5,FN1,FSCN1,G3BP1,G6PD,GAPDH,GBP1,GCLC,GCLM,GDF15,GLUD1,GOT1,H1-10,H2AX,H2BC12,HSP90AA1,HSPA1A/HSPA1B,HSPB1,IDH1,IGFBP3,IL1B,IL1RN,IRF5,ITIH2,JMJD6,KYNU,LASP1,LBR,LDHA,LIMS1,LMNA,LPL,LTF,MAP2K2,MARCKS,MBD2,ME1,METAP2,MIF,MKNK1,MMP2,MSN,NAE1,NAMPT,NCAM1,NCOR2,NFKB1,NIBAN2,NOP2,NQO1,NUCKS1,NUDCD2,PCNA,PCYT1A,PDIA3,PELP1,PGD,PHGDH,PLG,PRDX1,PSAT1,PSMA4,PSMB5,PSMB9,PTPRE,PXN,RBL2,RPL10,RPL27A,S100A9,SAR1A,SERPINB1,SERPINF1,SHC1,SOD1,STAT1,STMN1,TAP1,TAPBP,TDO2,TFAM,TGM2,THBD,THBS1,TIMP2,TKT,TOP2A,TPI1,TUBA1C,TUBB,TUBB2A,TUFM,TYMP,UBE2I,VCL,VIM,YLPM1,ZEB2",137 (22),21,2hr_PROT_causal,True,
264,NFE2L2, ,transcription regulator,NFE2L2,1,Inhibited,-2.985,1.02e-09,0.0001,"COX4I1,CS,G6PD,GCLC,GCLM,GLUD1,GOT1,IDH1,IL1RN,ME1,NQO1,PGD,PHGDH,PRDX1,PSAT1,PSMA4,PSMB5,SHC1,SOD1,TALDO1,TFAM,TKT",22 (1),1,2hr_PROT_causal,True,True
265,CUL4B,-0.170,other,"CUL4B,MYC",2,Activated,2.661,1.07e-09,0.0001,"AKT1,BAG1,BAX,BCAT1,BCOR,BZW2,CD151,COL1A1,COX5A,EIF4E,EIF4G1,EZH2,FBL,GLO1,HNRNPH1,HSP90AA1,HSPA9,HSPB1,HSPD1,HSPH1,IFI35,IPO7,IQGAP2,LDHA,MAT2A,MX2,MYD88,NDUFB1,NME1,NOLC1,NOP56,PDCD4,PREP,RHOA,RSAD2,SAE1,SOD1,SP100,SRSF1,STAT1,STAT3,SUMO1,SUMO2,SUMO3,TPI1,TPM3,UBA2,UBE2I,UQCRQ,WRN,XPO1",51 (2),2,2hr_PROT_causal,True,
266,Rab5, ,group,"Akt,AKT1,Ap1,CASP9,CEBPA,CHEK1,Creb,CTNNB1,ELK1,ERK1/2,Focal adhesion kinase,FOSL1,GSK3B,MED1,MMP2,MTORC1,MYC,Rab5,Rac,RELA,RHOA,SP1,SREBF1,SREBF2,STAT3",3,Inhibited,-3.217,1.22e-09,0.0186,"A2M,AKR1B1,AKT1,ALB,ALDOA,ARF4,ARHGDIB,ARRB1,BAG1,BCAT1,BCOR,BZW2,C3,CA2,CAP2,CASP4,CBS/CBSL,CD14,CD151,CD46,CEBPA,CFI,COL3A1,COX4I1,COX5A,CSRP1,CTCF,CYP51A1,DTYMK,EDF1,EEF1A2,EGLN1,EHD1,EIF4E,EIF4G1,EZH2,EZR,FBL,FDPS,FKBP5,FN1,FSCN1,GBP1,GCLC,GCLM,GSR,GSS,H1-10,H2AX,HINT1,HNRNPH1,HSP90AA1,HSPB1,HSPD1,IDH1,IFI35,IGFBP3,IGLL1/IGLL5,IL1B,IL1RN,IPO7,IQGAP2,IRF8,ITGB2,JUN,KAT2B,KIFC1,LBR,LDHA,LTF,MAD1L1,MAP2K2,MAT2A,MKNK1,MMP2,MTHFD2,MX2,MYD88,NAMPT,NCAM1,NDRG1,NDUFB8,NFKB1,NOLC1,NOP56,NOTCH1,NPC1,NQO1,PCNA,PDCD4,PEA15,PGK1,PKM,PPCS,PPP2R1A,PPP3CA,PPP3CB,PREP,PSIP1,PSMB5,PSMB9,PTPN2,PTPRE,RABGAP1L,RAD23A,RHOA,RHOC,RNASET2,RSAD2,S100A4,S100A9,SAE1,SDHB,SERPINB1,SERPINF1,SH3GLB1,SIRT6,SLC9A3R1,SMAP2,SP1,SP100,SRSF1,STAT1,STAT3,STK4,SUMO1,SUMO2,SUMO3,TAP1,TAPBP,TGM2,THBD,TMED10,TMSB10/TMSB4X,TUBB2A,UBA2,UBE2I,UGDH,UQCRC2,UQCRQ,VCL,VIM,WAS,WIPF1,WRN,XPO1,ZEB2",147 (25),23,2hr_PROT_causal,True,
270,LETM1,0.737,transporter,"Akt,AKT1,AMPK,AR,ATF2,CASP9,CHEK1,CHEK2,CREB1,EGFR,EGR1,ERBB3,ERK1/2,estrogen receptor,EZH2,FOXO1,GSK3B,IRF3,LETM1,MTOR,MYC,NCOA3,NR4A1,PDGFRA,PHB2,PI3K (family),PTEN,RAC1,RB1,SP1,SREBF2,STAT3,TFEB,YBX1",3,Inhibited,-3.429,1.36e-09,0.0359,"ACO2,ACTB,ACTR3,ADH5,AIFM1,AKT1,AKT2,ARF4,ARRB1,ASNS,BAG1,BCAT1,BCOR,BUB1B,BZW2,CA2,CAPG,CASP1,CAST,CBS/CBSL,CD151,CDK1,CDK6,CDKN2C,CKAP4,CLCN7,CLGN,COL3A1,COL9A2,COX5A,DAB2,DEGS1,DNM1L,DR1,EFEMP1,EIF4E,EIF4G1,ENO3,EZH2,EZR,FBL,FBP1,FDPS,FEN1,FKBP4,FKBP5,FSCN1,GCLC,GCLM,GDI1,GNS,GSPT1,GSR,GSS,H2AX,HINT1,HNRNPA1,HNRNPA2B1,HNRNPH1,HSPA1A/HSPA1B,HSPB1,HSPD1,HSPH1,HYOU1,IDH1,IGF2,IPO7,IQGAP2,IRF5,KAT2B,KRT10,LAMP1,LDHA,LMAN1,MAP2K2,MKI67,MKNK1,MMP2,MSN,MTA2,MTHFD2,MX2,MYD88,NAP1L1,NCAM1,NCF1,NDRG1,NDUFB8,NEU1,NIBAN1,NOLC1,NOP56,NOTCH1,NPC1,NQO1,P4HA1,PCNA,PDCD4,PDIA5,PEA15,PGK1,PHGDH,PIP4P1,PLG,POSTN,PPIA,PPM1F,PREP,PREX1,PRKAR1A,PSIP1,PSMB3,PSMB5,PTPN2,PTPRE,PXN,RBL2,S100A4,SAE1,SDHA,SDHB,SH3GLB1,SIRT6,SP1,SP100,SPC25,SPRY2,STMN1,SUMO1,SUMO2,SUMO3,TAPBP,TFAM,TIMP2,TK1,TKT,TMED10,TOP2A,TPX2,TXN,UBA2,UBE2I,UGDH,UQCRC2,UQCRQ,VPS26A,VPS35,WAS,WRN,XPO1",150 (34),34,2hr_PROT_causal,True,
279,TP53I3, ,enzyme,"CASP2,CHEK1,CHEK2,E2F3,ERK1/2,FANCD2,H2AX,MDM4,PLK1,PRKDC,RELA,SRC,TP53,TP53I3,TRIM28",3,Inhibited,-2.121,2.9399999999999998e-09,0.0194,"ACO1,ACSL3,ACTB,ADH5,AK1,AKT1,ARHGDIB,ARPC1A,ARPC1B,ARRB1,ATG7,BAX,BID,BUB1B,C3,CA2,CASP1,CASP4,CASP8,CDK1,CEBPA,CHD3,COL3A1,CTCF,CTNND1,DNM1,ECM1,EGLN1,EGR2,EIF2B1,EZR,FAM3C,FBXO22,FDXR,FEN1,FKBP3,FKBP5,FUBP1,GART,GBP1,GDF15,GNL3,GSK3A,GSK3B,GSR,H1-2,H2AX,H2BC11,HMGB1,HMGB2,HSPA8,HSPD1,HTT,IGF2,IGFBP3,IL1RN,IPO7,IREB2,ISCU,JUN,LBR,LDHA,LPL,MAD1L1,MAPK1,MAT2A,ME1,ME2,MKNK1,MST1,NAMPT,NCAM1,NDRG1,NIBAN1,NME1,NOLC1,NOTCH1,NUCKS1,NUP153,P2RX4,P4HB,PCNA,PDHX,PFKP,PHGDH,PIN1,PKM,PPM1A,PPP1CA,PPP2CA,PPP3CA,PPP4C,PPP4R2,PSMB9,PTPN11,PTPN6,PTPRE,PXN,RAD23A,RALY,S100A4,S100A8,SDHA,SEL1L,SIRT6,SMAP2,SOD1,SON,SSBP1,STK4,STMN1,STOM,TAGLN2,TAPBP,TFAM,THBD,TM9SF2,TMPO,TMSB10/TMSB4X,TOP2A,TOP2B,TPX2,TRAF1,TUBB,VIM,XPC,XPO1,YWHAH",128 (15),13,2hr_PROT_causal,True,
282,TRAP1,-0.068,enzyme,TRAP1,1,Inhibited,-2.1830000000000003,3.829999999999999e-09,0.0001,"ALDH1L2,ATP5F1D,CHCHD3,COX5A,COX5B,ECSIT,GARS1,HIBADH,HSPD1,HSPE1,ISCU,MRPS31,MTHFD2,PKM,SARS1,SOD1,TXN2",17 (1),1,2hr_PROT_causal,True,True
284,RECQL,-0.234,enzyme,"Akt,ATF2,ATR,CASP2,CHEK1,CREB1,E2F3,ERK1/2,GSK3B,Jnk,JUN,NCL,NFkB (complex),P38 MAPK,PLK1,RECQL,RELA,SRC,TP53,XPA",3,Inhibited,-2.182,4.1999999999999996e-09,0.0468,"ACO1,ACSL3,ACTB,AK1,AKT1,ARHGDIB,ARPC1A,ARPC1B,ARRB1,ASNS,ATG7,BAX,BID,BUB1B,CASP1,CASP4,CASP8,CD46,CD70,CDK1,CEBPA,CHD3,CTCF,CTNND1,DNM1,ECM1,EGLN1,EGR2,EIF2B1,EZH2,EZR,FABP4,FABP5,FAM3C,FBXO22,FDXR,FEN1,FKBP3,FKBP5,FUBP1,GART,GBP1,GDF15,GNL3,GOT1,GSK3A,GSK3B,GSR,GSS,H1-2,H2AX,H2BC11,HMGB1,HMGB2,HSPA8,HSPD1,HTT,IGF2,IGFBP3,IL1RN,IPO7,IREB2,ISCU,JUN,KYNU,LBR,LDHA,LGALS3,LPL,MAD1L1,MAPK1,MAT2A,ME1,ME2,MIF,MKI67,MKNK1,MST1,NCAM1,NDRG1,NDUFB8,NME1,NOLC1,NUCKS1,NUP153,P2RX4,PCNA,PDCD4,PDHX,PEA15,PFKP,PHGDH,PIN1,PKM,PLG,PPM1A,PPP1CA,PPP2CA,PPP3CA,PPP4C,PPP4R2,PSMB9,PTPN11,PTPN6,PTPRE,RAD23A,RALY,RASA1,S100A4,S100A8,SAR1A,SDHB,SEL1L,SH3GLB1,SIRT6,SMAP2,SON,STAT1,STK4,STMN1,STOM,SYK,TAGLN2,TAPBP,TDO2,TFAM,THBD,TM9SF2,TMED10,TMPO,TMSB10/TMSB4X,TOP1,TOP2A,TOP2B,TPX2,TRADD,TRAF1,TUBB,UQCRC2,XPC,XPO1,YWHAH",142 (20),19,2hr_PROT_causal,True,
285,RAD51, ,enzyme,"Akt,ATF2,ATR,CASP2,CHEK1,CREB1,E2F3,ERK1/2,GSK3B,Jnk,JUN,NCL,NFkB (complex),P38 MAPK,PLK1,RAD51,RELA,SRC,TP53,XPA",3,Activated,2.182,4.1999999999999996e-09,0.0452,"ACO1,ACSL3,ACTB,AK1,AKT1,ARHGDIB,ARPC1A,ARPC1B,ARRB1,ASNS,ATG7,BAX,BID,BUB1B,CASP1,CASP4,CASP8,CD46,CD70,CDK1,CEBPA,CHD3,CTCF,CTNND1,DNM1,ECM1,EGLN1,EGR2,EIF2B1,EZH2,EZR,FABP4,FABP5,FAM3C,FBXO22,FDXR,FEN1,FKBP3,FKBP5,FUBP1,GART,GBP1,GDF15,GNL3,GOT1,GSK3A,GSK3B,GSR,GSS,H1-2,H2AX,H2BC11,HMGB1,HMGB2,HSPA8,HSPD1,HTT,IGF2,IGFBP3,IL1RN,IPO7,IREB2,ISCU,JUN,KYNU,LBR,LDHA,LGALS3,LPL,MAD1L1,MAPK1,MAT2A,ME1,ME2,MIF,MKI67,MKNK1,MST1,NCAM1,NDRG1,NDUFB8,NME1,NOLC1,NUCKS1,NUP153,P2RX4,PCNA,PDCD4,PDHX,PEA15,PFKP,PHGDH,PIN1,PKM,PLG,PPM1A,PPP1CA,PPP2CA,PPP3CA,PPP4C,PPP4R2,PSMB9,PTPN11,PTPN6,PTPRE,RAD23A,RALY,RASA1,S100A4,S100A8,SAR1A,SDHB,SEL1L,SH3GLB1,SIRT6,SMAP2,SON,STAT1,STK4,STMN1,STOM,SYK,TAGLN2,TAPBP,TDO2,TFAM,THBD,TM9SF2,TMED10,TMPO,TMSB10/TMSB4X,TOP1,TOP2A,TOP2B,TPX2,TRADD,TRAF1,TUBB,UQCRC2,XPC,XPO1,YWHAH",142 (20),19,2hr_PROT_causal,True,
293,PRUNE1, ,enzyme,"Akt,ERK1/2,Focal adhesion kinase,MAPK3,MYC,NANOG,P38 MAPK,PRUNE1,Rac",3,Inhibited,-2.6189999999999998,5.620000000000001e-09,0.0002,"AKT1,ARRB1,BAG1,BAX,BCAT1,BCOR,BZW2,C3,CD151,CD46,CD70,CDK6,CEBPA,COL1A1,COX5A,EGR2,EIF4E,EIF4G1,EZH2,EZR,FABP4,FBL,FDXR,FKBP5,FN1,FUS,GBP1,GMFG,GSR,GSS,HSP90AA1,HSPA1A/HSPA1B,HSPB1,HSPD1,HSPH1,IFI35,IPO7,IQGAP2,ITGB2,LDHA,LGALS1,MAP2K2,MAT2A,MIF,MKNK1,MX2,MYD88,NDUFB8,NFKB1,NOLC1,NOP56,NOTCH1,PEA15,PKM,PLG,PREP,PSMB9,PTPRE,RHOA,RSAD2,S100A6,SAE1,SDHB,SET,SIRT6,SP100,SRRT,SRSF1,STAT1,STAT3,SUMO1,SUMO2,SUMO3,TAP1,TAPBP,TMED10,TRADD,UBA2,UBE2I,UQCRC2,UQCRQ,WRN,XPO1,YWHAE",84 (9),7,2hr_PROT_causal,True,
305,EPS8,-1.903,peptidase,"Akt,AKT1,CASP8,CDH1,CHUK,CLTC,EGFR,EPS8,ERK,ERK1/2,Focal adhesion kinase,FOS,IKBKB,IQGAP1,Mapk,MAPK1,MAPK9,NANOG,NFkB (complex),PLSCR1,PRKAA,RAC1,RB1,RHOA,RHOC,SRC,STAT3,STAT5a/b,YAP/TAZ,YAP1",3,Inhibited,-2.041,9.95e-09,0.0133,"ACO1,ACTB,ADAR,AGO2,APOA4,APOBEC3G,APOC3,ARRB1,BST2,C3,CASP4,CASP8,CD74,CDC42,CDK6,CDKN2C,COL1A1,CSE1L,CTCF,DTYMK,EGLN1,EIF4E,ERP29,EZH2,EZR,FABP5,FKBP5,FSCN1,FUS,GAPDH,GBP1,GCLC,GCLM,GDF15,GLUL,GMFG,GOT1,GSPT1,GSR,GSS,H2AX,HNRNPA1,HNRNPA2B1,HSPA1A/HSPA1B,HYOU1,IDI1,IFI35,IGFBP3,IRAG2,ITGB2,ITPR1,KAT2B,KRT10,KYNU,LAP3,LCP2,LDHA,LGALS1,LMNA,LPL,MAP2K2,MAT2A,MECP2,METAP2,MKI67,MKNK1,MMP2,MTA2,MX2,NAMPT,NDRG1,NDUFB8,NIFK,NMI,NOTCH1,NQO1,PARP12,PCNA,PDCD4,PDIA3,PEA15,PGK1,PKM,POSTN,PPIA,PRKAR1A,PSAT1,PSIP1,PSMB3,PSMB5,PSME2,PTPN2,PTPRE,PXN,RBL2,RHOA,RHOC,S100A6,SAMHD1,SAR1A,SDHB,SET,SOD1,SP1,SP100,SPRY2,SRRT,SRSF1,STAT3,STIP1,SUN2,TAPBP,TDO2,TGM2,THBS1,TK1,TMED10,TRIM21,UBE2I,UBE2L6,UGP2,UQCRC2,UTP18,WAS,YWHAE,ZEB2,ZNF318",127 (30),29,2hr_PROT_causal,True,
306,CA3, ,enzyme,"Akt,AKT1,CA3,CASP8,CDH1,CHUK,CLTC,EGFR,ERK,ERK1/2,Focal adhesion kinase,FOS,IKBKB,IQGAP1,Mapk,MAPK1,MAPK9,NANOG,NFkB (complex),PLSCR1,PRKAA,RAC1,RB1,RHOA,RHOC,SRC,STAT3,STAT5a/b,YAP/TAZ,YAP1",3,Inhibited,-2.041,9.95e-09,0.0133,"ACO1,ACTB,ADAR,AGO2,APOA4,APOBEC3G,APOC3,ARRB1,BST2,C3,CASP4,CASP8,CD74,CDC42,CDK6,CDKN2C,COL1A1,CSE1L,CTCF,DTYMK,EGLN1,EIF4E,ERP29,EZH2,EZR,FABP5,FKBP5,FSCN1,FUS,GAPDH,GBP1,GCLC,GCLM,GDF15,GLUL,GMFG,GOT1,GSPT1,GSR,GSS,H2AX,HNRNPA1,HNRNPA2B1,HSPA1A/HSPA1B,HYOU1,IDI1,IFI35,IGFBP3,IRAG2,ITGB2,ITPR1,KAT2B,KRT10,KYNU,LAP3,LCP2,LDHA,LGALS1,LMNA,LPL,MAP2K2,MAT2A,MECP2,METAP2,MKI67,MKNK1,MMP2,MTA2,MX2,NAMPT,NDRG1,NDUFB8,NIFK,NMI,NOTCH1,NQO1,PARP12,PCNA,PDCD4,PDIA3,PEA15,PGK1,PKM,POSTN,PPIA,PRKAR1A,PSAT1,PSIP1,PSMB3,PSMB5,PSME2,PTPN2,PTPRE,PXN,RBL2,RHOA,RHOC,S100A6,SAMHD1,SAR1A,SDHB,SET,SOD1,SP1,SP100,SPRY2,SRRT,SRSF1,STAT3,STIP1,SUN2,TAPBP,TDO2,TGM2,THBS1,TK1,TMED10,TRIM21,UBE2I,UBE2L6,UGP2,UQCRC2,UTP18,WAS,YWHAE,ZEB2,ZNF318",127 (30),29,2hr_PROT_causal,True,
312,Pkg, ,group,"ERK1/2,MYC,Pkg",2,Inhibited,-3.15,1.1699999999999999e-08,0.0001,"AKT1,ARRB1,BAG1,BAX,BCAT1,BCOR,BZW2,C3,CD151,CEBPA,COL1A1,COL3A1,COX5A,EIF4E,EIF4G1,EZH2,EZR,FBL,FKBP5,FN1,HNRNPH1,HSP90AA1,HSPB1,HSPD1,HSPH1,IFI35,IL1B,IPO7,IQGAP2,JUN,LDHA,MAP2K2,MAT2A,MKNK1,MMP2,MX2,MYD88,NOLC1,NOP56,PDCD4,PKM,PRDX2,PREP,PSMB9,PTPRE,RHOA,RSAD2,SAE1,SP100,SRSF1,STAT1,STAT3,SUMO1,SUMO2,SUMO3,TAP1,TAPBP,TXN,UBA2,UBE2I,UQCRQ,WRN,XPO1",63 (3),3,2hr_PROT_causal,True,
336,RPS6KA1,-0.970,kinase,"ATM,CASP2,CHEK1,Creb,E2F3,ERK1/2,FANCD2,PLK1,PPARG,RELA,RPS6KA1,SRC,TP53",3,Inhibited,-2.025,2.89e-08,0.0429,"ACO1,ACSL3,ACTB,ADH5,AK1,AKT1,ARHGDIB,ARPC1A,ARPC1B,ARRB1,ATG7,BAX,BID,BUB1B,C3,CASP1,CASP4,CASP8,CDK1,CEBPA,CHD3,COL1A1,COL1A2,COL3A1,CTCF,CTNND1,DNM1,ECM1,EGLN1,EIF2B1,EZR,FABP4,FAM3C,FBXO22,FDXR,FEN1,FKBP3,FKBP5,FSCN1,FUBP1,GART,GBP1,GDF15,GNL3,GSK3A,GSK3B,GSR,H1-2,H2AX,H2BC11,HMGB1,HMGB2,HSPA8,HSPD1,HTT,IGF2,IGFBP3,IL1RN,IPO7,IREB2,ISCU,JUN,LBR,LDHA,LGALS3,LPL,MAD1L1,MAPK1,MAT2A,ME1,ME2,MKNK1,MMP2,MST1,NAMPT,NCAM1,NDRG1,NME1,NOLC1,NOTCH1,NUCKS1,NUP153,P2RX4,PCNA,PDHX,PFKP,PHGDH,PIN1,PKM,PPM1A,PPP1CA,PPP2CA,PPP3CA,PPP4C,PPP4R2,PSMB9,PTPN11,PTPN6,PTPRE,PXN,RAD23A,RALY,RBP4,S100A4,S100A8,SEL1L,SHBG,SIRT6,SMAP2,SOD1,SON,STK4,STMN1,STOM,TAGLN2,TAPBP,TFAM,THBD,TM9SF2,TMPO,TMSB10/TMSB4X,TOP2A,TOP2B,TPX2,TRAF1,TUBB,XPC,XPO1,YWHAH",129 (13),12,2hr_PROT_causal,True,
342,TXNIP, ,other,TXNIP,1,Activated,2.53,3.16e-08,0.0001,"ALDOA,CS,ENO1,G6PD,GAPDH,IDH1,LDHA,MDH2,PGK1,TPI1",10 (1),1,2hr_PROT_causal,True,True
347,FGF2, ,growth factor,"Akt,ERK,ERK1/2,FGF2,FGFR1,GSK3B,Jnk,JUN,Mapk,MAPK1,MAPK3,Mek,MYC,NFkB (complex),P38 MAPK,RAC1,SRC",2,Inhibited,-2.435,4.0999999999999997e-08,0.0387,"ABCE1,ACO1,ADAR,AKT1,APOBEC3G,APOC3,ARRB1,ATG7,BAG1,BAX,BCAT1,BCOR,BST2,BZW2,C3,CASP4,CD151,CD46,CD70,CEBPA,CEBPZ,COL1A1,COX5A,CTCF,DDX21,EGR2,EHD1,EIF4E,EIF4G1,ERP29,EZH2,EZR,FABP4,FABP5,FBL,FDXR,FKBP5,GDF15,GNL3,GOT1,GSPT1,GSR,GSS,HNRNPH1,HSP90AA1,HSPD1,HSPH1,IFI35,IL1B,IPO7,IQGAP2,ITGB2,KYNU,LAP3,LDHA,MAP2K2,MAT2A,MECP2,MIF,MKI67,MKNK1,MMP2,MX2,MYD88,NAMPT,NDRG1,NDUFB8,NFKB1,NMI,NOLC1,NOP56,NOTCH1,PARP12,PDCD4,PEA15,PKM,PLG,POSTN,POU2F2,PPAT,PREP,PSME2,PTPRE,PXN,RASA1,RHOA,RSAD2,SAE1,SAMHD1,SAR1A,SDHB,SH3GLB1,SIRT6,SOD1,SP100,SPRY2,SRSF1,STAT3,SUMO1,SUMO2,SUMO3,SUN2,SYK,TAPBP,TDO2,TFB2M,TGM2,THBS1,TMED10,TRADD,TREM2,TRIM21,UBA2,UBE2I,UBE2L6,UQCRC2,UQCRQ,UTP18,VIM,WIPF1,WRN,XPO1,ZNF318",123 (17),17,2hr_PROT_causal,True,
349,mir-204, ,microRNA,"Akt,AKT1,CASP8,CDH1,CHUK,CLTC,EGFR,ERK,ERK1/2,Focal adhesion kinase,FOS,IKBKB,IQGAP1,Mapk,MAPK1,MAPK9,mir-204,Nfat (family),NFkB (complex),P38 MAPK,PLSCR1,PRKAA,RAC1,RB1,RHOA,RHOC,SRC,STAT3,STAT5a/b,YAP/TAZ,YAP1",3,Activated,2.105,4.79e-08,0.0489,"ACO1,ACTB,ADAR,AGO2,APOA4,APOBEC3G,APOC3,ARRB1,BST2,C3,CASP4,CASP8,CBFB,CD70,CD74,CDC42,CDK6,CDKN2C,COL1A1,CSE1L,CTCF,DTYMK,EGLN1,EGR2,EIF4E,ERP29,EZH2,EZR,FABP4,FABP5,FDXR,FKBP5,FSCN1,GAPDH,GBP1,GCLC,GCLM,GDF15,GLUL,GOT1,GSPT1,GSR,GSS,H2AX,HNRNPA1,HNRNPA2B1,HNRNPH1,HYOU1,IDI1,IFI35,IGFBP3,IL1B,IRAG2,ITGB2,ITPR1,JUN,KAT2B,KRT10,KYNU,LAP3,LCP2,LDHA,LMNA,LPL,MAP2K2,MAT2A,MECP2,METAP2,MIF,MKI67,MKNK1,MMP2,MTA2,MX2,NAMPT,NDRG1,NDUFB8,NFKB1,NIFK,NMI,NOTCH1,NQO1,PARP12,PCNA,PDIA3,PEA15,PGK1,PKM,POSTN,PPIA,PRKAR1A,PSAT1,PSIP1,PSMB3,PSMB5,PSME2,PTPN11,PTPN2,PTPRE,PXN,RBL2,RHOA,RHOC,SAMHD1,SAR1A,SDHB,SOD1,SP1,SP100,SPRY2,SRSF1,STAT3,STIP1,SUN2,TAPBP,TDO2,TGM2,THBS1,TK1,TMED10,TRADD,TRIM21,UBE2I,UBE2L6,UGP2,UQCRC2,UTP18,WAS,ZEB2,ZNF318",130 (31),31,2hr_PROT_causal,True,
350,Rac, ,group,"Akt,ERK1/2,MYC,Rac",2,Inhibited,-3.01,5.16e-08,0.0008,"AKT1,ARRB1,BAG1,BAX,BCAT1,BCOR,BZW2,C3,CD151,CEBPA,COL1A1,COX5A,EIF4E,EIF4G1,EZH2,EZR,FBL,FKBP5,FN1,GSR,GSS,HNRNPH1,HSP90AA1,HSPB1,HSPD1,HSPH1,IFI35,IL1B,IPO7,IQGAP2,JUN,LDHA,MAP2K2,MAT2A,MKNK1,MMP2,MX2,MYD88,NDUFB8,NOLC1,NOP56,NOTCH1,PDCD4,PEA15,PKM,PLG,PREP,PSMB9,PTPRE,RHOA,RSAD2,SAE1,SDHB,SP100,SRSF1,STAT1,STAT3,SUMO1,SUMO2,SUMO3,TAP1,TAPBP,TMED10,UBA2,UBE2I,UQCRC2,UQCRQ,WRN,XPO1",69 (4),3,2hr_PROT_causal,True,
351,ESRRG, ,ligand-dependent nuclear receptor,ESRRG,1,Inhibited,-2.84,6.070000000000001e-08,0.0001,"ACADM,ACO1,ACO2,ALDOC,DLST,ENO1,GAPDH,IDH2,LDHA,MDH1,MDH2,PKM,SDHB,SUCLG1,TPI1",15 (1),1,2hr_PROT_causal,True,True
352,GALR2, ,G-protein coupled receptor,"Akt,AKT1,ATF2,EGFR,G protein alphai,GALR2,GNA11,GNA12,PIK3CA,RAC1,RHOA",3,Inhibited,-4.041,6.14e-08,0.0002,"AGO2,AKT1,ARHGEF1,ARPC5,ASNS,CD14,EZH2,EZR,GBP1,GCLC,GCLM,GDF15,GSPT1,GSR,GSS,HNRNPA1,HNRNPA2B1,HNRNPH1,IGFBP3,IQGAP1,JAK1,MTA2,NOTCH1,NQO1,PAK2,PEA15,PIK3CD,POSTN,PPIA,PPP1CA,PPP1CC,PRKAR1A,PSMB3,PSMB5,PXN,RDX,RHOA,RHOC,SIRT6,SP1,SRSF1,STAT3,TGM2,TMED10,VAV3,VCL,VIM,ZEB2",48 (11),8,2hr_PROT_causal,True,
356,GCSAM, ,other,"Creb,ERK1/2,GCSAM,MYC,RAC1,RHOA,RHOC,ROCK,Tgf beta",3,Inhibited,-2.5660000000000003,1e-07,0.0009,"AKT1,ARRB1,BAG1,BAX,BCAT1,BCOR,BZW2,C3,CD151,CEBPA,COL1A1,COL1A2,COL3A1,COX5A,EIF4E,EIF4G1,EZH2,EZR,FBL,FKBP5,FN1,FSCN1,GDF15,GLUL,GSPT1,HNRNPH1,HSP90AA1,HSPB1,HSPD1,HSPH1,IFI35,IL1B,IPO7,IQGAP2,LDHA,MAP2K2,MAT2A,MKNK1,MMP2,MX2,MYD88,NOLC1,NOP16,NOP56,PDCD4,PKM,PREP,PSMB9,PTPRE,RHOA,RHOC,RSAD2,SAE1,SP100,SRSF1,STAT1,SUMO1,SUMO2,SUMO3,TAP1,TAPBP,THBS1,UBA2,UBE2I,UQCRQ,WRN,XPO1",67 (9),8,2hr_PROT_causal,True,
357,ROCK, ,group,"Creb,ERK1/2,MYC,ROCK,Tgf beta",2,Inhibited,-2.853,1.0300000000000001e-07,0.0004,"AKT1,ARRB1,BAG1,BAX,BCAT1,BCOR,BZW2,C3,CD151,CEBPA,COL1A1,COL1A2,COL3A1,COX5A,EIF4E,EIF4G1,EZH2,EZR,FBL,FKBP5,FN1,FSCN1,HNRNPH1,HSP90AA1,HSPB1,HSPD1,HSPH1,IFI35,IL1B,IPO7,IQGAP2,JUN,LDHA,MAP2K2,MAT2A,MKNK1,MMP2,MX2,MYD88,NOLC1,NOP16,NOP56,PDCD4,PKM,PREP,PSMB9,PTPRE,RHOA,RSAD2,SAE1,SP100,SRSF1,STAT1,STAT3,SUMO1,SUMO2,SUMO3,TAP1,TAPBP,THBS1,UBA2,UBE2I,UQCRQ,WRN,XPO1",65 (5),5,2hr_PROT_causal,True,
359,MYC, ,transcription regulator,MYC,1,Inhibited,-2.412,1.43e-07,0.0002,"AKT1,BAG1,BAX,BCAT1,BCOR,BZW2,CD151,COL1A1,COX5A,EIF4E,EIF4G1,EZH2,FBL,HNRNPH1,HSP90AA1,HSPB1,HSPD1,HSPH1,IFI35,IPO7,IQGAP2,LDHA,MAT2A,MX2,MYD88,NOLC1,NOP56,PDCD4,PREP,RHOA,RSAD2,SAE1,SP100,SRSF1,STAT1,STAT3,SUMO1,SUMO2,SUMO3,UBA2,UBE2I,UQCRQ,WRN,XPO1",44 (1),1,2hr_PROT_causal,True,True
360,PKM,-1.539,kinase,PKM,1,Inhibited,-2.6830000000000003,1.54e-07,0.0001,"ALDOA,ENO1,ENO3,FBP1,GAPDH,GGT1,GSR,IL1B,LDHA,LSS,MMP2,NDUFB8,PGLS,PRPS1,RPE,SDHB,STAT3,TALDO1,TFAM,UQCRC2",20 (1),1,2hr_PROT_causal,True,True
373,MAPK3,-1.396,kinase,"ADAM10,CHEK2,EGFR,EIF4E,ERK1/2,LIN28A,MAPK3,MDM2,MET,MTOR,P38 MAPK,PI3K (family),RAC1,RHOA,RPS6KB1,RPTOR,SPHK2,SREBF1,SREBF2,TFEB",3,Inhibited,-3.305,2.44e-06,0.031,"ADH5,AGO2,ALDOA,ARF4,ARRB1,C3,CAP2,CASP1,CD14,CD46,CD70,CDK1,CEBPA,CFI,CLCN7,COX4I1,CSRP1,CYP51A1,EGR2,EZR,FABP4,FDPS,FDXR,FUS,GBP1,GCLC,GCLM,GDF15,GNS,GSPT1,HNRNPA1,HNRNPA2B1,HNRNPF,HNRNPH1,HSPB1,HSPH1,IDH1,IGFBP3,IL1RN,JUN,LAMP1,MAP2K2,MIF,MKNK1,MTA2,NEU1,NFKB1,NPC1,NQO1,PIP4P1,PKM,POSTN,PPCS,PPIA,PREX1,PRKAR1A,PSMB3,PSMB5,PSMB9,PTPRE,PXN,RHOC,RNASET2,SDHA,SIRT6,SREBF2,SRSF1,STAT1,STAT3,TAP1,TAPBP,TGM2,THBS1,TRADD,VPS26A,VPS35,ZEB2",77 (20),17,2hr_PROT_causal,True,
374,DDX5,-0.283,enzyme,"DDX5,let-7",2,Activated,2.8739999999999997,2.45e-06,0.002,"AGO2,ATP5PB,ATP5PD,BCAP29,BCAT1,COX5A,COX5B,COX6C,EDEM1,EIF4A1,EIF4G2,FBL,FN1,JUN,LSM6,MDH1,MYD88,NAP1L1,NDUFA2,NDUFA6,NDUFB1,NDUFB4,NFKB1,NOLC1,PA2G4,PAICS,PKM,RRP1B,S100A4,SDHB,UQCRB,UQCRC1,UQCRQ,VIM,ZNF512B",35 (2),2,2hr_PROT_causal,True,True
376,CA9, ,enzyme,CA9,1,Inhibited,-3.464,4.39e-06,0.0001,"ALDOA,ATP5F1A,ATP5F1B,ATP5F1D,ATP5PD,ATP5PO,CYC1,ENO1,LDHA,PGK1,UQCRC1,UQCRC2",12 (1),1,2hr_PROT_causal,True,True
382,mir-146, ,microRNA,"EGFR,mir-146",2,Activated,3.138,1.0199999999999999e-05,0.0007,"AGO2,AKT1,FAF1,GBP1,HNRNPA1,HNRNPA2B1,HNRNPH1,IGFBP3,IL1B,JUN,MTA2,NDUFB8,PKM,POSTN,PPIA,PRKAR1A,PSMB3,PSMB5,PTPRE,SDHB,SRSF1,STAT1,TGM2,UQCRC2,VIM,ZEB2",26 (2),2,2hr_PROT_causal,True,
383,GNA12, ,enzyme,"ATF2,GNA12,RAC1,RHOA",2,Inhibited,-2.7110000000000003,1.12e-05,0.0005,"ARHGEF1,ARPC5,ASNS,EZR,FN1,GDF15,GSPT1,IL1B,IQGAP1,JAK1,JUN,PAK2,PIK3CD,PPP1CA,PPP1CC,PXN,RDX,RHOA,RHOC,STAT3,VAV3,VCL,VIM",23 (4),4,2hr_PROT_causal,True,True
384,FYN, ,kinase,"EGFR,FYN,LCK,RAC1",2,Inhibited,-3.0239999999999996,1.31e-05,0.0013,"AGO2,AKT1,GBP1,GSPT1,HNRNPA1,HNRNPA2B1,HNRNPH1,IGFBP3,IL1B,ITGB2,JUN,MTA2,NDUFB8,PKM,PLCG2,POSTN,PPIA,PRKAR1A,PSMB3,PSMB5,PTPRE,SDHB,SRSF1,STAT3,TGM2,UQCRC2,VIM,ZEB2",28 (4),3,2hr_PROT_causal,True,
385,mir-223, ,microRNA,"EGFR,mir-223,SP3",2,Activated,3.528,1.34e-05,0.0009,"AGO2,AKT1,COL1A1,GBP1,GFPT1,HMGCS1,HNRNPA1,HNRNPA2B1,HNRNPH1,IGFBP3,JUN,MTA2,NDUFB8,NFKB1,PKM,POSTN,PPIA,PRKAR1A,PSMB3,PSMB5,PTPRE,SDHB,SRSF1,STAT3,STMN1,TGM2,UQCRC2,VIM,ZEB2",29 (3),3,2hr_PROT_causal,True,
386,PSME3,-0.480,peptidase,PSME3,1,Inhibited,-2.6460000000000004,1.3500000000000001e-05,0.0002,"ALDOA,ENO1,GAPDH,LDHA,PGM1,PKM,TPI1",7 (1),1,2hr_PROT_causal,True,True
387,HPSE, ,enzyme,"Akt,EGFR,ERK,ERK1/2,HPSE",2,Inhibited,-2.38,1.49e-05,0.0115,"AGO2,AKT1,APOBEC3G,ARRB1,C3,CEBPA,COL1A1,EZH2,EZR,FKBP5,FN1,GBP1,GDF15,GSR,GSS,HNRNPA1,HNRNPA2B1,HNRNPH1,IGFBP3,IL1B,ITGB2,JUN,MAP2K2,MKNK1,MMP2,MTA2,NDRG1,NDUFB8,NOTCH1,PEA15,PKM,PLG,POSTN,PPIA,PRKAR1A,PSMB3,PSMB5,PSMB9,PTPRE,SDHB,SIRT6,SRSF1,STAT1,TAP1,TAPBP,TGM2,THBS1,TMED10,UQCRC2,VIM,ZEB2",51 (5),4,2hr_PROT_causal,True,
389,GNA12, ,enzyme,GNA12,1,Inhibited,-3.3569999999999998,1.6800000000000002e-05,0.0001,"ARHGEF1,ARPC5,EZR,IQGAP1,JAK1,PAK2,PIK3CD,PPP1CA,PPP1CC,PXN,RDX,RHOA,VAV3,VCL,VIM",15 (1),1,2hr_PROT_causal,True,True
390,DDX5,-0.283,enzyme,DDX5,1,Activated,3.0,1.88e-05,0.0006,"ATP5PB,ATP5PD,COX5A,COX5B,COX6C,JUN,MDH1,NDUFA2,NDUFA6,NDUFB1,NDUFB4,S100A4,SDHB,UQCRB,UQCRC1,UQCRQ",16 (1),1,2hr_PROT_causal,True,True
391,NCAM1,1.258,other,"EGFR,NCAM1",2,Activated,2.6,1.88e-05,0.0009,"AGO2,AKT1,GBP1,HNRNPA1,HNRNPA2B1,HNRNPH1,HSPA4,IGFBP3,JUN,MTA2,NDUFB8,PKM,POSTN,PPIA,PRKAR1A,PSMB3,PSMB5,PTPRE,SDHB,SRSF1,TGM2,THBS1,UQCRC2,VIM,ZEB2",25 (2),2,2hr_PROT_causal,True,
392,AGK,0.720,kinase,"AGK,EGFR,ERK1/2",2,Inhibited,-3.1239999999999997,1.9e-05,0.0043,"AGO2,AKT1,ARRB1,C3,CEBPA,COL3A1,EZR,FKBP5,FN1,GBP1,HNRNPA1,HNRNPA2B1,HNRNPH1,IGFBP3,IL1B,JUN,MAP2K2,MKNK1,MMP2,MTA2,NDUFB8,PKM,POSTN,PPIA,PRKAR1A,PSMB3,PSMB5,PSMB9,PTPRE,SDHB,SRSF1,TAP1,TAPBP,TGM2,UQCRC2,VIM,ZEB2",37 (3),2,2hr_PROT_causal,True,
393,PTPN1,-0.189,phosphatase,"AKT1,CYP19A1,EGFR,PTPN1,STAT3,STAT6",2,Activated,2.714,1.93e-05,0.0189,"AGO2,AKT1,CASP4,CD46,COL1A1,FABP4,FN1,FSCN1,GCLC,GCLM,GSR,GSS,HNRNPA1,HNRNPA2B1,HNRNPH1,IGFBP3,IL1B,JUN,KAT2B,LDHA,MTA2,NAMPT,NDRG1,NDUFB8,NOTCH1,NQO1,PCNA,PGK1,PKM,PLG,POSTN,PPIA,PRKAR1A,PSIP1,PSMB3,PSMB5,PTPN2,PTPRE,SDHB,SIRT6,SP1,SRSF1,STAT1,TGM2,UQCRC2,VIM,WAS,WIPF1,ZEB2",49 (6),5,2hr_PROT_causal,True,
394,CAB39L, ,kinase,CAB39L,1,Activated,3.6060000000000003,2.0600000000000003e-05,0.0006,"ATP5F1E,COX17,COX4I1,COX5B,COX6C,NDUFB10,NDUFB11,NDUFB8,NDUFB9,NDUFS4,NDUFV2,UQCRB,UQCRQ",13 (1),1,2hr_PROT_causal,True,True
395,ANO1, ,ion channel,"ANO1,EGFR",2,Inhibited,-2.449,2.09e-05,0.0008,"AGO2,AKT1,GBP1,HNRNPA1,HNRNPA2B1,HNRNPH1,IGFBP3,JUN,MTA2,NDUFB8,NOTCH1,PKM,POSTN,PPIA,PRKAR1A,PSMB3,PSMB5,PTPRE,SDHB,SRSF1,TGM2,UQCRC2,VIM,ZEB2",24 (2),2,2hr_PROT_causal,True,
396,SNX1,-1.675,transporter,"EGFR,ERK1/2,SNX1",2,Activated,3.1239999999999997,2.14e-05,0.0048,"AGO2,AKT1,ARRB1,C3,CEBPA,COL3A1,EZR,FKBP5,FN1,GBP1,HNRNPA1,HNRNPA2B1,HNRNPH1,IGFBP3,IL1B,JUN,MAP2K2,MKNK1,MMP2,MTA2,NDUFB8,PKM,POSTN,PPIA,PRKAR1A,PSMB3,PSMB5,PSMB9,PTPRE,SDHB,SRSF1,TAP1,TAPBP,TGM2,UQCRC2,VIM,ZEB2",37 (3),2,2hr_PROT_causal,True,
397,ADAM9,0.761,peptidase,"ADAM9,EGFR,ERK1/2",2,Inhibited,-3.1239999999999997,2.14e-05,0.0046,"AGO2,AKT1,ARRB1,C3,CEBPA,COL3A1,EZR,FKBP5,FN1,GBP1,HNRNPA1,HNRNPA2B1,HNRNPH1,IGFBP3,IL1B,JUN,MAP2K2,MKNK1,MMP2,MTA2,NDUFB8,PKM,POSTN,PPIA,PRKAR1A,PSMB3,PSMB5,PSMB9,PTPRE,SDHB,SRSF1,TAP1,TAPBP,TGM2,UQCRC2,VIM,ZEB2",37 (3),2,2hr_PROT_causal,True,
398,Gpcr, ,group,"EGFR,ERK1/2,Gpcr",2,Inhibited,-3.1239999999999997,2.4100000000000003e-05,0.0048,"AGO2,AKT1,ARRB1,C3,CEBPA,COL3A1,EZR,FKBP5,FN1,GBP1,HNRNPA1,HNRNPA2B1,HNRNPH1,IGFBP3,IL1B,JUN,MAP2K2,MKNK1,MMP2,MTA2,NDUFB8,PKM,POSTN,PPIA,PRKAR1A,PSMB3,PSMB5,PSMB9,PTPRE,SDHB,SRSF1,TAP1,TAPBP,TGM2,UQCRC2,VIM,ZEB2",37 (3),2,2hr_PROT_causal,True,
399,GRP, ,growth factor,"EGFR,ERK1/2,GRP",2,Inhibited,-3.1239999999999997,2.4100000000000003e-05,0.0049,"AGO2,AKT1,ARRB1,C3,CEBPA,COL3A1,EZR,FKBP5,FN1,GBP1,HNRNPA1,HNRNPA2B1,HNRNPH1,IGFBP3,IL1B,JUN,MAP2K2,MKNK1,MMP2,MTA2,NDUFB8,PKM,POSTN,PPIA,PRKAR1A,PSMB3,PSMB5,PSMB9,PTPRE,SDHB,SRSF1,TAP1,TAPBP,TGM2,UQCRC2,VIM,ZEB2",37 (3),2,2hr_PROT_causal,True,
400,HTATIP2,-0.046,transcription regulator,"EGFR,ERK1/2,HTATIP2",2,Activated,3.1239999999999997,2.4100000000000003e-05,0.005,"AGO2,AKT1,ARRB1,C3,CEBPA,COL3A1,EZR,FKBP5,FN1,GBP1,HNRNPA1,HNRNPA2B1,HNRNPH1,IGFBP3,IL1B,JUN,MAP2K2,MKNK1,MMP2,MTA2,NDUFB8,PKM,POSTN,PPIA,PRKAR1A,PSMB3,PSMB5,PSMB9,PTPRE,SDHB,SRSF1,TAP1,TAPBP,TGM2,UQCRC2,VIM,ZEB2",37 (3),3,2hr_PROT_causal,True,
401,EPAS1, ,transcription regulator,"Akt,CTNNB1,EGFR,EPAS1,ERBB4,ERK1/2,IGF1R,MTORC1",2,Inhibited,-2.474,2.44e-05,0.0363,"AGO2,AKT1,ARRB1,C3,CDC42,CEBPA,CKB,CKM,EZH2,EZR,FHL1,FKBP5,GBP1,GDF15,GSR,GSS,HNRNPA1,HNRNPA2B1,HNRNPH1,IGFBP2,IGFBP3,IL1B,JUN,KIFC1,MAP2K2,MAT2A,MKNK1,MMP2,MTA2,NDUFB8,NOTCH1,PEA15,PELP1,PGK1,PKM,PLG,POSTN,PPIA,PPP3CA,PRKAR1A,PSMB3,PSMB5,PSMB9,PTPRE,RAD23A,RHOA,SDHB,SLC9A3R1,SRSF1,STAT3,TAP1,TAPBP,TGM2,TMED10,TRAF1,UGP2,UQCRC2,VIM,ZEB2",59 (8),8,2hr_PROT_causal,True,
402,HSPBP1,-0.974,other,"EGFR,HSPBP1,MAPK3",2,Inhibited,-2.858,2.48e-05,0.0013,"AGO2,AKT1,GBP1,HNRNPA1,HNRNPA2B1,HNRNPH1,IGFBP3,JUN,MTA2,NDUFB8,PKM,POSTN,PPIA,PRKAR1A,PSMB3,PSMB5,PTPRE,SDHB,SIRT6,SRSF1,TGM2,UQCRC2,VIM,ZEB2",24 (3),2,2hr_PROT_causal,True,
403,AGT, ,growth factor,"AGT,EGFR",2,Inhibited,-2.449,2.48e-05,0.0009,"AGO2,AKT1,COL1A1,GBP1,HNRNPA1,HNRNPA2B1,HNRNPH1,IGFBP3,JUN,MTA2,NDUFB8,PKM,POSTN,PPIA,PRKAR1A,PSMB3,PSMB5,PTPRE,SDHB,SRSF1,TGM2,UQCRC2,VIM,ZEB2",24 (2),2,2hr_PROT_causal,True,
404,FSH, ,complex,FSH,1,Activated,2.065,2.51e-05,0.0037,"ACTN1,ARL6IP5,CAPZA1,CTNND1,EZR,FDXR,FKBP5,HSD11B1,ILK,MAPRE2,MMP2,PGRMC1,PSIP1,SMARCA4,STIP1,THBS1,TLN1,TPM1,VCL",19 (1),1,2hr_PROT_causal,True,True
405,Lh, ,complex,Lh,1,Activated,2.065,2.51e-05,0.0036,"ACTN1,ARL6IP5,CAPZA1,CTNND1,EZR,FDXR,FKBP5,HSD11B1,ILK,MAPRE2,MMP2,PGRMC1,PSIP1,SMARCA4,STIP1,THBS1,TLN1,TPM1,VCL",19 (1),1,2hr_PROT_causal,True,True
406,PTGER2, ,G-protein coupled receptor,"AKT1,EGFR,ERK1/2,GSK3A,PTGER2,RELA",2,Inhibited,-3.742,2.5300000000000002e-05,0.03,"AGO2,AKT1,ARHGDIB,ARRB1,BAX,C3,CEBPA,COL3A1,CTCF,EGLN1,EZR,FKBP5,FN1,GBP1,GCLC,GCLM,GSR,GSS,HNRNPA1,HNRNPA2B1,HNRNPH1,IGFBP3,IL1B,JUN,MAP2K2,MAT2A,MKNK1,MMP2,MTA2,NAMPT,NDUFB8,NQO1,PKM,PLG,POSTN,PPIA,PRKAR1A,PSMB3,PSMB5,PSMB9,PTPRE,PXN,SDHB,SIRT6,SMAP2,SP1,SRSF1,STK4,TAP1,TAPBP,TGM2,TMSB10/TMSB4X,TRAF1,UQCRC2,VIM,ZEB2",56 (6),6,2hr_PROT_causal,True,
410,SLC2A3, ,transporter,SLC2A3,1,Inhibited,-2.6460000000000004,2.98e-05,0.0003,"ALDOA,GAPDH,LDHA,PGAM1,PHGDH,PKM,TPI1",7 (1),1,2hr_PROT_causal,True,True
413,EGFR, ,kinase,EGFR,1,Inhibited,-2.7110000000000003,3.27e-05,0.0013,"AGO2,AKT1,GBP1,HNRNPA1,HNRNPA2B1,HNRNPH1,IGFBP3,JUN,MTA2,NDUFB8,PKM,POSTN,PPIA,PRKAR1A,PSMB3,PSMB5,PTPRE,SDHB,SRSF1,TGM2,UQCRC2,VIM,ZEB2",23 (1),1,2hr_PROT_causal,True,True
414,BACH1, ,transcription regulator,BACH1,1,Inhibited,-2.673,3.3799999999999995e-05,0.0009,"ATP5F1B,ATP5F1D,ATP5PO,GCLM,HCCS,IMMT,ME1,NDUFA2,NDUFA6,NDUFS7,OPA1,PHB2,UQCRB,UQCRC1",14 (1),1,2hr_PROT_causal,True,True
425,ACLY,-0.569,enzyme,ACLY,1,Activated,2.8280000000000003,9.88e-05,0.0021,"ATP5F1B,ATP5F1D,COX4I1,COX5A,GDF15,NDUFA8,SDHB,TFAM",8 (1),1,2hr_PROT_causal,True,True
429,IKBKE, ,kinase,IKBKE,1,Inhibited,-3.051,0.00015,0.0014,"ALDOC,DLST,ENO3,LDHA,MAT2A,PGK1,PGM1,PGM2,PHGDH,PSAT1,PYGL,RPE,TPI1",13 (1),1,2hr_PROT_causal,True,True
446,MAP3K12, ,kinase,MAP3K12,1,Inhibited,-2.121,0.000727,0.0058,"ACTB,JUN,RPL27A,RPL37,STMN1,TUBB,TUBB2A,TUBB4B",8 (1),1,2hr_PROT_causal,True,True
454,PTCD1, ,other,PTCD1,1,Activated,2.2359999999999998,0.00114,0.0064,"NDUFB8,NDUFB9,SDHB,UQCRB,UQCRC2",5 (1),1,2hr_PROT_causal,True,True
477,STK38L, ,kinase,"CASP8,ERBB4,MTORC1,NUAK1,PRKAA,STK38L,YAP1",3,Activated,2.524,0.0033299999999999996,0.0269,"BAX,CASP8,CDK6,CSE1L,DTYMK,EHD1,FKBP5,H2AX,HYOU1,IL1B,JUN,MAT2A,NDUFS4,PGK1,THBS1,TK1,UGP2,VIM,XPC",19 (7),6,2hr_PROT_causal,True,
506,YARS2,0.808,enzyme,YARS2,1,Activated,2.2359999999999998,0.009170000000000001,0.0492,"COX5A,NDUFB8,SDHB,UQCRC1,UQCRC2",5 (1),1,2hr_PROT_causal,True,True
