,Master Regulator,Expr Log Ratio,Molecule Type,Participating regulators,Depth,Predicted Activation,Activation z-score,p-value of overlap,Network bias-corrected p-value,Target Molecules in Dataset,Causal network,Target-connected regulators,sample,sig,overlap_upstreamreg
15,SKP2, ,other,"Akt,AKT1,AURKB,CCND1,CCNE1,CDK1,CDKN1A,CHEK2,CTNNB1,DUSP1,ERK,FOXM1,FOXO3,GLI1,GSK3B,HIF1A,IGF1R,MAP2K1,MAPK1,MAPK14,Mek,MMP2,MYC,NFE2L2,NFkB (complex),NOTCH1,P38 MAPK,PARP1,PRKAA,PRKAA1,RAC1,RELA,SKP2,STAT3,TP53,TP73",3,Activated,2.073,2.38e-19,0.0003,"ABCE1,ACO1,ACSL3,ACTB,ADAM10,ADAR,ADGRE2,ADK,AK1,AKT1,AKT2,ALDOA,ALOX5,APOBEC3G,APOE,ARHGDIB,ARPC1B,ARPC5,ATG7,ATXN10,BAG1,BCAT1,BCLAF1,BCOR,BID,BST2,BUB1B,BZW2,C11orf58,C1QTNF3,CARS1,CASP1,CASP4,CASP8,CD151,CD70,CDC42,CDK1,CDK6,CEBPZ,CHD3,CNTRL,COL1A1,COL3A1,COX5A,CS,CTCF,CTPS1,DAB2,DDX21,DEGS1,DNM1,ECM1,EED,EEF1B2,EFEMP1,EFHD2,EGLN1,EHD1,EIF2B1,EIF4E,EIF4G1,EIF5,ELOB,ELOC,ENDOD1,ENO1,ERBIN,ERP29,EZH2,FABP4,FABP5,FAM3C,FBL,FBXO22,FDXR,FEN1,FKBP3,FSCN1,FUBP1,G3BP1,GALNT2,GART,GBP1,GCLC,GCLM,GLUD1,GNL3,GOT1,GPA33,GSK3A,GSK3B,GSPT1,GSR,GSS,H1-0,H2AX,H2BC12,HMGB1,HNRNPH1,HSP90AA1,HSPA1A/HSPA1B,HSPA8,HSPB1,HSPD1,HSPH1,HTT,HYOU1,IDH1,IDH2,IFI35,IGFBP2,IGFBP3,IL1B,IL1RN,IQGAP2,IQGAP3,IREB2,IRF5,ISCU,ITGB2,ITIH2,ITPR1,JMJD6,KAT2B,KIF20A,KIFC1,KYNU,LAP3,LASP1,LBR,LEMD3,LGALS1,LGALS3,LIMS1,LUM,MAD1L1,MAP2K2,MAPK1,MARCKS,MAT2A,MBD2,ME1,ME2,MECP2,METTL7A,MIF,MKI67,MMP2,MSI2,MST1,MX2,MYD88,NAE1,NAT1,NDRG1,NDUFB8,NIBAN2,NME1,NMI,NOLC1,NOP2,NOP56,NOTCH1,NPEPL1,NQO1,NRGN,NUCKS1,NUDCD2,NUP153,NVL,OGFRL1,P2RX4,PARP12,PCNA,PCYT1A,PDCD4,PDHX,PEA15,PELP1,PFDN1,PFKP,PGD,PGK1,PHB2,PHGDH,PIN1,POSTN,PPAT,PPIF,PPM1A,PPP1CA,PPP2CA,PPP2R1A,PPP3CA,PPP4C,PPP4R2,PRDX1,PRDX2,PREP,PRKACB,PSAT1,PSIP1,PSMA4,PSME2,PTPN11,PTPN6,QSOX1,RAD23A,RALY,RBL2,RHOA,RPL10,RPS6KA1,RPS6KA3,RSAD2,S100A11,S100A4,S100A6,S100A9,SAE1,SAMHD1,SAR1A,SDHA,SDHB,SEL1L,SFXN3,SH3GLB1,SHC1,SIRT6,SLC9A3R1,SMAP2,SOD1,SON,SP1,SP100,SPRY2,SRM,SRSF1,STAT1,STK4,STMN1,STOM,SUMO1,SUMO2,SUMO3,SUN2,TAGLN2,TAP1,TDO2,TFAM,TFB2M,THBS1,TIMP2,TKT,TMED10,TMSB10/TMSB4X,TOP2A,TOP2B,TPI1,TPX2,TRADD,TRAF1,TREM2,TRIM21,TTC13,TUBA1C,TUBB,TYMP,UBA2,UBE2I,UBE2L6,UQCRC2,UQCRQ,UTP18,VIM,VMP1,WAS,WRN,XPC,YLPM1,YWHAH,ZDHHC3,ZEB2,ZNF318",285 (36),36,2hr_PROT_causal_unique,True,
18,PKM,-1.539,kinase,"Akt,AMPK,CASP8,CDKN1A,CHEK2,CTNNB1,ERK,ERN1,EZH2,FOXO1,HIF1A,HSF1,Mek,MMP2,MTOR,MYC,NCL,NR3C1,PKM,PLCG1,PRKAA,PRKCZ,RB1,RHOA,RPS6KB1,RPTOR,SMAD2,SMAD3,SREBF1,SREBF2,STAT3,TCF7L2,TFEB,TP53,YAP1",3,Inhibited,-2.066,4.670000000000001e-19,0.0003,"ABCE1,ACO1,ACO2,ACSL3,ACTB,ADAM10,ADH5,AK1,ALDOA,APOBEC3G,APOE,ARF4,ARPC1B,ASPH,ATG7,BAG1,BAX,BCAT1,BCOR,BID,BST2,BUB1B,BZW2,CA2,CAP2,CARS1,CASP8,CBR1,CD14,CD151,CD46,CDK6,CEBPZ,CFI,CHD3,CLCN7,COL1A2,COX4I1,COX5A,CSE1L,CSRP1,CYP51A1,DDX21,DNAJC10,DNM1,DTYMK,ECM1,EDEM1,EED,EFEMP1,EGLN1,EHD1,EIF2B1,EIF4A2,EIF4E,EIF4G1,ENO1,ENO3,ERLEC1,EZH2,FAM3C,FBL,FBLN1,FBP1,FBXO22,FDPS,FDXR,FEN1,FHL1,FKBP3,FKBP4,FKBP5,FSCN1,FUBP1,GAPDH,GART,GBP1,GDF15,GGT1,GNS,GOT1,GSK3A,GSK3B,GSR,GSS,H2AX,H2BC12,HMGB1,HNRNPA3,HNRNPH1,HSP90AA1,HSP90AB1,HSPA1A/HSPA1B,HSPA4,HSPA8,HSPB1,HSPD1,HSPE1,HTT,HYOU1,IDH1,IFI35,IGFBP3,IL1B,IL1RN,IPO7,IQGAP2,IREB2,IRF5,ISCU,ITGB2,JMJD6,KAT2B,KIFC1,KRT10,LAMP1,LBR,LDHA,LGALS3,LIMS1,LRIF1,LSM2,LSS,MAD1L1,MAPK1,MAPK7,MBD2,MBOAT7,ME1,ME2,MIF,MMP2,MST1,MX2,MYD88,NAE1,NASP,NCF1,NCOR2,NDUFB8,NEU1,NIBAN1,NME1,NOP56,NPC1,NUCKS1,NUDCD2,NUP153,P2RX4,PCNA,PDCD4,PDHX,PEA15,PELP1,PFKP,PGK1,PGLS,PHGDH,PIP4P1,PLG,POSTN,PPAT,PPCS,PPM1A,PPP1CA,PPP2CA,PPP2R1A,PPP3CA,PPP4C,PPP4R2,PREP,PRPS1,PSAT1,PSIP1,PSMB5,PTPN11,PTPN2,PTPN6,RAD23A,RALY,RANBP1,RANGAP1,RHOA,RHOC,RNASET2,RPE,RSAD2,SAE1,SDHA,SDHB,SEL1L,SERPINB9,SHC1,SLC9A3R1,SMC1A,SON,SP100,SPC25,SPR,SREBF2,SRSF1,SSBP1,ST13,STAT3,STAT6,STIP1,STMN1,STOM,SUMO1,SUMO2,SUMO3,TAGLN2,TALDO1,TFAM,TFB2M,THBS1,TK1,TMED10,TMSB10/TMSB4X,TOP2A,TOP2B,TPX2,TRAF1,TREM2,TUBB,UBA2,UBE2I,UGP2,UQCRC2,UQCRQ,VPS26A,VPS35,WAS,WIPF1,WRN,XPC,XPO1,YWHAH,ZEB2,ZYX",240 (35),32,2hr_PROT_causal_unique,True,True
22,CST5, ,other,CST5,1,Inhibited,-2.294,9.390000000000002e-19,0.0001,"ACAT2,ADRM1,ADSL,AHCTF1,ARF6,BCAP31,CEBPZ,CEP170,CHD3,CNBP,COPS7A,COPS8,CORO1A,DCP1A,DDT,DDX21,DECR1,DKC1,DNAJA3,DR1,DRAP1,EBNA1BP2,EEF1B2,EIF2B1,EIF5B,EZR,FHL1,GNL3,HNRNPA2B1,HNRNPA3,HNRNPDL,HNRNPH1,IQGAP2,KRR1,MRM3,MSN,NCBP1,NDUFB1,NDUFB7,NIFK,NOC3L,NOL9,NOM1,NOP2,NOP53,NUMA1,PCBP1,PDLIM5,PITRM1,PPP2R2A,PPP2R5A,PRDX1,PRDX2,PRKACB,PRPF6,RBM28,RBM3,RNASEH2B,RPF2,RRP1,RRS1,RSL1D1,S100A11,SCAF11,SLC4A1AP,SRSF1,SUPV3L1,SURF6,TOMM40,TXN,UCHL5,UTP18,VASP,VIM,VPS36,VTI1B",76 (1),1,2hr_PROT_causal_unique,True,True
25,CXCL12, ,cytokine,"ABL1,Akt,AKT1,AMPK,AR,ARF1,ATF1,ATF6,ATM,BCL2,BCL2L1,CASP8,CCAR2,CCND1,CCNE1,CDC37,CDH1,CDK2,CDKN1A,CEBPA,CEBPB,CHEK2,CHUK,CTNNB1,CXCL12,DOCK2,DUSP1,ELK1,ERBB2,ERBB3,ERK,ERK1/2,ESR1,EZH2,Focal adhesion kinase,FOS,FOXO1,FOXO3,GSK3B,HIF1A,HMGA1,HNRNPA1,IGF1R,IKZF3,IRF4,ITGB4,JUN,KAT5,LATS1,LIN28A,Mapk,MAPK1,MAPK14,MAPK3,MED1,Mek,MMP2,MRTFA,MTOR,MYC,NANOG,NCOA3,NFAT5,NFKBIA,Notch,NOTCH1,NR3C1,NR4A1,P38 MAPK,PGR,PI3K (complex),PI3K (family),PI3K p85,PPARG,PPARGC1A,PRKAA,PRKCD,PTEN,PTK2,PTK2B,RAC1,RAC2,RARA,Ras homolog,RELA,RHOA,RUNX2,RXRA,SHC1,SP1,SREBF1,SREBF2,STAT3,STAT5a/b,SYK,TCF7L2,TGFB1,TP53,TP63,Vla-4,WWTR1",3,Inhibited,-3.202,3.9e-18,0.0448,"A2M,ABCE1,ACADM,ACO1,ACO2,ACSL3,ACTR3,ADAM10,ADAR,ADH5,AFP,AK1,AKR1B1,AKT2,ALDOA,APEX1,APOA4,APOB,APOBEC3G,APOC3,APOE,ARHGAP1,ARHGDIB,ARPC3,ARPC5L,ARRB1,ASPH,ASS1,ATG9A,ATP2A2,B3GALT6,BAG1,BAX,BCAS3,BCAT1,BCLAF1,BCOR,BID,BPNT2,BST2,BZW2,C11orf58,C3,CANX,CAP2,CAPN2,CARS1,CASP1,CASP4,CBR1,CBS/CBSL,CD151,CD46,CD70,CDC37,CDC42,CDK5,CDKN2C,CEBPA,CEBPZ,CFI,CHD3,CHD7,CKAP4,CLGN,CNDP2,CNN3,COL1A1,COL6A3,COX5A,CPT2,CSE1L,CSRP1,CSTA,CYP51A1,DAB2,DDX21,DEGS1,DNM1,DNM1L,DPYSL2,DR1,ECM1,EDF1,EED,EEF1A2,EEF1B2,EFEMP1,EHD1,EIF1AX,EIF2B1,EIF4E,EIF4G1,EIF5,ENO3,ERBIN,ERP29,EZH2,EZR,FABP4,FAM3C,FBL,FBP1,FBXO22,FCER1G,FDPS,FDXR,FEN1,FHL1,FKBP3,FKBP4,FKBP5,FLI1,FSCN1,FUBP1,FUS,G3BP1,GABPA,GAPDH,GART,GCLC,GCLM,GDF15,GDI1,GLO1,GMFG,GNL3,GOT1,GPX4,GSK3A,GSPT1,GSR,GSTM3,GSTP1,H1-10,H2BC12,HGSNAT,HINT1,HMGB1,HMGB2,HNRNPD,HNRNPF,HSP90AA1,HSPA1A/HSPA1B,HSPA8,HSPB1,HSPD1,HSPH1,HTT,HYOU1,IDH1,IFI35,IGFBP2,IGLL1/IGLL5,IL1B,IL1RAP,IL1RN,ILK,INPP5D,IPO7,IQGAP2,IRAG2,IREB2,IRF8,ISCU,ITGB2,ITIH2,JMJD6,JUN,KAT2B,KIFC1,LAMB1,LAMP1,LAP3,LBR,LCP2,LDHA,LEMD3,LGALS3,LIG3,LIMS1,LMAN1,LTF,LUM,MAD1L1,MANF,MAP2K2,MAPK3,MAPK7,MAPKAPK2,MARCKS,MAT2A,MATK,MBD2,ME1,ME2,MECP2,METTL7A,MIF,MKI67,MKNK1,MMP2,MNDA,MPG,MRPL20,MRPS11,MST1,MTHFD2,MVD,MX2,MYD88,NAE1,NAMPT,NAP1L1,NCF1,NCOR2,NDRG1,NDUFB8,NFKB1,NIBAN1,NIBAN2,NIFK,NME1,NMI,NOP2,NOP56,NOTCH1,NPC1,NQO1,NUCKS1,NUDCD2,NUDT1,NUMA1,NUP153,P2RX4,P4HA1,PAICS,PARP12,PCNA,PCYT1A,PDHX,PDIA4,PDIA5,PDLIM1,PDLIM7,PEA15,PELP1,PFDN1,PFKP,PFN1,PGK1,PGLS,PIK3CD,PIN1,PKM,PLCG2,PLG,POLDIP2,POLR2A,POSTN,PPAT,PPCS,PPIF,PPM1A,PPM1F,PPP1CA,PPP1R3D,PPP2CA,PPP2R1A,PPP3CA,PPP3CB,PPP4C,PPP4R2,PRDX2,PREP,PREX1,PRMT1,PROS1,PRPS1,PSIP1,PSMB9,PSME2,PTPN11,PTPN2,PTPN6,PXN,RABGAP1L,RALY,RAN,RANGAP1,RASA1,RBP4,RHOC,RNASET2,RPA1,RPL10,RPL27A,S100A11,S100A6,S100A9,SAE1,SAMD9,SAMHD1,SDHA,SDHB,SEC24D,SEL1L,SERPINB1,SERPINB8,SERPINB9,SERPINF1,SET,SH3BP1,SH3GLB1,SHBG,SIRT6,SLC9A3R1,SMAP2,SOD1,SON,SP1,SP100,SPC25,SPRY2,SRRT,SSBP1,STAT3,STIP1,STRAP,STT3B,SUMO1,SUMO2,SUMO3,SUN1,SUN2,SYK,TACC1,TAGLN2,TALDO1,TAP1,TAPBP,TF,TFB2M,TGFBI,TGM2,TIMP2,TK1,TKT,TLN1,TMED10,TMED9,TMX3,TNS3,TOP1,TOP2A,TOP2B,TPI1,TPM1,TRADD,TREM2,TRIM21,TUBA1C,TUBB,TUBB2A,TUFM,UBA2,UBE2I,UBE2L6,UGDH,UQCRC2,UQCRQ,UTP18,VASP,VCL,VIM,VPS29,WAS,WIPF1,WRN,XPC,XPO1,YLPM1,YWHAE,YWHAH,YWHAZ,ZNF318,ZYX",387 (101),93,2hr_PROT_causal_unique,True,
27,EPAS1, ,transcription regulator,"Akt,AKT1,CASP8,CASP9,CDK1,CEBPA,CHEK1,CHEK2,Creb,CTNNB1,EGFR,EGR1,ELK1,EPAS1,ERBB2,ERBB3,ERBB4,ERK,ERK1/2,ESR1,FOXO1,FOXO3,GSK3B,HDAC6,HIF1A,IGF1R,IRF3,ITGB4,JAK2,JUN,JUNB,MAP2K1,MAP2K1/2,MAP2K2,Mapk,MAPK1,MAPK3,MED1,Mek,MMP2,MTOR,MTORC1,MYC,NFkB (complex),NFKB1,NR4A1,P38 MAPK,PARP1,PDGFRA,PGR,PI3K (family),PRKAA1,RAC1,RB1,RELA,RHOA,RICTOR,SHC1,SMAD3,SP1,SREBF1,SREBF2,STAT1,STAT3,TCF7L2,TP53,YBX1",3,Inhibited,-4.298,4.53e-18,0.0091,"A2M,ABCE1,ACO1,ACSL3,ADAM10,ADAR,ADH5,AGO2,AK1,AKR1B1,AKT1,ALB,ALDOA,ALOX5,APOBEC3G,APOC3,APOE,ARF4,ARHGAP1,ARHGDIB,ARPC1B,ARPC5L,ARRB1,ASPH,ASS1,ATXN10,B3GALT6,BAG1,BCAS3,BCAT1,BCOR,BID,BPNT2,BST2,BUB1B,BZW2,C3,C4A/C4B,CAP2,CAPN2,CARS1,CASP4,CASP8,CBS/CBSL,CD14,CD151,CD70,CDC37,CDC42,CDKN2C,CEBPA,CEBPZ,CFI,CHD3,CHD7,CKAP4,CKB,CKM,COL6A3,COX4I1,COX5A,CP,CPT2,CSE1L,CSRP1,CYP51A1,DAB2,DDX21,DNM1,DPYSL2,DR1,DTYMK,EDF1,EED,EEF1A2,EFEMP1,EGLN1,EIF1AX,EIF2B1,EIF4E,EIF4G1,ENO1,ENO3,ERP29,EZH2,EZR,FABP4,FABP5,FAM3C,FBL,FBP1,FBXO22,FDPS,FDXR,FEN1,FHL1,FKBP3,FKBP5,FLI1,FSCN1,FUBP1,GAPDH,GBP1,GBP4,GCLC,GCLM,GDF15,GLO1,GLUL,GNL3,GOT1,GPX4,GSK3A,GSK3B,GSPT1,GSR,GSS,GSTM3,GSTP1,H1-10,H2AX,H2BC12,HGSNAT,HINT1,HMGB1,HMGB2,HNRNPA1,HNRNPA2B1,HNRNPD,HNRNPH1,HSP90AA1,HSPA1A/HSPA1B,HSPA8,HSPD1,HSPH1,HTT,HYOU1,IDH1,IGF2,IGFBP2,IGFBP3,IGLL1/IGLL5,IL1B,IQGAP2,IREB2,IRF8,ISCU,ITPR1,JAK1,JMJD6,JUN,KAT2B,KIFC1,KRT10,KYNU,LAMB1,LAMP1,LAP3,LEMD3,LGALS1,LIG3,LIMS1,LTF,MAP2K2,MAPK1,MAT2A,MATK,MBD2,ME1,ME2,MECP2,METTL7A,MIF,MKI67,MKNK1,MMP2,MST1,MTA2,MTHFD2,MX2,NAE1,NAMPT,NAT1,NCAM1,NDUFB8,NFKB1,NME1,NMI,NOLC1,NOP56,NOTCH1,NUCKS1,NUDCD2,NUP153,NVL,P2RX4,PAICS,PARP12,PDHX,PDLIM1,PEA15,PELP1,PFDN1,PGK1,PGLS,PHGDH,PIK3CD,PKM,PLG,POLDIP2,POLR2A,POSTN,PPAT,PPCS,PPIA,PPIF,PPM1A,PPP1CA,PPP2CA,PPP2R1A,PPP3CA,PPP3CB,PPP4C,PPP4R2,PREP,PREX1,PRKACB,PRKAR1A,PRPS1,PSIP1,PSMB3,PSMB5,PSMB9,PSME2,PTPN11,PTPN2,PTPN6,PTPRE,PXN,RABGAP1L,RAD23A,RALY,RASA1,RBL2,RHOA,RHOC,RNASET2,RPA1,S100A8,S100A9,SAE1,SAMD9,SAR1A,SDHA,SDHB,SEL1L,SERPINB1,SERPINB8,SERPINF1,SET,SH3GLB1,SIRT6,SLC9A3R1,SMAP2,SON,SP100,SPC25,SRSF1,STAT3,STK4,STMN1,STOM,STT3B,SUMO1,SUMO2,SUMO3,SUN1,SUN2,SYK,TACC1,TAGLN2,TAP1,TAPBP,TDO2,TFAM,TFB2M,TGFBI,TGM2,THBD,TMED10,TMED9,TMSB10/TMSB4X,TMX3,TOP1,TOP2B,TPM1,TPX2,TRADD,TRAF1,TREM2,TUBB,TUBB2A,UBA2,UBE2I,UBE2L6,UGDH,UGP2,UQCRC2,UQCRQ,UTP18,VASP,VCL,VIM,WARS1,WAS,WRN,XPC,YWHAH,ZEB2,ZNF318,ZYX",321 (67),67,2hr_PROT_causal_unique,True,
31,GFER, ,enzyme,"AKT1,CASP8,CCAR2,CCND1,CEBPA,CREB1,CTNNB1,CYP1A2,CYP2E1,EGFR,EGR1,ELK1,ERBB3,ERK,ERK1/2,estrogen receptor,GFER,GSK3B,HDAC6,HIF1A,HMGA1,IKBKB,IRF3,ITGB4,JUN,LRP6,MAP2K1/2,Mapk,MAPK1,Mek,MTORC1,NCL,NFkB (complex),P38 MAPK,PARP1,PDGFRB,PGR,PRKAA,PRKDC,RAC1,RB1,RELA,RHOA,RXRA,SHC1,SMAD3,SP1,STAT3,STAT5a/b,TAB1,TCF7L2,TP53",3,Inhibited,-2.167,9.26e-18,0.0029,"A2M,ABCE1,ACSL3,ACTB,ADAM10,ADAR,AGO2,AK1,AKR1B1,AKT1,AKT2,ALB,ALDOA,APOBEC3G,APOC3,APOE,ARHGDIB,ARPC1B,ARRB1,ASPH,ATXN10,BCLAF1,BID,BST2,BUB1B,C11orf58,C3,CA2,CAPG,CAPN2,CARS1,CASP1,CASP8,CBS/CBSL,CD70,CEBPA,CEBPZ,CHD3,CKAP4,CNDP2,CNN3,COL1A2,COL9A2,CPT2,CSE1L,CTCF,DDX21,DNM1,DPYSL2,DR1,ECM1,EED,EEF1A2,EEF1B2,EGLN1,EGR2,EHD1,EIF1AX,EIF2B1,EIF4E,EIF4G1,EIF5,ENO1,ERBIN,ERP29,EZR,FABP4,FABP5,FAM3C,FBXO22,FEN1,FHL1,FKBP3,FLI1,FSCN1,FUBP1,G3BP1,GAPDH,GART,GBP1,GBP2,GCLC,GCLM,GLUL,GNL3,GOT1,GPX4,GSK3A,GSK3B,GSPT1,GSTM3,GSTP1,H1-10,H2AX,H2BC12,HINT1,HMGB1,HMGB2,HNRNPA1,HNRNPA2B1,HNRNPH1,HSP90AA1,HSPA8,HSPB1,HTT,HYOU1,IDI1,IFI35,IGF2,IGFBP3,IL1B,IL1RN,IPO7,IRAG2,IREB2,IRF5,ISCU,ITIH2,ITPR1,JAK1,JMJD6,KAT2B,KIFC1,KRT10,KYNU,LAP3,LASP1,LBR,LCP2,LDHA,LGALS3,LIMS1,LTF,MAD1L1,MAP2K2,MAPK1,MARCKS,MAT2A,MATK,MBD2,ME1,ME2,MECP2,MIF,MKI67,MKNK1,MMP2,MSN,MST1,MTA2,MTHFD2,MVD,MX2,MYD88,NAE1,NAMPT,NAT1,NDUFB8,NFKB1,NIBAN2,NIFK,NME1,NMI,NOLC1,NOP2,NOTCH1,NPC1,NQO1,NUCKS1,NUDCD2,NUP153,NVL,P2RX4,PARP12,PCYT1A,PDCD4,PDHX,PDLIM1,PELP1,PFDN1,PFKP,PGK1,PKM,POSTN,PPAT,PPIA,PPIF,PPM1A,PPP1CA,PPP2CA,PPP3CA,PPP4C,PPP4R2,PRKAR1A,PSIP1,PSMB3,PSMB5,PSMB9,PSME2,PTPN11,PTPN2,PTPN6,PTPRE,PXN,RALY,RASA1,RBL2,RHOA,RHOC,RPL10,RPL27A,RSAD2,S100A8,S100A9,SAMHD1,SAR1A,SDHB,SEC24D,SEL1L,SERPINB1,SERPINB8,SERPINF1,SH3GLB1,SLC9A3R1,SMAP2,SOD1,SON,SP1,SP100,SPRY2,SRSF1,STIP1,STOM,SUN2,SYK,TAGLN2,TALDO1,TAP1,TAPBP,TDO2,TFAM,TFB2M,TGFBI,TGM2,TIMP2,TK1,TOP2B,TPI1,TPX2,TRADD,TREM2,TRIM21,TUBA1C,TUBB,TUBB2A,TUFM,TXN,TYMP,UBE2I,UBE2L6,UGDH,UGP2,UQCRC2,UTP18,VASP,VCL,VIM,VPS29,WAS,XPC,XPO1,YLPM1,YWHAH,ZEB2,ZNF318,ZYX",276 (52),50,2hr_PROT_causal_unique,True,
35,ATR, ,kinase,"Akt,AKT1,AR,ATF1,ATF2,ATF6,ATM,ATR,BCL2,CASP8,CDK2,CEBPA,CEBPB,CHEK1,CHEK2,CREB1,CTNNB1,E2f,E2F3,EGFR,ELF4,ELK1,ERK1/2,estrogen receptor,FANCD2,Focal adhesion kinase,GLI1,GSK3B,HNRNPA1,HSF1,Jnk,JUN,KAT5,MAP2K1,MAPK1,MAPK9,MDM4,Mek,MMP2,MYC,NBN,NCL,NFkB (complex),NR3C1,NR4A1,P38 MAPK,PDGFRA,PGR,PPARGC1A,PRKAA1,PRKCD,RAC1,RHOA,RPA1,SHC1,SMC3,SP1,SREBF2,STAT3,TFEB,TP53,TP63,TP73,VCP,WRN,XPA,YBX1,ZEB1",3,Inhibited,-3.127,1.94e-17,0.0072,"A2M,ABCE1,ACADM,ACO1,ACSL3,ACTB,ACTR3,ADAR,ADGRE2,ADH5,ADK,AK1,AKR1B1,AKT1,AKT2,ALB,ALOX5,APEX1,APOB,ARPC1A,ARPC1B,ARPC5,ARRB1,ASNS,ATG7,ATG9A,ATP2A2,BAG1,BAX,BCAT1,BCOR,BID,BUB1B,BZW2,C1QTNF3,C3,CAPG,CAPN2,CASP1,CASP4,CASP8,CBR1,CBS/CBSL,CBX1,CD151,CD46,CD70,CDK1,CEBPA,CEBPZ,CHD3,CKAP4,CLCN7,CLGN,CNTRL,COL3A1,COL9A2,COX5A,CPT2,CSE1L,CSTA,CTCF,CTNND1,CTPS1,DAB2,DEGS1,DNM1,DNM1L,DPYSL2,DR1,ECM1,EEF1A2,EFHD2,EGR2,EIF1AX,EIF2B1,EIF4A2,ELOB,ELOC,ENDOD1,ENO3,ERP29,EZH2,EZR,FABP4,FABP5,FAM3C,FBL,FBLN1,FBP1,FBXO22,FDPS,FDXR,FEN1,FKBP3,FKBP4,FKBP5,FLI1,FN1,FUBP1,G6PD,GABPA,GALNT2,GART,GBP1,GCLC,GCLM,GDF15,GDI1,GLUL,GNL3,GNS,GOT1,GPA33,GSK3A,GSK3B,GSPT1,GSR,GSS,GSTM3,GSTP1,H1-0,H1-10,H1-2,H2AX,H2BC11,HINT1,HLA-DRB1,HMGB1,HMGB2,HNRNPA1,HNRNPA2B1,HNRNPA3,HNRNPH1,HSP90AB1,HSPA1A/HSPA1B,HSPA4,HSPA8,HSPE1,HTT,IDH1,IDH2,IGFBP3,IL1RAP,IL1RN,ILK,IPO7,IQGAP3,IREB2,ISCU,ITGB2,JUN,KAT2B,KIFC1,KYNU,LAMP1,LAP3,LBR,LDHA,LGALS1,LGALS3,LMAN1,LPL,LRIF1,LSM2,LTF,MAD1L1,MANF,MAP2K2,MAPK1,MAPK7,MATK,MBOAT7,ME1,ME2,MECP2,METAP2,METTL7A,MIF,MKI67,MKNK1,MNDA,MPG,MRPL20,MRPS11,MSI2,MSN,MST1,MT1G,MTA2,MTHFD2,MYD88,NAP1L1,NASP,NCOR2,NDRG1,NDUFB8,NEU1,NME1,NMI,NOLC1,NOP56,NPC1,NPEPL1,NRGN,NUP153,OGFRL1,P2RX4,P4HA1,P4HB,PARP12,PCNA,PDCD4,PDHX,PDIA3,PDIA4,PDIA5,PDLIM1,PDLIM7,PEA15,PFKP,PHGDH,PIP4P1,PLG,PPAT,PPIA,PPIF,PPM1A,PPP1CA,PPP1R3D,PPP2CA,PPP2R1A,PPP3CA,PPP4C,PPP4R2,PRDX2,PREP,PRKACB,PRKAR1A,PRMT1,PSIP1,PSMB3,PSMB5,PSMB9,PSME2,PTPN11,PTPN2,PTPN6,PTPRE,PXN,QSOX1,RAD23A,RALY,RAN,RANBP1,RANGAP1,RASA1,RHOC,RPA1,RPL27A,RPS6KA1,RPS6KA3,S100A11,S100A4,S100A6,SAE1,SAMHD1,SAR1A,SDHA,SDHB,SEL1L,SERPINB1,SERPINB8,SERPINB9,SERPINF1,SFXN3,SH3GLB1,SHC1,SIRT6,SLC9A3R1,SMC1A,SOD1,SON,SP1,SPR,SRM,SRSF1,SSBP1,ST13,STAT1,STAT6,STIP1,STMN1,STOM,SUMO1,SUMO2,SUMO3,SUN2,SYK,TAF7,TAGLN2,TAPBP,TDO2,TF,TFAM,TFB2M,TGFBI,THBD,THBS1,TM9SF2,TMED10,TMPO,TMSB10/TMSB4X,TOP1,TOP2A,TOP2B,TPM1,TPX2,TRADD,TRAF1,TREM2,TTC13,TUBB,TUBB2A,TUFM,UBA2,UBE2L6,UGDH,UQCRC2,UQCRQ,UTP18,VASP,VKORC1L1,VMP1,VPS26A,VPS35,WAS,WRN,XPC,XPO1,YWHAH,YWHAZ,ZDHHC3,ZNF318",344 (68),64,2hr_PROT_causal_unique,True,
37,ITGB1,0.289,transmembrane receptor,"Akt,AR,ATF1,ATF2,ATF6,CBL,CCAR2,CCND1,CCNE1,CDH1,CDK2,CEBPA,CEBPB,CHEK2,CLTC,CTNNB1,DUSP1,DYRK1B,EGFR,EGR1,ELK1,ERBB2,ERK,ERK1/2,ESR1,Focal adhesion kinase,GSK3B,HIF1A,HMGA1,IGF1R,ITGB1,ITGB4,Jnk,KAT5,LCK,LIN28A,MAP2K1,MAP2K1/2,MAP2K2,Mapk,MAPK1,MAPK14,MAPK9,MED1,Mek,MMP2,MTOR,MYC,NANOG,NEDD9,NFAT5,Notch,NR3C1,NR4A1,P38 MAPK,PARP1,PGR,PI3K (family),PLSCR1,PPARG,PPARGC1A,PRKAA1,PTEN,PTK2,RAC1,RARA,RAS,RB1,RHOA,RHOC,ROCK,RUNX2,RXRA,SHC1,SMAD3,SP1,SRC,SREBF1,SREBF2,STAT3,STAT5a/b,SYK,TCF7L2,TFEB,TGFB1,TP63,YAP/TAZ,YBX1",3,Inhibited,-2.4219999999999997,2.48e-17,0.0088,"A2M,ABCE1,ACADM,ACO1,ACTR3,ADAM10,ADAR,ADH5,AFP,AGO2,AKR1B1,AKT1,AKT2,ALDOA,ALOX5,APEX1,APOA4,APOB,APOBEC3G,APOC3,APOE,ARHGAP1,ARPC5L,ARRB1,ASNS,ASPH,ASS1,ATG7,ATG9A,ATXN10,B3GALT6,BAG1,BAX,BCAS3,BCAT1,BCLAF1,BCOR,BPNT2,BST2,BZW2,C11orf58,C3,CAP2,CAPN2,CARS1,CASP4,CBR1,CBS/CBSL,CD151,CD70,CD74,CDC37,CDC42,CEBPA,CEBPZ,CFI,CHD7,CKAP4,CLCN7,CLGN,CNDP2,CNN3,COL1A1,COX5A,CP,CPT2,CSRP1,CSTA,CYP51A1,DDX21,DEGS1,DNM1L,DPYSL2,DR1,EDF1,EED,EEF1A2,EEF1B2,EFEMP1,EGR2,EHD1,EIF1AX,EIF4E,EIF4G1,EIF5,ENO3,ERBIN,ERP29,EZH2,EZR,FABP4,FBL,FBP1,FCER1G,FDPS,FDXR,FHL1,FKBP4,FKBP5,FLI1,FSCN1,FUS,G3BP1,GABPA,GAPDH,GCLC,GCLM,GDI1,GLO1,GLUL,GMFG,GNS,GPX4,GSPT1,GSR,GSS,GSTM3,GSTP1,H1-10,H2BC12,HGSNAT,HINT1,HMGB2,HNRNPA1,HNRNPA2B1,HNRNPD,HNRNPF,HNRNPH1,HSP90AA1,HSPD1,HSPH1,IDH1,IDI1,IFI35,IGF2,IGFBP2,IGFBP3,IGLL1/IGLL5,IL1RAP,IQGAP2,IRAG2,IRF8,ITGB2,ITIH2,ITPR1,JAK1,JMJD6,JUN,KAT2B,KIFC1,LAMB1,LAP3,LASP1,LCP2,LDHA,LIG3,LIMS1,LMAN1,LMNA,LPL,LTF,LUM,MAP2K2,MAPK3,MAPK7,MAPKAPK2,MARCKS,MATK,MBD2,MECP2,METAP2,METTL7A,MIF,MKI67,MKNK1,MMP2,MNDA,MPG,MRPL20,MTA2,MTHFD2,MVD,MX2,NAE1,NAMPT,NAP1L1,NAT1,NCOR2,NDRG1,NDUFB8,NEU1,NFKB1,NIBAN2,NIFK,NMI,NOP16,NOP2,NOP56,NOTCH1,NQO1,NUCKS1,NUDCD2,NUDT1,NVL,P4HA1,PAICS,PARP12,PCYT1A,PDIA3,PDIA4,PDIA5,PDLIM1,PEA15,PELP1,PFKP,PGK1,PGLS,PIP4P1,PKM,PLCG2,PLG,POLDIP2,POLR2A,POSTN,PPAT,PPCS,PPIA,PPIF,PPM1F,PPP2R1A,PPP3CA,PPP3CB,PRDX2,PREP,PREX1,PRKACB,PRKAR1A,PRMT1,PRPS1,PSAT1,PSIP1,PSMB3,PSMB5,PSMB9,PSME2,PTPN2,PTPRE,PXN,RABGAP1L,RAD23A,RAN,RBL2,RBP4,RHOA,RHOC,RNASET2,RPA1,RPL10,RPL27A,S100A11,S100A6,S100A9,SAE1,SAMD9,SAMHD1,SDHA,SDHB,SEC24D,SERPINB1,SERPINB8,SERPINB9,SERPINF1,SH3GLB1,SHBG,SIRT6,SLC9A3R1,SP100,SPRY2,SRRT,SRSF1,STIP1,STT3B,SUMO1,SUMO2,SUMO3,SUN1,SUN2,TACC1,TALDO1,TAP1,TAPBP,TFB2M,TGM2,TIMP2,TLN1,TMED10,TMED9,TMX3,TOP1,TPI1,TRADD,TRAF1,TREM2,TRIM21,TUBA1C,TUBB2A,TUFM,TXN,TYMP,UBA2,UBE2I,UBE2L6,UGDH,UQCRC2,UQCRQ,UTP18,VASP,VCL,VIM,VPS26A,VPS29,VPS35,WAS,WRN,YLPM1,YWHAE,YWHAZ,ZEB2,ZNF318,ZYX",330 (88),85,2hr_PROT_causal_unique,True,
44,ENG,0.105,transmembrane receptor,"Akt,ATM,CASP9,CCAR2,CCND1,CCNE1,CDK2,CDKN1A,Creb,CTNNB1,EGFR,ENG,ERN1,FOXO1,GSK3B,HMGA1,IGF1R,IRF3,ITGA5,ITGB1,LCK,MAPK1,MAPK9,MMP2,MYC,NCL,NEDD9,NFE2L2,Notch,PDGFRA,PI3K (family),PRKAB1,PTEN,PTK2,RAC1,RHOA,SHC1,SMAD2,SMAD3,SREBF1,SREBF2,STAT1,STAT3,SYK,TP53,YAP1",3,Inhibited,-2.283,5.81e-17,0.0003,"ACSL3,ADAR,ADH5,AGO2,AK1,AKT2,ALDOA,ALOX5,APOC3,ARPC1B,BAG1,BAX,BCAT1,BCLAF1,BCOR,BID,BST2,BUB1B,BZW2,C11orf58,C3,C4A/C4B,CAP2,CASP1,CASP8,CD14,CD151,CDK1,CFI,CHD3,CNDP2,CNN3,COL3A1,COX4I1,COX5A,CS,CSRP1,CYP51A1,DAB2,DNAJC10,DNM1,DTYMK,ECM1,EDEM1,EEF1B2,EIF2B1,EIF4E,EIF4G1,EIF5,ENO1,ERBIN,ERLEC1,ERP29,EZH2,FAM3C,FBL,FBXO22,FCER1G,FDPS,FEN1,FKBP3,FLI1,FN1,FSCN1,FUBP1,G3BP1,G6PD,GABPA,GAPDH,GART,GBP2,GBP4,GCLC,GCLM,GLUD1,GNL3,GSK3A,GSK3B,GSPT1,GSTP1,H2AX,HMGB1,HMGB2,HNRNPA1,HNRNPA2B1,HNRNPH1,HSP90AA1,HSPA1A/HSPA1B,HSPA8,HSPD1,HSPH1,HTT,IDH1,IDI1,IGFBP2,IL1B,IL1RN,IPO7,IQGAP2,IREB2,IRF5,ISCU,ITIH2,JUN,KAT2B,KIFC1,LAP3,LASP1,LBR,LDHA,LEMD3,LGALS3,LMNA,LPL,MAD1L1,MAPK1,MARCKS,ME1,ME2,MECP2,METAP2,MKI67,MST1,MTA2,MVD,MX2,MYD88,NCAM1,NCOR2,NDUFB8,NIBAN2,NME1,NMI,NOP2,NOP56,NPC1,NQO1,NUP153,P2RX4,PARP12,PCYT1A,PDCD4,PDHX,PDIA3,PEA15,PFKP,PGD,PGK1,PHGDH,PKM,PLCG2,PPCS,PPIA,PPM1A,PPM1F,PPP1CA,PPP2CA,PPP2R1A,PPP3CA,PPP4C,PPP4R2,PRDX1,PREP,PREX1,PRKAR1A,PSAT1,PSIP1,PSMA4,PSMB3,PSMB5,PSME2,PTPN11,PTPN2,PTPN6,PXN,RALY,RBL2,RHOA,RHOC,RNASET2,RPL10,RPL27A,S100A11,S100A4,SAE1,SAMHD1,SDHB,SEC24D,SEL1L,SH3GLB1,SHC1,SLC9A3R1,SOD1,SON,SP100,SPC25,SRSF1,STMN1,STOM,SUMO1,SUMO2,SUMO3,SUN2,TAGLN2,TGM2,THBD,THBS1,TK1,TKT,TMED10,TOP2A,TOP2B,TPI1,TPX2,TUBA1C,TUBB,TUFM,TXN,TYMP,UBA2,UBE2I,UBE2L6,UGP2,UQCRC2,UQCRQ,UTP18,VPS29,WARS1,WAS,WRN,XPO1,YLPM1,YWHAH,ZNF318,ZYX",235 (46),45,2hr_PROT_causal_unique,True,
45,C1QBP,0.400,transcription regulator,"Akt,AKT1,C1QBP,CASP8,CASP9,CCND1,CCNE1,CDK1,CDK2,CEBPB,CHEK1,CHEK2,CTNNB1,DUSP1,EGFR,EGR1,ELK1,ERBB2,ERBB3,ERK,ERK1/2,ESR1,EZH2,FOXO1,GSK3B,HDAC6,HIF1A,IGF1R,INSR,IRF3,ITGB4,JAK2,JUN,MAP2K1,MAP2K1/2,MAP2K2,MAPK1,Mek,MTOR,MYC,NFkB (complex),NFKB1,NOS2,Notch,NR4A1,P38 MAPK,PARP1,PDGFRA,PGR,PI3K (family),PPARG,PRKAA1,RAC1,RB1,RELA,RUNX2,RXRA,SHC1,SMAD3,SP1,SREBF2,STAT3,TP53,TP63,YBX1",3,Inhibited,-2.665,6.38e-17,0.0243,"ABCE1,ACO1,ACSL3,ADAM10,ADAR,ADH5,AFP,AGO2,AK1,AKT1,AKT2,ALB,ALDOA,ALOX5,APOB,APOBEC3G,APOE,ARHGAP1,ARHGDIB,ARPC1B,ARPC5L,ARRB1,ASS1,ATG9A,ATXN10,B3GALT6,BAG1,BCAS3,BCAT1,BCLAF1,BCOR,BID,BPNT2,BUB1B,BZW2,C11orf58,CA2,CAPN2,CARS1,CASP4,CASP8,CAST,CBS/CBSL,CD151,CD46,CD70,CDC37,CDC42,CDKN2C,CEBPZ,CHD3,CHD7,CKAP4,COL3A1,COL6A3,COX4I1,COX5A,CP,CSE1L,CSTA,DAB2,DDX21,DNM1,DPYSL2,DR1,EED,EEF1B2,EFEMP1,EGLN1,EHD1,EIF1AX,EIF2B1,EIF4E,EIF4G1,EIF5,ENO3,ERBIN,ERP29,EZH2,EZR,FABP5,FAM3C,FBL,FBP1,FBXO22,FDPS,FDXR,FEN1,FHL1,FKBP3,FKBP5,FLI1,FSCN1,FUBP1,G3BP1,GBP1,GCLC,GCLM,GDF15,GLO1,GLUL,GNL3,GOT1,GPX4,GSK3A,GSK3B,GSPT1,GSR,GSS,GSTM3,GSTP1,H2AX,H2BC12,HGSNAT,HINT1,HMGB1,HMGB2,HNRNPA1,HNRNPA2B1,HNRNPD,HNRNPH1,HSP90AA1,HSPA1A/HSPA1B,HSPA8,HSPD1,HSPH1,HTT,HYOU1,IDH1,IGF2,IGFBP2,IGFBP3,IL1RAP,IL1RN,IQGAP2,IREB2,ISCU,ITGB2,ITIH2,ITPR1,JAK1,JMJD6,JUN,KAT2B,KIFC1,KRT10,KYNU,LAMB1,LAMP1,LAP3,LASP1,LBR,LDHA,LGALS1,LIG3,LIMS1,LUM,MAD1L1,MAPK1,MARCKS,MAT2A,MATK,MBD2,ME1,ME2,MECP2,METTL7A,MIF,MKI67,MKNK1,MST1,MTA2,MTHFD2,MX2,NAE1,NAMPT,NAT1,NCAM1,NCOR2,NDUFB8,NFKB1,NIBAN1,NIBAN2,NME1,NMI,NOLC1,NOP2,NOP56,NUCKS1,NUDCD2,NUP153,NVL,P2RX4,PAICS,PARP12,PCYT1A,PDHX,PDLIM1,PEA15,PELP1,PFDN1,PGK1,PGLS,PHGDH,PIK3CD,PKM,PLG,POLDIP2,POLR2A,POSTN,PPAT,PPIA,PPIF,PPM1A,PPP1CA,PPP2CA,PPP4C,PPP4R2,PREP,PREX1,PRKACB,PRKAR1A,PRMT1,PRPS1,PSIP1,PSMB3,PSME2,PTPN11,PTPN2,PTPN6,PTPRE,PXN,RAD23A,RALY,RASA1,RBL2,RBP4,RHOA,RPL10,RPL27A,S100A11,SAE1,SAMD9,SAR1A,SDHA,SDHB,SEL1L,SERPINB8,SET,SH3GLB1,SHBG,SIRT6,SLC9A3R1,SMAP2,SON,SP100,SPC25,SRSF1,STAT1,STK4,STMN1,STOM,STT3B,SUMO1,SUMO2,SUMO3,SUN1,SUN2,SYK,TACC1,TAGLN2,TALDO1,TAPBP,TDO2,TFAM,TFB2M,TGFBI,TGM2,THBS1,TLN1,TMED10,TMED9,TMSB10/TMSB4X,TMX3,TOP1,TOP2B,TPI1,TPX2,TRADD,TREM2,TUBA1C,TUFM,TYMP,UBA2,UBE2I,UBE2L6,UGDH,UQCRC2,UQCRQ,UTP18,VASP,VCL,WAS,WIPF1,WRN,XPC,YLPM1,YWHAH,ZEB2,ZNF318,ZYX",311 (65),64,2hr_PROT_causal_unique,True,
47,PRKCD,-1.050,kinase,"AHR,Akt,AKT1,Ap1,ATF1,ATF2,ATF6,CASP8,CCND1,CDK1,CEBPA,CEBPB,CTNNB1,DUSP1,EGFR,ERBB3,ERK,ESR1,FLI1,Gsk3,HDAC6,HIF1A,HNRNPA1,HSF1,IGF1R,INSR,IRAK1,ITGB4,JAK2,Jnk,JUN,KAT5,MAP2K1/2,MAPK8,MAPK9,MAPT,MCL1,Mek,MMP14,NCOA3,NFkB (complex),NR3C1,NR3C2,NR4A1,P38 MAPK,PARP1,PDGFRA,PGR,PI3K (family),Pkc(s),PPARG,PPARGC1A,PRKCD,RB1,RELA,RHOA,ROCK,RUNX2,SEPTIN9,SHC1,SP1,SREBF2,STAT1,STAT3,TCF7L2,TFEB,TP63",3,Inhibited,-3.196,8.13e-17,0.0049,"A2M,ABCE1,ACADM,ACTB,ADAM10,AFP,AGO2,AKR1B1,AKT1,ALDOA,ALOX5,APEX1,APOB,APOBEC3G,APOE,ARHGAP1,ARHGAP4,ARHGDIB,ARPC5L,ASNS,ASPH,ASS1,ATG7,ATG9A,ATXN10,BAX,BCAS3,BCLAF1,C11orf58,C4A/C4B,CAPN2,CARS1,CASP4,CBR1,CBS/CBSL,CD14,CD70,CDK1,CDKN2C,CEBPA,CEBPZ,CKAP4,CLCN7,COL1A1,COL1A2,COL3A1,CP,CPT1A,CPT2,CSE1L,CSTA,DAB2,DDX21,DNAJC3,DPYSL2,DR1,EED,EEF1A2,EEF1B2,EGLN1,EIF1AX,EIF4A2,EIF4E,EIF5,ENO1,ENO3,ERBIN,EZH2,EZR,FABP4,FABP5,FBP1,FDPS,FDXR,FHL1,FLI1,FSCN1,G3BP1,GABPA,GAPDH,GBP2,GBP4,GCLC,GCLM,GDF15,GLUL,GNS,GOT1,GPX4,GSR,GSS,GSTM3,H1-10,H2BC12,HINT1,HMGB2,HNRNPA1,HNRNPA2B1,HNRNPA3,HNRNPD,HNRNPH1,HSP90AB1,HSPA4,HSPB1,HSPE1,IDH1,IGFBP2,IGFBP3,IL1B,IL1RAP,IL1RN,ILK,ITGB2,ITIH2,ITPR1,JAK1,KAT2B,KDSR,KIFC1,KRT10,KYNU,LAMP1,LASP1,LDHA,LGALS1,LIMS1,LMNA,LPL,LRIF1,LSM2,LTF,LUM,MAPK7,MARCKS,MAT2A,MATK,MBD2,MBOAT7,METAP2,METTL7A,MIF,MMP2,MNDA,MPG,MRPL20,MRPS11,MTA2,MX2,NAE1,NAMPT,NASP,NAT1,NDRG1,NDUFB8,NEU1,NIBAN2,NNT,NOP16,NOP2,NOTCH1,NPC1,NQO1,NUCKS1,NUDCD2,NVL,PCNA,PCYT1A,PDCD4,PDIA3,PDIA4,PDLIM1,PDLIM7,PEA15,PELP1,PFDN1,PFKP,PGK1,PGLS,PIK3CD,PIP4P1,PKM,PLG,POSTN,PPAT,PPIA,PPIF,PPP1R3D,PPP3CA,PRDX2,PREX1,PRKAR1A,PRMT1,PSIP1,PSMB3,PSMB5,PSMB9,PTPN2,PTPRE,PXN,RAD23A,RAN,RANBP1,RANGAP1,RASA1,RBL2,RBP4,RHOC,RPA1,RPL10,RPL27A,S100A4,S100A8,S100A9,SAMD9,SAMHD1,SAR1A,SDHB,SERPINB1,SERPINB8,SERPINB9,SERPINF1,SET,SHBG,SHC1,SIRT6,SLC9A3R1,SMAP2,SMC1A,SP1,SP100,SPR,SREBF2,SSBP1,ST13,STAT3,STAT6,STIP1,STK4,SYK,TACC1,TALDO1,TAP1,TAPBP,TDO2,TFB2M,TGFBI,TGM2,TKT,TLN1,TMED10,TMSB10/TMSB4X,TOP1,TPI1,TPM1,TRADD,TRAF1,TREM2,TRIM21,TUBA1C,TUBB2A,TUFM,TYMP,UBE2I,UGDH,UQCRC2,VASP,VCL,VPS26A,VPS35,WARS1,WAS,WIPF1,XIRP1,YLPM1,YWHAZ",275 (67),64,2hr_PROT_causal_unique,True,
50,NRP1,0.272,transmembrane receptor,"Akt,AKT1,CASP8,CASP9,CCND1,CCNE1,CDK2,CEBPB,CHEK1,Creb,CTNNB1,DUSP1,EGFR,EGR1,ELK1,ERBB3,ERK,ERK1/2,ERN1,EZH2,GSK3B,HDAC6,HIF1A,IQGAP1,IRF3,ITGB4,JUN,KDR,MAP2K1/2,MAPK1,MET,MTOR,MTORC1,NFkB (complex),NOS2,Notch,NR4A1,NRP1,P38 MAPK,PARP1,PDGFRA,PGR,PI3K (family),PLAU,PPARG,PRKAA,PRKAB1,RAC1,RB1,RELA,RUNX2,RXRA,SHC1,SMAD2,SMAD3,SP1,SREBF2,STAT3,STK11,YBX1",3,Inhibited,-2.7460000000000004,1.04e-16,0.0015,"ACO1,ACTB,ADAM10,ADAR,AGO2,AKT1,AKT2,ALB,ALDOA,APOB,APOBEC3G,APOC3,APOE,ARHGDIB,ARRB1,ATXN10,BCLAF1,BST2,C11orf58,C3,CA2,CAPN2,CARS1,CASP1,CASP4,CBS/CBSL,CD70,CDC42,CEBPA,CKAP4,COL1A1,COL1A2,COL3A1,COX4I1,CPT2,CSE1L,DAB2,DDX21,DNAJC10,DPYSL2,DR1,EDEM1,EED,EEF1B2,EFEMP1,EGLN1,EHD1,EIF1AX,EIF4E,EIF4G1,EIF5,ENO1,ENO3,ERBIN,ERLEC1,ERP29,EZH2,EZR,FABP5,FBP1,FDPS,FDXR,FHL1,FKBP5,FLI1,FN1,FSCN1,G3BP1,GABPA,GAPDH,GBP1,GCLC,GCLM,GDF15,GLUL,GOT1,GPX4,GSPT1,GSR,GSS,GSTM3,GSTP1,H2AX,H2BC12,HINT1,HMGB2,HNRNPA1,HNRNPA2B1,HNRNPH1,HSPB1,HSPH1,IDH1,IGF2,IGFBP3,IL1B,ITGB2,ITIH2,ITPR1,JAK1,JMJD6,JUN,KAT2B,KIFC1,KRT10,KYNU,LAP3,LASP1,LDHA,LIMS1,LUM,MAP2K2,MARCKS,MAT2A,MATK,MBD2,MECP2,MIF,MKI67,MKNK1,MMP2,MTA2,MTHFD2,MX2,MYD88,NAE1,NAMPT,NAT1,NCAM1,NCOR2,NDRG1,NDUFB8,NFKB1,NIBAN1,NIBAN2,NMI,NOP2,NOTCH1,NPC1,NQO1,NUCKS1,NUDCD2,NVL,PARP12,PCYT1A,PDLIM1,PEA15,PELP1,PFDN1,PFKP,PGK1,PHGDH,PKM,PLG,POSTN,PPIA,PPIF,PPP3CA,PREX1,PRKAR1A,PRMT1,PSIP1,PSMB3,PSMB5,PSME2,PTPN2,PTPRE,PXN,RAD23A,RASA1,RBL2,RBP4,RPL10,RPL27A,S100A11,SAMHD1,SAR1A,SDHB,SERPINB8,SH3GLB1,SHBG,SIRT6,SLC9A3R1,SMAP2,SP1,SP100,SRSF1,STAT1,STK4,SUN2,SYK,TALDO1,TAPBP,TDO2,TGFBI,TGM2,THBD,THBS1,TK1,TLN1,TMED10,TMSB10/TMSB4X,TOP1,TPI1,TPM1,TRADD,TUBA1C,TUBB,TUFM,TYMP,UBE2I,UBE2L6,UGDH,UQCRC2,UTP18,VASP,VCL,VIM,WAS,XPC,YLPM1,ZEB2,ZNF318,ZYX",223 (60),59,2hr_PROT_causal_unique,True,
51,DAB2IP, ,other,"Akt,AR,BCL2,c-Src,CASP9,CCND1,CCNE1,CDK2,CEBPB,Creb,CTNNB1,DAB2IP,DUSP1,EGFR,ERBB2,ERK,FOXO1,FOXO3,GSK3B,IGF1R,IRF3,Jnk,MAP3K5,Mek,MMP14,MTOR,MYC,NOS2,Notch,NR4A1,P38 MAPK,PDGFRA,PHB2,PPARG,RB1,RELA,RPS6KA1,RPS6KB1,RUNX2,SHC1,SMAD3,SREBF2,STAT3,STAT6,TCF7L2,TP53,YAP1,YBX1",3,Activated,2.2359999999999998,1.35e-16,0.0012,"ABCE1,ACO1,ACSL3,ACTB,ACTR3,AGO2,AK1,AKT2,ALB,APOB,APOBEC3G,APOC3,ARHGDIB,ARPC1B,ASPH,ATG7,ATP2A2,B3GALT6,BAG1,BCAT1,BCLAF1,BCOR,BID,BPNT2,BUB1B,BZW2,C11orf58,CASP1,CAST,CD151,CD46,CD70,CDC37,CEBPZ,CHD3,CHD7,CKAP4,CLGN,COL1A1,COL3A1,COL6A3,COX4I1,COX5A,DAB2,DDX21,DEGS1,DNM1,DNM1L,DTYMK,EEF1B2,EFEMP1,EGLN1,EHD1,EIF2B1,EIF4E,EIF4G1,EIF5,ENO1,ENO3,ERBIN,EZH2,FABP4,FAM3C,FBL,FBP1,FBXO22,FDPS,FDXR,FKBP3,FKBP4,FKBP5,FLI1,FN1,FSCN1,FUBP1,G3BP1,GART,GDI1,GLO1,GSK3A,GSK3B,GSR,GSS,GSTP1,HGSNAT,HMGB1,HMGB2,HNRNPA1,HNRNPA2B1,HNRNPH1,HSP90AA1,HSPA1A/HSPA1B,HSPA8,HSPD1,HSPH1,HTT,HYOU1,IDH1,IGFBP2,IL1RN,IPO7,IQGAP2,IREB2,IRF5,ISCU,ITGB2,ITIH2,KAT2B,KIFC1,KRT10,LAMB1,LAMP1,LASP1,LBR,LDHA,LGALS3,LIG3,LMAN1,LUM,MAD1L1,MAPK1,MARCKS,ME1,ME2,MIF,MST1,MTA2,MX2,MYD88,NAP1L1,NCAM1,NCOR2,NDRG1,NDUFB8,NIBAN2,NME1,NNT,NOP2,NOP56,NOTCH1,NPC1,NUP153,P2RX4,P4HA1,PAICS,PCYT1A,PDCD4,PDHX,PDIA5,PEA15,PFKP,PGK1,PHGDH,POLDIP2,POLR2A,POSTN,PPAT,PPIA,PPM1A,PPP1CA,PPP2CA,PPP3CA,PPP4C,PPP4R2,PREP,PRKAR1A,PRMT1,PRPS1,PSIP1,PSMB3,PSMB5,PTPN11,PTPN2,PTPN6,RAD23A,RALY,RBL2,RBP4,RHOA,RPA1,RPL10,RPL27A,S100A11,S100A8,SAE1,SDHB,SEL1L,SH3GLB1,SHBG,SIRT6,SLC9A3R1,SMAP2,SOD1,SON,SP100,SPC25,SREBF2,SRSF1,STAT1,STAT3,STK4,STMN1,STOM,STT3B,SUMO1,SUMO2,SUMO3,SUN1,TAGLN2,TALDO1,TFB2M,THBD,THBS1,TIMP2,TLN1,TMED10,TMED9,TMX3,TOP1,TOP2A,TOP2B,TPI1,TPX2,TRADD,TRAF1,TREM2,TUBA1C,TUBB,TUFM,TXN,TYMP,UBA2,UBE2I,UGP2,UQCRC2,UQCRQ,VIM,WAS,WIPF1,WRN,XPC,XPO1,YLPM1,YWHAH,ZYX",245 (48),45,2hr_PROT_causal_unique,True,
57,HPSE, ,enzyme,"Akt,AKT1,CASP8,CASP9,CCND1,CCNE1,CDK2,CEBPA,CEBPB,CHEK1,Creb,CTNNB1,DUSP1,EGFR,EGR1,ELK1,ERBB3,ERK,ERK1/2,EZH2,FOXO1,GSK3B,HDAC6,HIF1A,HPSE,IRF3,ITGB4,JUN,MAP2K1/2,Mapk,MAPK1,MED1,MET,MMP2,MTOR,NFkB (complex),NOS2,Notch,NR4A1,P38 MAPK,PARP1,PDGFRA,PGR,PPARG,RAC1,RB1,RELA,RHOA,RUNX2,RXRA,SHC1,SMAD3,SP1,SREBF2,STAT3,YBX1",3,Inhibited,-3.3710000000000004,3.23e-16,0.0026,"A2M,ACO1,ACTB,ADAM10,ADAR,AGO2,AKR1B1,AKT1,AKT2,ALDOA,APOB,APOBEC3G,APOC3,APOE,ARHGDIB,ARRB1,ATXN10,BCLAF1,BST2,C11orf58,C3,CAPN2,CARS1,CASP1,CASP4,CBS/CBSL,CD70,CDK1,CDKN2C,CEBPA,CKAP4,COL1A1,COX4I1,CPT2,CSE1L,DAB2,DDX21,DPYSL2,DR1,DTYMK,EDF1,EED,EEF1A2,EEF1B2,EFEMP1,EGLN1,EIF1AX,EIF4E,EIF4G1,EIF5,ENO1,ENO3,ERBIN,ERP29,EZH2,EZR,FABP5,FBP1,FDPS,FDXR,FHL1,FKBP5,FLI1,FN1,FSCN1,G3BP1,GAPDH,GBP1,GCLC,GCLM,GDF15,GLUL,GOT1,GPX4,GSPT1,GSR,GSS,GSTM3,GSTP1,H1-10,H2AX,H2BC12,HINT1,HMGB2,HNRNPA1,HNRNPA2B1,HNRNPH1,HSPB1,HSPH1,HYOU1,IDH1,IGF2,IGFBP3,IGLL1/IGLL5,IL1B,IL1RN,IRF8,ITGB2,ITIH2,ITPR1,JAK1,JMJD6,JUN,KAT2B,KIFC1,KRT10,KYNU,LAP3,LASP1,LBR,LDHA,LIMS1,LTF,LUM,MAD1L1,MAP2K2,MARCKS,MAT2A,MATK,MBD2,MECP2,MIF,MKI67,MKNK1,MMP2,MTA2,MTHFD2,MX2,MYD88,NAE1,NAMPT,NAT1,NCAM1,NCOR2,NDRG1,NDUFB8,NFKB1,NIBAN1,NIBAN2,NMI,NOP2,NOTCH1,NPC1,NQO1,NUCKS1,NUDCD2,NVL,PARP12,PCYT1A,PDLIM1,PEA15,PELP1,PFDN1,PFKP,PGK1,PHGDH,PKM,PLG,POSTN,PPIA,PPIF,PPP2R1A,PPP3CA,PPP3CB,PRKAR1A,PRMT1,PSIP1,PSMB3,PSMB5,PSMB9,PSME2,PTPN2,PTPRE,PXN,RABGAP1L,RAD23A,RASA1,RBL2,RBP4,RHOC,RPL10,RPL27A,S100A11,S100A9,SAMHD1,SAR1A,SDHB,SERPINB1,SERPINB8,SERPINF1,SH3GLB1,SHBG,SIRT6,SLC9A3R1,SMAP2,SP1,SP100,SPC25,SRSF1,STAT1,STK4,STMN1,SUN2,SYK,TALDO1,TAP1,TAPBP,TDO2,TGFBI,TGM2,THBS1,TK1,TLN1,TMED10,TMSB10/TMSB4X,TOP1,TOP2A,TPI1,TPM1,TRADD,TUBA1C,TUBB,TUBB2A,TUFM,TYMP,UBE2I,UBE2L6,UGDH,UQCRC2,UTP18,VASP,VCL,VIM,WAS,YLPM1,ZEB2,ZNF318,ZYX",238 (56),55,2hr_PROT_causal_unique,True,
61,POSTN,1.761,other,"Akt,AKT1,CASP8,CASP9,CCND1,CCNE1,CDK2,CEBPB,Creb,CTNNB1,DUSP1,EGFR,EGR1,ELK1,ERBB3,ERK,ERK1/2,EZH2,FOXO1,GSK3B,HDAC6,HIF1A,IGF1R,IRF3,IRF4,ITGB4,JUN,LCK,MAP2K1/2,Mapk,MAPK1,MET,MTOR,NFkB (complex),NOS2,Notch,NR4A1,P38 MAPK,PARP1,PDGFRA,PGR,PI3K (family),PI3K p85,POSTN,PPARG,PTEN,PTK2,RAC1,RB1,RELA,RUNX2,RXRA,SHC1,SMAD3,SP1,SREBF2,STAT3,YAP1,YBX1",3,Inhibited,-3.193,6.13e-16,0.0049,"ACO1,ACTB,ADAM10,ADAR,AGO2,AKT1,AKT2,ALB,ALDOA,APOB,APOBEC3G,APOC3,APOE,ARF4,ARHGDIB,ARRB1,ATXN10,BCLAF1,BST2,C11orf58,CA2,CAPN2,CARS1,CASP1,CASP4,CASP8,CBS/CBSL,CD70,CDC42,CDK1,CDKN2C,CEBPA,CKAP4,COL1A1,COL3A1,COX4I1,CPT2,CSE1L,DAB2,DDX21,DPYSL2,DR1,DTYMK,EED,EEF1B2,EFEMP1,EGLN1,EIF1AX,EIF4E,EIF4G1,EIF5,ENO1,ENO3,ERBIN,ERP29,EZH2,EZR,FABP5,FBP1,FDPS,FDXR,FHL1,FKBP5,FLI1,FSCN1,G3BP1,GAPDH,GBP1,GCLC,GCLM,GDF15,GLUL,GOT1,GPX4,GSPT1,GSR,GSS,GSTM3,GSTP1,H2AX,H2BC12,HINT1,HMGB2,HNRNPA1,HNRNPA2B1,HNRNPH1,HSPB1,HSPH1,HYOU1,IDH1,IGF2,IGFBP2,IGFBP3,IL1B,INPP5D,ITGB2,ITIH2,ITPR1,JAK1,JMJD6,JUN,KAT2B,KIFC1,KRT10,KYNU,LAP3,LASP1,LDHA,LIMS1,LUM,MANF,MAP2K2,MARCKS,MAT2A,MATK,MBD2,MECP2,MIF,MKI67,MKNK1,MMP2,MTA2,MTHFD2,MX2,MYD88,NAE1,NAMPT,NAT1,NCAM1,NCOR2,NDRG1,NDUFB8,NFKB1,NIBAN1,NIBAN2,NMI,NOP2,NOTCH1,NPC1,NUCKS1,NUDCD2,NVL,PARP12,PCNA,PCYT1A,PDLIM1,PEA15,PELP1,PFDN1,PFKP,PGK1,PHGDH,PKM,PLCG2,PLG,PPIA,PPIF,PPM1F,PPP3CA,PRKAR1A,PRMT1,PSIP1,PSMB3,PSMB5,PSME2,PTPN2,PTPRE,RAD23A,RASA1,RBL2,RBP4,RHOA,RPL10,RPL27A,S100A11,SAMHD1,SAR1A,SDHB,SERPINB8,SH3GLB1,SHBG,SIRT6,SLC9A3R1,SMAP2,SP1,SP100,SPC25,SRSF1,STAT1,STK4,STMN1,SUN2,SYK,TALDO1,TAPBP,TDO2,TGFBI,TGM2,THBD,THBS1,TLN1,TMED10,TMSB10/TMSB4X,TOP1,TOP2A,TPI1,TPM1,TRADD,TUBA1C,TUBB,TUFM,TYMP,UBE2I,UBE2L6,UGDH,UGP2,UQCRC2,UTP18,VASP,VCL,VIM,WAS,YLPM1,ZEB2,ZNF318,ZYX",226 (59),57,2hr_PROT_causal_unique,True,
66,PYCARD,-0.021,transcription regulator,"Akt,AKT1,CASP1,CCND1,CDK1,CDK2,CEBPA,EGFR,ELK1,ERK,estrogen receptor,FOXO3,GLI1,GSK3B,HIF1A,IGF1R,IKBKB,Jnk,MAP2K1,Mapk,MAPK9,Mek,NFkB (complex),NOTCH1,P38 MAPK,PRKAA,PRKAA1,PRKCE,PYCARD,RAC1,RELA,RXRA,STAT5a/b,TP53,TP73",3,Inhibited,-3.1210000000000004,1.0599999999999999e-15,0.0057,"A2M,ABCE1,ACO1,ACSL3,ACTB,ADAM10,ADGRE2,ADK,AGO2,AK1,AKR1B1,AKT1,AKT2,ALB,ALDOA,ALOX5,APOC3,APOE,ARHGDIB,ARPC1B,ARPC5,ATG7,BAX,BCLAF1,BID,BUB1B,C11orf58,C1QTNF3,C3,CA2,CAPG,CARS1,CASP1,CASP4,CASP8,CD46,CD70,CDC42,CDK1,CDK6,CDKN2C,CEBPZ,CHD3,CNTRL,COL3A1,COL9A2,COX4I1,CTCF,CTPS1,DDX21,DEGS1,DNM1,DR1,ECM1,EED,EEF1A2,EEF1B2,EFHD2,EGLN1,EGR2,EIF2B1,EIF4G1,EIF5,ELOB,ELOC,ENDOD1,ENO1,ERBIN,EZH2,FABP4,FABP5,FAM3C,FBXO22,FDXR,FEN1,FHL1,FKBP3,FN1,FSCN1,FUBP1,G3BP1,G6PD,GALNT2,GART,GBP1,GCLC,GCLM,GDF15,GNL3,GPA33,GSK3A,GSK3B,GSPT1,GSR,H1-0,H1-10,H2AX,H2BC12,HMGB1,HNRNPA1,HNRNPA2B1,HNRNPH1,HSP90AA1,HSPA1A/HSPA1B,HSPA8,HTT,HYOU1,IDH2,IDI1,IGFBP2,IGFBP3,IL1B,IL1RN,IPO7,IQGAP2,IQGAP3,IRAG2,IREB2,IRF5,ISCU,ITGB2,ITIH2,JMJD6,KYNU,LASP1,LBR,LCP2,LDHA,LEMD3,LGALS1,LGALS3,LIMS1,LPL,LTF,MAD1L1,MAP2K2,MAPK1,MARCKS,MAT2A,MBD2,ME1,ME2,METAP2,METTL7A,MIF,MSI2,MSN,MST1,MTA2,MTHFD2,NAE1,NAMPT,NCOR2,NDRG1,NDUFB8,NFKB1,NIBAN2,NIFK,NME1,NOLC1,NOP2,NOTCH1,NPEPL1,NQO1,NRGN,NUCKS1,NUDCD2,NUP153,OGFRL1,P2RX4,PCNA,PCYT1A,PDCD4,PDHX,PDIA3,PEA15,PELP1,PFKP,PHGDH,PIN1,PKM,PLG,POSTN,PPAT,PPIA,PPIF,PPM1A,PPP1CA,PPP2CA,PPP3CA,PPP4C,PPP4R2,PRKACB,PRKAR1A,PSMB3,PSMB5,PSMB9,PTPN11,PTPN2,PTPN6,PTPRE,PXN,QSOX1,RAD23A,RALY,RHOA,RPL10,RPS6KA1,RPS6KA3,S100A11,S100A4,S100A6,S100A9,SAR1A,SDHB,SEL1L,SERPINB1,SERPINF1,SFXN3,SH3GLB1,SIRT6,SMAP2,SOD1,SON,SP1,SPRY2,SRM,SRSF1,STIP1,STK4,STMN1,STOM,SUN2,TAGLN2,TALDO1,TAP1,TDO2,TFAM,TFB2M,TGM2,THBD,THBS1,TIMP2,TMED10,TMSB10/TMSB4X,TOP2A,TOP2B,TPI1,TPX2,TRADD,TRAF1,TREM2,TTC13,TUBA1C,TUBB,TUBB2A,TYMP,UBE2I,UGP2,UQCRC2,VCL,VMP1,XPC,XPO1,YLPM1,YWHAH,ZDHHC3",267 (35),34,2hr_PROT_causal_unique,True,
70,GZMB, ,peptidase,"AKT1,ATF2,ATF6,ATM,BCL2,CASP7,CASP8,CDK1,CDK2,CHEK1,CHEK2,Creb,DNA-PK,E2f,EGFR,ELF4,ERK1/2,FANCD2,FOXO3,GLI1,Gsk3,GSK3B,GZMB,IGF1R,IKBKB,Jnk,MAP2K1,MAPK1,MAPK14,MAPK9,MDM4,Mek,NOTCH1,P38 MAPK,PRKAA,PRKAA1,PRKCE,RAC1,RELA,SGK1,SMC3,TGFB1,TP53,TP73,TRIM28,ZEB1",3,Inhibited,-3.569,2.1399999999999997e-15,0.0062,"ABCE1,ACO1,ACSL3,ACTB,ADAR,ADGRE2,ADH5,ADK,AFP,AGO2,AK1,AKT1,ALB,APOBEC3G,ARHGDIB,ARPC1B,ARPC5,ARRB1,ASNS,ATG7,ATP2A2,BAX,BID,BST2,BUB1B,C1QTNF3,CA2,CASP1,CASP4,CASP8,CBX1,CD70,CDC42,CDK1,CDK6,CEBPA,CEBPZ,CHD3,CNTRL,COL1A2,COL6A3,COX4I1,CSE1L,CTPS1,DAB2,DDX21,DEGS1,DNM1,ECM1,EFEMP1,EFHD2,EHD1,EIF2B1,ELOB,ELOC,ENDOD1,ERP29,EZR,FABP4,FAM3C,FBXO22,FDPS,FDXR,FEN1,FHL1,FKBP3,FN1,FSCN1,FUBP1,G6PD,GALNT2,GAPDH,GART,GBP1,GCLC,GCLM,GDF15,GNL3,GPA33,GSK3A,GSK3B,GSPT1,GSR,GSS,H1-0,H2AX,HLA-DRB1,HMGB1,HNRNPA1,HNRNPA2B1,HNRNPH1,HSPA1A/HSPA1B,HSPA8,HSPB1,HTT,HYOU1,IDH2,IFI35,IGFBP2,IGFBP3,IL1B,IL1RN,ILK,IPO7,IQGAP2,IQGAP3,IREB2,ISCU,ITGB2,LAP3,LASP1,LBR,LDHA,LEMD3,LGALS1,LGALS3,LPL,MAD1L1,MANF,MAP2K2,MAPK1,MAPK3,MAPKAPK2,MAT2A,ME1,ME2,MECP2,METAP2,METTL7A,MIF,MKNK1,MMP2,MSI2,MST1,MT1G,MTA2,MX2,NCOR2,NDRG1,NDUFB8,NIBAN1,NME1,NMI,NOLC1,NOTCH1,NPEPL1,NRGN,NUP153,OGFRL1,P2RX4,P4HB,PARP12,PCNA,PDCD4,PDHX,PDIA3,PDIA4,PFDN1,PFKP,PHGDH,PIK3CD,PIN1,PKM,PLG,POSTN,PPAT,PPIA,PPIF,PPM1A,PPP1CA,PPP2CA,PPP3CA,PPP4C,PPP4R2,PRDX2,PRKACB,PRKAR1A,PSMB3,PSMB5,PSME2,PTPN11,PTPN2,PTPN6,PTPRE,QSOX1,RAD23A,RALY,RAN,RHOA,RPL27A,RPS6KA1,RPS6KA3,S100A11,S100A4,S100A6,S100A9,SAMHD1,SDHA,SDHB,SEL1L,SFXN3,SH3GLB1,SIRT6,SMAP2,SOD1,SON,SP1,SP100,SPRY2,SREBF2,SRM,SRSF1,SSBP1,STK4,STMN1,STOM,SUN2,TAF7,TAGLN2,TAP1,TAPBP,TF,TFAM,TFB2M,TGFBI,TGM2,THBD,THBS1,TIMP2,TMSB10/TMSB4X,TOP2A,TOP2B,TPM1,TPX2,TRADD,TRAF1,TREM2,TRIM21,TTC13,TUBB,TUFM,TYMP,UBE2I,UBE2L6,UQCRC2,UTP18,VKORC1L1,VMP1,WIPF1,XPC,XPO1,YWHAH,ZDHHC3,ZNF318,ZYX",255 (46),44,2hr_PROT_causal_unique,True,
74,CAB39L, ,kinase,"AMPK,CAB39L,CSF1R,EGFR,ERBB2,ERK1/2,FLT3,FOXO1,HSF1,IGF1R,INSR,MET,MTORC1,NR3C1,PPARGC1A,PRKAA,RHOA,ROR2,STK11,TP53,YAP1",3,Activated,3.695,2.93e-15,0.0005,"ACADM,ACO1,ACO2,ACSL3,ACTB,AFP,AGO2,AK1,ARPC1B,ATG7,ATP5F1E,B3GALT6,BID,BPNT2,BST2,BUB1B,C3,CASP1,CASP4,CASP8,CBR1,CDC37,CDC42,CDK6,CEBPA,CHD3,CHD7,COL1A1,COL6A3,COX17,COX4I1,COX5B,COX6C,DNM1,DTYMK,ECM1,EFEMP1,EGR2,EHD1,EIF2B1,EIF4A2,EZR,FABP4,FAM3C,FBLN1,FBXO22,FDXR,FEN1,FKBP3,FKBP4,FKBP5,FN1,FSCN1,FUBP1,GABPA,GART,GDF15,GLO1,GNL3,GSK3A,GSK3B,H2AX,HGSNAT,HMGB1,HNRNPA1,HNRNPA2B1,HNRNPA3,HNRNPH1,HSP90AA1,HSP90AB1,HSPA1A/HSPA1B,HSPA4,HSPA8,HSPB1,HSPE1,HSPH1,HTT,HYOU1,IGFBP2,IL1RN,IPO7,IREB2,ISCU,JMJD6,JUN,LAMB1,LAMP1,LBR,LEMD3,LGALS3,LIG3,LRIF1,LSM2,MAD1L1,MAP2K2,MAPK1,MAPK7,MAT2A,MBOAT7,ME1,ME2,MKNK1,MST1,MTA2,NASP,NCF1,NCOR2,NDRG1,NDUFB10,NDUFB11,NDUFB8,NDUFB9,NDUFS4,NDUFV2,NME1,NOLC1,NPC1,NUP153,P2RX4,PAICS,PCNA,PDHX,PFKP,PGK1,PHGDH,PIK3CD,PKM,POLDIP2,POLR2A,POSTN,PPAT,PPIA,PPM1A,PPP1CA,PPP2CA,PPP3CA,PPP4C,PPP4R2,PRKAR1A,PRPS1,PSMB3,PSMB5,PSMB9,PTPN11,PTPN6,PTPRE,RAD23A,RALY,RANBP1,RANGAP1,RHOA,RHOC,RPA1,S100A4,SDHA,SEL1L,SERPINB9,SHC1,SIRT6,SMC1A,SOD1,SON,SPC25,SPR,SPRY2,SRSF1,SSBP1,ST13,STAT6,STIP1,STMN1,STOM,STT3B,SUN1,TAGLN2,TAP1,TAPBP,TFAM,TGM2,TK1,TMED9,TMSB10/TMSB4X,TMX3,TOP1,TOP2A,TOP2B,TPM1,TPX2,TRAF1,TUBB,UGP2,UQCRB,UQCRQ,VIM,XPC,XPO1,YWHAH,ZEB2",198 (21),21,2hr_PROT_causal_unique,True,True
75,Mapk, ,group,"Akt,AKT1,BID,calpain,CASP8,CASP9,CCND1,CCNE1,CEBPB,CHUK,Creb,CREB1,CTNNB1,DUSP1,E2f,EGFR,EGR1,ELK1,ERBB3,ERK,EZH2,FLNA,FOXO1,GSK3B,HDAC6,HIF1A,IRF3,ITGB4,JUN,MAP2K1/2,Mapk,MAPK1,MTOR,NOS2,Notch,NR4A1,PARP1,PDGFRA,PGR,PPARG,PRKAA,RAC1,RAS,RB1,RELA,RUNX2,RXRA,SHC1,SMAD3,SP1,SREBF2,STAT3,STAT5a/b,YBX1",3,Inhibited,-2.96,2.94e-15,0.0024,"ACO1,ACTB,ADAM10,ADAR,AGO2,AKT1,AKT2,ALB,ALDOA,APOB,APOBEC3G,APOC3,APOE,ARHGDIB,ATXN10,BCLAF1,BST2,C11orf58,CA2,CAPN2,CARS1,CASP1,CASP4,CBS/CBSL,CDK6,CDKN2C,CKAP4,COL1A1,COL3A1,COX4I1,CPT2,CSE1L,DAB2,DDX21,DPYSL2,DR1,EED,EEF1B2,EFEMP1,EGLN1,EHD1,EIF1AX,EIF4E,EIF4G1,EIF5,ENO1,ENO3,ERBIN,ERP29,EZH2,FBP1,FDPS,FHL1,FKBP5,FLI1,FSCN1,G3BP1,GAPDH,GBP1,GCLC,GCLM,GDF15,GLUL,GOT1,GPX4,GSPT1,GSR,GSS,GSTM3,GSTP1,H2BC12,HINT1,HMGB2,HNRNPA1,HNRNPA2B1,HNRNPH1,HSPB1,HSPH1,HYOU1,IDH1,IDI1,IGF2,IGFBP3,IL1B,IRAG2,ITGB2,ITIH2,ITPR1,JAK1,JMJD6,JUN,KAT2B,KIFC1,KRT10,LAP3,LASP1,LCP2,LDHA,LIMS1,LUM,MARCKS,MATK,MBD2,MECP2,MKI67,MMP2,MTA2,MTHFD2,MX2,MYD88,NAE1,NAT1,NCAM1,NDRG1,NDUFB8,NFKB1,NIBAN1,NIBAN2,NIFK,NMI,NOP2,NOTCH1,NPC1,NQO1,NUCKS1,NUDCD2,NVL,PARP12,PCNA,PCYT1A,PDLIM1,PEA15,PELP1,PFDN1,PFKP,PGK1,PHGDH,PKM,PLG,POSTN,PPIA,PPIF,PPP3CA,PRKAR1A,PRMT1,PSIP1,PSMB3,PSMB5,PSMB9,PSME2,PTPN2,PTPRE,RAD23A,RASA1,RBL2,RBP4,RPL10,RPL27A,S100A11,SAMHD1,SDHB,SERPINB8,SH3GLB1,SHBG,SIRT6,SLC9A3R1,SMAP2,SOD1,SP1,SP100,SPC25,SRSF1,STAT1,STIP1,STK4,STMN1,SUN2,SYK,TALDO1,TGFBI,TGM2,THBD,THBS1,TK1,TLN1,TMED10,TMSB10/TMSB4X,TOP1,TOP2A,TPI1,TPM1,TUBA1C,TUBB,TUFM,TYMP,UBE2I,UBE2L6,UGDH,UGP2,UQCRC2,UTP18,VASP,VCL,VIM,VKORC1L1,WAS,XPC,YLPM1,ZEB2,ZNF318,ZYX",211 (54),51,2hr_PROT_causal_unique,True,
78,SFTPD, ,other,"Akt,AKT1,CASP8,CASP9,CCND1,CDK2,CEBPA,CEBPB,Creb,CTNNB1,DUSP1,EGFR,EGR1,ELK1,ERBB3,ERK,ERK1/2,estrogen receptor,EZH2,FOXO1,GSK3B,HDAC6,HIF1A,IKBKB,IRF3,ITGB4,JUN,MAP2K1/2,Mapk,MAPK1,MET,MTOR,NFkB (complex),NOS2,Notch,NR4A1,P38 MAPK,PARP1,PDGFRA,PGR,PPARG,RAC1,RB1,RELA,RHOA,RUNX2,RXRA,SFTPD,SHC1,SMAD3,SP1,SREBF2,STAT3,YBX1",3,Activated,3.053,3.4799999999999997e-15,0.009,"A2M,ACO1,ACTB,ADAM10,ADAR,AGO2,AKR1B1,AKT1,ALDOA,APOB,APOBEC3G,APOC3,APOE,ARHGDIB,ARRB1,ATXN10,BCLAF1,BST2,C11orf58,C3,CAPG,CAPN2,CARS1,CASP1,CASP4,CBS/CBSL,CD70,CDK1,CDKN2C,CEBPA,CKAP4,COL1A1,COL3A1,COL9A2,COX4I1,CPT2,CSE1L,CTCF,DAB2,DDX21,DPYSL2,DR1,EED,EEF1A2,EEF1B2,EFEMP1,EGLN1,EHD1,EIF1AX,EIF4E,EIF4G1,EIF5,ENO1,ENO3,ERBIN,ERP29,EZH2,EZR,FABP5,FBP1,FDPS,FDXR,FHL1,FKBP5,FLI1,FSCN1,G3BP1,GAPDH,GBP1,GCLC,GCLM,GDF15,GLUL,GOT1,GPX4,GSPT1,GSR,GSS,GSTM3,GSTP1,H1-10,H2AX,H2BC12,HINT1,HMGB2,HNRNPA1,HNRNPA2B1,HNRNPH1,HSP90AA1,HSPA1A/HSPA1B,HSPB1,HSPH1,HYOU1,IDH1,IGF2,IGFBP3,IL1B,IL1RN,ITGB2,ITIH2,ITPR1,JAK1,JMJD6,JUN,KAT2B,KIFC1,KRT10,KYNU,LAP3,LASP1,LDHA,LIMS1,LTF,LUM,MAP2K2,MARCKS,MAT2A,MATK,MBD2,MECP2,MIF,MKI67,MKNK1,MMP2,MSN,MTA2,MTHFD2,MX2,MYD88,NAE1,NAMPT,NAT1,NCAM1,NCOR2,NDRG1,NDUFB8,NFKB1,NIBAN1,NIBAN2,NMI,NOP2,NOTCH1,NPC1,NQO1,NUCKS1,NUDCD2,NVL,PARP12,PCNA,PCYT1A,PDLIM1,PEA15,PELP1,PFDN1,PFKP,PGK1,PHGDH,PKM,PLG,POSTN,PPIA,PPIF,PPP3CA,PRKAR1A,PRMT1,PSIP1,PSMB3,PSMB5,PSMB9,PSME2,PTPN2,PTPRE,PXN,RAD23A,RASA1,RBL2,RBP4,RHOC,RPL10,RPL27A,S100A11,S100A9,SAMHD1,SAR1A,SDHB,SERPINB1,SERPINB8,SERPINF1,SH3GLB1,SHBG,SIRT6,SLC9A3R1,SMAP2,SP1,SP100,SPC25,SRSF1,STAT1,STK4,STMN1,SUN2,SYK,TALDO1,TAP1,TAPBP,TDO2,TGFBI,TGM2,THBS1,TIMP2,TK1,TLN1,TMED10,TMSB10/TMSB4X,TOP1,TOP2A,TPI1,TPM1,TRADD,TUBA1C,TUBB,TUBB2A,TUFM,TYMP,UBE2I,UBE2L6,UGDH,UQCRC2,UTP18,VASP,VCL,VIM,WAS,YLPM1,ZEB2,ZNF318,ZYX",237 (54),53,2hr_PROT_causal_unique,True,
87,DNAJA3,0.887,other,"26s Proteasome,Akt,AR,ATR,CASP8,CASP9,caspase,CCND1,CDK2,CEBPB,CHEK1,CTNNB1,DNAJA3,DUSP1,EGFR,EGR1,ELK1,ERBB3,ERK,ERK1/2,EZH2,FOXO1,G6PD,HDAC6,HIF1A,Hsp27,IQGAP1,IRF3,ITGB4,JUN,MAP2K1/2,MET,MTOR,Notch,NOX4,NR4A1,PDGFRA,PGR,PI3K (family),PPARG,RAC1,RB1,RELA,ROR1,RUNX2,RXRA,SHC1,SMAD3,SP1,SREBF2,STAT3,TP53,TP63,YBX1",3,Activated,2.747,7.85e-15,0.013,"ACSL3,ACTB,ACTR3,ADAM10,ADRM1,AGO2,AK1,ALB,ALDOA,APOB,APOBEC3G,APOE,ARHGDIB,ARPC1B,ARRB1,ATG9A,BCLAF1,BID,C11orf58,CA2,CAPN2,CARS1,CASP1,CASP4,CASP8,CBS/CBSL,CD14,CD46,CDC42,CDKN2C,CHD3,CKAP4,CLCN7,CLGN,COL1A1,COL3A1,CPT2,CS,CSE1L,CSTA,DAB2,DDX21,DEGS1,DNM1,DNM1L,DPYSL2,DR1,ECM1,EED,EEF1B2,EFEMP1,EGLN1,EIF1AX,EIF2B1,EIF4E,EIF4G1,EIF5,ENO1,ENO3,ERBIN,EZH2,EZR,FAM3C,FBP1,FBXO22,FEN1,FHL1,FKBP3,FKBP4,FKBP5,FLI1,FN1,FSCN1,FUBP1,G3BP1,GAPDH,GART,GBP1,GDF15,GDI1,GLUL,GNL3,GOT1,GPX4,GSK3A,GSK3B,GSPT1,GSR,GSS,GSTM3,GSTP1,H2BC12,HINT1,HMGB1,HNRNPA1,HNRNPA2B1,HNRNPH1,HSPA1A/HSPA1B,HSPA8,HSPB1,HSPH1,HTT,HYOU1,IDH1,IGF2,IGFBP2,IGFBP3,IL1RAP,IL1RN,IPO7,IREB2,ISCU,ITGB2,ITIH2,JAK1,JMJD6,JUN,KAT2B,KIFC1,LAMP1,LASP1,LBR,LDHA,LGALS3,LIMS1,LMAN1,LUM,MAD1L1,MAP2K2,MAPK1,MARCKS,MAT2A,MATK,MBD2,ME1,ME2,MKNK1,MST1,MTA2,MTHFD2,MYD88,NAE1,NAMPT,NAP1L1,NCAM1,NCF2,NCOR2,NDRG1,NDUFB8,NIBAN1,NIBAN2,NME1,NOLC1,NOP2,NOTCH1,NPC1,NUCKS1,NUDCD2,NUP153,P2RX4,P4HA1,PCNA,PCYT1A,PDHX,PDIA5,PDLIM1,PEA15,PELP1,PFKP,PGK1,PKM,PLG,POSTN,PPIA,PPIF,PPM1A,PPP1CA,PPP2CA,PPP3CA,PPP4C,PPP4R2,PREX1,PRKAR1A,PRMT1,PSIP1,PSMB3,PSMB5,PTPN11,PTPN2,PTPN6,PTPRE,RALY,RASA1,RBL2,RBP4,RHOA,RPA1,RPL10,RPL27A,S100A11,SDHB,SEL1L,SERPINB8,SHBG,SIRT6,SLC9A3R1,SMAP2,SON,SPC25,SRSF1,STAT3,STK4,STOM,SYK,TAGLN2,TALDO1,TAPBP,TGFBI,TGM2,THBD,THBS1,TIMP2,TK1,TLN1,TMED10,TOP1,TOP2B,TPI1,TPM1,TUBA1C,TUBB,TUFM,TYMP,UGDH,UQCRC2,VASP,VCL,WAS,WIPF1,XPC,XPO1,YLPM1,YWHAH,ZEB2,ZYX",245 (54),52,2hr_PROT_causal_unique,True,
89,CDH13, ,other,"Akt,AKT1,ATF2,CASP9,CDH13,CDK1,CHEK1,CHEK2,EGFR,ERBB2,ERBB3,ERK,ERK1/2,ESR1,EZH2,FANCD2,FOXO1,FOXO3,GSK3B,HDAC6,HIF1A,IGF1R,IRF3,ITGB4,JAK2,MAP2K1,MAP2K1/2,MAP2K2,Mapk,MAPK1,MAPK3,Mek,NR4A1,P38 MAPK,PARP1,PDGFRA,PGR,PHB2,PI3K (family),PRKAA1,RAC1,RHOA,SHC1,SMAD3,SREBF2,TFEB,TP53,YBX1",3,Activated,2.424,9.84e-15,0.0078,"ABCE1,ACO1,ACSL3,ADAM10,ADAR,ADH5,AGO2,AK1,AKT1,ALDOA,ALOX5,APOC3,APOE,ARHGAP1,ARPC1B,ARPC5L,ARRB1,ASNS,ASS1,ATXN10,B3GALT6,BAX,BCAS3,BID,BPNT2,BST2,BUB1B,CA2,CAPN2,CARS1,CASP8,CD70,CDC37,CDC42,CDK6,CDKN2C,CEBPZ,CHD3,CHD7,CKAP4,CLCN7,COL3A1,COL6A3,CP,CPT2,DAB2,DDX21,DNM1,DPYSL2,DR1,EED,EFEMP1,EHD1,EIF1AX,EIF2B1,ENO1,ENO3,ERP29,EZH2,EZR,FABP4,FAM3C,FBP1,FBXO22,FDXR,FEN1,FHL1,FKBP3,FKBP5,FLI1,FUBP1,GAPDH,GBP1,GCLC,GCLM,GLO1,GLUL,GNL3,GNS,GPX4,GSK3A,GSK3B,GSPT1,GSR,GSS,GSTM3,GSTP1,H2AX,H2BC12,HGSNAT,HMGB1,HMGB2,HNRNPA1,HNRNPA2B1,HNRNPD,HNRNPH1,HSPA1A/HSPA1B,HSPA8,HTT,HYOU1,IDH1,IGFBP2,IGFBP3,IL1RN,IREB2,IRF5,ISCU,ITPR1,JAK1,JMJD6,JUN,LAMB1,LAMP1,LAP3,LBR,LEMD3,LGALS1,LIG3,LIMS1,MAD1L1,MAPK1,MATK,MBD2,ME1,ME2,MECP2,METTL7A,MIF,MKI67,MMP2,MST1,MTA2,NAE1,NAT1,NCAM1,NEU1,NIBAN1,NME1,NMI,NOTCH1,NUCKS1,NUDCD2,NUP153,NVL,P2RX4,PAICS,PARP12,PDHX,PDLIM1,PEA15,PELP1,PFDN1,PGLS,PHGDH,PIK3CD,PIP4P1,PKM,PLG,POLDIP2,POLR2A,POSTN,PPAT,PPIA,PPIF,PPM1A,PPP1CA,PPP2CA,PPP4C,PPP4R2,PREX1,PRKACB,PRKAR1A,PRPS1,PSMB3,PSMB5,PSME2,PTPN11,PTPN6,PTPRE,RALY,RHOA,RHOC,RPA1,S100A4,S100A8,SAMD9,SDHA,SEL1L,SERPINB8,SET,SH3GLB1,SIRT6,SOD1,SON,SPC25,SPRY2,SRSF1,STMN1,STOM,STT3B,SUN1,SUN2,TACC1,TAGLN2,TAPBP,TFAM,TFB2M,TGFBI,TGM2,THBD,TMED10,TMED9,TMX3,TOP1,TOP2B,TPM1,TPX2,TRADD,TREM2,TUBB,TXN,UBE2L6,UTP18,VASP,VCL,VIM,VPS26A,VPS35,XPC,YWHAH,ZEB2,ZNF318,ZYX",233 (48),47,2hr_PROT_causal_unique,True,
90,GPNMB,0.207,enzyme,"c-Src,CASP8,CASP9,CCND1,CCNE1,CDK2,CDKN1A,CEBPB,Creb,DUSP1,EGFR,ELK1,ERBB2,ERK,ERK1/2,GPNMB,GSK3B,HIF1A,IGF1R,KDR,LCK,MET,MMP2,NFkB (complex),NOS2,Notch,PPARG,PTEN,PTK2,RAC1,RB1,RELA,RHOA,RPS6KB1,RUNX2,RXRA,STAT1,STAT3,TP53,YAP1",3,Inhibited,-3.255,1.08e-14,0.0074,"ACO1,ACSL3,ACTB,ADAM10,AGO2,AK1,AKT2,ALB,ALDOA,APOB,APOBEC3G,APOE,ARF4,ARHGDIB,ARPC1B,ARRB1,B3GALT6,BCLAF1,BID,BPNT2,BUB1B,C11orf58,C3,C4A/C4B,CARS1,CASP1,CASP8,CD14,CD46,CDC37,CDK1,CDK6,CEBPA,CHD3,CHD7,COL1A1,COL1A2,COL6A3,COX4I1,CSE1L,DNM1,DR1,DTYMK,ECM1,EED,EEF1B2,EGLN1,EHD1,EIF2B1,EIF4E,EIF4G1,EIF5,ENO1,ERBIN,EZR,FABP4,FABP5,FAM3C,FBXO22,FDXR,FEN1,FHL1,FKBP3,FN1,FSCN1,FUBP1,G3BP1,GAPDH,GART,GBP2,GBP4,GDF15,GLO1,GNL3,GSK3A,GSK3B,GSPT1,H2AX,H2BC12,HGSNAT,HMGB1,HNRNPA1,HNRNPA2B1,HNRNPH1,HSPA1A/HSPA1B,HSPA8,HSPB1,HTT,IFI35,IGFBP2,IGFBP3,IL1B,IL1RN,IPO7,IREB2,IRF5,ISCU,ITGB2,ITIH2,JMJD6,JUN,KAT2B,KRT10,KYNU,LAMB1,LAMP1,LASP1,LBR,LDHA,LEMD3,LGALS3,LIG3,LIMS1,LUM,MAD1L1,MAP2K2,MAPK1,MARCKS,MBD2,ME1,ME2,MIF,MKNK1,MMP2,MST1,MTA2,MTHFD2,NAE1,NAMPT,NCAM1,NCOR2,NDRG1,NFKB1,NIBAN2,NME1,NOLC1,NOP2,NOTCH1,NPC1,NQO1,NUCKS1,NUDCD2,NUP153,P2RX4,PAICS,PCNA,PCYT1A,PDHX,PELP1,PFKP,PGK1,PHGDH,PIK3CD,PKM,PLCG2,POLDIP2,POLR2A,POSTN,PPAT,PPIA,PPM1A,PPM1F,PPP1CA,PPP2CA,PPP2R1A,PPP3CA,PPP4C,PPP4R2,PREX1,PRKAR1A,PRMT1,PRPS1,PSIP1,PSMB3,PSMB5,PTPN11,PTPN2,PTPN6,PTPRE,RAD23A,RALY,RBP4,RHOA,RHOC,RPA1,RPL10,RPL27A,S100A11,S100A8,SAR1A,SEL1L,SH3GLB1,SHBG,SIRT6,SMAP2,SON,SREBF2,SRSF1,STAT1,STAT3,STK4,STMN1,STOM,STT3B,SUN1,TAGLN2,TALDO1,TAPBP,TDO2,TFAM,TGM2,THBD,THBS1,TK1,TLN1,TMED9,TMX3,TOP1,TOP2A,TOP2B,TPI1,TPX2,TRIM21,TUBA1C,TUBB,TUFM,TYMP,UGP2,VIM,WARS1,WAS,WIPF1,XPC,XPO1,YLPM1,YWHAH",236 (40),37,2hr_PROT_causal_unique,True,
92,FRS3, ,other,"AKT1,CCAR2,CTNNB1,EGFR,EGR1,ERBB3,ERK,ERK1/2,FOS,FRS3,GSK3B,HDAC6,HIF1A,HMGA1,IRF3,ITGB4,JUN,LRP6,MAP2K1/2,Mapk,MAPK1,Mek,MTORC1,NCL,NFkB (complex),P38 MAPK,PARP1,PDGFRB,PGR,PRKAA,PRKDC,RAC1,RB1,RHOA,SHC1,SMAD3,SP1,STAT3,TAB1,TCF7L2,TP53",3,Activated,2.434,1.23e-14,0.0085,"ABCE1,ACSL3,ACTB,ADAM10,ADAR,AGO2,AK1,AKT1,ALDOA,APOBEC3G,APOC3,APOE,ARPC1B,ARRB1,ASPH,ATXN10,BID,BST2,BUB1B,CAPN2,CARS1,CASP1,CASP8,CBS/CBSL,CD70,CDK6,CDKN2C,CEBPA,CEBPZ,CHD3,CKAP4,CNDP2,CNN3,COL1A2,CPT2,CTCF,DDX21,DNM1,DPYSL2,ECM1,EED,EGLN1,EGR2,EHD1,EIF1AX,EIF2B1,EIF4E,EIF4G1,ERP29,EZR,FABP4,FABP5,FAM3C,FBXO22,FEN1,FHL1,FKBP3,FLI1,FSCN1,FUBP1,GAPDH,GART,GBP1,GBP2,GCLC,GCLM,GLUL,GNL3,GOT1,GPX4,GSK3A,GSK3B,GSPT1,GSTM3,GSTP1,H2AX,H2BC12,HINT1,HMGB1,HMGB2,HNRNPA1,HNRNPA2B1,HNRNPH1,HSPA1A/HSPA1B,HSPA8,HSPB1,HTT,HYOU1,IDI1,IFI35,IGF2,IGFBP3,IL1B,IL1RN,IPO7,IREB2,IRF5,ISCU,ITPR1,JAK1,JMJD6,KAT2B,KIFC1,KRT10,KYNU,LAP3,LBR,LDHA,LGALS3,LIMS1,MAD1L1,MAP2K2,MAPK1,MAT2A,MATK,MBD2,ME1,ME2,MECP2,MIF,MKI67,MKNK1,MMP2,MST1,MTA2,MVD,MX2,MYD88,NAE1,NAMPT,NAT1,NDUFB8,NFKB1,NME1,NMI,NOLC1,NPC1,NQO1,NUCKS1,NUDCD2,NUP153,NVL,P2RX4,PARP12,PDCD4,PDHX,PDLIM1,PELP1,PFDN1,PFKP,PGK1,PKM,POSTN,PPAT,PPIA,PPIF,PPM1A,PPP1CA,PPP2CA,PPP3CA,PPP4C,PPP4R2,PRKAR1A,PSIP1,PSMB3,PSMB5,PSME2,PTPN11,PTPN2,PTPN6,PTPRE,PXN,RALY,RASA1,RBL2,RHOA,RHOC,RSAD2,S100A8,SAMHD1,SAR1A,SDHB,SEC24D,SEL1L,SERPINB8,SH3GLB1,SLC9A3R1,SOD1,SON,SP1,SP100,SPRY2,SRSF1,STK4,STOM,SUN2,SYK,TAGLN2,TAPBP,TDO2,TFAM,TFB2M,TGFBI,TGM2,THBD,TK1,TMSB10/TMSB4X,TOP2B,TPX2,TRADD,TRAF1,TREM2,TRIM21,TUBB,TXN,UBE2I,UBE2L6,UGDH,UQCRC2,UTP18,VASP,VCL,VIM,VPS29,WAS,XPC,XPO1,YWHAH,ZEB2,ZNF318,ZYX",231 (41),40,2hr_PROT_causal_unique,True,
95,SERPINE1, ,other,"AKT1,AMPK,ATM,CASP8,CASP9,CDK2,CEBPA,CHEK1,CTNNB1,EGFR,ELK1,ERBB2,ERK,ERK1/2,FOXO1,FOXO3,FOXO4,HIF1A,Hsp27,JUN,MAP3K7,MAPK1,MAPK14,MAPK8,MED1,Mek,MET,MMP1,MMP2,MTOR,MTORC1,NUAK1,P38 MAPK,PDGFRA,PLAT,PPARG,PRKAA1,PRKAB1,PRKCA,RELA,RHOA,SERPINE1,SMAD3,SP1,STAT3,TGFB1,TP53",3,Inhibited,-2.785,1.66e-14,0.0228,"A2M,ABCE1,ACO1,ACO2,ACSL3,ACTB,ADAM10,ADAR,ADH5,AFP,AGO2,AK1,AKR1B1,AKT1,ALB,ALDOA,ALOX5,APOC3,APOE,ARHGDIB,ARPC1B,ARRB1,ATG7,B3GALT6,BAX,BID,BPNT2,BST2,BUB1B,C3,CA2,CARS1,CASP4,CBS/CBSL,CD14,CD46,CD70,CDC37,CEBPA,CEBPZ,CHD3,CHD7,COL1A1,COL1A2,COL6A3,CSE1L,DAB2,DDX21,DNM1,DTYMK,ECM1,EDF1,EED,EEF1A2,EFEMP1,EGLN1,EGR2,EIF2B1,EIF4E,EIF4G1,ERP29,EZR,FAM3C,FBXO22,FDXR,FEN1,FHL1,FKBP3,FKBP5,FN1,FSCN1,FUBP1,GABPA,GAPDH,GBP2,GCLC,GCLM,GLO1,GNL3,GOT1,GSK3A,GSK3B,GSR,GSS,H1-10,H2AX,H2BC12,HGSNAT,HINT1,HMGB1,HNRNPA1,HNRNPA2B1,HNRNPH1,HSPA1A/HSPA1B,HSPA8,HSPB1,HSPH1,HTT,IFI35,IGFBP3,IGLL1/IGLL5,IL1B,ILK,IPO7,IREB2,IRF5,IRF8,ISCU,ITGB2,JMJD6,JUN,KAT2B,KIFC1,LAMB1,LAMP1,LAP3,LASP1,LEMD3,LGALS3,LIG3,LIMS1,LTF,MAP2K1,MAP2K2,MAPK1,MAPK3,MAPKAPK2,MAT2A,MBD2,ME1,ME2,MECP2,MIF,MKI67,MKNK1,MMP2,MST1,MTA2,MTHFD2,MX2,NAE1,NCAM1,NCF1,NCOR2,NDRG1,NDUFS4,NME1,NMI,NOLC1,NPC1,NQO1,NUCKS1,NUDCD2,NUP153,P2RX4,PAICS,PARP12,PDHX,PELP1,PFDN1,PFKP,PGK1,PHGDH,PIK3CD,PKM,PLG,POLDIP2,POLR2A,POSTN,PPAT,PPIA,PPM1A,PPP1CA,PPP2CA,PPP2R1A,PPP3CB,PPP4C,PPP4R2,PRKACB,PRKAR1A,PRPS1,PSIP1,PSMB3,PSMB5,PSMB9,PSME2,PTPN11,PTPN2,PTPN6,PTPRE,PXN,RABGAP1L,RAD23A,RALY,RASA1,RBP4,RHOC,RPA1,RSAD2,S100A4,S100A9,SAMHD1,SDHA,SEL1L,SERPINB1,SERPINF1,SHBG,SIRT6,SLC9A3R1,SMAP2,SOD1,SON,SP1,SP100,SPC25,SPRY2,SRSF1,STAT3,STK4,STMN1,STOM,STT3B,SUN1,SUN2,SYK,TAGLN2,TAP1,TAPBP,TFAM,TFB2M,TGFBI,TGM2,THBD,THBS1,TK1,TMED9,TMSB10/TMSB4X,TMX3,TOP1,TOP2B,TPM1,TPX2,TRADD,TREM2,TRIM21,TUBB,TUBB2A,TYMP,UBE2I,UBE2L6,UGDH,UTP18,VCL,VIM,WAS,XPC,XPO1,YWHAH,ZEB2,ZNF318,ZYX",261 (47),46,2hr_PROT_causal_unique,True,
97,WWOX, ,enzyme,"Ap1,ATF2,CASP8,CASP9,CCND1,CDK2,CEBPA,CEBPB,Creb,CTNNB1,DUSP1,EGR1,ELK1,ERBB2,ERBB4,ERK,ERK1/2,estrogen receptor,FANCD2,GSK3B,HIF1A,IGF1R,IKBKB,JAK2,JUN,MAPK1,MAPT,MYC,NFkB (complex),NOS2,Notch,P38 MAPK,PPARG,RUNX2,RXRA,STAT3,TFEB,WWOX",3,Activated,2.623,1.69e-14,0.0049,"A2M,ACO1,ADAM10,ADAR,AGO2,AKR1B1,AKT1,ALDOA,APOB,APOBEC3G,APOE,ARRB1,ASNS,B3GALT6,BAG1,BAX,BCAT1,BCLAF1,BCOR,BPNT2,BST2,BZW2,C11orf58,C3,CA2,CAPG,CARS1,CD151,CD46,CD70,CDC37,CDC42,CDK6,CEBPA,CHD7,CLCN7,COL1A1,COL1A2,COL6A3,COL9A2,COX4I1,COX5A,CSE1L,CTCF,DR1,EED,EEF1A2,EEF1B2,EHD1,EIF4E,EIF4G1,EIF5,ENO1,ERBIN,ERP29,EZR,FABP4,FABP5,FBL,FDXR,FHL1,FSCN1,G3BP1,GAPDH,GART,GDF15,GLO1,GNS,GOT1,H1-10,H2BC12,HGSNAT,HNRNPH1,HSP90AA1,HSPA1A/HSPA1B,HSPD1,HSPH1,IGF2,IGFBP2,IGFBP3,IL1B,IL1RN,IPO7,IQGAP2,IRF5,ITGB2,ITIH2,JMJD6,JUN,KAT2B,KIFC1,KRT10,KYNU,LAMB1,LAP3,LASP1,LDHA,LEMD3,LIG3,LIMS1,LTF,LUM,MAP2K2,MARCKS,MBD2,MECP2,MKI67,MKNK1,MMP2,MSN,MTHFD2,MX2,MYD88,NAE1,NAMPT,NCAM1,NCOR2,NDRG1,NEU1,NFKB1,NIBAN2,NMI,NOLC1,NOP2,NOP56,NOTCH1,NPC1,NUCKS1,NUDCD2,PAICS,PARP12,PCNA,PCYT1A,PDCD4,PELP1,PGK1,PIK3CD,PIP4P1,POLDIP2,POLR2A,POSTN,PPAT,PPP3CA,PREP,PRMT1,PRPS1,PSIP1,PSMB5,PSMB9,PSME2,PTPN2,PTPRE,PXN,RAD23A,RASA1,RBP4,RPA1,RPL10,RPL27A,RSAD2,S100A11,S100A4,S100A8,S100A9,SAE1,SAMHD1,SAR1A,SERPINB1,SERPINF1,SET,SH3GLB1,SHBG,SIRT6,SLC9A3R1,SOD1,SP100,SPRY2,SRSF1,STAT1,STAT3,STT3B,SUMO1,SUMO2,SUMO3,SUN1,SUN2,SYK,TALDO1,TAP1,TAPBP,TDO2,TGM2,THBS1,TIMP2,TK1,TLN1,TMED9,TMX3,TOP1,TOP2A,TPI1,TRADD,TUBA1C,TUBB,TUBB2A,TUFM,TYMP,UBA2,UBE2I,UBE2L6,UQCRQ,UTP18,VCL,VPS26A,VPS35,WAS,WRN,XPO1,YLPM1,ZEB2,ZNF318",221 (38),37,2hr_PROT_causal_unique,True,
98,HTRA1, ,peptidase,"Akt,AKT1,CASP8,CCND1,CREB1,CTNNB1,EGFR,EGR1,ELK1,ERBB3,ERK,ERK1/2,EZH2,FOXO1,FOXO3,GSK3B,HDAC6,HIF1A,HTRA1,IRF3,ITGB4,JUN,MAP2K1/2,Mapk,MAPK1,MAPK3,MET,MTOR,NFkB (complex),NR4A1,P38 MAPK,PARP1,PDGFRA,PGR,RAC1,RB1,RELA,RHOA,RXRA,SHC1,SMAD3,SP1,SREBF2,STAT1,STAT3,STAT5a/b,YBX1",3,Activated,3.555,1.74e-14,0.0096,"ACO1,ACTB,ADAM10,ADAR,AGO2,AKT1,ALDOA,APOBEC3G,APOC3,APOE,ARHGDIB,ARRB1,ATXN10,BCLAF1,BST2,C11orf58,C4A/C4B,CA2,CAPN2,CARS1,CASP1,CASP4,CBS/CBSL,CD14,CD70,CDK1,CEBPA,CKAP4,COL3A1,CPT2,CSE1L,DAB2,DDX21,DPYSL2,DR1,EED,EEF1B2,EFEMP1,EGLN1,EHD1,EIF1AX,EIF4E,EIF4G1,EIF5,ENO1,ENO3,ERBIN,ERP29,EZH2,EZR,FABP4,FABP5,FBP1,FDPS,FDXR,FHL1,FKBP5,FLI1,FSCN1,G3BP1,GAPDH,GBP1,GBP4,GCLC,GCLM,GLUL,GOT1,GPX4,GSPT1,GSR,GSS,GSTM3,GSTP1,H2AX,H2BC12,HINT1,HMGB2,HNRNPA1,HNRNPA2B1,HNRNPH1,HSPB1,HSPH1,HYOU1,IDH1,IDI1,IGF2,IGFBP3,IL1B,IRAG2,ITIH2,ITPR1,JAK1,JMJD6,JUN,KAT2B,KIFC1,KRT10,KYNU,LAP3,LASP1,LCP2,LDHA,LEMD3,LIMS1,MAP2K2,MARCKS,MAT2A,MATK,MBD2,MECP2,MIF,MKI67,MKNK1,MMP2,MTA2,MTHFD2,MX2,MYD88,NAE1,NAMPT,NAT1,NDUFB8,NFKB1,NIBAN1,NIBAN2,NIFK,NMI,NOP2,NOTCH1,NPC1,NQO1,NUCKS1,NUDCD2,NVL,PARP12,PCNA,PCYT1A,PDLIM1,PEA15,PELP1,PFDN1,PFKP,PGK1,PHGDH,PKM,PLG,POSTN,PPIA,PPIF,PPP3CA,PRKAR1A,PSIP1,PSMB3,PSMB5,PSME2,PTPN2,PTPRE,PXN,RAD23A,RASA1,RBL2,RHOC,RPL10,RPL27A,S100A4,S100A8,SAMHD1,SAR1A,SDHB,SERPINB8,SH3GLB1,SIRT6,SLC9A3R1,SMAP2,SOD1,SP1,SP100,SPC25,SRSF1,STIP1,STK4,STMN1,SUN2,SYK,TALDO1,TAPBP,TDO2,TGFBI,TGM2,TK1,TMED10,TMSB10/TMSB4X,TOP2A,TPI1,TRADD,TUBA1C,TUBB,TUFM,TYMP,UBE2I,UBE2L6,UGDH,UGP2,UQCRC2,UTP18,VASP,VCL,VIM,WARS1,WAS,YLPM1,ZEB2,ZNF318,ZYX",214 (47),46,2hr_PROT_causal_unique,True,
99,LCK, ,kinase,"AKT1,AMPK,Ap1,AR,BCL2L1,CASP8,CCND1,CD247,CD46,CDK2,CEBPA,CEBPB,CTNNB1,DUSP1,EGFR,ELK1,ERK,ERK1/2,estrogen receptor,FOXO1,GSK3B,HIF1A,IKBKB,Jnk,LAT,LCK,Mapk,MAPK14,MED1,MMP2,MTOR,MTORC1,NCL,Nfat (family),NFAT5,NFkB (complex),NOS2,Notch,P38 MAPK,PARP1,PECAM1,PLCG1,PPARG,PRKCQ,PRKCZ,PTPN6,RB1,RELA,RPS6KB1,RUNX2,RXRA,SHC1,SP1,STAT1,STAT5a/b,TERT,TP53,YAP1,ZAP70",3,Inhibited,-2.25,1.74e-14,0.0222,"A2M,ACO2,ACSL3,ACTR3,ADAM10,AGO2,AK1,AKR1B1,AKT1,ALDOA,APOB,APOBEC3G,APOC3,APOE,ARHGDIB,ARPC1B,ARRB1,ATG7,ATXN10,BAX,BCLAF1,BID,BUB1B,C11orf58,C4A/C4B,CA2,CAPG,CARS1,CAST,CBS/CBSL,CD14,CD70,CDK6,CDKN2C,CEBPA,CHD3,CKAP4,CLGN,COL1A1,COL1A2,COL3A1,COL9A2,COX4I1,CSE1L,CTCF,DAB2,DEGS1,DNM1,DNM1L,DR1,DTYMK,EDF1,EED,EEF1A2,EEF1B2,EFEMP1,EGLN1,EGR2,EIF2B1,EIF4E,EIF4G1,EIF5,ENO1,ERBIN,EZR,FABP5,FAM3C,FBXO22,FCER1G,FDXR,FHL1,FKBP3,FKBP4,FLI1,FN1,FUBP1,G3BP1,GAPDH,GART,GBP4,GCLC,GCLM,GDF15,GDI1,GNL3,GSK3A,GSK3B,GSTP1,H1-10,H2BC12,HINT1,HMGB1,HMGB2,HNRNPA1,HNRNPA2B1,HNRNPH1,HSP90AA1,HSPA1A/HSPA1B,HSPA8,HSPB1,HSPH1,HTT,HYOU1,IDI1,IGFBP3,IGLL1/IGLL5,IL1B,IPO7,IRAG2,IREB2,IRF5,IRF8,ISCU,ITGB2,ITIH2,ITPR1,JMJD6,JUN,KIFC1,KRT10,KYNU,LASP1,LCP2,LEMD3,LGALS3,LIMS1,LMAN1,LTF,LUM,MAP2K2,MAPK1,MARCKS,MAT2A,MBD2,ME1,ME2,MIF,MKNK1,MMP2,MSN,MST1,MTA2,MTHFD2,NAE1,NAMPT,NAP1L1,NAT1,NCF1,NCOR2,NDRG1,NFKB1,NIBAN2,NIFK,NME1,NOLC1,NOP2,NOTCH1,NPC1,NUCKS1,NUDCD2,NUDT1,NUP153,NVL,P2RX4,P4HA1,PCYT1A,PDCD4,PDHX,PDIA5,PELP1,PFDN1,PFKP,PHGDH,PKM,PLCG2,PLG,POSTN,PPIA,PPM1A,PPP1CA,PPP2CA,PPP2R1A,PPP3CB,PPP4C,PPP4R2,PRKAR1A,PRMT1,PSAT1,PSMB3,PTPN11,PTPN6,PTPRE,PXN,RABGAP1L,RAD23A,RALY,RBL2,RBP4,RPL10,RPL27A,S100A11,S100A4,S100A8,S100A9,SAR1A,SDHA,SEL1L,SERPINB1,SERPINF1,SH3GLB1,SHBG,SIRT6,SLC9A3R1,SMAP2,SOD1,SON,SP1,SPC25,SREBF2,SRSF1,STAT1,STAT3,STIP1,STK4,STMN1,STOM,TAGLN2,TALDO1,TAPBP,TDO2,TGM2,THBS1,TK1,TLN1,TMSB10/TMSB4X,TOP1,TOP2A,TOP2B,TPI1,TPM1,TPX2,TRADD,TUBA1C,TUBB2A,TUFM,TXN,TYMP,UGDH,UGP2,VCL,VIM,WARS1,XPC,XPO1,YLPM1,YWHAH",256 (59),53,2hr_PROT_causal_unique,True,
103,ROR1, ,kinase,"CASP8,CASP9,CCAR2,CCND1,CCNE1,CDK2,CEBPB,Creb,DUSP1,EGFR,ELK1,ERBB2,ERBB3,ERK,ERK1/2,FOXO1,GSK3B,HMGA1,IRF3,MAP2K1,MAPK1,MMP2,MTOR,MYC,NCL,NFkB (complex),NOS2,Notch,P38 MAPK,PDGFRA,PI3K (family),PPARG,Rac,RAC1,RELA,RHOA,ROR1,RUNX2,RXRA,SREBF1,SREBF2,STAT3,SYK,TP53,YBX1",3,Inhibited,-3.1010000000000004,2.14e-14,0.0214,"ACSL3,ACTB,ADAR,AGO2,AK1,AKT2,ALB,ALDOA,APOB,APOBEC3G,ARHGDIB,ARPC1B,ARRB1,ATG7,B3GALT6,BAG1,BCAT1,BCLAF1,BCOR,BID,BPNT2,BST2,BUB1B,BZW2,C11orf58,C3,CAP2,CASP1,CASP8,CD151,CD46,CD70,CDC37,CDC42,CDKN2C,CEBPA,CFI,CHD3,CHD7,CNDP2,CNN3,COL1A1,COL6A3,COX5A,CSE1L,CSRP1,CYP51A1,DAB2,DNM1,DR1,ECM1,EEF1B2,EFEMP1,EGLN1,EHD1,EIF2B1,EIF4E,EIF4G1,EIF5,ENO1,ERBIN,ERP29,EZR,FABP4,FABP5,FAM3C,FBL,FBXO22,FCER1G,FDPS,FDXR,FEN1,FKBP3,FN1,FSCN1,FUBP1,G3BP1,GART,GCLC,GCLM,GDF15,GLO1,GNL3,GSK3A,GSK3B,GSPT1,HGSNAT,HMGB1,HNRNPA1,HNRNPA2B1,HNRNPH1,HSP90AA1,HSPA1A/HSPA1B,HSPA8,HSPD1,HSPH1,HTT,HYOU1,IDH1,IDI1,IL1B,IL1RN,IPO7,IQGAP2,IREB2,IRF5,ISCU,ITGB2,ITIH2,JUN,KAT2B,KRT10,KYNU,LAMB1,LAMP1,LAP3,LASP1,LBR,LDHA,LGALS3,LIG3,LUM,MAD1L1,MAP2K2,MAPK1,MARCKS,MAT2A,ME1,ME2,MECP2,MIF,MKI67,MKNK1,MMP2,MST1,MTA2,MTHFD2,MVD,MX2,MYD88,NAMPT,NCAM1,NCOR2,NDRG1,NIBAN2,NME1,NMI,NOP2,NOP56,NQO1,NUP153,P2RX4,PAICS,PARP12,PCYT1A,PDCD4,PDHX,PFKP,PGK1,PHGDH,PIK3CD,PKM,PLCG2,POLDIP2,POLR2A,POSTN,PPAT,PPCS,PPIA,PPM1A,PPP1CA,PPP2CA,PPP2R1A,PPP3CA,PPP4C,PPP4R2,PREP,PREX1,PRKAR1A,PRMT1,PRPS1,PSIP1,PSMB3,PSMB5,PSME2,PTPN11,PTPN2,PTPN6,PXN,RAD23A,RALY,RBP4,RHOA,RHOC,RNASET2,RPA1,RPL10,RPL27A,S100A11,S100A8,SAE1,SAMHD1,SAR1A,SEC24D,SEL1L,SH3GLB1,SHBG,SIRT6,SMAP2,SON,SP100,SPC25,SRSF1,STAT1,STK4,STMN1,STOM,STT3B,SUMO1,SUMO2,SUMO3,SUN1,SUN2,TAGLN2,TALDO1,TAPBP,TDO2,TFAM,TGM2,THBD,THBS1,TK1,TLN1,TMED9,TMX3,TOP1,TOP2A,TOP2B,TPI1,TPX2,TRADD,TREM2,TUBA1C,TUBB,TUFM,TYMP,UBA2,UBE2I,UBE2L6,UQCRQ,UTP18,VIM,VPS29,WAS,WRN,XPC,XPO1,YLPM1,YWHAH,ZNF318",260 (45),44,2hr_PROT_causal_unique,True,
121,MCRS1, ,other,"Akt,AKT1,ATF2,ATM,ATR,CASP8,CHEK1,CHEK2,Creb,E2f,E2F3,ELF4,ERK1/2,FOXO3,GLB1,GLI1,GSK3B,IGF1R,IKBKB,Jnk,JUN,MAP2K1,MAPK1,MAPK9,MCRS1,MDM4,Mek,NCL,P38 MAPK,PI3K (complex),PRKAA,PRKAA1,PRKCE,RAC1,RB1,RELA,SMC3,TP53,TP73,TRIM28,XPA,ZEB1",3,Inhibited,-3.5,6.06e-14,0.0124,"ABCE1,ACO1,ACSL3,ACTB,ADAR,ADGRE2,ADH5,ADK,AK1,AKT1,ALOX5,APOBEC3G,ARHGDIB,ARPC1A,ARPC1B,ARPC5,ARRB1,ASNS,ATG7,BAX,BID,BST2,BUB1B,C1QTNF3,CA2,CASP1,CASP4,CASP8,CBX1,CD46,CD70,CDC42,CDK1,CDK6,CEBPA,CEBPZ,CHD3,CNTRL,COL1A2,COX4I1,CSE1L,CTNND1,CTPS1,DDX21,DEGS1,DNM1,ECM1,EFHD2,EGLN1,EHD1,EIF2B1,ELOB,ELOC,ENDOD1,ERP29,EZH2,EZR,FABP4,FAM3C,FBXO22,FDXR,FEN1,FHL1,FKBP3,FN1,FSCN1,FUBP1,G6PD,GALNT2,GAPDH,GART,GBP1,GCLC,GCLM,GDF15,GNL3,GOT1,GPA33,GSK3A,GSK3B,GSPT1,GSR,H1-0,H1-2,H2AX,H2BC11,HLA-DRB1,HMGB1,HMGB2,HSPA1A/HSPA1B,HSPA8,HSPB1,HSPD1,HTT,HYOU1,IDH2,IFI35,IGF2,IGFBP2,IGFBP3,IL1B,IL1RN,IPO7,IQGAP2,IQGAP3,IREB2,ISCU,JUN,KRT10,LAP3,LASP1,LBR,LDHA,LEMD3,LGALS1,LGALS3,LPL,MAD1L1,MANF,MAP2K2,MAPK1,MAT2A,ME1,ME2,MECP2,METAP2,METTL7A,MIF,MKNK1,MMP2,MSI2,MST1,MT1G,MX2,NDRG1,NDUFB8,NFKB1,NIBAN1,NME1,NMI,NOLC1,NOTCH1,NPEPL1,NQO1,NRGN,NUCKS1,NUP153,OGFRL1,P2RX4,P4HB,PARP12,PCNA,PDCD4,PDHX,PDIA3,PEA15,PFKP,PHGDH,PKM,PLG,PPAT,PPIF,PPM1A,PPP1CA,PPP2CA,PPP3CA,PPP4C,PPP4R2,PRKACB,PSME2,PTPN11,PTPN2,PTPN6,PTPRE,QSOX1,RAD23A,RALY,RASA1,RBL2,RHOA,RPL27A,RPS6KA1,RPS6KA3,S100A11,S100A4,S100A6,S100A8,S100A9,SAMHD1,SDHA,SDHB,SEL1L,SFXN3,SH3GLB1,SIRT6,SMAP2,SON,SP1,SP100,SPRY2,SRM,SSBP1,STK4,STMN1,STOM,SUN2,SYK,TAF7,TAGLN2,TAP1,TAPBP,TF,TFAM,TFB2M,TGFBI,TGM2,THBD,THBS1,TIMP2,TM9SF2,TMED10,TMPO,TMSB10/TMSB4X,TOP1,TOP2A,TOP2B,TPX2,TRADD,TRAF1,TREM2,TRIM21,TTC13,TUBB,TUFM,UBE2I,UBE2L6,UQCRC2,UTP18,VKORC1L1,VMP1,WIPF1,XPC,XPO1,YWHAH,ZDHHC3,ZEB2,ZNF318",247 (42),40,2hr_PROT_causal_unique,True,
124,EML4-ALK, ,fusion gene/product,"CASP8,CASP9,CCND1,CCNE1,CDK2,CDKN1A,CEBPB,DUSP1,ELK1,EML4-ALK,ERK,ERK1/2,HIF1A,JAK2,Mapk,MMP2,NFkB (complex),NOS2,Notch,P38 MAPK,PPARG,RAC1,RB1,RELA,RHOA,RPS6KB1,RUNX2,RXRA,STAT1,STAT3,STAT5a/b,STAT6,TP53,TP63",3,Inhibited,-2.685,8.12e-14,0.0149,"ACO1,ACSL3,ACTB,ADAM10,AK1,AKT2,ALB,ALDOA,APOB,APOBEC3G,APOC3,APOE,ARF1,ARHGDIB,ARPC1B,ARRB1,ATG9A,BAX,BCLAF1,BID,BST2,BUB1B,C11orf58,C3,C4A/C4B,CARS1,CASP1,CASP4,CASP8,CAST,CD14,CD46,CD70,CDC42,CDK1,CDK6,CDKN2C,CEBPA,CHD3,COL1A1,COL1A2,COL3A1,COX4I1,CPT2,CSE1L,CSTA,DNM1,DR1,ECM1,EED,EEF1B2,EGLN1,EGR2,EIF2B1,EIF4E,EIF4G1,EIF5,ENO1,ERBIN,EZR,FABP4,FABP5,FAM3C,FBXO22,FEN1,FHL1,FKBP3,FN1,FSCN1,FUBP1,G3BP1,GAPDH,GART,GBP1,GBP2,GBP4,GDF15,GNL3,GSK3A,GSK3B,GSPT1,H2BC12,HMGB1,HSPA1A/HSPA1B,HSPA8,HSPB1,HTT,IDI1,IFI35,IGFBP2,IGFBP3,IL1B,IL1RAP,IL1RN,IPO7,IRAG2,IREB2,IRF5,ISCU,ITGB2,ITIH2,JMJD6,JUN,KAT2B,KYNU,LASP1,LBR,LCP2,LDHA,LEMD3,LGALS3,LIMS1,LUM,MAD1L1,MAP2K2,MAPK1,MARCKS,MBD2,ME1,ME2,MIF,MKNK1,MMP2,MST1,MTHFD2,NAE1,NAMPT,NCAM1,NCOR2,NDRG1,NFKB1,NIBAN2,NIFK,NME1,NOLC1,NOP2,NOTCH1,NUCKS1,NUDCD2,NUP153,P2RX4,PCNA,PCYT1A,PDHX,PELP1,PFKP,PGK1,PHGDH,PKM,POSTN,PPM1A,PPP1CA,PPP2CA,PPP2R1A,PPP3CA,PPP4C,PPP4R2,PRMT1,PSIP1,PSMB5,PTPN11,PTPN2,PTPN6,PTPRE,PXN,RAD23A,RALY,RBP4,RHOC,RPA1,RPL10,RPL27A,RSU1,S100A11,S100A8,SAR1A,SEL1L,SET,SHBG,SIRT6,SMAP2,SOD1,SON,SP100,SREBF2,STAT3,STAT6,STIP1,STK4,STMN1,STOM,TAGLN2,TALDO1,TAP1,TAPBP,TDO2,TFAM,TGM2,THBD,THBS1,TLN1,TOP1,TOP2A,TOP2B,TPI1,TPM1,TPX2,TRADD,TRIM21,TUBA1C,TUBB,TUFM,TYMP,UGP2,VIM,WARS1,WAS,WIPF1,XPC,XPO1,YLPM1,YWHAH",222 (34),34,2hr_PROT_causal_unique,True,
125,FGFR2, ,kinase,"Akt,AKT1,Ap1,ATM,BRAF,CASP9,CDK2,CEBPA,CHEK2,CTNNB1,EGFR,EGR1,ELK1,ERBB2,ERBB3,ERK1/2,ESR1,FGFR2,GSK3B,HDAC6,HIF1A,ITGB4,Jnk,JUN,MAP2K1,Mapk,MAPK1,MED1,Mek,MTOR,NCOA3,NFkB (complex),P38 MAPK,PARP1,PDCD4,PGR,PI3K (family),RAC1,RB1,RELA,RHOA,RICTOR,SHC1,SMAD3,SP1,STAT1,STAT3,STAT5a/b,TERT,YBX1",3,Inhibited,-5.218,8.19e-14,0.0431,"A2M,ABCE1,ACO1,ACTB,ADAM10,ADAR,ADH5,AGO2,AKR1B1,AKT1,ALB,ALDOA,ALOX5,APOC3,APOE,ARF4,ARHGAP1,ARHGDIB,ARPC5L,ARRB1,ASS1,ATG7,ATXN10,B3GALT6,BAX,BCAS3,BPNT2,BST2,C3,C4A/C4B,CA2,CAPN2,CARS1,CASP1,CBS/CBSL,CD14,CD70,CDC37,CDC42,CDKN2C,CEBPA,CEBPZ,CHD7,CKAP4,COL1A1,COL1A2,COL3A1,COL6A3,CP,CPT2,DPYSL2,DR1,DTYMK,EDF1,EED,EEF1A2,EFEMP1,EGLN1,EIF1AX,EIF4E,EIF4G1,ENO1,ERP29,EZH2,EZR,FABP4,FABP5,FDPS,FDXR,FHL1,FKBP5,FLI1,FSCN1,GAPDH,GART,GBP1,GBP4,GCLC,GCLM,GLO1,GLUL,GNL3,GOT1,GPX4,GSPT1,GSTM3,GSTP1,H1-10,H2BC12,HGSNAT,HINT1,HMGB2,HNRNPA1,HNRNPA2B1,HNRNPD,HNRNPH1,HSPH1,IDI1,IGF2,IGFBP3,IGLL1/IGLL5,IL1B,IRAG2,IRF5,IRF8,ITGB2,ITPR1,JMJD6,JUN,KAT2B,KIFC1,KRT10,KYNU,LAMB1,LAMP1,LAP3,LBR,LCP2,LDHA,LGALS1,LGALS3,LIG3,LIMS1,LTF,MAD1L1,MAP2K2,MAT2A,MATK,MBD2,MECP2,METTL7A,MIF,MKI67,MKNK1,MMP2,MTA2,MTHFD2,MX2,MYD88,NAE1,NAMPT,NAT1,NCAM1,NCOR2,NDRG1,NDUFB8,NIFK,NMI,NOTCH1,NPC1,NQO1,NUCKS1,NUDCD2,NVL,PAICS,PARP12,PCNA,PDCD4,PDLIM1,PEA15,PELP1,PFDN1,PFKP,PGK1,PGLS,PHGDH,PIK3CD,PKM,PLG,POLDIP2,POLR2A,POSTN,PPAT,PPIA,PPIF,PPP3CA,PPP3CB,PREX1,PRKAR1A,PRPS1,PSIP1,PSMB3,PSMB5,PSMB9,PSME2,PTPN2,PTPRE,PXN,RABGAP1L,RAD23A,RASA1,RBL2,RHOC,RPA1,RSAD2,S100A4,S100A8,S100A9,SAMD9,SAR1A,SDHA,SDHB,SERPINB1,SERPINB8,SERPINF1,SH3GLB1,SLC9A3R1,SMAP2,SOD1,SP100,SRSF1,STAT3,STIP1,STK4,STMN1,STT3B,SUN1,SUN2,SYK,TACC1,TAP1,TAPBP,TDO2,TFB2M,TGFBI,TGM2,THBD,TK1,TKT,TMED10,TMED9,TMSB10/TMSB4X,TMX3,TOP1,TOP2A,TPM1,TRADD,TUBB2A,TXN,UBE2I,UBE2L6,UGDH,UGP2,UQCRC2,UTP18,VASP,VCL,VIM,WARS1,WAS,ZEB2,ZNF318,ZYX",253 (50),48,2hr_PROT_causal_unique,True,
128,HES1, ,transcription regulator,"AKT1,AMPK,CASP9,CEBPA,CHEK1,Creb,CTNNB1,EGFR,ELK1,ERBB2,ERK,ERK1/2,Focal adhesion kinase,FOXO3,Gsk3,HES1,HSF1,MAPK1,MED1,MET,MMP2,MTOR,MTORC1,NFkB (complex),NR3C1,PDGFRA,PRKAA,RAC1,RELA,RPS6KB1,SP1,STAT3,TP53,YAP1",3,Inhibited,-2.935,1.0699999999999999e-13,0.0102,"A2M,ACO2,ACSL3,ACTB,ADAR,AGO2,AK1,AKR1B1,AKT1,ALB,APOBEC3G,ARHGDIB,ARPC1B,ARRB1,ATG7,B3GALT6,BAX,BID,BPNT2,BST2,BUB1B,C3,CA2,CASP1,CASP8,CBR1,CBS/CBSL,CD46,CDC37,CDC42,CDK6,CEBPA,CHD3,CHD7,COL3A1,COL6A3,CTCF,DAB2,DNM1,DTYMK,ECM1,EDF1,EEF1A2,EFEMP1,EGLN1,EIF2B1,EIF4A2,ERP29,EZR,FABP5,FAM3C,FBLN1,FBXO22,FDXR,FEN1,FKBP3,FKBP4,FN1,FSCN1,FUBP1,GART,GCLC,GCLM,GLO1,GNL3,GSK3A,GSK3B,GSPT1,GSR,GSS,H1-10,H2AX,HGSNAT,HINT1,HMGB1,HNRNPA1,HNRNPA2B1,HNRNPA3,HNRNPH1,HSP90AA1,HSP90AB1,HSPA1A/HSPA1B,HSPA4,HSPA8,HSPB1,HSPE1,HSPH1,HTT,HYOU1,IFI35,IGLL1/IGLL5,IL1B,IL1RN,IPO7,IREB2,IRF8,ISCU,ITGB2,JMJD6,JUN,KAT2B,KIFC1,KYNU,LAMB1,LAMP1,LAP3,LBR,LGALS3,LIG3,LRIF1,LSM2,LTF,MAD1L1,MAP2K2,MAPK1,MAPK7,MAT2A,MBOAT7,ME1,ME2,MECP2,MKI67,MKNK1,MMP2,MST1,MTA2,MTHFD2,MX2,NASP,NCAM1,NCF1,NCOR2,NME1,NMI,NOLC1,NPC1,NQO1,NUP153,P2RX4,PAICS,PARP12,PDHX,PFKP,PGK1,PHGDH,PIK3CD,PKM,PLG,POLDIP2,POLR2A,POSTN,PPAT,PPIA,PPM1A,PPP1CA,PPP2CA,PPP2R1A,PPP3CA,PPP3CB,PPP4C,PPP4R2,PRKAR1A,PRPS1,PSIP1,PSMB3,PSMB5,PSMB9,PSME2,PTPN11,PTPN2,PTPN6,PTPRE,RABGAP1L,RALY,RANBP1,RANGAP1,RPA1,S100A9,SAMHD1,SAR1A,SDHA,SEL1L,SERPINB1,SERPINB9,SERPINF1,SHC1,SIRT6,SLC9A3R1,SMAP2,SMC1A,SOD1,SON,SP1,SP100,SPR,SREBF2,SRSF1,SSBP1,ST13,STAT6,STIP1,STK4,STMN1,STOM,STT3B,SUN1,SUN2,TAGLN2,TAP1,TAPBP,TDO2,TFAM,TK1,TMED9,TMX3,TOP1,TOP2A,TOP2B,TPM1,TPX2,TRIM21,TUBB,TUBB2A,UBE2I,UBE2L6,UGDH,UGP2,UTP18,VCL,VIM,WAS,XPC,XPO1,YWHAH,ZNF318",235 (34),33,2hr_PROT_causal_unique,True,
130,SERPIND1,1.486,other,"Akt,AMPK,AXL,CSF1R,EGFR,ERBB2,ERK1/2,FLT3,FOXO1,HSF1,IGF1R,INSR,MET,MTORC1,NOS3,NR3C1,PRKAA,RHOA,ROR2,SERPIND1,STAT1,STK11,TP53,YAP1",3,Activated,2.481,1.1400000000000002e-13,0.0024,"ACO1,ACO2,ACSL3,ACTB,AFP,AGO2,AK1,APOBEC3G,ARPC1B,ATG7,B3GALT6,BAX,BID,BPNT2,BST2,BUB1B,C3,C4A/C4B,CASP1,CASP4,CASP8,CBR1,CD14,CDC37,CDC42,CDK6,CEBPA,CHD3,CHD7,COL1A1,COL6A3,DNM1,DTYMK,ECM1,EFEMP1,EGR2,EHD1,EIF2B1,EIF4A2,EZH2,EZR,FAM3C,FBLN1,FBXO22,FDXR,FEN1,FKBP3,FKBP4,FKBP5,FN1,FSCN1,FUBP1,GART,GBP2,GBP4,GDF15,GLO1,GNL3,GSK3A,GSK3B,GSS,H2AX,HGSNAT,HMGB1,HNRNPA1,HNRNPA2B1,HNRNPA3,HNRNPH1,HSP90AA1,HSP90AB1,HSPA1A/HSPA1B,HSPA4,HSPA8,HSPB1,HSPE1,HSPH1,HTT,HYOU1,IFI35,IGFBP2,IL1RN,IPO7,IREB2,ISCU,JMJD6,JUN,LAMB1,LAMP1,LBR,LEMD3,LGALS3,LIG3,LRIF1,LSM2,MAD1L1,MAP2K2,MAPK1,MAPK7,MAT2A,MBOAT7,ME1,ME2,MKNK1,MMP2,MST1,MTA2,NASP,NCF1,NCOR2,NDRG1,NDUFB8,NME1,NOLC1,NPC1,NUP153,P2RX4,PAICS,PCNA,PDHX,PEA15,PFKP,PGK1,PHGDH,PIK3CD,PKM,PLG,POLDIP2,POLR2A,POSTN,PPAT,PPIA,PPM1A,PPP1CA,PPP2CA,PPP3CA,PPP4C,PPP4R2,PRKAR1A,PRPS1,PSMB3,PSMB5,PSMB9,PTPN11,PTPN6,PTPRE,RAD23A,RALY,RANBP1,RANGAP1,RHOA,RHOC,RPA1,S100A4,SDHA,SDHB,SEL1L,SERPINB9,SHC1,SIRT6,SMC1A,SON,SPC25,SPR,SPRY2,SRSF1,SSBP1,ST13,STAT6,STIP1,STMN1,STOM,STT3B,SUN1,TAGLN2,TAP1,TAPBP,TFAM,TGM2,TK1,TMED10,TMED9,TMSB10/TMSB4X,TMX3,TOP1,TOP2A,TOP2B,TPM1,TPX2,TRAF1,TRIM21,TUBB,UGP2,UQCRC2,VIM,WARS1,XPC,XPO1,YWHAH,ZEB2",199 (24),22,2hr_PROT_causal_unique,True,
132,RALB,-0.236,enzyme,"AKT1,ATM,CASP8,CDK2,CHEK2,Creb,E2f,ELF4,ERK1/2,FANCD2,FOXO3,GLI1,GSK3B,IGF1R,IKBKB,Jnk,MAP2K1,MAPK1,MAPK9,MDM4,Mek,MYC,NFkB (complex),NOTCH1,P38 MAPK,PRKAA,PRKAA1,PRKCE,RAC1,RALB,RELA,SMC3,STK38,TP53,TP73,TRIM28,YAP1,ZEB1",3,Activated,2.909,1.1599999999999999e-13,0.0145,"ABCE1,ACO1,ACSL3,ACTB,ADAR,ADGRE2,ADH5,ADK,AK1,AKT1,ALOX5,APOBEC3G,ARHGDIB,ARPC1B,ARPC5,ARRB1,ATG7,BAG1,BAX,BCAT1,BCOR,BID,BST2,BUB1B,BZW2,C1QTNF3,C3,CA2,CASP1,CASP4,CASP8,CBX1,CD151,CD46,CD70,CDC42,CDK1,CEBPA,CEBPZ,CHD3,CNTRL,COL1A2,COX4I1,COX5A,CSE1L,CTPS1,DDX21,DEGS1,DNM1,DTYMK,ECM1,EFHD2,EGLN1,EIF2B1,EIF4G1,ELOB,ELOC,ENDOD1,ERP29,EZH2,EZR,FABP4,FABP5,FAM3C,FBL,FBXO22,FDXR,FEN1,FHL1,FKBP3,FN1,FSCN1,FUBP1,G6PD,GALNT2,GAPDH,GART,GBP1,GCLC,GCLM,GDF15,GNL3,GPA33,GSK3A,GSK3B,GSPT1,GSR,GSS,H1-0,HLA-DRB1,HMGB1,HNRNPH1,HSP90AA1,HSPA1A/HSPA1B,HSPA8,HSPB1,HSPD1,HSPH1,HTT,HYOU1,IDH2,IGFBP2,IGFBP3,IL1B,IL1RN,IPO7,IQGAP3,IREB2,ISCU,KYNU,LAP3,LBR,LDHA,LEMD3,LGALS1,LGALS3,LPL,MAD1L1,MANF,MAP2K2,MAPK1,MAT2A,ME1,ME2,MECP2,METAP2,METTL7A,MIF,MKNK1,MMP2,MSI2,MST1,MT1G,MYD88,NAMPT,NCOR2,NDRG1,NIBAN1,NME1,NMI,NOLC1,NOP56,NOTCH1,NPEPL1,NQO1,NRGN,NUP153,OGFRL1,P2RX4,P4HB,PARP12,PCNA,PDCD4,PDHX,PDIA3,PFKP,PHGDH,PIN1,PKM,PLG,PPAT,PPIF,PPM1A,PPP1CA,PPP2CA,PPP3CA,PPP4C,PPP4R2,PREP,PRKACB,PSME2,PTPN11,PTPN2,PTPN6,PTPRE,PXN,QSOX1,RAD23A,RALY,RHOA,RPL27A,RPS6KA1,RPS6KA3,RSAD2,S100A11,S100A4,S100A6,S100A9,SAE1,SAMHD1,SAR1A,SDHA,SEL1L,SFXN3,SH3GLB1,SIRT6,SMAP2,SOD1,SON,SP1,SPRY2,SRM,SRSF1,SSBP1,STK4,STMN1,STOM,SUMO1,SUMO2,SUMO3,SUN2,TAF7,TAGLN2,TAP1,TAPBP,TDO2,TF,TFAM,TFB2M,TGFBI,TGM2,THBD,THBS1,TIMP2,TK1,TMSB10/TMSB4X,TOP2A,TOP2B,TPX2,TRADD,TRAF1,TREM2,TRIM21,TTC13,TUBB,TUFM,UBA2,UBE2L6,UGP2,UQCRQ,UTP18,VKORC1L1,VMP1,WIPF1,WRN,XPC,XPO1,YWHAH,ZDHHC3,ZNF318",250 (38),36,2hr_PROT_causal_unique,True,
142,UGCG, ,enzyme,"Akt,AKT1,ATF2,ATM,CASP8,CDK1,CDK2,CTNNB1,EGR1,FANCD2,Focal adhesion kinase,FOXO3,GLI1,GSK3B,IGF1R,Jnk,JUN,MAP2K1,MAPK9,Mek,MYC,NFkB (complex),NOTCH1,P38 MAPK,PRKAA,PRKAA1,RAC1,RB1,RELA,STAT1,STAT3,TERT,TFEB,TP53,TP73,UGCG",3,Activated,2.286,1.7800000000000002e-13,0.0175,"ABCE1,ACO1,ACSL3,ACTB,ADGRE2,ADH5,ADK,AK1,AKT1,ALOX5,ARHGDIB,ARPC1B,ARPC5,ASNS,ATG7,BAG1,BAX,BCAT1,BCOR,BID,BUB1B,BZW2,C1QTNF3,C3,C4A/C4B,CASP1,CASP4,CASP8,CD14,CD151,CD46,CD70,CDC42,CDK1,CDK6,CEBPZ,CHD3,CLCN7,CNTRL,COL3A1,COX4I1,COX5A,CSE1L,CTPS1,DDX21,DEGS1,DNM1,ECM1,EFHD2,EGLN1,EIF2B1,EIF4E,EIF4G1,ELOB,ELOC,ENDOD1,FABP4,FABP5,FAM3C,FBL,FBXO22,FDXR,FEN1,FHL1,FKBP3,FN1,FSCN1,FUBP1,G6PD,GALNT2,GAPDH,GART,GBP1,GBP2,GBP4,GCLC,GCLM,GDF15,GNL3,GNS,GOT1,GPA33,GSK3A,GSK3B,GSPT1,GSR,H1-0,H2AX,HMGB1,HNRNPH1,HSP90AA1,HSPA1A/HSPA1B,HSPA8,HSPD1,HSPH1,HTT,HYOU1,IDH2,IFI35,IGF2,IGFBP2,IGFBP3,IL1B,IL1RN,IPO7,IQGAP2,IQGAP3,IREB2,ISCU,ITGB2,KAT2B,KIFC1,KYNU,LAMP1,LBR,LDHA,LEMD3,LGALS1,LGALS3,LPL,MAD1L1,MAP2K2,MAPK1,ME1,ME2,METAP2,METTL7A,MIF,MKI67,MMP2,MSI2,MST1,MX2,MYD88,NCOR2,NDRG1,NDUFB8,NEU1,NME1,NOLC1,NOP56,NOTCH1,NPEPL1,NQO1,NRGN,NUP153,OGFRL1,P2RX4,PCNA,PDHX,PDIA3,PEA15,PFKP,PGK1,PHGDH,PIN1,PIP4P1,PKM,PLG,PPAT,PPIF,PPM1A,PPP1CA,PPP2CA,PPP3CA,PPP4C,PPP4R2,PREP,PRKACB,PSIP1,PSMB5,PTPN11,PTPN6,PXN,QSOX1,RAD23A,RALY,RASA1,RBL2,RPL27A,RPS6KA1,RPS6KA3,RSAD2,S100A11,S100A4,S100A6,S100A9,SAE1,SAR1A,SDHB,SEL1L,SFXN3,SH3GLB1,SIRT6,SLC9A3R1,SMAP2,SOD1,SON,SP1,SP100,SPRY2,SRM,SRSF1,STK4,STMN1,STOM,SUMO1,SUMO2,SUMO3,SUN2,SYK,TAGLN2,TAP1,TDO2,TFAM,TFB2M,TGM2,THBD,THBS1,TIMP2,TMED10,TMSB10/TMSB4X,TOP2A,TOP2B,TPX2,TRADD,TRAF1,TREM2,TRIM21,TTC13,TUBB,TUFM,UBA2,UBE2I,UQCRC2,UQCRQ,VMP1,VPS26A,VPS35,WARS1,WAS,WIPF1,WRN,XPC,XPO1,YWHAH,ZDHHC3,ZEB2",248 (36),35,2hr_PROT_causal_unique,True,
152,KAT5, ,transcription regulator,"AKT1,ATF2,ATM,ATR,BCL2,CASP8,CDK1,CDK2,CHEK1,CHEK2,Creb,DNA-PK,E2f,ELF4,ERK1/2,FOXO3,GLI1,GSK3B,HSF1,IGF1R,IKBKB,INSR,IRF3,JUN,KAT5,MAP2K1,MAPK1,MAPK8,MAPK9,MDM4,Mek,NOTCH1,P38 MAPK,PRKAA,PRKAA1,PRKCD,RAC1,RELA,SMC3,STAT3,TP53,TP73,TRIM28,XPA,ZEB1",3,Inhibited,-2.605,4.65e-13,0.0304,"ABCE1,ACO1,ACSL3,ACTB,ADAR,ADGRE2,ADH5,ADK,AFP,AK1,AKT1,ALOX5,APEX1,APOBEC3G,ARHGDIB,ARPC1B,ARPC5,ARRB1,ASNS,ATG7,ATP2A2,BAX,BID,BST2,BUB1B,C1QTNF3,CA2,CASP1,CASP4,CASP8,CBX1,CDC42,CDK1,CDK6,CEBPA,CEBPZ,CHD3,CNTRL,COL1A2,COX4I1,CSE1L,CTPS1,DDX21,DEGS1,DNM1,ECM1,EFEMP1,EFHD2,EGLN1,EHD1,EIF2B1,EIF4A2,EIF4E,ELOB,ELOC,ENDOD1,ERP29,EZR,FABP4,FAM3C,FBLN1,FBXO22,FDXR,FEN1,FHL1,FKBP3,FKBP4,FN1,FSCN1,FUBP1,G6PD,GALNT2,GAPDH,GART,GBP1,GCLC,GCLM,GDF15,GNL3,GOT1,GPA33,GSK3A,GSK3B,GSPT1,GSR,H1-0,H2AX,HLA-DRB1,HMGB1,HNRNPA3,HSP90AA1,HSP90AB1,HSPA1A/HSPA1B,HSPA4,HSPA8,HSPB1,HSPE1,HSPH1,HTT,HYOU1,IDH2,IFI35,IGFBP2,IGFBP3,IL1B,IL1RN,IPO7,IQGAP2,IQGAP3,IREB2,IRF5,ISCU,JMJD6,JUN,KAT2B,LAP3,LBR,LDHA,LEMD3,LGALS1,LGALS3,LMNA,LPL,LRIF1,LSM2,MAD1L1,MANF,MAP2K2,MAPK1,MBOAT7,ME1,ME2,MECP2,METAP2,METTL7A,MIF,MKNK1,MMP2,MNDA,MPG,MRPL20,MRPS11,MSI2,MST1,MT1G,MX2,NASP,NCOR2,NDRG1,NIBAN1,NME1,NMI,NOLC1,NOTCH1,NPEPL1,NRGN,NUP153,OGFRL1,P2RX4,P4HB,PARP12,PCNA,PDHX,PDIA3,PDLIM7,PFKP,PHGDH,PIN1,PKM,PPAT,PPIF,PPM1A,PPP1CA,PPP1R3D,PPP2CA,PPP3CA,PPP4C,PPP4R2,PRKACB,PSIP1,PSMB5,PSME2,PTPN11,PTPN2,PTPN6,PTPRE,QSOX1,RAD23A,RALY,RANBP1,RANGAP1,RASA1,RPL27A,RPS6KA1,RPS6KA3,RSAD2,S100A11,S100A4,S100A6,S100A9,SAMHD1,SDHA,SEL1L,SFXN3,SH3GLB1,SHC1,SIRT6,SMAP2,SMC1A,SON,SP1,SP100,SPR,SPRY2,SRM,SSBP1,ST13,STAT6,STIP1,STK4,STMN1,STOM,SUN2,SYK,TAF7,TAGLN2,TAP1,TAPBP,TF,TFAM,TFB2M,TGFBI,TGM2,THBD,THBS1,TIMP2,TMSB10/TMSB4X,TOP1,TOP2A,TOP2B,TPX2,TRADD,TRAF1,TREM2,TRIM21,TTC13,TUBB,TUFM,UBE2I,UBE2L6,UTP18,VKORC1L1,VMP1,WAS,WIPF1,XPC,XPO1,YWHAH,ZDHHC3,ZNF318",260 (45),45,2hr_PROT_causal_unique,True,
161,BMI1, ,transcription regulator,"Akt,AKT1,AMPK,ATM,BMI1,CASP8,CDK1,CDK2,CHEK1,CHEK2,Creb,DNA-PK,E2f,EGFR,ELF4,ERBB2,ERK,ERK1/2,FANCD2,FOXO1,FOXO3,FOXO4,GLI1,Gsk3,GSK3B,IGF1R,IKBKB,MAP2K1,MAPK9,MDM4,Mek,NOTCH1,PDGFRA,PRKAA1,PRKCE,SMC3,TP53,TP73,TRIM28,ZEB1",3,Activated,3.341,8.179999999999999e-13,0.0221,"ABCE1,ACO1,ACO2,ACSL3,ACTB,ADGRE2,ADH5,ADK,AGO2,AK1,AKT1,ALOX5,ARPC1B,ARPC5,ARRB1,ATG7,B3GALT6,BAX,BID,BPNT2,BUB1B,C1QTNF3,CA2,CASP1,CASP4,CASP8,CBX1,CDC37,CDK1,CDK6,CEBPA,CEBPZ,CHD3,CHD7,CNTRL,COL1A2,COL3A1,COL6A3,COX4I1,CSE1L,CTPS1,DAB2,DDX21,DEGS1,DNM1,ECM1,EFHD2,EGLN1,EIF2B1,ELOB,ELOC,ENDOD1,EZH2,EZR,FAM3C,FBXO22,FDXR,FEN1,FHL1,FKBP3,FN1,FSCN1,FUBP1,G6PD,GALNT2,GAPDH,GART,GBP1,GCLC,GCLM,GDF15,GLO1,GNL3,GPA33,GSK3A,GSK3B,GSR,GSS,H1-0,H2AX,HGSNAT,HLA-DRB1,HMGB1,HNRNPA1,HNRNPA2B1,HNRNPH1,HSPA1A/HSPA1B,HSPA8,HTT,IDH2,IGFBP2,IGFBP3,IL1B,IL1RN,IPO7,IQGAP2,IQGAP3,IREB2,ISCU,ITGB2,LAMB1,LAMP1,LBR,LDHA,LEMD3,LGALS1,LGALS3,LIG3,LPL,MAD1L1,MANF,MAP2K2,MAPK1,MAT2A,ME1,ME2,METAP2,METTL7A,MKNK1,MMP2,MSI2,MST1,MT1G,MTA2,NCF1,NCOR2,NDRG1,NIBAN1,NME1,NOLC1,NOTCH1,NPC1,NPEPL1,NQO1,NRGN,NUP153,OGFRL1,P2RX4,P4HB,PAICS,PCNA,PDCD4,PDHX,PDIA3,PEA15,PFKP,PGK1,PHGDH,PIK3CD,PIN1,PKM,PLG,POLDIP2,POLR2A,POSTN,PPIA,PPIF,PPM1A,PPP1CA,PPP2CA,PPP3CA,PPP4C,PPP4R2,PRKACB,PRKAR1A,PRPS1,PSMB3,PSMB5,PTPN11,PTPN2,PTPN6,PTPRE,QSOX1,RAD23A,RALY,RHOA,RPA1,RPL27A,RPS6KA1,RPS6KA3,S100A11,S100A4,S100A6,S100A9,SDHA,SEL1L,SFXN3,SH3GLB1,SOD1,SON,SP1,SPC25,SREBF2,SRM,SRSF1,SSBP1,STMN1,STOM,STT3B,SUN1,TAF7,TAGLN2,TAP1,TAPBP,TF,TFAM,TFB2M,TGFBI,TGM2,THBD,THBS1,TIMP2,TK1,TMED10,TMED9,TMSB10/TMSB4X,TMX3,TOP1,TOP2A,TOP2B,TPM1,TPX2,TRAF1,TREM2,TTC13,TUBB,TUFM,VKORC1L1,VMP1,XPC,XPO1,YWHAH,ZDHHC3",233 (40),39,2hr_PROT_causal_unique,True,
163,MLH1, ,enzyme,"AKT1,AR,ATF2,ATF6,CASP8,CDK1,CDK2,CHEK2,EGFR,ERK1/2,EZH2,FOXO3,GLI1,Gsk3,GSK3B,IGF1R,Jnk,MAP2K1,MAP2K6,MAPK14,MAPK9,MDM4,Mek,MLH1,NOTCH1,PRKAA,PRKAA1,PRKCE,RAC1,RELA,SEPTIN9,SGK1,TGFB1,TP53,TP73,TRIM28,YAP1",3,Inhibited,-2.875,8.52e-13,0.0377,"ABCE1,ACO1,ACSL3,ACTB,ACTR3,ADGRE2,ADH5,ADK,AFP,AGO2,AK1,AKT1,ALB,APOBEC3G,ARHGAP4,ARHGDIB,ARPC1B,ARPC5,ARRB1,ASNS,ATG7,BAX,BID,BUB1B,C1QTNF3,CA2,CASP1,CASP4,CASP8,CAST,CD46,CDC42,CDK1,CDK6,CEBPA,CEBPZ,CHD3,CKAP4,CLGN,CNTRL,COL1A2,COL3A1,COL6A3,COX4I1,CSE1L,CTPS1,DAB2,DDX21,DNM1,DR1,DTYMK,ECM1,EFEMP1,EFHD2,EGR2,EHD1,EIF2B1,EIF4E,ELOB,ELOC,ENDOD1,EZR,FAM3C,FBXO22,FDPS,FDXR,FEN1,FHL1,FKBP3,FKBP4,FN1,FSCN1,FUBP1,G6PD,GALNT2,GAPDH,GART,GBP1,GCLC,GCLM,GDF15,GDI1,GNL3,GPA33,GSK3A,GSK3B,GSPT1,GSR,GSS,H1-0,H2AX,HMGB1,HNRNPA1,HNRNPA2B1,HNRNPH1,HSPA1A/HSPA1B,HSPA8,HSPB1,HTT,HYOU1,IDH2,IGFBP2,IGFBP3,IL1B,IL1RN,ILK,IPO7,IQGAP2,IQGAP3,IREB2,ISCU,ITGB2,LASP1,LBR,LDHA,LEMD3,LGALS1,LGALS3,LMAN1,LPL,MAD1L1,MAP2K2,MAPK1,MAPK3,MAPKAPK2,MAT2A,ME1,ME2,METAP2,METTL7A,MKI67,MKNK1,MMP2,MSI2,MST1,MTA2,MTHFD2,NAP1L1,NCOR2,NDRG1,NDUFB8,NIBAN1,NME1,NOLC1,NOTCH1,NPC1,NPEPL1,NRGN,NUP153,OGFRL1,P2RX4,P4HA1,P4HB,PCNA,PDCD4,PDHX,PDIA3,PDIA4,PDIA5,PFDN1,PFKP,PHGDH,PIK3CD,PIN1,PLG,POSTN,PPAT,PPIA,PPIF,PPM1A,PPP1CA,PPP2CA,PPP3CA,PPP4C,PPP4R2,PRDX2,PRKACB,PRKAR1A,PSMB3,PSMB5,PTPN11,PTPN2,PTPN6,QSOX1,RAD23A,RALY,RAN,RHOA,RPL27A,RPS6KA1,RPS6KA3,S100A11,S100A4,S100A6,S100A9,SDHA,SDHB,SEL1L,SFXN3,SH3GLB1,SIRT6,SMAP2,SOD1,SON,SP1,SPRY2,SREBF2,SRM,SRSF1,SSBP1,STAT1,STK4,STMN1,STOM,SUN2,TAGLN2,TAP1,TAPBP,TFAM,TFB2M,TGFBI,THBD,THBS1,TIMP2,TK1,TMSB10/TMSB4X,TOP2A,TOP2B,TPM1,TPX2,TRAF1,TREM2,TTC13,TUBB,TUFM,TYMP,UGP2,UQCRC2,VMP1,WIPF1,XPC,XPO1,YWHAH,ZDHHC3,ZYX",245 (37),36,2hr_PROT_causal_unique,True,
187,H2AX,1.359,transcription regulator,"Akt,AKT1,ATM,CASP8,CDK2,CHEK2,Creb,E2f,ELF4,ERK1/2,FANCD2,FOXO3,GLI1,GSK3B,H2AX,IGF1R,IKBKB,Jnk,MAP2K1,MAPK1,MAPK9,MDM4,Mek,NFkB (complex),NOTCH1,PLK1,PRKAA,PRKAA1,PRKCE,PRKDC,RAC1,SMC3,SNAI1,TP53,TP73,TRIM28,ZEB1",3,Inhibited,-2.9010000000000002,4.73e-12,0.0394,"ABCE1,ACO1,ACSL3,ACTB,ADAR,ADGRE2,ADH5,ADK,AK1,AKT1,ALOX5,APOBEC3G,ARPC1B,ARPC5,ARRB1,ATG7,BAX,BID,BST2,BUB1B,C1QTNF3,C3,CA2,CASP1,CASP4,CASP8,CBX1,CD46,CDC42,CDK1,CDK6,CEBPA,CEBPZ,CHD3,CNTRL,COL1A2,COX4I1,CSE1L,CTCF,CTPS1,DDX21,DEGS1,DNM1,ECM1,EFHD2,EGLN1,EGR2,EHD1,EIF2B1,ELOB,ELOC,ENDOD1,ERP29,EZH2,EZR,FABP5,FAM3C,FBXO22,FDXR,FEN1,FHL1,FKBP3,FN1,FSCN1,FUBP1,G6PD,GALNT2,GAPDH,GART,GBP1,GCLC,GCLM,GDF15,GNL3,GPA33,GSK3A,GSK3B,GSPT1,GSR,H1-0,HLA-DRB1,HMGB1,HSPA1A/HSPA1B,HSPA8,HSPB1,HTT,HYOU1,IDH2,IFI35,IGFBP2,IGFBP3,IL1B,IL1RN,IPO7,IQGAP2,IQGAP3,IREB2,ISCU,KYNU,LAP3,LBR,LDHA,LEMD3,LGALS1,LGALS3,LPL,MAD1L1,MANF,MAP2K2,MAPK1,MAT2A,ME1,ME2,MECP2,METAP2,METTL7A,MKNK1,MMP2,MSI2,MST1,MT1G,MX2,NAMPT,NCOR2,NDRG1,NDUFB8,NIBAN1,NME1,NMI,NOLC1,NOTCH1,NPEPL1,NQO1,NRGN,NUP153,OGFRL1,P2RX4,P4HB,PARP12,PCNA,PDCD4,PDHX,PDIA3,PEA15,PEBP1,PFKP,PHGDH,PIN1,PKM,PLG,PPAT,PPIF,PPM1A,PPP1CA,PPP2CA,PPP3CA,PPP4C,PPP4R2,PRKACB,PSME2,PTPN11,PTPN2,PTPN6,PTPRE,PXN,QSOX1,RAD23A,RALY,RHOA,RPL27A,RPS6KA1,RPS6KA3,S100A11,S100A4,S100A6,S100A9,SAMHD1,SAR1A,SDHA,SDHB,SEL1L,SFXN3,SH3GLB1,SIRT6,SOD1,SON,SP1,SP100,SPRY2,SRM,SSBP1,STMN1,STOM,SUN2,TAF7,TAGLN2,TAP1,TAPBP,TDO2,TF,TFAM,TFB2M,TGFBI,TGM2,THBD,THBS1,TIMP2,TMED10,TMSB10/TMSB4X,TOP2A,TOP2B,TPX2,TRAF1,TREM2,TRIM21,TTC13,TUBB,TUFM,UBE2I,UBE2L6,UQCRC2,UTP18,VKORC1L1,VMP1,WIPF1,XPC,XPO1,YWHAH,ZDHHC3,ZNF318",230 (37),36,2hr_PROT_causal_unique,True,
190,FBH1, ,enzyme,"Akt,AKT1,ATM,CASP8,CDK2,CHEK2,Creb,DNA-PK,E2f,ELF4,ERK1/2,FANCD2,FBH1,FOXO3,GLI1,GSK3B,IGF1R,IKBKB,Jnk,MAP2K1,MAPK1,MAPK9,MDM4,Mek,NFkB (complex),NOTCH1,PRKAA,PRKAA1,PRKCE,RAC1,SMC3,TP53,TP73,TRIM28,ZEB1",3,Inhibited,-2.782,5.57e-12,0.0374,"ABCE1,ACO1,ACSL3,ACTB,ADAR,ADGRE2,ADH5,ADK,AK1,AKT1,ALOX5,APOBEC3G,ARPC1B,ARPC5,ARRB1,ATG7,BAX,BID,BST2,BUB1B,C1QTNF3,C3,CA2,CASP1,CASP4,CASP8,CBX1,CDC42,CDK1,CDK6,CEBPA,CEBPZ,CHD3,CNTRL,COL1A2,COX4I1,CSE1L,CTCF,CTPS1,DDX21,DEGS1,DNM1,ECM1,EFHD2,EGLN1,EHD1,EIF2B1,ELOB,ELOC,ENDOD1,ERP29,EZH2,EZR,FABP5,FAM3C,FBXO22,FDXR,FEN1,FHL1,FKBP3,FN1,FSCN1,FUBP1,G6PD,GALNT2,GAPDH,GART,GBP1,GCLC,GCLM,GDF15,GNL3,GPA33,GSK3A,GSK3B,GSPT1,GSR,H1-0,H2AX,HLA-DRB1,HMGB1,HSPA1A/HSPA1B,HSPA8,HSPB1,HTT,HYOU1,IDH2,IFI35,IGFBP2,IGFBP3,IL1B,IL1RN,IPO7,IQGAP2,IQGAP3,IREB2,ISCU,KYNU,LAP3,LBR,LDHA,LEMD3,LGALS1,LGALS3,LPL,MAD1L1,MANF,MAP2K2,MAPK1,MAT2A,ME1,ME2,MECP2,METAP2,METTL7A,MKNK1,MMP2,MSI2,MST1,MT1G,MX2,NAMPT,NCOR2,NDRG1,NDUFB8,NIBAN1,NME1,NMI,NOLC1,NOTCH1,NPEPL1,NQO1,NRGN,NUP153,OGFRL1,P2RX4,P4HB,PARP12,PCNA,PDCD4,PDHX,PDIA3,PEA15,PFKP,PHGDH,PIN1,PKM,PLG,PPAT,PPIF,PPM1A,PPP1CA,PPP2CA,PPP3CA,PPP4C,PPP4R2,PRKACB,PSME2,PTPN11,PTPN2,PTPN6,PTPRE,PXN,QSOX1,RAD23A,RALY,RHOA,RPL27A,RPS6KA1,RPS6KA3,S100A11,S100A4,S100A6,S100A9,SAMHD1,SAR1A,SDHA,SDHB,SEL1L,SFXN3,SH3GLB1,SIRT6,SOD1,SON,SP1,SP100,SPRY2,SRM,SSBP1,STMN1,STOM,SUN2,TAF7,TAGLN2,TAP1,TAPBP,TDO2,TF,TFAM,TFB2M,TGFBI,TGM2,THBD,THBS1,TIMP2,TMED10,TMSB10/TMSB4X,TOP2A,TOP2B,TPX2,TRAF1,TREM2,TRIM21,TTC13,TUBB,TUFM,UBE2I,UBE2L6,UQCRC2,UTP18,VKORC1L1,VMP1,WIPF1,XPC,XPO1,YWHAH,ZDHHC3,ZNF318",228 (35),34,2hr_PROT_causal_unique,True,
203,MGAT1,0.428,enzyme,"Akt,AKT1,CTNNB1,EGFR,EGR1,ERBB3,ERK,ERK1/2,ERN1,GSK3B,HDAC6,HIF1A,IGF1R,ITGB4,Jnk,JUN,LCK,MAP2K1/2,Mapk,MAPK1,MAPK3,MAPK8,MET,MGAT1,NFkB (complex),P38 MAPK,PARP1,PGR,PTEN,PTK2,RAC1,RHOA,SHC1,SMAD2,SMAD3,SP1,STAT3,TAB1,YAP1",3,Inhibited,-3.0639999999999996,1.35e-11,0.0225,"ACO1,ADAM10,ADAR,AGO2,AKT1,ALDOA,APOBEC3G,APOC3,APOE,ARF4,ARRB1,ATG7,ATXN10,BAX,BST2,CAPN2,CARS1,CASP4,CASP8,CBS/CBSL,CD70,CDC42,CDK1,CDK6,CDKN2C,CEBPA,CKAP4,COL1A2,CPT2,CTCF,DDX21,DNAJC10,DPYSL2,DTYMK,EDEM1,EED,EGLN1,EGR2,EIF1AX,EIF4E,EIF4G1,ERLEC1,ERP29,EZH2,EZR,FABP4,FABP5,FDXR,FHL1,FLI1,FN1,FSCN1,GAPDH,GBP1,GBP2,GCLC,GCLM,GLUL,GOT1,GPX4,GSPT1,GSTM3,GSTP1,H2AX,H2BC12,HINT1,HMGB2,HNRNPA1,HNRNPA2B1,HNRNPH1,HSPB1,IFI35,IGF2,IGFBP2,IGFBP3,IRF5,ITPR1,JAK1,JMJD6,JUN,KAT2B,KIFC1,KYNU,LAP3,LDHA,LIMS1,MAP2K2,MATK,MBD2,MECP2,MIF,MKI67,MKNK1,MMP2,MTA2,MX2,MYD88,NAE1,NAMPT,NAT1,NDUFB8,NFKB1,NMI,NOTCH1,NPC1,NUCKS1,NUDCD2,NVL,PARP12,PCNA,PDLIM1,PEA15,PELP1,PFDN1,PFKP,PGK1,PHGDH,PKM,PLCG2,PLG,POSTN,PPIA,PPIF,PPM1F,PPP3CA,PREX1,PRKAR1A,PSIP1,PSMB3,PSMB5,PSME2,PTPN2,PTPRE,RAD23A,RASA1,RHOA,RHOC,RSAD2,S100A8,SAMHD1,SAR1A,SDHB,SERPINB8,SH3GLB1,SIRT6,SLC9A3R1,SOD1,SP1,SP100,SPRY2,SRSF1,STAT3,STMN1,SUN2,SYK,TAPBP,TDO2,TGFBI,TGM2,THBS1,TMED10,TOP2A,TRADD,TRAF1,TRIM21,TXN,UBE2I,UBE2L6,UGDH,UGP2,UQCRC2,UTP18,VASP,VCL,VIM,WAS,ZEB2,ZNF318,ZYX",179 (39),38,2hr_PROT_causal_unique,True,
204,SIRT5, ,enzyme,"AKT1,ATM,CASP8,CDK2,CHEK2,Creb,E2f,ELF4,ERK1/2,FANCD2,FOXO3,GLI1,GLS,GSK3B,IGF1R,IKBKB,Jnk,MAP2K1,MAPK1,MAPK9,MDM4,Mek,NFkB (complex),NOTCH1,PRKAA,PRKAA1,PRKCE,RAC1,SIRT5,SMC3,TP53,TP73,TRIM28,ZEB1",3,Activated,2.806,1.54e-11,0.0471,"ABCE1,ACO1,ACSL3,ACTB,ADAR,ADGRE2,ADH5,ADK,AK1,AKT1,ALOX5,APOBEC3G,ARPC1B,ARPC5,ARRB1,ATG7,BAX,BID,BST2,BUB1B,C1QTNF3,C3,CA2,CASP1,CASP4,CASP8,CBX1,CDC42,CDK1,CDK6,CEBPA,CEBPZ,CHD3,CNTRL,COL1A1,COL1A2,COL3A1,COX4I1,CSE1L,CTCF,CTPS1,DDX21,DEGS1,DNM1,ECM1,EFHD2,EGLN1,EHD1,EIF2B1,ELOB,ELOC,ENDOD1,ERP29,EZR,FABP5,FAM3C,FBXO22,FDXR,FEN1,FHL1,FKBP3,FSCN1,FUBP1,G6PD,GALNT2,GAPDH,GART,GBP1,GCLC,GCLM,GDF15,GNL3,GPA33,GSK3A,GSK3B,GSPT1,GSR,GSS,H1-0,H2AX,HLA-DRB1,HMGB1,HSPA1A/HSPA1B,HSPA8,HSPB1,HTT,HYOU1,IDH2,IFI35,IGFBP2,IGFBP3,IL1B,IL1RN,IPO7,IQGAP2,IQGAP3,IREB2,ISCU,KYNU,LAP3,LBR,LDHA,LEMD3,LGALS1,LGALS3,LPL,MAD1L1,MANF,MAP2K2,MAPK1,MAT2A,ME1,ME2,MECP2,METAP2,METTL7A,MKNK1,MMP2,MSI2,MST1,MT1G,MX2,NAMPT,NCOR2,NDRG1,NIBAN1,NME1,NMI,NOLC1,NOTCH1,NPEPL1,NQO1,NRGN,NUP153,OGFRL1,P2RX4,P4HB,PARP12,PCNA,PDCD4,PDHX,PDIA3,PFKP,PHGDH,PIN1,PKM,PLG,PPAT,PPIF,PPM1A,PPP1CA,PPP2CA,PPP3CA,PPP4C,PPP4R2,PRKACB,PSME2,PTPN11,PTPN2,PTPN6,PTPRE,PXN,QSOX1,RAD23A,RALY,RHOA,RPL27A,RPS6KA1,RPS6KA3,S100A11,S100A4,S100A6,S100A9,SAMHD1,SAR1A,SDHA,SEL1L,SFXN3,SH3GLB1,SIRT6,SOD1,SON,SP1,SP100,SPRY2,SRM,SSBP1,STMN1,STOM,SUN2,TAF7,TAGLN2,TAP1,TAPBP,TDO2,TF,TFAM,TFB2M,TGFBI,TGM2,THBD,THBS1,TIMP2,TMSB10/TMSB4X,TOP2A,TOP2B,TPX2,TRAF1,TREM2,TRIM21,TTC13,TUBB,TUFM,UBE2I,UBE2L6,UTP18,VKORC1L1,VMP1,WIPF1,XPC,XPO1,YWHAH,ZDHHC3,ZNF318",224 (34),34,2hr_PROT_causal_unique,True,
205,NBN, ,other,"AKT1,ATM,CASP8,CDK1,CDK2,CHEK1,CHEK2,Creb,DNA-PK,E2f,ELF4,ERK1/2,FANCD2,FOXO3,GLI1,GSK3B,IGF1R,IKBKB,Jnk,MAP2K1,MAPK1,MAPK9,MDM4,Mek,NBN,NFkB (complex),NOTCH1,PRKAA,PRKAA1,PRKCE,RAC1,SMC3,TP53,TP73,TRIM28,ZEB1",3,Inhibited,-2.806,1.54e-11,0.048,"ABCE1,ACO1,ACSL3,ACTB,ADAR,ADGRE2,ADH5,ADK,AK1,AKT1,ALOX5,APOBEC3G,ARPC1B,ARPC5,ARRB1,ATG7,BAX,BID,BST2,BUB1B,C1QTNF3,C3,CA2,CASP1,CASP4,CASP8,CBX1,CDC42,CDK1,CDK6,CEBPA,CEBPZ,CHD3,CNTRL,COL1A2,COL3A1,COX4I1,CSE1L,CTCF,CTPS1,DDX21,DEGS1,DNM1,ECM1,EFHD2,EGLN1,EHD1,EIF2B1,ELOB,ELOC,ENDOD1,ERP29,EZR,FABP5,FAM3C,FBXO22,FDXR,FEN1,FHL1,FKBP3,FN1,FSCN1,FUBP1,G6PD,GALNT2,GAPDH,GART,GBP1,GCLC,GCLM,GDF15,GNL3,GPA33,GSK3A,GSK3B,GSPT1,GSR,GSS,H1-0,H2AX,HLA-DRB1,HMGB1,HSPA1A/HSPA1B,HSPA8,HSPB1,HTT,HYOU1,IDH2,IFI35,IGFBP2,IGFBP3,IL1B,IL1RN,IPO7,IQGAP2,IQGAP3,IREB2,ISCU,KYNU,LAP3,LBR,LDHA,LEMD3,LGALS1,LGALS3,LPL,MAD1L1,MANF,MAP2K2,MAPK1,MAT2A,ME1,ME2,MECP2,METAP2,METTL7A,MKNK1,MMP2,MSI2,MST1,MT1G,MX2,NAMPT,NCOR2,NDRG1,NIBAN1,NME1,NMI,NOLC1,NOTCH1,NPEPL1,NQO1,NRGN,NUP153,OGFRL1,P2RX4,P4HB,PARP12,PCNA,PDCD4,PDHX,PDIA3,PFKP,PHGDH,PIN1,PKM,PLG,PPAT,PPIF,PPM1A,PPP1CA,PPP2CA,PPP3CA,PPP4C,PPP4R2,PRKACB,PSME2,PTPN11,PTPN2,PTPN6,PTPRE,PXN,QSOX1,RAD23A,RALY,RHOA,RPL27A,RPS6KA1,RPS6KA3,S100A11,S100A4,S100A6,S100A9,SAMHD1,SAR1A,SDHA,SEL1L,SFXN3,SH3GLB1,SIRT6,SOD1,SON,SP1,SP100,SPRY2,SRM,SSBP1,STMN1,STOM,SUN2,TAF7,TAGLN2,TAP1,TAPBP,TDO2,TF,TFAM,TFB2M,TGFBI,TGM2,THBD,THBS1,TIMP2,TMSB10/TMSB4X,TOP2A,TOP2B,TPX2,TRAF1,TREM2,TRIM21,TTC13,TUBB,TUFM,UBE2I,UBE2L6,UTP18,VKORC1L1,VMP1,WIPF1,XPC,XPO1,YWHAH,ZDHHC3,ZNF318",224 (36),35,2hr_PROT_causal_unique,True,
206,RGS6, ,enzyme,"AKT1,ATM,CASP8,CDK1,CDK2,CHEK1,CHEK2,Creb,DNA-PK,E2f,ELF4,ERK1/2,FANCD2,FOXO3,GLI1,GSK3B,IGF1R,IKBKB,Jnk,MAP2K1,MAPK1,MAPK9,MDM4,Mek,NFkB (complex),NOTCH1,PRKAA,PRKAA1,PRKCE,RAC1,RGS6,SMC3,TP53,TP73,TRIM28,ZEB1",3,Inhibited,-2.806,1.54e-11,0.0482,"ABCE1,ACO1,ACSL3,ACTB,ADAR,ADGRE2,ADH5,ADK,AK1,AKT1,ALOX5,APOBEC3G,ARPC1B,ARPC5,ARRB1,ATG7,BAX,BID,BST2,BUB1B,C1QTNF3,C3,CA2,CASP1,CASP4,CASP8,CBX1,CDC42,CDK1,CDK6,CEBPA,CEBPZ,CHD3,CNTRL,COL1A2,COL3A1,COX4I1,CSE1L,CTCF,CTPS1,DDX21,DEGS1,DNM1,ECM1,EFHD2,EGLN1,EHD1,EIF2B1,ELOB,ELOC,ENDOD1,ERP29,EZR,FABP5,FAM3C,FBXO22,FDXR,FEN1,FHL1,FKBP3,FN1,FSCN1,FUBP1,G6PD,GALNT2,GAPDH,GART,GBP1,GCLC,GCLM,GDF15,GNL3,GPA33,GSK3A,GSK3B,GSPT1,GSR,GSS,H1-0,H2AX,HLA-DRB1,HMGB1,HSPA1A/HSPA1B,HSPA8,HSPB1,HTT,HYOU1,IDH2,IFI35,IGFBP2,IGFBP3,IL1B,IL1RN,IPO7,IQGAP2,IQGAP3,IREB2,ISCU,KYNU,LAP3,LBR,LDHA,LEMD3,LGALS1,LGALS3,LPL,MAD1L1,MANF,MAP2K2,MAPK1,MAT2A,ME1,ME2,MECP2,METAP2,METTL7A,MKNK1,MMP2,MSI2,MST1,MT1G,MX2,NAMPT,NCOR2,NDRG1,NIBAN1,NME1,NMI,NOLC1,NOTCH1,NPEPL1,NQO1,NRGN,NUP153,OGFRL1,P2RX4,P4HB,PARP12,PCNA,PDCD4,PDHX,PDIA3,PFKP,PHGDH,PIN1,PKM,PLG,PPAT,PPIF,PPM1A,PPP1CA,PPP2CA,PPP3CA,PPP4C,PPP4R2,PRKACB,PSME2,PTPN11,PTPN2,PTPN6,PTPRE,PXN,QSOX1,RAD23A,RALY,RHOA,RPL27A,RPS6KA1,RPS6KA3,S100A11,S100A4,S100A6,S100A9,SAMHD1,SAR1A,SDHA,SEL1L,SFXN3,SH3GLB1,SIRT6,SOD1,SON,SP1,SP100,SPRY2,SRM,SSBP1,STMN1,STOM,SUN2,TAF7,TAGLN2,TAP1,TAPBP,TDO2,TF,TFAM,TFB2M,TGFBI,TGM2,THBD,THBS1,TIMP2,TMSB10/TMSB4X,TOP2A,TOP2B,TPX2,TRAF1,TREM2,TRIM21,TTC13,TUBB,TUFM,UBE2I,UBE2L6,UTP18,VKORC1L1,VMP1,WIPF1,XPC,XPO1,YWHAH,ZDHHC3,ZNF318",224 (36),35,2hr_PROT_causal_unique,True,
207,ACOX1,0.367,enzyme,"ACOX1,AKT1,ATM,CASP8,CDK2,CHEK2,Creb,E2f,ELF4,ERK1/2,FANCD2,FOXO3,GLI1,GSK3B,IGF1R,IKBKB,Jnk,MAP2K1,MAPK1,MAPK9,MDM4,Mek,NFkB (complex),NOTCH1,PRKAA,PRKAA1,PRKCE,RAC1,SMC3,TP53,TP73,TRIM28,ZEB1",3,Inhibited,-2.673,1.54e-11,0.0482,"ABCE1,ACO1,ACSL3,ACTB,ADAR,ADGRE2,ADH5,ADK,AK1,AKT1,ALOX5,APOBEC3G,ARPC1B,ARPC5,ARRB1,ATG7,BAX,BID,BST2,BUB1B,C1QTNF3,C3,CA2,CASP1,CASP4,CASP8,CBX1,CDC42,CDK1,CDK6,CEBPA,CEBPZ,CHD3,CNTRL,COL1A2,COL3A1,COX4I1,CSE1L,CTCF,CTPS1,DDX21,DEGS1,DNM1,ECM1,EFHD2,EGLN1,EHD1,EIF2B1,ELOB,ELOC,ENDOD1,ERP29,EZR,FABP5,FAM3C,FBXO22,FDXR,FEN1,FHL1,FKBP3,FN1,FSCN1,FUBP1,G6PD,GALNT2,GAPDH,GART,GBP1,GCLC,GCLM,GDF15,GNL3,GPA33,GSK3A,GSK3B,GSPT1,GSR,GSS,H1-0,H2AX,HLA-DRB1,HMGB1,HSPA1A/HSPA1B,HSPA8,HSPB1,HTT,HYOU1,IDH2,IFI35,IGFBP2,IGFBP3,IL1B,IL1RN,IPO7,IQGAP2,IQGAP3,IREB2,ISCU,KYNU,LAP3,LBR,LDHA,LEMD3,LGALS1,LGALS3,LPL,MAD1L1,MANF,MAP2K2,MAPK1,MAT2A,ME1,ME2,MECP2,METAP2,METTL7A,MKNK1,MMP2,MSI2,MST1,MT1G,MX2,NAMPT,NCOR2,NDRG1,NIBAN1,NME1,NMI,NOLC1,NOTCH1,NPEPL1,NQO1,NRGN,NUP153,OGFRL1,P2RX4,P4HB,PARP12,PCNA,PDCD4,PDHX,PDIA3,PFKP,PHGDH,PIN1,PKM,PLG,PPAT,PPIF,PPM1A,PPP1CA,PPP2CA,PPP3CA,PPP4C,PPP4R2,PRKACB,PSME2,PTPN11,PTPN2,PTPN6,PTPRE,PXN,QSOX1,RAD23A,RALY,RHOA,RPL27A,RPS6KA1,RPS6KA3,S100A11,S100A4,S100A6,S100A9,SAMHD1,SAR1A,SDHA,SEL1L,SFXN3,SH3GLB1,SIRT6,SOD1,SON,SP1,SP100,SPRY2,SRM,SSBP1,STMN1,STOM,SUN2,TAF7,TAGLN2,TAP1,TAPBP,TDO2,TF,TFAM,TFB2M,TGFBI,TGM2,THBD,THBS1,TIMP2,TMSB10/TMSB4X,TOP2A,TOP2B,TPX2,TRAF1,TREM2,TRIM21,TTC13,TUBB,TUFM,UBE2I,UBE2L6,UTP18,VKORC1L1,VMP1,WIPF1,XPC,XPO1,YWHAH,ZDHHC3,ZNF318",224 (33),33,2hr_PROT_causal_unique,True,
225,HSP90AA1,-0.961,enzyme,"ACKR1,Akt,AKT1,c-Src,CDK2,CTNNB1,EGFR,EGR1,ERBB2,ERBB3,ERK,ERK1/2,GSK3B,HDAC6,HIF1A,HSP90AA1,IGF1R,ITGB4,Jnk,JUN,LATS1,MAP2K1/2,Mapk,MAPK1,MAPK3,MET,NFkB (complex),P38 MAPK,PARP1,PGR,PLK1,RAC1,RHOA,SHC1,SMAD3,SP1,STAT3,TAB1,YAP1",3,Inhibited,-3.8569999999999998,3.7799999999999995e-11,0.0435,"ACO1,ADAM10,ADAR,AGO2,AKT1,ALDOA,APOBEC3G,APOC3,APOE,ARRB1,ATG7,ATXN10,B3GALT6,BPNT2,BST2,CAPN2,CARS1,CASP4,CASP8,CBS/CBSL,CD14,CD70,CDC37,CDK1,CDK6,CDKN2C,CEBPA,CHD7,CKAP4,COL1A2,COL6A3,CPT2,CTCF,DDX21,DPYSL2,DTYMK,EED,EGLN1,EGR2,EHD1,EIF1AX,EIF4E,EIF4G1,ERP29,EZH2,EZR,FABP4,FABP5,FDXR,FHL1,FLI1,FN1,FSCN1,GAPDH,GART,GBP1,GBP2,GCLC,GCLM,GLO1,GLUL,GOT1,GPX4,GSPT1,GSTM3,GSTP1,H2BC12,HGSNAT,HINT1,HMGB2,HNRNPA1,HNRNPA2B1,HNRNPH1,HSPB1,IFI35,IGF2,IGFBP2,IGFBP3,IRF5,ITPR1,JAK1,JMJD6,JUN,KAT2B,KIFC1,KYNU,LAMB1,LAMP1,LAP3,LDHA,LIG3,LIMS1,LTF,MAP2K2,MATK,MBD2,MECP2,MIF,MKI67,MKNK1,MTA2,MX2,MYD88,NAE1,NAMPT,NAT1,NCOR2,NDUFB8,NFKB1,NMI,NOTCH1,NQO1,NUCKS1,NUDCD2,NVL,PAICS,PARP12,PCNA,PDLIM1,PEA15,PELP1,PFDN1,PFKP,PGK1,PHGDH,PIK3CD,PIN1,PKM,PLG,POLDIP2,POLR2A,POSTN,PPAT,PPIA,PPIF,PPP3CA,PRKAR1A,PRPS1,PSIP1,PSMB3,PSMB5,PSME2,PTPN2,PTPRE,PXN,RAD23A,RASA1,RHOA,RHOC,RPA1,RSAD2,S100A8,SAMHD1,SAR1A,SDHB,SERPINB8,SH3GLB1,SIRT6,SLC9A3R1,SOD1,SP1,SP100,SPRY2,SRSF1,STAT3,STMN1,STT3B,SUN1,SUN2,SYK,TAPBP,TDO2,TGFBI,TGM2,TMED10,TMED9,TMX3,TOP1,TPM1,TRADD,TRAF1,TRIM21,TXN,UBE2I,UBE2L6,UGDH,UGP2,UQCRC2,UTP18,VASP,VCL,VIM,WAS,ZEB2,ZNF318,ZYX",196 (39),37,2hr_PROT_causal_unique,True,
226,AGT, ,growth factor,"AGT,Akt,AKT1,CTNNB1,EGFR,EGR1,ERBB3,ERK,ERK1/2,GSK3B,HDAC6,HIF1A,ITGB4,Jnk,JUN,MAP2K1/2,Mapk,MAPK1,MAPK3,MET,NFkB (complex),P38 MAPK,PARP1,PGR,RAC1,RHOA,SHC1,SMAD3,SP1,STAT3,TAB1",3,Inhibited,-3.24,3.820000000000001e-11,0.0191,"ACO1,ADAM10,ADAR,AGO2,AKT1,ALDOA,APOBEC3G,APOC3,APOE,ARRB1,ATG7,ATXN10,BAX,BST2,CAPN2,CARS1,CASP4,CBS/CBSL,CD70,CDK1,CDKN2C,CEBPA,CKAP4,COL1A1,COL1A2,CPT2,CTCF,DDX21,DPYSL2,EED,EGLN1,EGR2,EHD1,EIF1AX,EIF4E,EIF4G1,ERP29,EZH2,EZR,FABP4,FABP5,FDXR,FHL1,FLI1,FSCN1,GAPDH,GBP1,GBP2,GCLC,GCLM,GLUL,GOT1,GPX4,GSPT1,GSTM3,GSTP1,H2AX,H2BC12,HINT1,HMGB2,HNRNPA1,HNRNPA2B1,HNRNPH1,HSPB1,IFI35,IGF2,IGFBP3,IRF5,ITPR1,JAK1,JMJD6,JUN,KAT2B,KIFC1,KYNU,LAP3,LDHA,LIMS1,MAP2K2,MATK,MBD2,MECP2,MIF,MKI67,MKNK1,MTA2,MX2,MYD88,NAE1,NAMPT,NAT1,NDUFB8,NFKB1,NMI,NOTCH1,NPC1,NQO1,NUCKS1,NUDCD2,NVL,PARP12,PCNA,PDLIM1,PEA15,PELP1,PFDN1,PFKP,PGK1,PHGDH,PKM,PLG,POSTN,PPIA,PPIF,PPP3CA,PRKAR1A,PSIP1,PSMB3,PSMB5,PSME2,PTPN2,PTPRE,PXN,RAD23A,RASA1,RHOC,RSAD2,S100A8,SAMHD1,SAR1A,SDHB,SERPINB8,SH3GLB1,SIRT6,SLC9A3R1,SOD1,SP1,SP100,SPRY2,SRSF1,STAT3,STMN1,SUN2,SYK,TAPBP,TDO2,TGFBI,TGM2,THBS1,TK1,TMED10,TOP2A,TRADD,TRAF1,TRIM21,TXN,UBE2I,UBE2L6,UGDH,UQCRC2,UTP18,VASP,VCL,VIM,WAS,ZEB2,ZNF318,ZYX",168 (31),31,2hr_PROT_causal_unique,True,
237,FANCG, ,other,"ATM,CASP8,CHEK1,CHEK2,DAXX,DNA-PK,E2f,EIF2AK2,ELF4,ERK1/2,FANCD2,FANCG,IKBKB,IRF3,Jnk,JUN,LAMTOR5,MAPK1,MDM4,NFkB (complex),PRKDC,RB1,SMC3,STAT3,TP53,TRIM28,ZEB1",3,Activated,2.068,6.59e-11,0.0097,"ACSL3,ADAR,ADH5,AK1,AKT1,AKT2,ARPC1B,ARRB1,BAX,BID,BST2,BUB1B,C3,CA2,CASP1,CASP8,CBX1,CD46,CDK1,CEBPA,CHD3,COL1A2,COL3A1,CSE1L,CTCF,DNM1,ECM1,EGLN1,EGR2,EHD1,EIF2B1,EIF4E,ERP29,EZR,FABP5,FAM3C,FBXO22,FDXR,FEN1,FKBP3,FKBP5,FN1,FUBP1,GART,GBP1,GNL3,GOT1,GSK3A,GSK3B,GSR,H2AX,HLA-DRB1,HMGB1,HSPA1A/HSPA1B,HSPA8,HTT,IFI35,IGFBP3,IL1RN,IPO7,IREB2,IRF5,ISCU,JUN,KAT2B,KRT10,KYNU,LAP3,LBR,MAD1L1,MANF,MAPK1,MAT2A,ME1,ME2,MECP2,MKNK1,MST1,MT1G,MX2,NFKB1,NIBAN1,NME1,NMI,NOLC1,NUP153,P2RX4,P4HB,PARP12,PCNA,PDHX,PFKP,PGK1,PHGDH,PKM,PLG,PPM1A,PPP1CA,PPP2CA,PPP3CA,PPP4C,PPP4R2,PSIP1,PSMB5,PSME2,PTPN11,PTPN2,PTPN6,PTPRE,PXN,RAD23A,RALY,RASA1,RBL2,RSAD2,S100A4,SAMHD1,SAR1A,SDHA,SEL1L,SOD1,SON,SP100,SPRY2,SSBP1,STAT1,STK4,STMN1,STOM,SUN2,SYK,TAF7,TAGLN2,TAPBP,TDO2,TF,TFAM,TGFBI,TGM2,THBD,THBS1,TMSB10/TMSB4X,TOP2A,TOP2B,TPX2,TRAF1,TRIM21,TUBB,UBE2I,UBE2L6,UTP18,VKORC1L1,WAS,XPC,XPO1,YWHAH,ZEB2,ZNF318",158 (27),26,2hr_PROT_causal_unique,True,
246,TDGF1, ,growth factor,"Akt,AKT1,ATF2,CASP9,CEBPA,CHEK1,Creb,CTNNB1,EGR1,ELK1,ERBB2,ERBB4,ERK1/2,EZH2,FANCD2,FOXO1,FOXO3,Gsk3,GSK3B,IGF1R,IRF4,Jnk,MAPK1,MAPK3,MAPK8,MED1,MMP2,MTOR,MYC,NR4A1,P38 MAPK,PDGFRA,PHB2,PI3K (family),PI3K p85,RAC1,RB1,RHOA,SP1,SREBF2,STAT3,TDGF1,TFEB,YBX1",3,Inhibited,-3.239,1.08e-10,0.0459,"A2M,ACO1,ACTB,ADAR,AKR1B1,AKT1,ALB,ARRB1,ASNS,ATG7,B3GALT6,BAG1,BAX,BCAT1,BCOR,BPNT2,BST2,BZW2,C3,CASP1,CBS/CBSL,CD151,CD46,CD70,CDC37,CDC42,CDK1,CDK6,CEBPA,CHD7,CLCN7,COL6A3,COX5A,DAB2,DTYMK,EDF1,EEF1A2,EFEMP1,EIF4E,EIF4G1,ENO3,ERP29,EZH2,EZR,FABP4,FBL,FBP1,FDPS,FDXR,FKBP5,FN1,FSCN1,GART,GCLC,GCLM,GDF15,GLO1,GNS,GSPT1,GSR,GSS,H1-10,H2AX,HGSNAT,HINT1,HNRNPH1,HSP90AA1,HSPB1,HSPD1,HSPH1,HYOU1,IDH1,IGF2,IGFBP2,IGLL1/IGLL5,IL1B,IL1RN,INPP5D,IPO7,IQGAP2,IRF8,JAK1,JUN,KAT2B,KIFC1,KRT10,LAMB1,LAP3,LBR,LDHA,LEMD3,LIG3,LTF,MAD1L1,MANF,MAP2K2,MECP2,MIF,MKI67,MKNK1,MMP2,MTHFD2,MX2,MYD88,NCAM1,NDRG1,NDUFB8,NEU1,NIBAN1,NMI,NOLC1,NOP56,NOTCH1,NPC1,NQO1,PAICS,PARP12,PDCD4,PEA15,PGK1,PIK3CD,PIP4P1,PKM,PLG,POLDIP2,POLR2A,PPAT,PPP2R1A,PPP3CA,PPP3CB,PREP,PREX1,PRPS1,PSIP1,PSMB5,PSMB9,PSME2,PTPN2,PTPRE,RABGAP1L,RAD23A,RBL2,RHOC,RPA1,S100A9,SAE1,SAMHD1,SDHB,SERPINB1,SERPINF1,SH3GLB1,SIRT6,SLC9A3R1,SOD1,SP1,SP100,SPC25,SRSF1,STAT1,STAT3,STT3B,SUMO1,SUMO2,SUMO3,SUN1,SUN2,TAP1,TAPBP,THBD,TK1,TMED10,TMED9,TMX3,TOP1,TOP2A,TPM1,TRADD,TUBB2A,TXN,UBA2,UBE2I,UBE2L6,UGDH,UQCRC2,UQCRQ,UTP18,VCL,VPS26A,VPS35,WAS,WRN,XPO1,ZNF318",193 (44),43,2hr_PROT_causal_unique,True,
270,LETM1,0.737,transporter,"Akt,AKT1,AMPK,AR,ATF2,CASP9,CHEK1,CHEK2,CREB1,EGFR,EGR1,ERBB3,ERK1/2,estrogen receptor,EZH2,FOXO1,GSK3B,IRF3,LETM1,MTOR,MYC,NCOA3,NR4A1,PDGFRA,PHB2,PI3K (family),PTEN,RAC1,RB1,SP1,SREBF2,STAT3,TFEB,YBX1",3,Inhibited,-3.429,1.36e-09,0.0359,"ACO2,ACTB,ACTR3,ADH5,AIFM1,AKT1,AKT2,ARF4,ARRB1,ASNS,BAG1,BCAT1,BCOR,BUB1B,BZW2,CA2,CAPG,CASP1,CAST,CBS/CBSL,CD151,CDK1,CDK6,CDKN2C,CKAP4,CLCN7,CLGN,COL3A1,COL9A2,COX5A,DAB2,DEGS1,DNM1L,DR1,EFEMP1,EIF4E,EIF4G1,ENO3,EZH2,EZR,FBL,FBP1,FDPS,FEN1,FKBP4,FKBP5,FSCN1,GCLC,GCLM,GDI1,GNS,GSPT1,GSR,GSS,H2AX,HINT1,HNRNPA1,HNRNPA2B1,HNRNPH1,HSPA1A/HSPA1B,HSPB1,HSPD1,HSPH1,HYOU1,IDH1,IGF2,IPO7,IQGAP2,IRF5,KAT2B,KRT10,LAMP1,LDHA,LMAN1,MAP2K2,MKI67,MKNK1,MMP2,MSN,MTA2,MTHFD2,MX2,MYD88,NAP1L1,NCAM1,NCF1,NDRG1,NDUFB8,NEU1,NIBAN1,NOLC1,NOP56,NOTCH1,NPC1,NQO1,P4HA1,PCNA,PDCD4,PDIA5,PEA15,PGK1,PHGDH,PIP4P1,PLG,POSTN,PPIA,PPM1F,PREP,PREX1,PRKAR1A,PSIP1,PSMB3,PSMB5,PTPN2,PTPRE,PXN,RBL2,S100A4,SAE1,SDHA,SDHB,SH3GLB1,SIRT6,SP1,SP100,SPC25,SPRY2,STMN1,SUMO1,SUMO2,SUMO3,TAPBP,TFAM,TIMP2,TK1,TKT,TMED10,TOP2A,TPX2,TXN,UBA2,UBE2I,UGDH,UQCRC2,UQCRQ,VPS26A,VPS35,WAS,WRN,XPO1",150 (34),34,2hr_PROT_causal_unique,True,
284,RECQL,-0.234,enzyme,"Akt,ATF2,ATR,CASP2,CHEK1,CREB1,E2F3,ERK1/2,GSK3B,Jnk,JUN,NCL,NFkB (complex),P38 MAPK,PLK1,RECQL,RELA,SRC,TP53,XPA",3,Inhibited,-2.182,4.1999999999999996e-09,0.0468,"ACO1,ACSL3,ACTB,AK1,AKT1,ARHGDIB,ARPC1A,ARPC1B,ARRB1,ASNS,ATG7,BAX,BID,BUB1B,CASP1,CASP4,CASP8,CD46,CD70,CDK1,CEBPA,CHD3,CTCF,CTNND1,DNM1,ECM1,EGLN1,EGR2,EIF2B1,EZH2,EZR,FABP4,FABP5,FAM3C,FBXO22,FDXR,FEN1,FKBP3,FKBP5,FUBP1,GART,GBP1,GDF15,GNL3,GOT1,GSK3A,GSK3B,GSR,GSS,H1-2,H2AX,H2BC11,HMGB1,HMGB2,HSPA8,HSPD1,HTT,IGF2,IGFBP3,IL1RN,IPO7,IREB2,ISCU,JUN,KYNU,LBR,LDHA,LGALS3,LPL,MAD1L1,MAPK1,MAT2A,ME1,ME2,MIF,MKI67,MKNK1,MST1,NCAM1,NDRG1,NDUFB8,NME1,NOLC1,NUCKS1,NUP153,P2RX4,PCNA,PDCD4,PDHX,PEA15,PFKP,PHGDH,PIN1,PKM,PLG,PPM1A,PPP1CA,PPP2CA,PPP3CA,PPP4C,PPP4R2,PSMB9,PTPN11,PTPN6,PTPRE,RAD23A,RALY,RASA1,S100A4,S100A8,SAR1A,SDHB,SEL1L,SH3GLB1,SIRT6,SMAP2,SON,STAT1,STK4,STMN1,STOM,SYK,TAGLN2,TAPBP,TDO2,TFAM,THBD,TM9SF2,TMED10,TMPO,TMSB10/TMSB4X,TOP1,TOP2A,TOP2B,TPX2,TRADD,TRAF1,TUBB,UQCRC2,XPC,XPO1,YWHAH",142 (20),19,2hr_PROT_causal_unique,True,
285,RAD51, ,enzyme,"Akt,ATF2,ATR,CASP2,CHEK1,CREB1,E2F3,ERK1/2,GSK3B,Jnk,JUN,NCL,NFkB (complex),P38 MAPK,PLK1,RAD51,RELA,SRC,TP53,XPA",3,Activated,2.182,4.1999999999999996e-09,0.0452,"ACO1,ACSL3,ACTB,AK1,AKT1,ARHGDIB,ARPC1A,ARPC1B,ARRB1,ASNS,ATG7,BAX,BID,BUB1B,CASP1,CASP4,CASP8,CD46,CD70,CDK1,CEBPA,CHD3,CTCF,CTNND1,DNM1,ECM1,EGLN1,EGR2,EIF2B1,EZH2,EZR,FABP4,FABP5,FAM3C,FBXO22,FDXR,FEN1,FKBP3,FKBP5,FUBP1,GART,GBP1,GDF15,GNL3,GOT1,GSK3A,GSK3B,GSR,GSS,H1-2,H2AX,H2BC11,HMGB1,HMGB2,HSPA8,HSPD1,HTT,IGF2,IGFBP3,IL1RN,IPO7,IREB2,ISCU,JUN,KYNU,LBR,LDHA,LGALS3,LPL,MAD1L1,MAPK1,MAT2A,ME1,ME2,MIF,MKI67,MKNK1,MST1,NCAM1,NDRG1,NDUFB8,NME1,NOLC1,NUCKS1,NUP153,P2RX4,PCNA,PDCD4,PDHX,PEA15,PFKP,PHGDH,PIN1,PKM,PLG,PPM1A,PPP1CA,PPP2CA,PPP3CA,PPP4C,PPP4R2,PSMB9,PTPN11,PTPN6,PTPRE,RAD23A,RALY,RASA1,S100A4,S100A8,SAR1A,SDHB,SEL1L,SH3GLB1,SIRT6,SMAP2,SON,STAT1,STK4,STMN1,STOM,SYK,TAGLN2,TAPBP,TDO2,TFAM,THBD,TM9SF2,TMED10,TMPO,TMSB10/TMSB4X,TOP1,TOP2A,TOP2B,TPX2,TRADD,TRAF1,TUBB,UQCRC2,XPC,XPO1,YWHAH",142 (20),19,2hr_PROT_causal_unique,True,
305,EPS8,-1.903,peptidase,"Akt,AKT1,CASP8,CDH1,CHUK,CLTC,EGFR,EPS8,ERK,ERK1/2,Focal adhesion kinase,FOS,IKBKB,IQGAP1,Mapk,MAPK1,MAPK9,NANOG,NFkB (complex),PLSCR1,PRKAA,RAC1,RB1,RHOA,RHOC,SRC,STAT3,STAT5a/b,YAP/TAZ,YAP1",3,Inhibited,-2.041,9.95e-09,0.0133,"ACO1,ACTB,ADAR,AGO2,APOA4,APOBEC3G,APOC3,ARRB1,BST2,C3,CASP4,CASP8,CD74,CDC42,CDK6,CDKN2C,COL1A1,CSE1L,CTCF,DTYMK,EGLN1,EIF4E,ERP29,EZH2,EZR,FABP5,FKBP5,FSCN1,FUS,GAPDH,GBP1,GCLC,GCLM,GDF15,GLUL,GMFG,GOT1,GSPT1,GSR,GSS,H2AX,HNRNPA1,HNRNPA2B1,HSPA1A/HSPA1B,HYOU1,IDI1,IFI35,IGFBP3,IRAG2,ITGB2,ITPR1,KAT2B,KRT10,KYNU,LAP3,LCP2,LDHA,LGALS1,LMNA,LPL,MAP2K2,MAT2A,MECP2,METAP2,MKI67,MKNK1,MMP2,MTA2,MX2,NAMPT,NDRG1,NDUFB8,NIFK,NMI,NOTCH1,NQO1,PARP12,PCNA,PDCD4,PDIA3,PEA15,PGK1,PKM,POSTN,PPIA,PRKAR1A,PSAT1,PSIP1,PSMB3,PSMB5,PSME2,PTPN2,PTPRE,PXN,RBL2,RHOA,RHOC,S100A6,SAMHD1,SAR1A,SDHB,SET,SOD1,SP1,SP100,SPRY2,SRRT,SRSF1,STAT3,STIP1,SUN2,TAPBP,TDO2,TGM2,THBS1,TK1,TMED10,TRIM21,UBE2I,UBE2L6,UGP2,UQCRC2,UTP18,WAS,YWHAE,ZEB2,ZNF318",127 (30),29,2hr_PROT_causal_unique,True,
306,CA3, ,enzyme,"Akt,AKT1,CA3,CASP8,CDH1,CHUK,CLTC,EGFR,ERK,ERK1/2,Focal adhesion kinase,FOS,IKBKB,IQGAP1,Mapk,MAPK1,MAPK9,NANOG,NFkB (complex),PLSCR1,PRKAA,RAC1,RB1,RHOA,RHOC,SRC,STAT3,STAT5a/b,YAP/TAZ,YAP1",3,Inhibited,-2.041,9.95e-09,0.0133,"ACO1,ACTB,ADAR,AGO2,APOA4,APOBEC3G,APOC3,ARRB1,BST2,C3,CASP4,CASP8,CD74,CDC42,CDK6,CDKN2C,COL1A1,CSE1L,CTCF,DTYMK,EGLN1,EIF4E,ERP29,EZH2,EZR,FABP5,FKBP5,FSCN1,FUS,GAPDH,GBP1,GCLC,GCLM,GDF15,GLUL,GMFG,GOT1,GSPT1,GSR,GSS,H2AX,HNRNPA1,HNRNPA2B1,HSPA1A/HSPA1B,HYOU1,IDI1,IFI35,IGFBP3,IRAG2,ITGB2,ITPR1,KAT2B,KRT10,KYNU,LAP3,LCP2,LDHA,LGALS1,LMNA,LPL,MAP2K2,MAT2A,MECP2,METAP2,MKI67,MKNK1,MMP2,MTA2,MX2,NAMPT,NDRG1,NDUFB8,NIFK,NMI,NOTCH1,NQO1,PARP12,PCNA,PDCD4,PDIA3,PEA15,PGK1,PKM,POSTN,PPIA,PRKAR1A,PSAT1,PSIP1,PSMB3,PSMB5,PSME2,PTPN2,PTPRE,PXN,RBL2,RHOA,RHOC,S100A6,SAMHD1,SAR1A,SDHB,SET,SOD1,SP1,SP100,SPRY2,SRRT,SRSF1,STAT3,STIP1,SUN2,TAPBP,TDO2,TGM2,THBS1,TK1,TMED10,TRIM21,UBE2I,UBE2L6,UGP2,UQCRC2,UTP18,WAS,YWHAE,ZEB2,ZNF318",127 (30),29,2hr_PROT_causal_unique,True,
336,RPS6KA1,-0.970,kinase,"ATM,CASP2,CHEK1,Creb,E2F3,ERK1/2,FANCD2,PLK1,PPARG,RELA,RPS6KA1,SRC,TP53",3,Inhibited,-2.025,2.89e-08,0.0429,"ACO1,ACSL3,ACTB,ADH5,AK1,AKT1,ARHGDIB,ARPC1A,ARPC1B,ARRB1,ATG7,BAX,BID,BUB1B,C3,CASP1,CASP4,CASP8,CDK1,CEBPA,CHD3,COL1A1,COL1A2,COL3A1,CTCF,CTNND1,DNM1,ECM1,EGLN1,EIF2B1,EZR,FABP4,FAM3C,FBXO22,FDXR,FEN1,FKBP3,FKBP5,FSCN1,FUBP1,GART,GBP1,GDF15,GNL3,GSK3A,GSK3B,GSR,H1-2,H2AX,H2BC11,HMGB1,HMGB2,HSPA8,HSPD1,HTT,IGF2,IGFBP3,IL1RN,IPO7,IREB2,ISCU,JUN,LBR,LDHA,LGALS3,LPL,MAD1L1,MAPK1,MAT2A,ME1,ME2,MKNK1,MMP2,MST1,NAMPT,NCAM1,NDRG1,NME1,NOLC1,NOTCH1,NUCKS1,NUP153,P2RX4,PCNA,PDHX,PFKP,PHGDH,PIN1,PKM,PPM1A,PPP1CA,PPP2CA,PPP3CA,PPP4C,PPP4R2,PSMB9,PTPN11,PTPN6,PTPRE,PXN,RAD23A,RALY,RBP4,S100A4,S100A8,SEL1L,SHBG,SIRT6,SMAP2,SOD1,SON,STK4,STMN1,STOM,TAGLN2,TAPBP,TFAM,THBD,TM9SF2,TMPO,TMSB10/TMSB4X,TOP2A,TOP2B,TPX2,TRAF1,TUBB,XPC,XPO1,YWHAH",129 (13),12,2hr_PROT_causal_unique,True,
349,mir-204, ,microRNA,"Akt,AKT1,CASP8,CDH1,CHUK,CLTC,EGFR,ERK,ERK1/2,Focal adhesion kinase,FOS,IKBKB,IQGAP1,Mapk,MAPK1,MAPK9,mir-204,Nfat (family),NFkB (complex),P38 MAPK,PLSCR1,PRKAA,RAC1,RB1,RHOA,RHOC,SRC,STAT3,STAT5a/b,YAP/TAZ,YAP1",3,Activated,2.105,4.79e-08,0.0489,"ACO1,ACTB,ADAR,AGO2,APOA4,APOBEC3G,APOC3,ARRB1,BST2,C3,CASP4,CASP8,CBFB,CD70,CD74,CDC42,CDK6,CDKN2C,COL1A1,CSE1L,CTCF,DTYMK,EGLN1,EGR2,EIF4E,ERP29,EZH2,EZR,FABP4,FABP5,FDXR,FKBP5,FSCN1,GAPDH,GBP1,GCLC,GCLM,GDF15,GLUL,GOT1,GSPT1,GSR,GSS,H2AX,HNRNPA1,HNRNPA2B1,HNRNPH1,HYOU1,IDI1,IFI35,IGFBP3,IL1B,IRAG2,ITGB2,ITPR1,JUN,KAT2B,KRT10,KYNU,LAP3,LCP2,LDHA,LMNA,LPL,MAP2K2,MAT2A,MECP2,METAP2,MIF,MKI67,MKNK1,MMP2,MTA2,MX2,NAMPT,NDRG1,NDUFB8,NFKB1,NIFK,NMI,NOTCH1,NQO1,PARP12,PCNA,PDIA3,PEA15,PGK1,PKM,POSTN,PPIA,PRKAR1A,PSAT1,PSIP1,PSMB3,PSMB5,PSME2,PTPN11,PTPN2,PTPRE,PXN,RBL2,RHOA,RHOC,SAMHD1,SAR1A,SDHB,SOD1,SP1,SP100,SPRY2,SRSF1,STAT3,STIP1,SUN2,TAPBP,TDO2,TGM2,THBS1,TK1,TMED10,TRADD,TRIM21,UBE2I,UBE2L6,UGP2,UQCRC2,UTP18,WAS,ZEB2,ZNF318",130 (31),31,2hr_PROT_causal_unique,True,
360,PKM,-1.539,kinase,PKM,1,Inhibited,-2.6830000000000003,1.54e-07,0.0001,"ALDOA,ENO1,ENO3,FBP1,GAPDH,GGT1,GSR,IL1B,LDHA,LSS,MMP2,NDUFB8,PGLS,PRPS1,RPE,SDHB,STAT3,TALDO1,TFAM,UQCRC2",20 (1),1,2hr_PROT_causal_unique,True,True
373,MAPK3,-1.396,kinase,"ADAM10,CHEK2,EGFR,EIF4E,ERK1/2,LIN28A,MAPK3,MDM2,MET,MTOR,P38 MAPK,PI3K (family),RAC1,RHOA,RPS6KB1,RPTOR,SPHK2,SREBF1,SREBF2,TFEB",3,Inhibited,-3.305,2.44e-06,0.031,"ADH5,AGO2,ALDOA,ARF4,ARRB1,C3,CAP2,CASP1,CD14,CD46,CD70,CDK1,CEBPA,CFI,CLCN7,COX4I1,CSRP1,CYP51A1,EGR2,EZR,FABP4,FDPS,FDXR,FUS,GBP1,GCLC,GCLM,GDF15,GNS,GSPT1,HNRNPA1,HNRNPA2B1,HNRNPF,HNRNPH1,HSPB1,HSPH1,IDH1,IGFBP3,IL1RN,JUN,LAMP1,MAP2K2,MIF,MKNK1,MTA2,NEU1,NFKB1,NPC1,NQO1,PIP4P1,PKM,POSTN,PPCS,PPIA,PREX1,PRKAR1A,PSMB3,PSMB5,PSMB9,PTPRE,PXN,RHOC,RNASET2,SDHA,SIRT6,SREBF2,SRSF1,STAT1,STAT3,TAP1,TAPBP,TGM2,THBS1,TRADD,VPS26A,VPS35,ZEB2",77 (20),17,2hr_PROT_causal_unique,True,
387,HPSE, ,enzyme,"Akt,EGFR,ERK,ERK1/2,HPSE",2,Inhibited,-2.38,1.49e-05,0.0115,"AGO2,AKT1,APOBEC3G,ARRB1,C3,CEBPA,COL1A1,EZH2,EZR,FKBP5,FN1,GBP1,GDF15,GSR,GSS,HNRNPA1,HNRNPA2B1,HNRNPH1,IGFBP3,IL1B,ITGB2,JUN,MAP2K2,MKNK1,MMP2,MTA2,NDRG1,NDUFB8,NOTCH1,PEA15,PKM,PLG,POSTN,PPIA,PRKAR1A,PSMB3,PSMB5,PSMB9,PTPRE,SDHB,SIRT6,SRSF1,STAT1,TAP1,TAPBP,TGM2,THBS1,TMED10,UQCRC2,VIM,ZEB2",51 (5),4,2hr_PROT_causal_unique,True,
391,NCAM1,1.258,other,"EGFR,NCAM1",2,Activated,2.6,1.88e-05,0.0009,"AGO2,AKT1,GBP1,HNRNPA1,HNRNPA2B1,HNRNPH1,HSPA4,IGFBP3,JUN,MTA2,NDUFB8,PKM,POSTN,PPIA,PRKAR1A,PSMB3,PSMB5,PTPRE,SDHB,SRSF1,TGM2,THBS1,UQCRC2,VIM,ZEB2",25 (2),2,2hr_PROT_causal_unique,True,
393,PTPN1,-0.189,phosphatase,"AKT1,CYP19A1,EGFR,PTPN1,STAT3,STAT6",2,Activated,2.714,1.93e-05,0.0189,"AGO2,AKT1,CASP4,CD46,COL1A1,FABP4,FN1,FSCN1,GCLC,GCLM,GSR,GSS,HNRNPA1,HNRNPA2B1,HNRNPH1,IGFBP3,IL1B,JUN,KAT2B,LDHA,MTA2,NAMPT,NDRG1,NDUFB8,NOTCH1,NQO1,PCNA,PGK1,PKM,PLG,POSTN,PPIA,PRKAR1A,PSIP1,PSMB3,PSMB5,PTPN2,PTPRE,SDHB,SIRT6,SP1,SRSF1,STAT1,TGM2,UQCRC2,VIM,WAS,WIPF1,ZEB2",49 (6),5,2hr_PROT_causal_unique,True,
394,CAB39L, ,kinase,CAB39L,1,Activated,3.6060000000000003,2.0600000000000003e-05,0.0006,"ATP5F1E,COX17,COX4I1,COX5B,COX6C,NDUFB10,NDUFB11,NDUFB8,NDUFB9,NDUFS4,NDUFV2,UQCRB,UQCRQ",13 (1),1,2hr_PROT_causal_unique,True,True
395,ANO1, ,ion channel,"ANO1,EGFR",2,Inhibited,-2.449,2.09e-05,0.0008,"AGO2,AKT1,GBP1,HNRNPA1,HNRNPA2B1,HNRNPH1,IGFBP3,JUN,MTA2,NDUFB8,NOTCH1,PKM,POSTN,PPIA,PRKAR1A,PSMB3,PSMB5,PTPRE,SDHB,SRSF1,TGM2,UQCRC2,VIM,ZEB2",24 (2),2,2hr_PROT_causal_unique,True,
401,EPAS1, ,transcription regulator,"Akt,CTNNB1,EGFR,EPAS1,ERBB4,ERK1/2,IGF1R,MTORC1",2,Inhibited,-2.474,2.44e-05,0.0363,"AGO2,AKT1,ARRB1,C3,CDC42,CEBPA,CKB,CKM,EZH2,EZR,FHL1,FKBP5,GBP1,GDF15,GSR,GSS,HNRNPA1,HNRNPA2B1,HNRNPH1,IGFBP2,IGFBP3,IL1B,JUN,KIFC1,MAP2K2,MAT2A,MKNK1,MMP2,MTA2,NDUFB8,NOTCH1,PEA15,PELP1,PGK1,PKM,PLG,POSTN,PPIA,PPP3CA,PRKAR1A,PSMB3,PSMB5,PSMB9,PTPRE,RAD23A,RHOA,SDHB,SLC9A3R1,SRSF1,STAT3,TAP1,TAPBP,TGM2,TMED10,TRAF1,UGP2,UQCRC2,VIM,ZEB2",59 (8),8,2hr_PROT_causal_unique,True,
403,AGT, ,growth factor,"AGT,EGFR",2,Inhibited,-2.449,2.48e-05,0.0009,"AGO2,AKT1,COL1A1,GBP1,HNRNPA1,HNRNPA2B1,HNRNPH1,IGFBP3,JUN,MTA2,NDUFB8,PKM,POSTN,PPIA,PRKAR1A,PSMB3,PSMB5,PTPRE,SDHB,SRSF1,TGM2,UQCRC2,VIM,ZEB2",24 (2),2,2hr_PROT_causal_unique,True,
414,BACH1, ,transcription regulator,BACH1,1,Inhibited,-2.673,3.3799999999999995e-05,0.0009,"ATP5F1B,ATP5F1D,ATP5PO,GCLM,HCCS,IMMT,ME1,NDUFA2,NDUFA6,NDUFS7,OPA1,PHB2,UQCRB,UQCRC1",14 (1),1,2hr_PROT_causal_unique,True,True
425,ACLY,-0.569,enzyme,ACLY,1,Activated,2.8280000000000003,9.88e-05,0.0021,"ATP5F1B,ATP5F1D,COX4I1,COX5A,GDF15,NDUFA8,SDHB,TFAM",8 (1),1,2hr_PROT_causal_unique,True,True
446,MAP3K12, ,kinase,MAP3K12,1,Inhibited,-2.121,0.000727,0.0058,"ACTB,JUN,RPL27A,RPL37,STMN1,TUBB,TUBB2A,TUBB4B",8 (1),1,2hr_PROT_causal_unique,True,True
454,PTCD1, ,other,PTCD1,1,Activated,2.2359999999999998,0.00114,0.0064,"NDUFB8,NDUFB9,SDHB,UQCRB,UQCRC2",5 (1),1,2hr_PROT_causal_unique,True,True
477,STK38L, ,kinase,"CASP8,ERBB4,MTORC1,NUAK1,PRKAA,STK38L,YAP1",3,Activated,2.524,0.0033299999999999996,0.0269,"BAX,CASP8,CDK6,CSE1L,DTYMK,EHD1,FKBP5,H2AX,HYOU1,IL1B,JUN,MAT2A,NDUFS4,PGK1,THBS1,TK1,UGP2,VIM,XPC",19 (7),6,2hr_PROT_causal_unique,True,
506,YARS2,0.808,enzyme,YARS2,1,Activated,2.2359999999999998,0.009170000000000001,0.0492,"COX5A,NDUFB8,SDHB,UQCRC1,UQCRC2",5 (1),1,2hr_PROT_causal_unique,True,True
