,Master Regulator,Expr Log Ratio,Molecule Type,Participating regulators,Depth,Predicted Activation,Activation z-score,p-value of overlap,Network bias-corrected p-value,Target Molecules in Dataset,Causal network,Target-connected regulators,sample,sig,overlap_upstreamreg
4,EGF, ,growth factor,"Akt,AKT1,AMPK,AR,ATF1,ATF2,ATF6,ATM,BCL2,BMX,CCND1,CCNE1,CEBPA,CEBPB,CHEK2,Creb,CREB1,CTNNB1,DUSP1,EGF,EGFR,EGR1,ERBB2,ERBB3,ERBB4,ERK,ERK1/2,ESR1,ESRRA,EZH2,FOS,HDAC6,HGS,HIF1A,HNRNPA1,HRAS,HSF1,IKBKB,INSR,IRF3,ITGAV,JINK1/2,Jnk,JUN,KAT5,KRAS,LCK,LIN28A,LRP6,MAP2K1,Mapk,MAPK1,MAPK3,MAPK8,MAPKAPK2,MDM2,MED1,Mek,MET,MMP1,MMP12,MMP14,MMP2,MMP9,MTOR,MYC,NCOA3,NFAT5,Notch,NR3C1,NR4A1,P38 MAPK,PGR,PI3K (complex),PI3K (family),PPARGC1A,PRKCD,PRKCZ,PTEN,PTK2,RAC1,RAF1,Rap1,RARA,RELA,RPS6KB1,RUNX2,RXRA,SHC1,SIRT1,SMAD3,SP1,SREBF2,STAT1,STAT3,STAT5a/b,TFEB,TOPBP1,TP53,TP63,TSC2",3,Inhibited,-2.67,7.09e-20,0.0206,"A2M,ABCC1,ABCE1,ACADM,ACLY,ACO1,ACO2,ACSL3,ACTR3,ADAM10,ADH5,AFP,AK1,AKR1B1,AKT1,AKT2,ALCAM,ALDH18A1,ALDOA,ALDOC,ALOX5,ANO10,APEX1,APOB,APOC3,APOE,ARHGAP1,ARHGDIB,ARPC1B,ARPC5L,ARRB1,ARSB,ASNS,ASS1,ATG7,ATG9A,ATP2A2,ATP6AP2,AURKA,B3GALT6,BABAM2,BAG1,BAG3,BAX,BCAS3,BCAT1,BID,BPNT2,BUB1B,C11orf58,C3,C4A/C4B,CAPN2,CARS1,CASP1,CASP4,CBR1,CBS/CBSL,CBX3,CCL4,CD14,CD151,CD36,CD47,CD55,CD63,CD81,CD82,CDC27,CDC37,CDC42,CDKN2C,CEBPZ,CELF2,CES2,CHD3,CHD7,CHI3L1,CKAP4,CLEC11A,CLTC,COL6A3,COQ8A,CPM,CPOX,CPT2,CSTA,DAP3,DDX60,DEGS1,DHCR24,DHCR7,DIAPH1,DNAJB11,DNAJC21,DNM1,DNM1L,DNMT1,DPYSL2,DR1,DUT,DYNLL1,EDF1,EEF1A1,EEF1A2,EEF1B2,EGLN1,EGR2,EHD1,EIF1AX,EIF4A2,EIF4E,EIF4G1,EIF5,ENG,ENO1,ENO3,ENY2,ERBIN,ERCC2,ERMP1,ERO1A,EZH2,EZR,FABP4,FADS2,FAM3C,FBLN1,FBP1,FBXO22,FDPS,FDXR,FHL1,FKBP3,FKBP4,FKBP5,FLI1,FOSL1,FSCN1,FUS,G3BP1,GABPA,GAPDH,GART,GBP2,GCLC,GCLM,GDF15,GDI1,GGH,GIGYF2,GLO1,GLS,GLUL,GNL3,GOT1,GSK3A,GSK3B,GSN,GSPT1,GSTM3,GSTP1,H1-10,H2BC12,HINT1,HLA-A,HLA-B,HLA-C,HM13,HMGB1,HMGB2,HMGN2,HNRNPA1,HNRNPA2B1,HNRNPA3,HNRNPD,HNRNPF,HSD17B12,HSP90AA1,HSP90AB1,HSP90B1,HSPA1A/HSPA1B,HSPA4L,HSPA8,HSPH1,IDH1,IDH2,IDH3A,IDI1,IGF2,IGFBP2,IGLL1/IGLL5,IL1B,IL1RAP,ILK,INIP,IREB2,IRF2,IRF2BP2,IRF8,ITGB2,ITIH2,JUND,KHSRP,KIF2A,LAP3,LASP1,LCP2,LDHA,LDHB,LGALS1,LGALS3,LIMS1,LMAN1,LPL,LSM2,LTF,LUM,LYZ,MAP2K1,MAP2K2,MAPK1,MARCKS,MAT2A,MATK,MBOAT7,MCM2,ME1,ME2,MECP2,METTL3,METTL7A,MGST2,MIF,MKNK1,MMP2,MMP9,MPG,MRPL18,MRPL20,MRPS11,MSMO1,MST1,MX2,MYD88,MYH11,MYO6,NAE1,NAMPT,NAP1L1,NASP,NCF1,NCOA7,NDRG1,NIBAN1,NIBAN2,NME1,NMI,NNT,NOLC1,NPM1,NQO1,NUCKS1,NUDCD2,NUDT1,NUP188,NUP210,OAS2,OASL,P4HA1,PAICS,PCNA,PCYT1A,PDCD4,PDHX,PDIA4,PDIA5,PDLIM1,PDLIM7,PEA15,PELP1,PGK1,PGLS,PHB,PIP4P1,PKM,PLCG2,PLD1,PLG,PNPT1,POLDIP2,POLDIP3,POLR2D,POSTN,PPAT,PPIA,PPM1A,PPM1F,PPP1CA,PPP1R3D,PPP2CA,PPP2R1A,PPP3CB,PPP4C,PPP4R2,PRAG1,PRDX2,PREP,PREX1,PRKAR1A,PRPF4,PSAT1,PSEN1,PSMB1,PSMB10,PSMB7,PSMB9,PSME2,PSME3,PTGS1,PTPN11,PTPN12,PTPN6,PTPRE,PYCR1,QKI,RAB4B,RAD23A,RAD50,RAN,RANBP1,RANGAP1,RASA1,RFC3,RFC5,RMDN3,ROCK2,RPA1,RPL11,RPL13,RPL5,RPS7,RSAD2,S100A11,S100A4,S100A9,SAE1,SAMD9,SDHA,SDHB,SEL1L,SEPTIN6,SERPINB1,SERPINB8,SERPINB9,SERPINF1,SERPINH1,SFPQ,SH3KBP1,SHC1,SHMT1,SIRT6,SLAMF8,SLC2A1,SLC7A11,SLC9A3R1,SMAP2,SMARCC1,SMARCE1,SOD1,SPR,SPRY2,SQSTM1,SREBF2,SRFBP1,SRSF1,SRSF3,ST13,STAT3,STIP1,STK4,STMN1,STOM,STT3B,SUMO1,SUMO2,SUMO3,SUN1,SUN2,SUZ12,SYK,TACC1,TAGLN2,TALDO1,TAP2,TAPBP,TARDBP,TFB2M,TGFB1,TGFBI,THBS1,TIMP2,TK1,TKT,TLN1,TMED10,TMED9,TMSB10/TMSB4X,TOP1,TOP2A,TPI1,TPM1,TUBA1C,TUBB2A,TUFM,TXN,TYMP,UBA2,UBE2I,UBE2L6,UGDH,UGP2,UQCRC2,UQCRQ,VASP,VCL,VDAC1,VPS26A,VPS35,VTN,WARS1,WAS,WDR3,WRN,XPO1,YWHAH,YWHAZ,YY1,ZFP91,ZYX",440 (101),95,47hr_PROT_causal,True,
7,EPO, ,cytokine,"Akt,AKT1,CCND1,CCNE1,CDKN1A,CEBPA,CEBPB,CHEK2,CREB1,CTNNB1,DUSP1,EGFR,EPO,ERK,ERK1/2,ESR1,EZH2,FOXO1,FOXO3,GAB2,HIF1A,IRF3,IRF4,JAK2,Jnk,JUN,LIN28A,Mapk,MAPK1,MAPK14,MAPK3,MED1,MMP12,MMP2,MTOR,MYC,NOS2,Notch,NR4A1,P38 MAPK,PHB2,PI3K (family),PI3K p85,PPARG,Rac,RAC1,RARA,RB1,RELA,RPS6KB1,RUNX2,RXRA,SP1,SREBF2,STAT1,STAT3,STAT5A,STAT5a/b,TOPBP1,TP53,TP63,YBX1",3,Inhibited,-2.812,1.8e-18,0.009,"A2M,ABCC1,ACLY,ACO1,ACSL3,ACTB,ADAM10,ADH5,AK1,AKR1B1,AKT2,ALCAM,ALDH18A1,ALDOA,ALOX5,ANO10,APOB,APOC3,APOE,ARHGAP1,ARHGDIB,ARPC1B,ARPC5L,ARRB1,ASS1,ATG9A,ATP6AP2,AURKA,BABAM2,BAG1,BCAS3,BCAT1,BID,BUB1B,C11orf58,C3,C4A/C4B,CARS1,CASP1,CASP4,CASP8,CAST,CBS/CBSL,CCL4,CD14,CD151,CD36,CD47,CD55,CDC42,CDKN2C,CELF2,CES2,CHD3,CHI3L1,CKM,CLEC11A,CLTC,COL1A1,COQ8A,CP,CPOX,CPT2,CSTA,CTSL,DAP3,DDX60,DHCR24,DNAJC21,DNM1,DNMT1,DR1,DTYMK,DUT,EDF1,EEF1A2,EEF1B2,EFEMP1,EGLN1,EGR2,EHD1,EIF4E,EIF4G1,EIF5,ELAVL1,ENO3,ENY2,ERAP1,ERBIN,ERMP1,EZH2,EZR,FADS2,FAM3C,FBP1,FBXO22,FDPS,FEN1,FHL1,FKBP3,FKBP5,FN1,FOSL1,FSCN1,FUBP1,FUS,G3BP1,GAPDH,GART,GBP2,GCLC,GCLM,GDF15,GGH,GIGYF2,GLS,GNL3,GOT1,GSK3A,GSK3B,GSPT1,GSR,GSS,H1-10,H2BC12,HINT1,HLA-A,HLA-B,HLA-C,HMGB1,HMGN2,HMOX1,HNRNPA1,HNRNPA2B1,HNRNPD,HNRNPF,HSD17B12,HSP90AA1,HSP90B1,HSPA1A/HSPA1B,HSPA4L,HSPA8,HSPH1,HYOU1,IDH1,IDI1,IGFBP2,IGFBP7,IGLL1/IGLL5,IL1B,IL1RAP,IL1RN,INIP,IREB2,IRF2,IRF2BP2,IRF8,ITGB2,ITIH2,JMJD6,JUNB,JUND,KHSRP,KIF2A,LAP3,LASP1,LBR,LCP2,LDHA,LEMD3,LGALS1,LGALS3,LIMA1,LIMS1,LTF,LUM,MAP2K2,MAPK1,MARCKS,MAT2A,MCM2,ME1,ME2,MECP2,METTL7A,MGST2,MIF,MKNK1,MMP2,MST1,MX2,MYD88,MYO6,NAE1,NAMPT,NCOA7,NDRG1,NIBAN1,NIBAN2,NME1,NMI,NPM1,NQO1,NT5E,NUCKS1,NUDCD2,NUP188,OAS2,OASL,PCNA,PCYT1A,PDHX,PEA15,PELP1,PFKP,PGK1,PGLS,PHB,PHGDH,PKM,PLD1,PLG,PNPT1,POLDIP3,POLR2D,POSTN,PPIA,PPIB,PPM1A,PPP1CA,PPP2CA,PPP2R1A,PPP3CA,PPP3CB,PPP4C,PPP4R2,PRAG1,PREP,PREX1,PRKAR1A,PRPF4,PSEN1,PSMB1,PSMB10,PSMB9,PSME2,PSME3,PTGS1,PTPN11,PTPN6,PTPRE,PYCR1,QKI,RAB4B,RASA1,RBP4,RFC3,RMDN3,RPA1,RPL11,RPL13,RPL5,RRAD,S100A11,S100A8,S100A9,SAE1,SAMD9,SDHA,SDHB,SEC61B,SEL1L,SEPTIN6,SERPINB1,SERPINF1,SET,SFPQ,SH3KBP1,SHBG,SIRT6,SLAMF8,SLC2A1,SLC9A3R1,SMAP2,SMARCC1,SPC25,SPRY2,SRFBP1,SRSF1,SRSF2,SRSF3,STIP1,STK4,STMN1,STOM,SUMO1,SUMO2,SUMO3,SUN2,SUZ12,SYK,TACC1,TAGLN2,TALDO1,TANK,TAP2,TAPBP,TARDBP,TF,TFAM,TFRC,THBS1,TLN1,TMED10,TOP1,TOP2A,TPI1,TPM1,TUBA1C,TUBB,TUBB2A,TUFM,TXN,TYMP,UBA2,UBE2I,UBE2L6,UGDH,UGP2,UQCRC2,UQCRQ,VCL,VDAC1,VIM,WARS1,WAS,WDR3,WRN,XPO1,YBX1,YWHAH,ZFP91",342 (62),58,47hr_PROT_causal,True,
8,ITGB3, ,transmembrane receptor,"AHR,Akt,AKT1,AR,ATF1,ATF2,ATF6,BCL2,CASP8,CCND1,CCNE1,CDK1,CEBPA,CEBPB,CHEK2,CREB1,CTNNB1,DUSP1,EGFR,ERBB2,ERK,ERK1/2,EZH2,FOXO1,GLI1,GSK3B,HNRNPA1,IGF1R,ING1,IRF3,ITGB3,JAK1,JAK2,JUN,JUNB,KAT5,LRP6,Mapk,MAPK9,MED1,MMP12,MMP2,MTOR,MYC,NFAT5,NFkB (complex),NFKB1,Notch,NOTCH1,NR3C1,NR4A1,P38 MAPK,PDGFRA,PGR,PI3K (family),PPARG,PPARGC1A,PRKAA,Rac,RAC1,RELA,RPS6KB1,RUNX2,SEPTIN9,SHC1,SP1,SREBF2,TOPBP1,TP53,TP63,TP73,TSC2,YAP1,YBX1",3,Inhibited,-2.843,1.95e-18,0.0072,"A2M,ABCB1,ABCC1,ACADM,ACO1,ACSL3,ACTB,ACTR3,ADH5,ADK,AK1,AKR1B1,AKT1,AKT2,ALCAM,ALDH18A1,APEX1,APOB,APOC3,ARHGAP4,ARHGDIB,ARPC1B,ARPC5,ARRB1,ASNS,ATG7,ATG9A,ATP2A2,AURKA,B3GALT6,BABAM2,BAG1,BAX,BCAT1,BID,BPNT2,BUB1B,C11orf58,C1QTNF3,C3,CAPN2,CASP1,CASP4,CASP8,CBR1,CBS/CBSL,CCL4,CD151,CD36,CD47,CD55,CD82,CDC27,CDC37,CDC42,CDK1,CES2,CHD3,CHD7,CKAP4,CLEC11A,CLTC,CNIH4,CNTRL,COL1A1,COL6A3,COQ8A,CPM,CPOX,CPT2,CSE1L,CSTA,CTPS1,CTSL,DAB2,DAP3,DEGS1,DHCR24,DHCR7,DNAJB11,DNM1,DNMT1,DPYSL2,DUT,DYNLL1,EDF1,EEF1A2,EEF1B2,EFEMP1,EFHD2,EGLN1,EGR2,EIF1AX,EIF4G1,EIF5,ELOB,ELOC,ENDOD1,ENG,ENO3,EPS15,ERAP1,ERBIN,ERCC2,ERMP1,ERO1A,EZH2,EZR,FABP4,FABP5,FADS2,FAM3C,FBP1,FBXO22,FDPS,FDXR,FEN1,FHL1,FKBP3,FKBP4,FKBP5,FLI1,FOSL1,FUBP1,G3BP1,G3BP2,G6PD,GABPA,GALNT2,GART,GBP1,GCLC,GCLM,GDF15,GDI1,GGH,GIGYF2,GLO1,GLS,GLUL,GNL3,GOT1,GPA33,GSK3A,GSK3B,GSPT1,GSR,GSS,GSTM3,GSTP1,H1-0,H1-10,HDAC1,HDAC2,HINT1,HLA-A,HLA-F,HM13,HMGB1,HMGB2,HMGN2,HMOX1,HNRNPA1,HNRNPA2B1,HSD17B12,HSP90AA1,HSP90B1,HSPA1A/HSPA1B,HSPA4L,HSPA8,HSPH1,HYOU1,IDH1,IDH2,IGFBP2,IGFBP7,IGLL1/IGLL5,IL1RAP,IL1RN,ILK,IREB2,IRF2BP2,IRF5,IRF8,ITGB2,ITIH2,JUNB,JUND,KDSR,KIF2A,KTN1,KYNU,LASP1,LBR,LDHA,LGALS3,LMAN1,LPL,LSM3,LTF,LUM,MAFF,MAPK1,MARCKS,MAT2A,MATK,MCM2,ME1,ME2,METAP2,METTL3,MGST2,MIF,MKNK1,MMP2,MMP9,MPG,MRPL20,MSI2,MSMO1,MST1,MTA1,MX2,MYD88,MYH11,MYO6,NAP1L1,NCOA7,NDRG1,NIBAN1,NIBAN2,NME1,NOLC1,NPEPL1,NRGN,NT5E,NUDT1,NUP210,OAS2,OASL,P4HA1,PAICS,PCNA,PCYT1A,PDHX,PDIA4,PDIA5,PDLIM1,PEA15,PFKP,PHGDH,PIN1,PKM,PLAUR,PLD1,PLG,PNPT1,POLDIP2,POLDIP3,POLR2D,POSTN,PPIA,PPM1A,PPP1CA,PPP2CA,PPP2R1A,PPP3CA,PPP3CB,PPP4C,PPP4R2,PRAG1,PRDX2,PREP,PREX1,PRKAR1A,PRPF4,PSEN1,PSMB1,PSMB10,PSMB9,PSME3,PTGS1,PTPN11,PTPN12,PTPN6,PTPRE,PXN,PYCR1,QKI,QSOX1,RAB4B,RAB8B,RAD23A,RAN,RASA1,RASA4,RBP4,RFC3,RFC5,RMDN3,ROCK1,ROCK2,RPA1,RPL11,RPL13,RPL5,RPS7,RRAD,S100A4,S100A6,S100A9,SAE1,SCD,SDHA,SDHB,SEC61A1,SEL1L,SEPTIN6,SERPINB1,SERPINB8,SERPINB9,SERPINF1,SET,SH3GLB1,SH3KBP1,SHBG,SHMT1,SIRT6,SLC2A1,SLC9A3R1,SMAP2,SPC25,SQSTM1,SRFBP1,SRM,SRSF1,SRSF2,SRSF3,STAT1,STAT3,STK4,STMN1,STOM,STT3B,SUMO1,SUMO2,SUMO3,SUN1,SUN2,SYK,SYNE3,TAGLN2,TALDO1,TANK,TAP2,TAPBP,TBC1D2,TDO2,TFAM,TFRC,THBS1,TLN1,TMED10,TMED9,TMSB10/TMSB4X,TOP1,TOP2A,TPI1,TTC13,TUBA1C,TUBB,TUBB2A,TYMP,UBA2,UGDH,UGP2,UQCRC2,UQCRQ,VASP,VCL,VDAC1,VMP1,WRN,XPO1,YWHAH,YWHAZ,ZDHHC3,ZFP91",388 (74),72,47hr_PROT_causal,True,
11,NMNAT1, ,enzyme,"AMPK,FOXO3,HDAC2,MYC,NMNAT1,SIRT1,SREBF1,STAT1,STAT5a/b,TP53",3,Activated,2.5069999999999997,6.5500000000000006e-18,0.0001,"ABCB1,ACLY,ACO1,ACO2,ACSL3,ACTB,AK1,AKT1,ALCAM,ALDH18A1,ALDOA,APOBEC3F,ARPC1B,ATG7,ATXN10,BAG1,BAX,BCAT1,BID,BUB1B,C4A/C4B,CASP1,CASP4,CASP8,CD14,CD151,CD36,CD63,CD81,CDK1,CDKN2C,CES2,CFI,CHD3,COL1A1,COMP,CPOX,CSRP1,CYP51A1,DDX60,DNM1,DNMT1,DUT,EGR2,EIF4E,EIF4G1,ENG,EZH2,FABP4,FAM3C,FBXO22,FDPS,FEN1,FKBP3,FN1,FOSL1,FUBP1,GART,GBP1,GBP2,GDF15,GIGYF2,GLS,GNL3,GSK3A,GSK3B,GSR,HDAC2,HLA-E,HMGB1,HMGN2,HMOX1,HSP90AA1,HSPA1A/HSPA1B,HSPA4,HSPA4L,HSPA8,HSPB1,HSPH1,IDH1,IDH2,IDH3A,IDI1,IGFBP7,IL1B,IL1RN,IREB2,IRF2,JUNB,LBR,LCP2,LEMD3,LGALS3,MAP2K2,MAPK1,MAT2A,MCM2,ME1,ME2,MGST2,MMP2,MMP9,MST1,MTA1,MX2,MYD88,MYO6,NAT1,NCF1,NDRG1,NDUFS2,NME1,NOLC1,NPM1,NT5E,OASL,PCNA,PDCD4,PDHX,PFKP,PHGDH,PLAU,PLAUR,POLDIP3,POLR2D,PPCS,PPM1A,PPP1CA,PPP2CA,PPP3CA,PPP4C,PPP4R2,PRAG1,PREP,PREX1,PTPN11,PTPN12,PTPN6,PYCR1,RAD23A,RFC3,RPL11,RPL5,RRAD,RSAD2,S100A4,SAE1,SCD,SDHA,SEL1L,SIRT6,SLAMF8,SOD1,SRSF1,SRSF3,STAT1,STAT3,STIP1,STMN1,STOM,SUMO1,SUMO2,SUMO3,TAGLN2,TANK,TAP2,TFAM,TFRC,TGFB1,THBS1,TMSB10/TMSB4X,TOP2A,TRIM21,TUBB,UBA2,UBE2I,UGP2,UQCRQ,VIM,WARS1,WDR3,WRN,YBX1,YWHAH",184 (10),10,47hr_PROT_causal,True,
12,DYRK1A,0.224,kinase,"AMPK,DYRK1A,FOXO3,HDAC2,MYC,SIRT1,SREBF1,STAT1,STAT5a/b,TP53",3,Inhibited,-2.5869999999999997,7.21e-18,0.0001,"ABCB1,ACLY,ACO1,ACO2,ACSL3,ACTB,AK1,AKT1,ALCAM,ALDH18A1,ALDOA,APOBEC3F,ARPC1B,ATG7,BAG1,BAX,BCAT1,BID,BUB1B,C4A/C4B,CASP1,CASP4,CASP8,CD14,CD151,CD36,CD63,CD81,CDK1,CDKN2C,CES2,CFI,CHD3,COL1A1,COMP,CPOX,CSRP1,CYP51A1,DDX60,DNM1,DNMT1,DUT,EGR2,EIF4E,EIF4G1,ENG,EZH2,FABP4,FAM3C,FBXO22,FDPS,FEN1,FKBP3,FN1,FOSL1,FUBP1,GART,GBP1,GBP2,GDF15,GIGYF2,GLS,GNL3,GSK3A,GSK3B,GSR,HDAC2,HLA-E,HMGB1,HMGN2,HMOX1,HSP90AA1,HSPA1A/HSPA1B,HSPA4,HSPA4L,HSPA8,HSPB1,HSPH1,IDH1,IDH2,IDH3A,IDI1,IGFBP7,IL1B,IL1RN,IREB2,IRF2,JUNB,LBR,LCP2,LEMD3,LGALS3,MAP2K2,MAPK1,MAT2A,MCM2,ME1,ME2,MGST2,MMP2,MMP9,MST1,MTA1,MX2,MYD88,MYO6,NCF1,NDRG1,NDUFS2,NME1,NOLC1,NPM1,NT5E,OASL,PCNA,PDCD4,PDHX,PFKP,PHGDH,PLAU,PLAUR,POLDIP3,POLR2D,PPCS,PPM1A,PPP1CA,PPP2CA,PPP3CA,PPP4C,PPP4R2,PRAG1,PREP,PREX1,PTPN11,PTPN12,PTPN6,PYCR1,RAD23A,RFC3,RPL11,RPL5,RRAD,RSAD2,S100A4,SAE1,SCD,SDHA,SEL1L,SIRT6,SLAMF8,SOD1,SRSF1,SRSF2,SRSF3,STAT1,STAT3,STIP1,STMN1,STOM,SUMO1,SUMO2,SUMO3,TAGLN2,TANK,TAP2,TFAM,TFRC,TGFB1,THBS1,TMSB10/TMSB4X,TOP2A,TRIM21,TUBB,UBA2,UBE2I,UGP2,UQCRQ,VIM,WARS1,WDR3,WRN,YBX1,YWHAH",183 (10),10,47hr_PROT_causal,True,
14,NRG1, ,growth factor,"ADRB2,Akt,AR,ATF1,ATF2,ATF6,ATM,BCL11B,BCL2,BMX,CCAR2,CCND1,CCNE1,CEBPA,CEBPB,CHEK2,CREB1,CTNNB1,DUSP1,EGFR,ERBB2,ERBB3,ERBB4,ERK,ERK1/2,ERN1,ESR1,FOXO3,GSK3B,HDAC6,HIF1A,HMGA1,HNRNPA1,IKBKB,Jnk,JUN,KAT5,KRAS,LIN28A,LRP6,Mapk,MAPK1,MAPK3,MAPK7,MAPK9,MDM2,MED1,Mek,MMP12,MMP14,MMP2,MTOR,MYC,NCOA3,NFKBIA,Notch,NR3C1,NR4A1,NRG1,P38 MAPK,PAK1,PARP1,PGR,PI3K (complex),PI3K (family),Pkc(s),PPARA,PPARGC1A,PRKAA,PRKCA,PRKCD,PRKCZ,RAC1,RAF1,RARA,RAS,RELA,RPS6KB1,RUNX2,RXRA,SHC1,SMAD2,SMAD3,SP1,SPHK1,SREBF2,STAT3,TCF7L2,TIAM1,TOPBP1,TP63,TSC2",3,Inhibited,-2.08,9.74e-18,0.0119,"A2M,ABCB1,ABCE1,ACADM,ACLY,ACO1,ACTR3,ADAM10,ADH5,AKR1B1,AKT1,AKT2,ALCAM,ALDH18A1,ALDOA,ALOX5,ANO10,APEX1,APOA1,APOB,APOC3,APOE,ARHGAP1,ARHGDIB,ARPC5L,ARRB1,ASNS,ASPH,ASS1,ATG7,ATG9A,ATP1A1,ATP2A2,ATP6AP2,ATXN10,AURKA,B3GALT6,BABAM2,BAG1,BAX,BCAS3,BCAT1,BPNT2,C11orf58,C3,CAPN2,CARS1,CBR1,CBS/CBSL,CCL4,CD151,CD36,CD47,CD55,CD82,CDC27,CDC37,CDC42,CDKN2C,CEBPZ,CELF2,CHD7,CHI3L1,CKAP4,CLEC11A,CLTC,CNDP2,CNN3,COL1A1,COL6A3,COQ8A,CP,CPM,CPT1A,CPT2,CSTA,DAP3,DEGS1,DHCR24,DHCR7,DNAJB11,DNAJC21,DNAJC3,DNM1L,DNMT1,DPYSL2,DR1,DYNLL1,EDF1,EEF1A1,EEF1A2,EEF1B2,EGLN1,EGR2,EHD1,EIF1AX,EIF4E,EIF4G1,EIF5,ENO3,ENY2,ERBIN,ERCC2,ERLEC1,ERMP1,ERO1A,EZH2,EZR,FABP4,FADS2,FBP1,FDPS,FDXR,FHL1,FKBP4,FKBP5,FLI1,FN1,FOSL1,FSCN1,FUS,G3BP1,GABPA,GAPDH,GART,GDI1,GGH,GIGYF2,GLO1,GLS,GLUL,GNL3,GOT1,GSN,GSPT1,GSR,GSS,GSTM3,GSTP1,H1-10,H2BC12,HINT1,HLA-A,HLA-B,HLA-C,HLA-E,HM13,HMGB2,HMOX1,HNRNPA1,HNRNPA2B1,HNRNPD,HNRNPF,HSD17B12,HSP90AA1,HSP90B1,HSPB1,HSPH1,IDH1,IFI16,IFI35,IGF2,IGFBP2,IGLL1/IGLL5,IL1B,IL1RAP,ILK,INIP,IRF2BP2,IRF8,ITGB2,ITIH2,ITPR1,JMJD6,JUNB,JUND,KIF2A,LAP3,LASP1,LGALS1,LIMS1,LMAN1,LPL,LSM3,LTF,LUM,LYZ,MAP2K2,MARCKS,MATK,MCM2,MECP2,MED15,METAP2,METTL3,METTL7A,MIF,MKNK1,MMP2,MPG,MRPL20,MRPS11,MSMO1,MVD,MX2,MYH11,NAE1,NAP1L1,NAT1,NCEH1,NDRG1,NIBAN2,NMI,NNT,NPM1,NQO1,NUCKS1,NUDCD2,NUP188,NUP210,NVL,OAS2,P4HA1,PAICS,PCNA,PCYT1A,PDIA4,PDIA5,PDLIM1,PDLIM7,PEA15,PELP1,PFDN1,PGK1,PGLS,PHB,PHGDH,PKM,PLAU,PLAUR,PLD1,PLG,PNPT1,POLDIP2,POLDIP3,POLR2D,POSTN,PPAT,PPIA,PPP1R12A,PPP1R3D,PPP2R1A,PPP3CA,PPP3CB,PRDX2,PREP,PREX1,PRKAR1A,PRPF4,PSAT1,PSEN1,PSMB1,PSMB10,PSMB7,PSMB9,PSME2,PSME3,PTGS1,PTPRE,PYCR1,QKI,RAB4B,RAD23A,RAD50,RAN,RASA1,RFC3,RFC5,RMDN3,ROCK2,RPA1,RPL11,RPL13,RPL5,RSAD2,S100A11,S100A9,SAE1,SAMD9,SCD,SDHA,SDHB,SEC24D,SEPTIN2,SEPTIN6,SERPINB1,SERPINB8,SERPINB9,SERPINF1,SFPQ,SH3GLB1,SH3KBP1,SHMT1,SIRT6,SLC2A1,SLC7A11,SLC9A3R1,SMAP2,SMARCC1,SPRY2,SQSTM1,SREBF2,SRFBP1,SRSF1,STAT3,STMN1,STT3B,SUMO1,SUMO2,SUMO3,SUN1,SUN2,SUZ12,SYK,SYPL1,SYVN1,TACC1,TALDO1,TAP2,TAPBP,TARDBP,TFB2M,TGFBI,THBS1,TIMP2,TK1,TKT,TLN1,TMED10,TMED9,TMOD3,TOP1,TOP2A,TPI1,TPM1,TRIM21,TUBA1C,TUBB2A,TUFM,TXN,TYMP,UBA2,UBE2I,UBE2L6,UGDH,UQCRC2,UQCRQ,USP8,VASP,VCL,VIM,VPS29,WAS,WIPF1,WRN,YBX1,YWHAZ,YY1,ZFP91,ZYX",370 (92),87,47hr_PROT_causal,True,
15,OCLN, ,other,"AMPK,FOXO3,HDAC2,MYC,OCLN,SIRT1,SREBF1,STAT1,STAT5a/b,TP53",3,Activated,2.292,1.15e-17,0.0001,"ABCB1,ACLY,ACO1,ACO2,ACSL3,ACTB,AK1,AKT1,ALCAM,ALDH18A1,ALDOA,APOBEC3F,ARPC1B,ATG7,BAG1,BAX,BCAT1,BID,BUB1B,C4A/C4B,CASP1,CASP4,CASP8,CCL4,CD14,CD151,CD36,CD63,CD81,CDK1,CDKN2C,CES2,CFI,CHD3,COL1A1,COMP,CPOX,CSRP1,CYP51A1,DDX60,DNM1,DNMT1,DUT,EGR2,EIF4E,EIF4G1,ENG,EZH2,FABP4,FAM3C,FBXO22,FDPS,FEN1,FKBP3,FN1,FOSL1,FUBP1,GART,GBP1,GBP2,GDF15,GIGYF2,GLS,GNL3,GSK3A,GSK3B,GSR,HDAC2,HLA-E,HMGB1,HMGN2,HMOX1,HSP90AA1,HSPA1A/HSPA1B,HSPA4,HSPA4L,HSPA8,HSPB1,HSPH1,IDH1,IDH2,IDH3A,IDI1,IGFBP7,IL1B,IL1RN,IREB2,IRF2,JUNB,LBR,LCP2,LEMD3,LGALS3,MAP2K2,MAPK1,MAT2A,MCM2,ME1,ME2,MGST2,MMP2,MMP9,MST1,MTA1,MX2,MYD88,MYO6,NCF1,NDRG1,NDUFS2,NME1,NOLC1,NPM1,NT5E,OASL,PCNA,PDCD4,PDHX,PFKP,PHGDH,PLAU,PLAUR,POLDIP3,POLR2D,PPCS,PPM1A,PPP1CA,PPP2CA,PPP3CA,PPP4C,PPP4R2,PRAG1,PREP,PREX1,PTPN11,PTPN12,PTPN6,PYCR1,RAD23A,RFC3,RPL11,RPL5,RRAD,RSAD2,S100A4,SAE1,SCD,SDHA,SEL1L,SIRT6,SLAMF8,SOD1,SRSF1,SRSF3,STAT1,STAT3,STIP1,STMN1,STOM,SUMO1,SUMO2,SUMO3,TAGLN2,TANK,TAP2,TFAM,TFRC,TGFB1,THBS1,TMSB10/TMSB4X,TOP2A,TRIM21,TUBB,UBA2,UBE2I,UGP2,UQCRQ,VIM,WARS1,WDR3,WRN,YBX1,YWHAH",183 (10),10,47hr_PROT_causal,True,
16,SIRT1, ,transcription regulator,"AMPK,FOXO3,HDAC2,MYC,SIRT1,SREBF1,STAT1,STAT5a/b,TP53",2,Activated,2.52,1.27e-17,0.0001,"ABCB1,ACLY,ACO1,ACO2,ACSL3,ACTB,AK1,AKT1,ALCAM,ALDH18A1,ALDOA,APOBEC3F,ARPC1B,ATG7,BAG1,BAX,BCAT1,BID,BUB1B,C4A/C4B,CASP1,CASP4,CASP8,CD14,CD151,CD36,CD63,CD81,CDK1,CDKN2C,CES2,CFI,CHD3,COL1A1,COMP,CPOX,CSRP1,CYP51A1,DDX60,DNM1,DNMT1,DUT,EGR2,EIF4E,EIF4G1,ENG,EZH2,FABP4,FAM3C,FBXO22,FDPS,FEN1,FKBP3,FN1,FOSL1,FUBP1,GART,GBP1,GBP2,GDF15,GIGYF2,GLS,GNL3,GSK3A,GSK3B,GSR,HDAC2,HLA-E,HMGB1,HMGN2,HMOX1,HSP90AA1,HSPA1A/HSPA1B,HSPA4,HSPA4L,HSPA8,HSPB1,HSPH1,IDH1,IDH2,IDH3A,IDI1,IGFBP7,IL1B,IL1RN,IREB2,IRF2,JUNB,LBR,LCP2,LEMD3,LGALS3,MAP2K2,MAPK1,MAT2A,MCM2,ME1,ME2,MGST2,MMP2,MMP9,MST1,MTA1,MX2,MYD88,MYO6,NCF1,NDRG1,NDUFS2,NME1,NOLC1,NPM1,NT5E,OASL,PCNA,PDCD4,PDHX,PFKP,PHGDH,PLAU,PLAUR,POLDIP3,POLR2D,PPCS,PPM1A,PPP1CA,PPP2CA,PPP3CA,PPP4C,PPP4R2,PRAG1,PREP,PREX1,PTPN11,PTPN12,PTPN6,PYCR1,RAD23A,RFC3,RPL11,RPL5,RRAD,RSAD2,S100A4,SAE1,SCD,SDHA,SEL1L,SIRT6,SLAMF8,SOD1,SRSF1,SRSF3,STAT1,STAT3,STIP1,STMN1,STOM,SUMO1,SUMO2,SUMO3,TAGLN2,TANK,TAP2,TFAM,TFRC,TGFB1,THBS1,TMSB10/TMSB4X,TOP2A,TRIM21,TUBB,UBA2,UBE2I,UGP2,UQCRQ,VIM,WARS1,WDR3,WRN,YBX1,YWHAH",182 (9),9,47hr_PROT_causal,True,
22,HBEGF, ,growth factor,"AKT1,ATF1,ATF6,ATM,CCND1,CCNE1,CEBPA,CEBPB,CHEK2,CREB1,CTNNB1,DUSP1,EGFR,EGR1,ERBB2,ERBB3,ERBB4,ERK,ERK1/2,ESR1,GSK3B,HBEGF,HDAC6,HIF1A,HNRNPA1,Hsp27,Jnk,JUN,KAT5,LRP6,MAP2K1,MAP2K1/2,Mapk,MAPK1,MED1,MET,MMP12,MMP2,MTOR,NCOA3,NFkB (complex),Notch,NR3C1,P38 MAPK,PARP1,PGR,PI3K (family),PPARG,PPARGC1A,RAC1,RELA,RHOA,RICTOR,RPS6KB1,RUNX2,RXRA,SHC1,SMAD3,SP1,STAT3,TP63,TSC2,YAP1,YBX1",3,Inhibited,-2.4730000000000003,6.57e-17,0.016,"A2M,ABCB1,ACADM,ACLY,ACO1,ADAM10,ADH5,AKR1B1,AKT1,AKT2,ALDOA,ALOX5,ANO10,APEX1,APOB,APOC3,APOE,ARHGAP1,ARHGDIB,ARPC5L,ARRB1,ASS1,ATG7,ATG9A,ATP2A2,ATP6AP2,ATXN10,AURKA,B3GALT6,BCAS3,BPNT2,C11orf58,C3,CA2,CAPN2,CARS1,CASP1,CAST,CBR1,CBS/CBSL,CCL4,CD36,CD47,CD55,CD82,CDC27,CDC37,CDC42,CDKN2C,CELF2,CHD7,CHI3L1,CKAP4,CLEC11A,CLTC,COL1A1,COL6A3,CP,CPM,CPT2,CSTA,CTSL,DAP3,DHCR24,DNAJB11,DNAJC21,DNMT1,DPYSL2,DR1,DYNLL1,EDF1,EEF1A2,EEF1B2,EFEMP1,EGLN1,EGR2,EIF1AX,EIF4E,EIF4G1,EIF5,ENG,ENY2,ERAP1,ERBIN,ERCC2,ERMP1,EZR,FABP4,FABP5,FADS2,FDPS,FDXR,FHL1,FKBP5,FLI1,FOSL1,FSCN1,FUBP1,G3BP1,GABPA,GAPDH,GART,GBP1,GCLC,GCLM,GDF15,GGH,GLO1,GLS,GLUL,GOT1,GSK3B,GSPT1,GSTM3,GSTP1,H1-10,H2BC12,HINT1,HLA-A,HLA-B,HLA-C,HLA-F,HM13,HMGB2,HMOX1,HNRNPA1,HNRNPA2B1,HNRNPD,HSD17B12,HSP90B1,HSPB1,HSPH1,IGF2,IGFBP2,IGFBP7,IGLL1/IGLL5,IL1B,IL1RAP,IL1RN,ILK,INIP,IRF2BP2,IRF5,IRF8,ITGB2,ITIH2,ITPR1,JMJD6,JUNB,JUND,KHSRP,KIF2A,KYNU,LAP3,LASP1,LBR,LDHA,LEMD3,LGALS1,LGALS3,LIMS1,LTF,LUM,MAP2K2,MARCKS,MAT2A,MATK,MCM2,MECP2,METTL3,METTL7A,MIF,MKNK1,MMP2,MMP9,MPG,MRPL20,MTA1,MX2,MYD88,MYH11,NAE1,NAMPT,NAT1,NDRG1,NIBAN2,NMI,NPM1,NQO1,NRP1,NT5E,NUCKS1,NUDCD2,NUP188,NUP210,NVL,OAS2,OASL,PAICS,PCNA,PCYT1A,PDCD4,PDHA1,PDIA4,PDLIM1,PELP1,PFDN1,PFKP,PGK1,PGLS,PHB,PHGDH,PKM,PLAU,PLAUR,PLD1,PNPT1,POLDIP2,POLR2D,POSTN,PPAT,PPIA,PPP2R1A,PPP3CA,PPP3CB,PRDX2,PREX1,PRKAR1A,PRPF4,PSEN1,PSMB1,PSMB10,PSMB7,PSMB9,PSME2,PSME3,PTGS1,PTPN12,PTPRE,PXN,QKI,RAB4B,RAD23A,RAN,RASA1,RBP4,RFC3,RFC5,RMDN3,ROCK2,RPA1,RPL13,RSAD2,S100A11,S100A9,SAMD9,SDHA,SDHB,SEC61B,SEPTIN6,SERPINB1,SERPINB8,SERPINB9,SERPINF1,SFPQ,SH3GLB1,SH3KBP1,SHBG,SHMT1,SIRT6,SLC2A1,SLC7A11,SLC9A3R1,SMAP2,SMARCC1,SOD1,SPRY2,SQSTM1,SRFBP1,SRSF1,STAT1,STAT3,STK4,STMN1,STOM,STT3B,SUN1,SUN2,SUZ12,SYK,SYNE3,TACC1,TALDO1,TANK,TAP2,TAPBP,TBC1D2,TDO2,TFAM,TFRC,TGFB1,TGFBI,THBS1,TK1,TKT,TLN1,TMED9,TMOD3,TMSB10/TMSB4X,TOP1,TOP2A,TPI1,TPM1,TUBA1C,TUBB,TUBB2A,TUFM,TXN,TYMP,UBE2I,UBE2L6,UGDH,UQCRC2,VASP,VCL,VDAC1,VIM,WAS,YWHAZ,ZFP91,ZYX",331 (64),64,47hr_PROT_causal,True,
26,ATM,0.519,kinase,"AKT1,AR,ATM,CASP8,CEBPA,CHEK1,CHEK2,Creb,CREB1,CSNK1A1,CTNNB1,DAXX,DUSP1,E2f,E2F3,EGFR,ELF4,ERK,ERK1/2,estrogen receptor,FANCD2,FOXO3,GLI1,HIF1A,IGF1R,IKBKB,IKBKG,ING1,LAMTOR5,LIN28A,MAPK1,MAPK14,MAPK3,MAPK9,MDM4,MED1,Mek,MMP2,MTOR,MYC,NFkB (complex),PPARG,PPP2R2C,PRKAA,PRKAA1,PRKCE,PRKDC,RAC1,RARA,RB1,RELA,RHOA,RPS6KB1,SNAI1,SP1,TP53,TRIM28,TSC2,VCP,ZAP70,ZEB1",3,Inhibited,-2.65,1.03e-16,0.017,"A2M,ABCC1,ABCE1,ACSL3,ACTR3,ADAM10,ADH5,ADK,AHNAK,AK1,AKR1B1,AKT1,AKT2,ALB,ALCAM,ALDH18A1,ALDOA,ANO10,APOE,ARHGAP1,ARHGDIB,ARPC1B,ARPC5,ARPC5L,ARRB1,ATG7,BAG1,BAX,BCAT1,BID,BUB1B,C1QTNF3,C3,CA2,CAPG,CARS1,CASP1,CASP4,CASP8,CAST,CBS/CBSL,CBX1,CCL4,CD151,CD36,CD47,CD55,CDC42,CDK1,CDK6,CEBPZ,CES2,CHD3,CKAP4,CLEC11A,CLTC,CNIH4,CNTRL,COL1A1,COL1A2,COL3A1,COL6A1,COL9A2,CP,CPOX,CSE1L,CTCF,CTNND1,CTPS1,CTSL,DAB2,DHCR7,DNAJC21,DNM1,DNM1L,DNMT1,DR1,DTYMK,DUT,EDF1,EEF1A2,EFEMP1,EFHD2,EGLN1,EGR2,EHD1,EIF4E,EIF4G1,ELAVL1,ENDOD1,ENG,ENY2,EPS15,ERAP1,ERMP1,ERO1A,EZR,FABP4,FABP5,FADS2,FAM3C,FBXO22,FDXR,FEN1,FHL1,FKBP3,FKBP4,FKBP5,FN1,FOSL1,FSCN1,FUBP1,FUS,G3BP2,GALNT2,GART,GBP1,GCLC,GCLM,GDF15,GDI1,GGH,GIGYF2,GLS,GNL3,GPA33,GSK3A,GSK3B,GSPT1,GSR,H1-0,H1-10,H1-2,H2BC11,H2BC12,HDAC1,HDAC2,HINT1,HLA-A,HLA-B,HLA-C,HLA-E,HLA-F,HMGB1,HMGB2,HMGN2,HNRNPA1,HNRNPA2B1,HNRNPC,HNRNPD,HNRNPF,HSD17B12,HSP90AA1,HSP90B1,HSPA1A/HSPA1B,HSPA4L,HSPA8,HSPH1,HYOU1,IFI16,IFI35,IFIT3,IGF2,IGFBP2,IGFBP7,IGLL1/IGLL5,IL1RN,INIP,IREB2,IRF2BP2,IRF5,IRF8,JMJD6,JUNB,JUND,KIF2A,KRT10,KTN1,KYNU,LAP3,LBR,LEMD3,LGALS1,LIMS1,LMAN1,LPL,LSM3,LTF,LUM,MAFF,MAPK1,MAT2A,MCM2,ME1,ME2,MECP2,METAP2,METTL3,METTL7A,MGST2,MIF,MKNK1,MSI2,MSMO1,MSN,MST1,MX2,MYD88,MYO6,NAE1,NAMPT,NAP1L1,NDRG1,NIBAN1,NME1,NMI,NOLC1,NPEPL1,NQO1,NRP1,NT5E,NUDCD2,NUP188,OAS2,OASL,P4HA1,PCNA,PDCD4,PDHA1,PDHX,PDIA5,PDS5A,PEBP1,PELP1,PFKP,PGLS,PHGDH,PKM,PLAU,PLAUR,PLCG2,PLD1,POLDIP3,POLR2D,POSTN,PPAT,PPIA,PPM1A,PPP1CA,PPP2CA,PPP2R1A,PPP3CA,PPP3CB,PPP4C,PPP4R2,PRAG1,PREP,PRKACB,PRKAR1A,PSEN1,PSMB1,PSMB10,PSMB7,PSME2,PTPN11,PTPN12,PTPN6,PTPRE,PXN,PYCR1,QKI,QSOX1,RAB4B,RAB8B,RAD23A,RASA4,RBL2,RBP4,RFC3,RPL11,RPL5,RRAD,S100A11,S100A4,S100A6,S100A8,S100A9,SAE1,SAMD9,SCD,SDHA,SEC61A1,SEC61B,SEL1L,SEPTIN6,SERPINB1,SERPINF1,SERPINH1,SFPQ,SH3KBP1,SHBG,SLC9A3R1,SMAP2,SMARCC1,SOD1,SPRY2,SREBF2,SRM,SRSF2,SRSF3,STAT1,STK4,STMN1,STOM,SUMO1,SUMO2,SUMO3,SUN2,SUZ12,TAF7,TAGLN2,TANK,TAP2,TAPBP,TARDBP,TDO2,TF,TFAM,TFB2M,TFRC,TGFBI,THBS1,TIMP2,TM9SF2,TMSB10/TMSB4X,TOP2A,TRIM21,TTC13,TUBB,TUBB2A,TUFM,UBA2,UBE2I,UBE2L6,UGDH,UQCRQ,VCL,VDAC1,VKORC1L1,VMP1,WIPF1,WRN,XPO1,YWHAH,ZDHHC3,ZFP91",356 (61),56,47hr_PROT_causal,True,
29,PIM1, ,kinase,"Akt,AR,BMX,CDKN1A,CEBPA,CHEK2,Creb,CTNNB1,ELK1,ERK1/2,FOSL1,FOXO1,HIPK2,HSF1,IGF1R,MDM2,MDM4,MED1,MMP2,MTOR,MYC,NR3C1,PIM1,PRKAA,RARA,RB1,RELA,RPS6KB1,SP1,STAT3,TP53,TSC2,YAP1",3,Inhibited,-2.012,2.06e-16,0.0013,"A2M,ABCC1,ACLY,ACO1,ACSL3,ACTB,ACTR3,ADH5,AK1,AKR1B1,AKT1,ALB,ALCAM,ALDH18A1,ALOX5,ANO10,ARHGAP1,ARHGDIB,ARPC1B,ARPC5L,ARRB1,ATP6AP2,AURKA,BAG1,BAG3,BCAT1,BID,C3,CA2,CASP1,CASP8,CAST,CBR1,CBS/CBSL,CBX3,CCL4,CD151,CD47,CDC42,CDK6,CES2,CHD3,CHI3L1,CKAP4,CLEC11A,CLTC,COL1A1,COL3A1,CP,CPOX,DEGS1,DHCR24,DHCR7,DIAPH1,DNAJC21,DNM1,DNM1L,DNMT1,DR1,DTYMK,DUT,EDF1,EEF1A2,EFEMP1,EGLN1,EHD1,EIF4A2,EIF4E,EIF4G1,ELAVL1,ENG,ENY2,ERMP1,ERO1A,EZH2,EZR,FADS2,FAM3C,FBLN1,FBXO22,FEN1,FKBP3,FN1,FOSL1,FSCN1,FUBP1,GART,GDI1,GGH,GIGYF2,GLS,GNL3,GSK3A,GSK3B,GSS,H1-10,HDAC1,HINT1,HLA-A,HLA-C,HMGB1,HMGN2,HNRNPA3,HNRNPD,HSD17B12,HSP90AA1,HSP90AB1,HSPA1A/HSPA1B,HSPA4,HSPA4L,HSPA8,HSPB1,HSPH1,HYOU1,IFI16,IFI35,IFIT3,IGFBP2,IGFBP7,IGLL1/IGLL5,IL1B,IL1RN,INIP,IREB2,IRF2BP2,IRF8,JMJD6,JUNB,JUND,KIF2A,KRT10,LDHA,LEMD3,LGALS1,LGALS3,LIMA1,LMAN1,LSM2,LTF,LYZ,MAP2K2,MAPK1,MAT2A,MBOAT7,ME1,ME2,METTL3,METTL7A,MGST2,MKNK1,MMP2,MRPL18,MSMO1,MST1,MX2,MYD88,MYO6,NAP1L1,NASP,NME1,NOLC1,NPM1,NRP1,OAS2,OASL,P4HA1,PDCD4,PDHX,PDIA5,PEA15,PFKP,PGK1,PGLS,PHB,PHGDH,PKM,PLAU,PLAUR,PLD1,POLDIP3,POLR2D,PPM1A,PPP1CA,PPP2CA,PPP2R1A,PPP3CA,PPP3CB,PPP4C,PPP4R2,PRAG1,PREP,PSMB10,PSMB9,PTPN11,PTPN12,PTPN6,PTPRE,PYCR1,QKI,RAB4B,RANBP1,RANGAP1,RBL2,RFC3,RPL11,RPL5,RSAD2,S100A9,SAE1,SAMD9,SDHA,SDHB,SEC61B,SEL1L,SEPTIN6,SERPINB1,SERPINB9,SERPINF1,SERPINH1,SFPQ,SH3KBP1,SHC1,SLC2A1,SLC7A11,SLC9A3R1,SMAP2,SPC25,SPR,SPRY2,SREBF2,SRSF1,SRSF3,ST13,STAT1,STAT3,STIP1,STK4,STOM,SUMO1,SUMO2,SUMO3,SYNE3,TAGLN2,TANK,TAP2,TAPBP,TBC1D2,TFAM,TFRC,TIMP2,TK1,TMED10,TUBB,TUBB2A,UBA2,UBE2I,UGDH,UGP2,UQCRC2,UQCRQ,VCL,VDAC1,VIM,WAS,WRN,XPO1,YBX1,YWHAH,ZFP91",269 (33),32,47hr_PROT_causal,True,
30,Vegf, ,group,"Akt,AR,ATF2,CASP8,CCAR2,CCND1,CCNE1,CDKN1A,CEBPA,CEBPB,Creb,CTNNB1,DUSP1,EGFR,ELAVL1,ERK,ERK1/2,ESR1,EZH2,FOXO1,FOXO3,GSK3B,HIF1A,HMGA1,ILK,JUN,LIN28A,LRP6,Mapk,MAPK1,MAPK3,MED1,Mek,MMP12,MMP2,MTOR,MTORC1,NFAT5,Notch,NR4A1,PAK1,PAK2,PGR,PHB2,RAC1,RARA,RB1,RELA,RHOA,RUNX2,RXRA,SP1,SREBF2,STAT3,TCF7L2,TOPBP1,TP53,Vegf",3,Inhibited,-2.26,3.65e-16,0.025,"A2M,ABCC1,ABCE1,ACLY,ACO1,ACSL3,ACTB,ACTR3,ADAM10,AK1,AKR1B1,AKT2,ALDOA,ALOX5,ANO10,APOB,APOC3,APOE,ARHGAP1,ARHGDIB,ARPC1B,ARPC5L,ARRB1,ASNS,ASPH,ASS1,ATP2A2,ATP6AP2,AURKA,BABAM2,BAX,BCAS3,BID,C11orf58,C3,CAPN2,CARS1,CASP1,CASP8,CAST,CBS/CBSL,CCL4,CD47,CD82,CDK1,CEBPZ,CES2,CHD3,CHI3L1,CKAP4,CLEC11A,CLTC,CNDP2,CNN3,COL1A1,COQ8A,CPOX,CPT2,CSE1L,DEGS1,DHCR7,DIAPH1,DNAJC21,DNM1,DNM1L,DNMT1,DPYSL2,DR1,DTYMK,DUT,DYNLL1,EDF1,EEF1A2,EEF1B2,EGLN1,EGR2,EHD1,EIF1AX,EIF4E,EIF4G1,EIF5,ENG,ENO3,ENY2,ERAP1,ERBIN,ERMP1,ERO1A,EZH2,EZR,FADS2,FAM3C,FBP1,FBXO22,FDPS,FDXR,FEN1,FHL1,FKBP3,FKBP4,FKBP5,FOSL1,FSCN1,FUBP1,FUS,G3BP1,GAPDH,GART,GBP1,GDF15,GDI1,GGH,GLS,GLUL,GNL3,GOT1,GSK3A,GSK3B,GSPT1,GSR,GSS,GSTM3,H1-10,H2BC12,HDAC1,HINT1,HLA-A,HLA-B,HLA-C,HLA-E,HMGB1,HMGN2,HNRNPA1,HNRNPA2B1,HNRNPD,HNRNPF,HSD17B12,HSP90B1,HSPA1A/HSPA1B,HSPA4L,HSPA8,HSPB1,HSPH1,HYOU1,IDH1,IDI1,IFI16,IFI35,IFIT3,IGFBP7,IGLL1/IGLL5,IL1B,IL1RN,INIP,IREB2,IRF2BP2,IRF8,ITGB2,ITIH2,JMJD6,JUNB,JUND,KIF2A,KRT10,LAP3,LASP1,LBR,LDHA,LEMD3,LGALS1,LGALS3,LIMA1,LIMS1,LMAN1,LTF,LUM,MAP2K2,MAPK1,MARCKS,MAT2A,MATK,ME1,ME2,MECP2,MED15,METTL7A,MGST2,MIF,MKNK1,MMP2,MSMO1,MST1,MVD,MX2,MYO6,NAE1,NAP1L1,NCL,NCOA7,NDRG1,NIBAN1,NIBAN2,NME1,NMI,NOLC1,NPM1,NT5E,NUCKS1,NUDCD2,NUDT1,NUP188,OAS2,OASL,P4HA1,PCYT1A,PDHA1,PDHX,PDIA5,PDLIM1,PEA15,PELP1,PFKP,PGK1,PGLS,PHB,PHGDH,PKM,PLD1,PLG,POSTN,PPAT,PPIA,PPM1A,PPP1CA,PPP2CA,PPP2R1A,PPP3CA,PPP3CB,PPP4C,PPP4R2,PRAG1,PRKAR1A,PSMB1,PSMB10,PSMB9,PSME2,PSME3,PTPN11,PTPN12,PTPN6,PTPRE,QKI,RAB4B,RAD50,RASA1,RFC3,RMDN3,ROCK2,RPL13,RPS7,RRAD,S100A11,S100A9,SAMD9,SDHB,SEC24D,SEL1L,SEPTIN2,SEPTIN6,SERPINB1,SERPINB8,SERPINF1,SFPQ,SH3GLB1,SH3KBP1,SIRT6,SLC9A3R1,SMAP2,SMARCC1,SOD1,SPC25,SRFBP1,SRSF1,SRSF2,SRSF3,STAT3,STMN1,STOM,SUN2,SUZ12,SYK,SYPL1,TACC1,TAGLN2,TALDO1,TANK,TAP2,TAPBP,TARDBP,TFAM,TFB2M,TFRC,TIMP2,TLN1,TMED10,TOP1,TPI1,TPM1,TRIM21,TUBA1C,TUBB,TUBB2A,TUFM,TXN,TYMP,UBE2I,UBE2L6,UGDH,UQCRC2,VASP,VCL,VIM,VPS29,WAS,WIPF1,XPO1,YBX1,YWHAH,ZFP91",329 (58),57,47hr_PROT_causal,True,
31,LAIR1,-0.644,transmembrane receptor,"ATF1,ATF2,ATF6,CASP8,CCND1,CCNE1,CEBPB,Creb,CREB1,CYP19A1,DUSP1,EGFR,ELK1,ERK,ERK1/2,GSK3B,HNRNPA1,HSF1,Hsp27,Jnk,JUN,KAT5,LAIR1,LRP6,MAPK14,MAPK8,MAPK9,MET,MMP12,MMP2,MTOR,NFAT (complex),NFkB (complex),Notch,NR3C1,P38 MAPK,PGR,PPARG,PPARGC1A,PRKCD,RELA,RUNX2,RXRA,SP1,STAT3,TP63,VAV,YAP1,ZAP70",3,Activated,2.1590000000000003,4.04e-16,0.0018,"ABCB1,ACADM,ACLY,AHNAK,AIF1,AKT1,AKT2,ALB,APEX1,APOB,ARHGDIB,ARRB1,ASNS,ATG7,ATG9A,ATP2A2,ATP6AP2,AURKA,BAG3,C11orf58,C3,CAPN2,CASP1,CASP4,CAST,CBR1,CBS/CBSL,CBX3,CCL4,CD36,CD55,CD82,CDC42,CDK1,CELF2,CHD3,CHI3L1,CKAP4,CLEC11A,COL1A1,COL1A2,COL3A1,CPT2,CSE1L,CSTA,CTSL,DAB2,DAP3,DIAPH1,DNAJB11,DNMT1,DPYSL2,DR1,DTYMK,DYNLL1,EEF1B2,EFEMP1,EGLN1,EGR2,EHD1,EIF1AX,EIF4A2,EIF4E,EIF5,ELAVL1,ENG,ENO1,ERAP1,ERBIN,ERCC2,EZR,FABP4,FABP5,FBLN1,FDPS,FDXR,FKBP4,FKBP5,FN1,FSCN1,FUBP1,G3BP1,GABPA,GAPDH,GBP1,GDF15,GLUL,GOT1,GSK3B,GSTM3,HDAC1,HDAC2,HINT1,HLA-A,HLA-F,HMGN2,HMOX1,HNRNPA1,HNRNPA2B1,HNRNPA3,HSP90AA1,HSP90AB1,HSP90B1,HSPA4,HSPA8,IFI16,IGFBP2,IGFBP7,IL1B,IL1RAP,IL1RN,ILK,IRF2BP2,ITGB2,ITGB5,ITIH2,JMJD6,JUND,KHSRP,KIF2A,KYNU,LASP1,LDHA,LEMD3,LPL,LSM2,LSM3,LUM,MAP2K2,MARCKS,MATK,MBOAT7,MCM2,METAP2,MIF,MKNK1,MMP2,MMP9,MPG,MRPL18,MRPL20,MRPS11,MTA1,MX2,MYH11,NAMPT,NASP,NDRG1,NIBAN2,NPM1,NRP1,NT5E,OAS2,OASL,PCNA,PCYT1A,PDCD4,PDIA4,PDLIM1,PDLIM7,PFKP,PHB,PLAU,PLAUR,PLCG2,PLD1,PNPT1,POSTN,PPIA,PPP1R3D,PPP2R1A,PRDX2,PRKAR1A,PRPF4,PSEN1,PSMB1,PSMB7,PSME3,PTPN12,PTPN6,PTPRE,PXN,QKI,RAB4B,RAN,RANBP1,RANGAP1,RASA1,RBP4,RMDN3,ROCK2,RPA1,RPL13,RRAD,RSAD2,S100A11,SCD,SEC61B,SERPINB8,SERPINB9,SERPINH1,SH3GLB1,SH3KBP1,SHBG,SHC1,SIRT6,SLC7A11,SMAP2,SOD1,SPR,SREBF2,SRFBP1,SRSF1,SRSF2,ST13,STAT1,STAT3,STIP1,STK4,STOM,SYK,SYNE3,TALDO1,TAP2,TAPBP,TBC1D2,TDO2,TFAM,TGFB1,THBS1,TK1,TLN1,TMSB10/TMSB4X,TOP1,TPI1,TPM1,TUBA1C,TUBB,TUFM,TYMP,UGDH,UGP2,VASP,VCL,WAS,WIPF1,YWHAZ,ZFP91",248 (49),49,47hr_PROT_causal,True,
32,ANGPT1, ,growth factor,"Akt,ANGPT1,ATF2,CASP8,CCAR2,CCND1,CCNE1,CDC42,CEBPA,CEBPB,Creb,CTNNB1,DIAPH1,DUSP1,DYRK1B,ELAVL1,ELK1,ERK,ERK1/2,EZH2,FOSL1,FOXO1,FOXO3,GSK3B,HMGA1,JUN,LATS1,LRP6,MED1,Mek,MMP12,MMP2,MRTFA,MTOR,MYC,NCL,NFAT5,Notch,NR4A1,NRF1,P38 MAPK,PDGFRA,PGR,PHB2,PPARG,PRKAA,Rac,RAC1,RAS,Ras homolog,RB1,RELA,RHOA,RPS6KB1,RUNX2,RXRA,SMAD3,SP1,SREBF2,STAT3,TAZ,TCF7L2,TOPBP1,TP53,WWTR1,YAP1,YBX1",3,Inhibited,-2.325,4.69e-16,0.0093,"A2M,ABCC1,ABCE1,ACLY,ACO1,ACSL3,ACTB,AHNAK,AK1,AKR1B1,AKT2,ALCAM,ALDH18A1,APOB,ARHGDIB,ARPC4,ARRB1,ASNS,ASPH,ATP2A2,ATP6AP2,AURKA,BABAM2,BAG1,BCAT1,BID,BUB1B,C11orf58,C3,CAPN2,CASP1,CASP8,CBS/CBSL,CCL4,CD151,CD47,CD55,CDC42,CEBPZ,CES2,CHD3,CHI3L1,CKAP4,CLEC11A,CLTC,CNDP2,CNN3,COL1A1,COQ8A,CP,CPOX,CPT2,CSE1L,CTSL,DAB2,DHCR24,DHCR7,DIAPH1,DNM1,DNMT1,DPYSL2,DR1,DUT,DYNLL1,EDF1,EEF1A2,EEF1B2,EFEMP1,EGLN1,EHD1,EIF1AX,EIF4E,EIF4G1,EIF5,ENG,ENO1,ENO3,ERBIN,ERMP1,EZH2,EZR,FADS2,FAM3C,FBP1,FBXO22,FDPS,FEN1,FKBP3,FKBP5,FN1,FOSL1,FSCN1,FUBP1,G3BP1,GART,GGH,GIGYF2,GLS,GNL3,GOT1,GSK3A,GSK3B,GSPT1,GSR,GSS,GSTM3,H1-10,HDAC1,HINT1,HLA-A,HLA-B,HMGB1,HMGN2,HSD17B12,HSP90AA1,HSPA1A/HSPA1B,HSPA4L,HSPA8,HSPB1,HSPH1,HYOU1,IDH1,IDI1,IGFBP7,IGLL1/IGLL5,IL1RN,IREB2,IRF2BP2,IRF8,ITGB2,ITGB5,ITIH2,JUNB,JUND,KIF2A,KRT10,LASP1,LBR,LDHA,LGALS3,LTF,LUM,MAP2K2,MAPK1,MARCKS,MATK,MCM2,ME1,ME2,MED15,MGST2,MIF,MKNK1,MMP2,MMP9,MST1,MVD,MX2,MYD88,MYO6,NCL,NCOA7,NDRG1,NIBAN1,NIBAN2,NME1,NPM1,NUDT1,OAS2,OASL,PCYT1A,PDCD4,PDHA1,PDHX,PDLIM1,PEA15,PFKP,PFN1,PGK1,PHB,PHGDH,PKM,PLD1,PLG,POLDIP3,POLR2D,POSTN,PPAT,PPM1A,PPP1CA,PPP2CA,PPP2R1A,PPP3CA,PPP3CB,PPP4C,PPP4R2,PRAG1,PREP,PSMB10,PSMB7,PSMB9,PSME3,PTPN11,PTPN12,PTPN6,PTPRE,PYCR1,QKI,RAB4B,RAD50,RASA1,RBL2,RBP4,RFC3,RMDN3,ROCK2,RPL11,RPL13,RPL5,RPS7,RRAD,S100A11,S100A9,SAE1,SDHB,SEC24D,SEC61B,SEL1L,SEPTIN2,SEPTIN6,SERPINB1,SERPINB8,SERPINF1,SH3BP1,SH3GLB1,SH3KBP1,SHBG,SIRT6,SLC7A11,SLC9A3R1,SMAP2,SPC25,SPRY2,SRFBP1,SRSF1,SRSF3,STAT1,STAT3,STMN1,STOM,SUMO1,SUMO2,SUMO3,SYK,SYNE3,SYPL1,TAGLN2,TALDO1,TANK,TAP2,TAPBP,TBC1D2,TFAM,TFB2M,TFRC,TGFB1,THBS1,TLN1,TMED10,TOP1,TPI1,TPM1,TUBA1C,TUBB,TUBB2A,TUFM,TXN,TYMP,UBA2,UBE2I,UGDH,UGP2,UQCRC2,UQCRQ,VASP,VCL,VIM,VPS29,WAS,WIPF1,WRN,XPO1,YBX1,YWHAH,ZFP91,ZYX",296 (67),61,47hr_PROT_causal,True,
35,ACKR3, ,G-protein coupled receptor,"ACKR3,AKT1,Ap1,CASP8,CCND1,CCNE1,CEBPA,CEBPB,Creb,CTNNB1,DUSP1,EGFR,EGR1,ERBB3,ERK,ERK1/2,GSK3B,HDAC6,HIF1A,Jnk,JUN,MAP2K1/2,Mapk,MAPK1,MED1,MET,MMP2,MTOR,NFkB (complex),Notch,P38 MAPK,PARP1,PGR,PPARG,RAC1,RELA,RHOA,RPS6KB1,RUNX2,RXRA,SHC1,SMAD3,SP1,STAT1,STAT3,TAB1,TERT",3,Inhibited,-2.5580000000000003,4.92e-16,0.0045,"A2M,ABCB1,ACLY,ACO1,ADAM10,AHNAK,AKR1B1,AKT1,AKT2,ALDOA,APOB,APOC3,APOE,ARHGDIB,ARRB1,ATG7,ATP6AP2,ATXN10,AURKA,BAX,C11orf58,C3,C4A/C4B,CA2,CAPN2,CARS1,CASP1,CASP4,CBS/CBSL,CCL4,CD14,CD47,CD55,CDK1,CDK6,CDKN2C,CELF2,CHI3L1,CKAP4,CLEC11A,CLTC,COL1A1,COL3A1,CPT2,CSE1L,CTSL,DDX60,DHCR24,DNMT1,DPYSL2,DR1,DTYMK,DYNLL1,EDF1,EEF1A2,EEF1B2,EGLN1,EGR2,EIF1AX,EIF4E,EIF4G1,EIF5,ENO1,ERBIN,ERMP1,EZR,FABP5,FADS2,FDXR,FHL1,FKBP5,FLI1,FN1,FOSL1,FSCN1,G3BP1,GAPDH,GBP1,GBP2,GCLC,GCLM,GDF15,GGH,GLUL,GOT1,GSPT1,GSTM3,GSTP1,H1-10,H2BC12,HDAC1,HDAC2,HINT1,HLA-A,HLA-B,HLA-C,HLA-E,HLA-F,HMGB2,HNRNPA1,HNRNPA2B1,HSD17B12,HSP90B1,HSPB1,HSPH1,IFI35,IFIT3,IGF2,IGLL1/IGLL5,IL1B,IL1RN,IRF2,IRF2BP2,IRF5,IRF8,ITGB2,ITIH2,ITPR1,JMJD6,JUNB,JUND,KIF2A,KRT10,KYNU,LAP3,LASP1,LBR,LDHA,LEMD3,LIMS1,LTF,LUM,MAP2K2,MARCKS,MAT2A,MATK,MECP2,MIF,MKNK1,MMP2,MMP9,MTA1,MX2,MYD88,NAE1,NAMPT,NAT1,NDRG1,NIBAN2,NMI,NPM1,NQO1,NUCKS1,NUDCD2,NUP188,NVL,OAS2,OASL,PCYT1A,PDHA1,PDLIM1,PELP1,PFDN1,PFKP,PGK1,PHB,PHGDH,PKM,PLAU,PLD1,POSTN,PPIA,PPP2R1A,PPP3CA,PPP3CB,PRKAR1A,PSMB1,PSMB10,PSMB7,PSMB9,PSME2,PTPRE,PXN,QKI,RAB4B,RAD23A,RASA1,RBP4,RMDN3,RPL13,RSAD2,S100A11,S100A4,S100A9,SDHB,SEC61B,SEPTIN6,SERPINB1,SERPINB8,SERPINF1,SH3GLB1,SH3KBP1,SHBG,SIRT6,SLAMF8,SLC7A11,SLC9A3R1,SMAP2,SMARCC1,SOD1,SPRY2,SQSTM1,SREBF2,SRFBP1,SRSF1,STAT1,STAT3,STK4,STMN1,SUN2,SUZ12,SYK,TALDO1,TANK,TAP2,TAPBP,TDO2,TFRC,TGFBI,THBS1,TK1,TLN1,TMOD3,TMSB10/TMSB4X,TOP1,TOP2A,TPI1,TPM1,TRIM21,TUBA1C,TUBB,TUBB2A,TUFM,TXN,TYMP,UBE2I,UBE2L6,UGDH,UQCRC2,VASP,VCL,VDAC1,VIM,WARS1,WAS,ZFP91,ZYX",257 (47),46,47hr_PROT_causal,True,
38,PRDX2,-2.249,enzyme,"ADRB2,Akt,AKT1,CASP8,CCND1,CCNE1,CDH1,CEBPA,CEBPB,CLTC,CTNNB1,DUSP1,EGFR,ERK,ERK1/2,EZH2,FOSL1,FOXO3,GSK3B,IQGAP1,Jnk,MAP2K1/2,Mapk,MAPK9,MED1,Mek,MMP2,MTOR,MYC,NOS2,Notch,P38 MAPK,PLSCR1,PPARG,PRDX2,PRKAA,RAC1,RAF1,RAPGEF1,RARA,RB1,RHOA,RHOC,RUNX2,RXRA,SMAD3,SP1,SRC,STAT1,STAT5a/b,TCF7L2,YAP/TAZ,YAP1",3,Activated,2.2319999999999998,1.13e-15,0.0018,"A2M,ABCB1,ABCC1,ABCE1,ACLY,ACTB,AHNAK,AKR1B1,AKT2,ALB,ALCAM,ALDH18A1,ALOX5,ANO10,APOB,APOC3,ARHGAP1,ARPC5L,ARRB1,ASPH,ATG7,ATP1A1,AURKA,BAG1,BCAT1,C11orf58,C4A/C4B,CA2,CASP1,CASP8,CBS/CBSL,CD14,CD151,CD36,CD47,CD55,CD74,CD82,CDC42,CDK1,CDKN2C,CEBPZ,CELF2,CHI3L1,CLEC11A,CLTC,COL1A1,COL1A2,COL3A1,CP,CSE1L,CTSL,DDX60,DIAPH1,DNAJC21,DR1,DTYMK,EDF1,EEF1A2,EEF1B2,EGR2,EIF4E,EIF4G1,EIF5,ENO1,ENY2,ERBIN,ERMP1,EZH2,EZR,FABP4,FADS2,FDXR,FKBP5,FOSL1,G3BP1,GAPDH,GBP1,GBP2,GCLC,GCLM,GDF15,GGH,GIGYF2,GLUL,GNL3,GOT1,GSPT1,GSR,GSS,H1-10,HINT1,HLA-A,HMGN2,HNRNPA1,HNRNPA2B1,HNRNPD,HSD17B12,HSP90AA1,HSP90B1,HSPB1,HSPH1,HYOU1,IDI1,IGLL1/IGLL5,IL1RN,INIP,IRF2,IRF8,ITGB2,ITGB5,ITIH2,ITPR1,JUND,KIF2A,LASP1,LBR,LCP2,LGALS1,LPL,LSM3,LTF,LUM,MAP2K2,MARCKS,METAP2,METTL7A,MIF,MKNK1,MYD88,MYH11,NCOA7,NDRG1,NIBAN1,NIBAN2,NOLC1,NQO1,NRP1,PCYT1A,PDCD4,PDHA1,PEA15,PGLS,PKM,PLAU,POLDIP3,POLR2D,POSTN,PPAT,PPIA,PPP2R1A,PPP3CA,PPP3CB,PREP,PRKAR1A,PSAT1,PSMB1,PSMB10,PSMB7,PSMB9,PTPRE,PYCR1,RAB4B,RAD23A,RBL2,RBP4,RMDN3,RPL11,RPL13,RPL5,S100A11,S100A8,S100A9,SAE1,SAMD9,SCD,SDHB,SEC61B,SEPTIN6,SERPINB1,SERPINF1,SFPQ,SH3GLB1,SHBG,SIRT6,SLAMF8,SLC2A1,SLC9A3R1,SNRNP200,SOD1,SRFBP1,SRSF1,SRSF2,STAT1,STAT3,STIP1,SUMO1,SUMO2,SUMO3,SYNE3,TALDO1,TANK,TAP2,TAPBP,TBC1D2,TFB2M,TGFB1,THBS1,TLN1,TMED10,TOP1,TPI1,TPM1,TUBA1C,TUBB,TUBB2A,TUFM,TYMP,UBA2,UGDH,UGP2,UQCRC2,UQCRQ,VCL,VDAC1,VIM,WARS1,WDR3,WRN,XPO1,YBX1,ZYX",232 (53),51,47hr_PROT_causal,True,
43,Mmp, ,group,"AKT1,ATM,CASP8,CCND1,CCNE1,CEBPA,CEBPB,CTNNB1,DUSP1,EGFR,EGR1,ERBB3,ERK,ERK1/2,GSK3B,HDAC6,HIF1A,Jnk,JUN,MAP2K1/2,MAP3K7,Mapk,MAPK1,MAPK14,MAPK8,MED1,Mek,MET,Mmp,MMP1,MMP2,MTOR,NFkB (complex),Notch,P38 MAPK,PARP1,PGR,PPARG,PRKAA1,PRKCA,RAC1,RELA,RHOA,RUNX2,RXRA,SHC1,SP1,STAT1,STAT3,TAB1,TGFB1,TP53",3,Inhibited,-2.37,1.9100000000000003e-15,0.0421,"A2M,ABCC1,ABCE1,ACLY,ACO1,ACSL3,ACTB,ADAM10,ADH5,AFP,AHNAK,AK1,AKR1B1,AKT1,AKT2,ALB,ALDOA,ALOX5,APOB,APOE,ARHGDIB,ARPC1B,ARRB1,ATG7,ATP6AP2,ATXN10,BAX,BID,BUB1B,C11orf58,C3,C4A/C4B,CA2,CAPN2,CARS1,CASP4,CBS/CBSL,CCL4,CD47,CD55,CDK6,CDKN2C,CEBPZ,CELF2,CES2,CHD3,CKAP4,CLEC11A,CLTC,COL1A1,COL1A2,COL6A3,CPOX,CPT2,CSE1L,CTSL,DAB2,DDX60,DNM1,DPYSL2,DR1,DTYMK,DUT,DYNLL1,EDF1,EEF1A2,EEF1B2,EFEMP1,EGLN1,EGR2,EIF1AX,EIF4E,EIF4G1,EIF5,ELAVL1,ENG,ENO1,ERBIN,ERMP1,EZR,FABP5,FADS2,FAM3C,FBXO22,FDXR,FEN1,FHL1,FKBP3,FKBP5,FLI1,FOSL1,FSCN1,FUBP1,G3BP1,GAPDH,GART,GBP1,GBP2,GCLC,GCLM,GDF15,GGH,GLUL,GNL3,GOT1,GSK3A,GSK3B,GSPT1,GSTM3,GSTP1,H1-10,H2BC12,HDAC1,HDAC2,HINT1,HLA-A,HLA-B,HLA-C,HLA-E,HLA-F,HMGB1,HMGB2,HMGN2,HMOX1,HNRNPA1,HNRNPA2B1,HSD17B12,HSP90B1,HSPA1A/HSPA1B,HSPA4L,HSPA8,HSPB1,HSPH1,IFI35,IGF2,IGFBP7,IGLL1/IGLL5,IL1B,ILK,IREB2,IRF2,IRF2BP2,IRF5,IRF8,ITGB2,ITIH2,ITPR1,JMJD6,JUNB,KIF2A,KRT10,KYNU,LAP3,LASP1,LEMD3,LGALS3,LIMS1,LTC4S,LTF,LUM,MAP2K1,MAP2K2,MAPK1,MAPK3,MARCKS,MAT2A,MATK,MCM2,ME1,ME2,MECP2,MGST2,MIF,MKNK1,MMP2,MMP9,MST1,MX2,MYD88,MYO6,NAE1,NAMPT,NAT1,NDRG1,NIBAN2,NME1,NMI,NOLC1,NPM1,NQO1,NRP1,NUCKS1,NUDCD2,NUP188,NVL,PCYT1A,PDHA1,PDHX,PDLIM1,PECAM1,PELP1,PFDN1,PGK1,PHB,PHGDH,PKM,PLAU,PLAUR,POSTN,PPAT,PPIA,PPM1A,PPP1CA,PPP1R12A,PPP2CA,PPP2R1A,PPP3CB,PPP4C,PPP4R2,PRAG1,PRKACB,PRKAR1A,PSMB1,PSMB10,PSMB7,PSMB9,PSME2,PTPN11,PTPN12,PTPN6,PTPRE,PXN,QKI,RAB4B,RAD23A,RASA1,RBP4,RFC3,RMDN3,RPL13,RRAD,RSAD2,S100A11,S100A4,S100A9,SCD,SDHB,SEC61B,SEL1L,SEPTIN6,SERPINB1,SERPINB8,SERPINF1,SERPINH1,SH3GLB1,SH3KBP1,SHBG,SIRT6,SLAMF8,SLC7A11,SLC9A3R1,SMAP2,SMARCC1,SOD1,SPRY2,SQSTM1,SRFBP1,SRSF1,SRSF3,STAT1,STAT3,STK4,STMN1,STOM,SUN2,SUZ12,SYK,TAGLN2,TALDO1,TAP2,TAPBP,TDO2,TFAM,TFB2M,TGFBI,TK1,TLN1,TMOD3,TMSB10/TMSB4X,TOP1,TOP2A,TPI1,TPM1,TRIM21,TUBA1C,TUBB2A,TUFM,TXN,TYMP,UBE2I,UBE2L6,UGDH,UQCRC2,USP8,VASP,VCL,VDAC1,VIM,WARS1,WAS,XPO1,YWHAH,ZFP91,ZYX",314 (52),51,47hr_PROT_causal,True,
44,GRK5, ,kinase,"26s Proteasome,Akt,AKT1,CASP8,CEBPA,EGFR,EGR1,ERBB3,ERK1/2,F2R,FOXO3,GLI1,GRK5,GSK3B,HDAC6,HIF1A,IGF1R,Jnk,JUN,LATS1,MAP2K1/2,Mapk,MAPK1,MAPK9,MED1,Mek,MMP2,MTOR,NOTCH1,P38 MAPK,PARP1,PGR,PI3K (complex),Pkc(s),PRKAA,PRKAA1,PRKCE,PTPN6,RAC1,RB1,RHOA,RPS6KB1,SHC1,SMAD3,SNCA,TAB1,TAZ,TP53,TP73,TSC2,YAP1",3,Inhibited,-2.065,2.2199999999999998e-15,0.0135,"A2M,ABCB1,ABCC1,ABCE1,ACLY,ACO1,ACSL3,ACTB,ADAM10,ADK,AHNAK,AK1,AKR1B1,AKT1,ALB,ALDOA,ALOX5,APOC3,APOE,ARPC1B,ARPC5,ARRB1,ATG7,ATXN10,AURKA,BAG3,BAX,BID,BUB1B,C1QTNF3,C3,CA2,CAPN2,CARS1,CASP1,CASP4,CASP8,CCL4,CD14,CD36,CD55,CDK1,CDK6,CDKN2C,CEBPZ,CELF2,CES2,CHD3,CHI3L1,CKAP4,CLEC11A,CLTC,CNIH4,CNTRL,COL1A2,COL3A1,CPOX,CPT1A,CPT2,CSE1L,CTPS1,DDX60,DEGS1,DHCR24,DNAJC3,DNM1,DNMT1,DPYSL2,DUT,DYNLL1,EDF1,EEF1A2,EFHD2,EGR2,EIF1AX,EIF4G1,ELOB,ELOC,ENDOD1,ENG,ERMP1,EZH2,EZR,FABP4,FADS2,FAM3C,FBXO22,FDXR,FEN1,FHL1,FKBP3,FKBP5,FLI1,FN1,FOSL1,FUBP1,G3BP2,G6PD,GALNT2,GART,GBP1,GBP2,GCLC,GCLM,GDF15,GGH,GLUL,GNL3,GOT1,GPA33,GSK3A,GSK3B,GSPT1,GSR,GSTM3,GSTP1,H1-0,H1-10,H2BC12,HDAC2,HLA-A,HLA-C,HLA-E,HMGB1,HMGN2,HMOX1,HNRNPA1,HNRNPA2B1,HSD17B12,HSP90B1,HSPA1A/HSPA1B,HSPA4L,HSPA8,HSPH1,HYOU1,IDH2,IFI35,IFIT3,IGF2,IGFBP2,IGFBP7,IGLL1/IGLL5,IL1B,IL1RN,IREB2,IRF5,IRF8,ITGB5,ITPR1,JMJD6,JUND,KIF2A,KTN1,LAP3,LASP1,LBR,LDHA,LEMD3,LGALS1,LGALS3,LIMS1,LPL,LSM3,MAFF,MAP2K2,MAPK1,MATK,MCM2,ME1,ME2,MECP2,METAP2,METTL3,METTL7A,MGST2,MIF,MKNK1,MMP2,MSI2,MST1,MTA1,MX2,MYD88,MYH11,MYO6,NAE1,NAT1,NDRG1,NME1,NMI,NOLC1,NPEPL1,NQO1,NRGN,NUCKS1,NUDCD2,NUP188,NVL,OASL,PCNA,PDCD4,PDHA1,PDHX,PDLIM1,PEA15,PELP1,PFDN1,PFKP,PHGDH,PIN1,PLAU,PLAUR,PLG,POSTN,PPAT,PPIA,PPM1A,PPP1CA,PPP2CA,PPP2R1A,PPP3CA,PPP3CB,PPP4C,PPP4R2,PRAG1,PRKACB,PRKAR1A,PSMB1,PSMB10,PSMB7,PSMB9,PSME2,PTPN11,PTPN12,PTPN6,QSOX1,RAB4B,RAB8B,RAD23A,RASA1,RASA4,RBL2,RFC3,RRAD,RSAD2,S100A11,S100A4,S100A6,S100A8,SCD,SDHB,SEC61A1,SEL1L,SEPTIN6,SERPINB1,SERPINB8,SERPINF1,SH3GLB1,SIRT6,SLC2A1,SLC7A11,SMARCC1,SOD1,SREBF2,SRM,SRSF1,SRSF3,STMN1,STOM,SUZ12,SYK,SYNE3,TAGLN2,TANK,TAPBP,TBC1D2,TFAM,TFB2M,TFRC,TGFB1,TGFBI,THBS1,TIMP2,TMED10,TMOD3,TMSB10/TMSB4X,TOP2A,TRIM21,TTC13,TUBB,TUBB2A,TUFM,TXN,UBE2L6,UGP2,UQCRC2,VASP,VDAC1,VIM,VMP1,XPO1,YWHAH,ZDHHC3,ZYX",304 (51),50,47hr_PROT_causal,True,
50,CBL,-1.523,transcription regulator,"Abl1/2,AKT1,AR,ATM,CASP8,CBL,CHEK2,CLTC,CREB1,CTNNB1,DUSP1,EGFR,EGR1,ELK1,EPHA2,ERBB2,ERBB3,ERK1/2,HIF1A,IGF1R,JAK2,JUN,JUNB,LIN28A,MAP2K1/2,Mapk,MAPK1,MMP1,MMP14,MTOR,MYC,NFKB1,P38 MAPK,PARP1,PGR,PI3K (family),PPARG,PRKAA1,PRKCA,RB1,RELA,RHOA,SHC1,SP1,SREBF2,STAT1,STAT3,TGFB1,TP53",3,Activated,2.302,4.1e-15,0.0247,"ACLY,ACO1,ACTR3,ADAM10,ADH5,AFP,AK1,ALB,ALCAM,ALDH18A1,ALDOA,ALOX5,APOE,ARHGDIB,ARPC1B,ARRB1,ATXN10,AURKA,B3GALT6,BAG1,BAX,BCAT1,BID,BPNT2,BUB1B,C4A/C4B,CAPN2,CARS1,CASP4,CAST,CBS/CBSL,CD151,CD47,CD55,CD74,CDC27,CDC37,CDC42,CDKN2C,CES2,CHD3,CHD7,CKAP4,CLEC11A,COL1A1,COL1A2,COL3A1,COL6A3,CPM,CPOX,CPT2,CSE1L,CTSL,DEGS1,DHCR24,DHCR7,DNM1,DNM1L,DPYSL2,DR1,DUT,DYNLL1,EGLN1,EGR2,EHD1,EIF1AX,EIF4E,EIF4G1,ENG,ERAP1,ERO1A,EZR,FAM3C,FBXO22,FDXR,FEN1,FHL1,FKBP3,FKBP4,FKBP5,FLI1,FSCN1,FUBP1,FUS,GAPDH,GCLC,GCLM,GDF15,GDI1,GIGYF2,GLO1,GLS,GLUL,GOT1,GSK3A,GSK3B,GSTM3,GSTP1,H2BC12,HINT1,HLA-B,HLA-C,HLA-E,HM13,HMGB1,HMGB2,HMGN2,HMOX1,HNRNPA1,HNRNPA2B1,HNRNPF,HSP90AA1,HSP90B1,HSPA1A/HSPA1B,HSPA4L,HSPA8,HSPH1,IDH1,IFI16,IFI35,IFIT3,IGF2,IGFBP2,IGFBP7,IL1RN,ILK,IREB2,IRF2,IRF2BP2,IRF5,ITGB2,ITPR1,JMJD6,JUNB,JUND,KHSRP,KIF2A,KRT10,LAP3,LASP1,LBR,LIMS1,LMAN1,LTC4S,LUM,MAP2K1,MAPK1,MAPK3,MATK,MCM2,ME1,ME2,MECP2,MGST2,MIF,MKNK1,MSMO1,MST1,MX2,MYO6,NAE1,NAP1L1,NAT1,NME1,NMI,NNT,NOLC1,NPM1,NRP1,NT5E,NUCKS1,NUDCD2,NUP188,NUP210,NVL,OAS2,OASL,P4HA1,PAICS,PDHA1,PDHX,PDIA5,PDLIM1,PECAM1,PELP1,PFDN1,PGK1,PHB,PHGDH,PKM,PLAU,PLAUR,PLD1,POLDIP2,POLDIP3,POLR2D,POSTN,PPIA,PPM1A,PPP1CA,PPP1R12A,PPP2CA,PPP4C,PPP4R2,PRAG1,PREP,PREX1,PRKACB,PRKAR1A,PSEN1,PSMB1,PSMB10,PSMB7,PSMB9,PSME2,PTGS1,PTPN11,PTPN12,PTPN6,PTPRE,PXN,PYCR1,QKI,RAB4B,RAD23A,RASA1,RBL2,RBP4,RFC5,ROCK1,RPA1,RPL11,RPL5,RRAD,S100A4,S100A8,SAE1,SCD,SDHA,SDHB,SEC61B,SEL1L,SERPINB8,SERPINH1,SET,SH3KBP1,SHBG,SHMT1,SLAMF8,SLC9A3R1,SMAP2,SMARCC1,SOD1,SPRY2,SQSTM1,SRSF1,SRSF3,STAT1,STAT3,STK4,STMN1,STOM,STT3B,SUMO1,SUMO2,SUMO3,SUN1,SUN2,SUZ12,SYK,TAGLN2,TANK,TAP2,TARDBP,TFAM,TGFBI,THBS1,TIMP2,TMED9,TMOD3,TOP1,TPM1,TRIM21,TUBB,TXN,TYMP,UBA2,UBE2I,UBE2L6,UGDH,UQCRC2,UQCRQ,USP8,VASP,VCL,VIM,WARS1,WAS,WRN,YWHAH,ZFP91,ZYX",302 (49),47,47hr_PROT_causal,True,
52,TRPC1, ,ion channel,"Akt,AKT1,CEBPA,Creb,EGFR,EGR1,ERBB3,ERK,ERK1/2,ESR1,EZH2,FOSL1,GSK3B,HBEGF,HDAC6,HIF1A,HSF1,IRF3,JUN,Mapk,MAPK1,MAPK3,MAPK9,MCL1,MED1,MMP12,MMP2,MMP9,MTOR,NFkB (complex),NR3C1,NR3C2,NR4A1,P38 MAPK,PARP1,PDGFRA,PGR,PRKAA,PRKCD,RAC1,RELA,RPS6KB1,SHC1,SMAD3,SP1,SREBF2,STAT1,STAT3,TOPBP1,TP53,TRPC1,TSC2,YAP1",3,Inhibited,-2.158,4.8100000000000005e-15,0.0322,"A2M,ABCC1,ACLY,ACO1,ACSL3,ADAM10,AHNAK,AK1,AKR1B1,AKT1,ALB,ALDOA,ALOX5,ANO10,APOC3,APOE,ARHGAP1,ARHGDIB,ARPC1B,ARPC5L,ARRB1,ASS1,ATP6AP2,ATXN10,BABAM2,BAG3,BAX,BCAS3,BID,BUB1B,C3,C4A/C4B,CAPN2,CARS1,CASP4,CASP8,CBR1,CBS/CBSL,CBX3,CCL4,CD14,CD36,CD55,CDK6,CDKN2C,CES2,CHD3,CHI3L1,CKAP4,CLEC11A,CLTC,COL1A1,COL1A2,COQ8A,CP,CPOX,CPT2,DAB2,DHCR24,DNAJC21,DNM1,DPYSL2,DR1,DUT,DYNLL1,EDF1,EEF1A2,EGLN1,EIF1AX,EIF4A2,EIF4E,EIF4G1,ELAVL1,ENG,ENO1,ENO3,ENY2,ERMP1,EZH2,EZR,FABP4,FABP5,FADS2,FAM3C,FBLN1,FBP1,FBXO22,FDPS,FDXR,FEN1,FHL1,FKBP3,FKBP4,FKBP5,FLI1,FN1,FOSL1,FSCN1,FUBP1,GAPDH,GART,GBP1,GCLC,GCLM,GGH,GLUL,GNL3,GOT1,GSK3A,GSK3B,GSPT1,GSR,GSS,GSTM3,GSTP1,H1-10,H2BC12,HDAC1,HDAC2,HINT1,HLA-A,HLA-F,HMGB1,HMGB2,HMGN2,HNRNPA1,HNRNPA2B1,HNRNPA3,HNRNPD,HSD17B12,HSP90AA1,HSP90AB1,HSP90B1,HSPA1A/HSPA1B,HSPA4,HSPA4L,HSPA8,HYOU1,IDH1,IGF2,IGFBP7,IGLL1/IGLL5,IL1B,IL1RN,INIP,IREB2,IRF2,IRF2BP2,IRF8,ITPR1,JUNB,JUND,KIF2A,KYNU,LAP3,LGALS1,LGALS3,LIMS1,LPL,LSM2,LSM3,LTF,MAP2K2,MAPK1,MATK,MBOAT7,ME1,ME2,MECP2,METAP2,METTL3,METTL7A,MGST2,MIF,MKNK1,MMP2,MMP9,MRPL18,MRPS11,MST1,MX2,MYD88,MYO6,NAE1,NAMPT,NASP,NAT1,NCOA7,NIBAN1,NME1,NMI,NOLC1,NPM1,NQO1,NRP1,NUCKS1,NUDCD2,NUP188,NVL,OAS2,OASL,PDCD4,PDHX,PDLIM1,PDLIM7,PEA15,PELP1,PFDN1,PGLS,PHB,PHGDH,PKM,PLAU,PLD1,PLG,POSTN,PPIA,PPM1A,PPP1CA,PPP1R3D,PPP2CA,PPP2R1A,PPP3CB,PPP4C,PPP4R2,PRAG1,PRKAR1A,PSMB1,PSMB10,PSMB7,PSMB9,PSME2,PSME3,PTPN11,PTPN12,PTPN6,PTPRE,PXN,QKI,RAB4B,RANBP1,RANGAP1,RASA1,RFC3,S100A8,S100A9,SAMD9,SCD,SDHB,SEL1L,SEPTIN6,SERPINB1,SERPINB8,SERPINB9,SERPINF1,SERPINH1,SFPQ,SH3GLB1,SH3KBP1,SHC1,SIRT6,SLAMF8,SLC7A11,SMAP2,SMARCC1,SPR,SQSTM1,SRSF1,SRSF3,ST13,STAT3,STIP1,STK4,STMN1,STOM,SUN2,SUZ12,SYK,SYNE3,TACC1,TAGLN2,TAP2,TAPBP,TBC1D2,TDO2,TFAM,TGFB1,TGFBI,TK1,TMED10,TMOD3,TMSB10/TMSB4X,TOP2A,TUBB,TUBB2A,UBE2L6,UGDH,UGP2,UQCRC2,VASP,VCL,VDAC1,WARS1,WAS,XIRP1,XPO1,YBX1,YWHAH,ZFP91,ZYX",310 (53),53,47hr_PROT_causal,True,
55,TOPBP1, ,other,"Akt,CCNE1,CDK2,CHEK1,CHEK2,E2F3,ERK1/2,FANCD2,H2AX,ING1,MDM4,MYC,NBN,PLK1,PRKDC,RB1,RELA,SMARCA4,SRC,TOPBP1,TP53,TRIM28",3,Inhibited,-2.819,9.629999999999999e-15,0.001,"ABRACL,ACO1,ACSL3,ADH5,AK1,AKT1,AKT2,ALCAM,ALDH18A1,ALDH2,ARHGAP30,ARHGDIB,ARPC1B,ARRB1,ATG7,ATG9A,ATP6AP2,AURKA,BAG1,BAX,BCAT1,BID,BUB1B,C3,CA2,CASP1,CASP4,CASP8,CCL4,CD151,CD63,CDK1,CES2,CHD3,CLDND1,CLEC11A,COL1A1,COQ8A,CP,CPM,CPOX,CTCF,CTNND1,DHRS9,DNM1,DUT,EGLN1,EGR2,EIF4E,EIF4G1,ENG,EPS15,ERAP1,EZH2,EZR,FAM3C,FBP1,FBXO22,FDXR,FEN1,FKBP3,FKBP5,FOSL1,FUBP1,GART,GBP1,GDF15,GIGYF2,GLS,GMFG,GNL3,GSK3A,GSK3B,GSR,GSS,GSTO1,GSTP1,H1-2,H2BC11,HCLS1,HDAC2,HLA-A,HLA-B,HLA-C,HLA-E,HLA-F,HMGB1,HMGB2,HMGN2,HMOX1,HSP90AA1,HSPA4L,HSPA8,HSPB1,HSPH1,HYI,IFI16,IFI35,IFIT3,IGF2,IL1RN,INPP1,IREB2,IRF2BP2,ITPR1,JUNB,JUND,KIF2A,KRT10,LBR,LGALS3,LPL,LPXN,MAFF,MAPK1,MAT2A,MCM2,ME1,ME2,MGST2,MKNK1,MST1,MTA1,MTRES1,MX2,MYD88,MYO6,NAMPT,NDRG1,NIBAN1,NME1,NOLC1,NPM1,NUCKS1,OASL,OCIAD2,PCNA,PDCD4,PDHX,PDS5A,PEA15,PFKP,PHGDH,PIN1,PKM,PLAUR,PLD1,PLG,POLDIP3,POLR2D,PPM1A,PPP1CA,PPP2CA,PPP3CA,PPP4C,PPP4R2,PRAG1,PREP,PSMB10,PTPN11,PTPN12,PTPN6,PTPRE,PXN,PYCR1,QKI,RAB4B,RAD23A,RBL2,RFC3,ROCK1,RPL11,RPL5,RRAD,RSAD2,S100A4,S100A6,S100A8,SAE1,SDHA,SDHB,SEL1L,SERPINB8,SERPINH1,SH3KBP1,SIRT6,SLC2A1,SMAP2,SOD1,SPRY2,SRSF1,SRSF3,STAT1,STAT3,STK4,STMN1,STOM,SUMO1,SUMO2,SUMO3,SYK,TAGLN2,TANK,TAOK3,TAP2,TAPBP,TFAM,TFRC,TM9SF2,TMED10,TMSB10/TMSB4X,TOP2A,TUBB,TWF1,UBA2,UBE2I,UQCRC2,UQCRQ,WIPF1,WRN,YWHAH,ZFP91",222 (22),20,47hr_PROT_causal,True,
61,ENO1,-1.912,enzyme,"ADRB2,Akt,CASP8,CCAR2,CDH1,CHUK,CLTC,Creb,CTNNB1,EGFR,ELAVL1,ENO1,ERK1/2,EZH2,FOS,FOXO1,FOXO3,GSK3B,HMGA1,IKBKB,IQGAP1,IRF3,Jnk,JUN,KIT,LRP6,Mapk,MAPK1,MAPK9,MET,MMP12,MMP2,MTOR,MYC,NCL,NFkB (complex),Notch,NR4A1,PARP1,PDGFRA,PHB2,PI3K (family),PLSCR1,RAC1,RAPGEF1,RB1,RELA,RHOC,ROR1,RPS6KB1,SP1,SRC,SREBF1,SREBF2,STAT1,STAT3,STAT5a/b,SYK,TOPBP1,TP53,YAP/TAZ,YAP1,YBX1",3,Inhibited,-2.215,1.27e-14,0.0184,"ABCB1,ABCC1,ACLY,ACSL3,ACTB,AK1,AKT1,ALCAM,ALDH18A1,ALDOA,APOBEC3F,APOC3,ARHGDIB,ARPC1B,ARRB1,ATG7,ATP1A1,ATP6AP2,ATXN10,AURKA,BABAM2,BAG1,BCAT1,BID,BUB1B,C4A/C4B,CA2,CASP1,CASP8,CBS/CBSL,CD14,CD151,CD47,CD74,CDC42,CDKN2C,CELF2,CES2,CFI,CHD3,CHI3L1,CLEC11A,CNDP2,CNN3,COL3A1,COQ8A,CPOX,CSE1L,CSRP1,CYP51A1,DAB2,DDX60,DHCR24,DHCR7,DNM1,DNMT1,DTYMK,DUT,EFEMP1,EGLN1,EIF4E,EIF4G1,ENG,ENO3,EZH2,EZR,FABP5,FAM3C,FBP1,FBXO22,FDPS,FEN1,FKBP3,FKBP5,FN1,FOSL1,FSCN1,FUBP1,GAPDH,GART,GBP1,GBP2,GCLC,GCLM,GIGYF2,GLS,GLUL,GNL3,GOT1,GSK3A,GSK3B,GSPT1,GSR,GSS,HINT1,HLA-A,HLA-B,HLA-C,HLA-F,HMGB1,HMOX1,HNRNPA1,HNRNPA2B1,HSP90AA1,HSP90B1,HSPA1A/HSPA1B,HSPA4L,HSPA8,HSPB1,HSPH1,IDH1,IDI1,IGFBP7,IL1B,IL1RN,IREB2,IRF2,IRF2BP2,IRF5,ITPR1,KIF2A,KRT10,KYNU,LAP3,LBR,LCP2,LDHA,LEMD3,LGALS3,LPL,LSM3,MAP2K2,MAPK1,MAT2A,MCM2,ME1,ME2,MECP2,MED15,METAP2,MGST2,MKNK1,MMP2,MMP9,MST1,MTA1,MVD,MX2,MYD88,MYO6,NAMPT,NAT1,NCL,NCOA7,NDUFS2,NIBAN1,NME1,NMI,NPM1,NQO1,NT5E,NUP188,NVL,OASL,PDCD4,PDHX,PEA15,PFDN1,PFKP,PGK1,PHB,PHGDH,PKM,PLAU,PLCG2,PLD1,PLG,POLDIP3,POLR2D,PPCS,PPIA,PPM1A,PPP1CA,PPP2CA,PPP2R1A,PPP3CA,PPP4C,PPP4R2,PRAG1,PREP,PREX1,PRKAR1A,PSAT1,PSMB1,PSMB10,PSME2,PSME3,PTGS1,PTPN11,PTPN12,PTPN6,PXN,PYCR1,QKI,RAB4B,RAD50,RASA1,RBL2,RCSD1,RFC3,ROCK1,ROCK2,RPL11,RPL5,RRAD,S100A11,S100A4,SAE1,SCD,SDHB,SEC24D,SEL1L,SEPTIN2,SH3GLB1,SH3KBP1,SLAMF8,SLC2A1,SLC7A11,SLC9A3R1,SMAP2,SMARCC1,SNRNP200,SPC25,SQSTM1,SRFBP1,SRSF1,SRSF2,SRSF3,STIP1,STK4,STMN1,STOM,SUMO1,SUMO2,SUMO3,SUN2,SYK,SYNE3,SYPL1,TAGLN2,TANK,TAPBP,TBC1D2,TDO2,TFAM,TFRC,THBS1,TK1,TMED10,TMOD3,TUBB,TXN,UBA2,UBE2I,UBE2L6,UGDH,UGP2,UQCRC2,UQCRQ,VDAC1,VIM,VPS29,WARS1,WAS,WDR3,WRN,XPO1,YWHAH,ZFP91",279 (63),63,47hr_PROT_causal,True,
68,AMBRA1, ,other,"Akt,AMBRA1,CCND1,CHEK1,CHEK2,E2f,E2F3,ERK,ERK1/2,estrogen receptor,FANCD2,ING1,Jnk,MYC,P38 MAPK,PLK1,RB1,RELA,SMAD4,TP53,ULK1",3,Activated,2.23,2.74e-14,0.0034,"ABCB1,ABCC1,ACO1,ACSL3,AHNAK,AK1,AKT1,AKT2,ALCAM,ALDH18A1,APOC3,ARHGDIB,ARPC1B,ARRB1,ATP6AP2,AURKA,BAG1,BAX,BCAT1,BID,BUB1B,C11orf58,CAPG,CASP1,CASP4,CASP8,CD151,CD36,CD55,CD82,CDK6,CELF2,CES2,CHD3,CLEC11A,COL1A1,COL6A1,COL9A2,CPOX,CTCF,CTNND1,DNM1,DNMT1,DUT,EEF1B2,EGLN1,EGR2,EIF4E,EIF4G1,EIF5,ENG,ENO1,EPS15,ERAP1,ERBIN,EZH2,EZR,FABP4,FAM3C,FBXO22,FEN1,FKBP3,FKBP5,FN1,FUBP1,G3BP1,GART,GIGYF2,GLS,GNL3,GSK3A,GSK3B,GSR,GSS,H1-2,H2BC11,HDAC2,HLA-A,HMGB1,HMGB2,HMGN2,HSP90AA1,HSPA4L,HSPA8,HSPH1,IFI35,IFIT3,IGF2,IGFBP7,IL1RN,IREB2,IRF2BP2,ITGB2,ITIH2,KIF2A,KRT10,LASP1,LBR,LDHA,LEMD3,LGALS3,LPL,MAPK1,MARCKS,MAT2A,ME1,ME2,MGST2,MIF,MKNK1,MSN,MST1,MTA1,MX2,MYD88,MYH11,MYO6,NAMPT,NIBAN2,NME1,NOLC1,NPM1,NT5E,NUCKS1,OASL,PCNA,PCYT1A,PDCD4,PDHX,PDS5A,PEA15,PFKP,PHGDH,PIN1,PKM,PLAU,PLAUR,PLD1,POLDIP3,POLR2D,POSTN,PPM1A,PPP1CA,PPP2CA,PPP3CA,PPP4C,PPP4R2,PRAG1,PREP,PSMB10,PSMB9,PTPN11,PTPN12,PTPN6,PTPRE,PXN,PYCR1,QKI,RAB4B,RAD23A,RBL2,RFC3,RMDN3,RPL11,RPL13,RPL5,RRAD,RSAD2,S100A4,S100A8,SAE1,SDHA,SDHB,SEC61B,SEL1L,SERPINH1,SH3KBP1,SLC2A1,SMAP2,SOD1,SQSTM1,SRSF1,SRSF3,STAT1,STAT3,STK4,STMN1,STOM,SUMO1,SUMO2,SUMO3,TAGLN2,TALDO1,TANK,TAP2,TAPBP,TFAM,TFRC,THBS1,TIMP2,TM9SF2,TMED10,TMSB10/TMSB4X,TOP2A,TPI1,TUBA1C,TUBB,TUFM,TYMP,UBA2,UBE2I,UQCRC2,UQCRQ,VIM,VKORC1L1,WRN,XPO1,YWHAH,ZFP91",219 (21),21,47hr_PROT_causal,True,
71,PPM1D, ,phosphatase,"Akt,Ap1,ATF1,ATF6,CEBPB,CHEK1,CHEK2,Creb,CREB1,E2F3,EGFR,ELK1,ERK1/2,FANCD2,H2AX,HNRNPA1,Hsp27,ING1,KAT5,LRP6,MET,MMP12,MMP2,MTOR,NR3C1,P38 MAPK,PGR,PLK1,PPARGC1A,PPM1D,RELA,SP1,SRC,STAT1,TP53,TP63,TRIM28,YAP1",3,Activated,2.354,2.87e-14,0.01,"ABCB1,ABCC1,ACADM,ACLY,ACO1,ACSL3,ACTB,ADH5,AK1,AKT1,ALB,APEX1,APOB,ARHGDIB,ARPC1B,ARRB1,ATG7,ATG9A,ATP2A2,ATP6AP2,BID,BUB1B,C3,C4A/C4B,CA2,CAPN2,CASP4,CAST,CBR1,CBS/CBSL,CCL4,CD14,CD36,CD55,CD82,CDC42,CDK1,CES2,CHD3,CHI3L1,CKAP4,CLEC11A,COL1A2,COL3A1,CPOX,CPT2,CSTA,CTCF,CTNND1,DAP3,DIAPH1,DNAJB11,DNM1,DPYSL2,DTYMK,DUT,DYNLL1,EGLN1,EGR2,EHD1,EIF1AX,ENG,EPS15,ERAP1,ERCC2,EZH2,EZR,FABP4,FAM3C,FBXO22,FDPS,FDXR,FEN1,FKBP3,FN1,FOSL1,FSCN1,GABPA,GAPDH,GART,GBP1,GBP2,GDF15,GLUL,GNL3,GOT1,GSK3A,GSK3B,GSR,GSS,GSTM3,H1-2,H2BC11,HDAC1,HDAC2,HINT1,HLA-A,HLA-E,HMGB1,HMGB2,HMGN2,HMOX1,HNRNPA1,HNRNPA2B1,HSP90B1,HSPA4L,HSPA8,HSPB1,HSPH1,IFI16,IGF2,IGFBP2,IL1B,IL1RAP,ILK,IREB2,IRF2,IRF2BP2,JUNB,JUND,KHSRP,KIF2A,KRT10,LBR,LDHA,LEMD3,LPL,MAPK1,MAT2A,MATK,MCM2,ME1,ME2,MGST2,MIF,MKNK1,MMP2,MMP9,MPG,MRPL20,MST1,MTA1,MX2,MYH11,MYO6,NAMPT,NDRG1,NIBAN1,NME1,NOLC1,NT5E,NUCKS1,OAS2,OASL,PCNA,PDHX,PDIA4,PDLIM1,PDS5A,PEA15,PHGDH,PIN1,PLAU,PLAUR,PLD1,PLG,PNPT1,PPIA,PPM1A,PPP1CA,PPP2CA,PPP2R1A,PPP3CA,PPP4C,PPP4R2,PRAG1,PRDX2,PRKAR1A,PRPF4,PSEN1,PSMB1,PSMB7,PSME3,PTPN11,PTPN12,PTPN6,PTPRE,PXN,QKI,RAB4B,RAD23A,RAN,RFC3,ROCK2,RPA1,RRAD,RSAD2,SDHA,SDHB,SEL1L,SERPINB8,SERPINB9,SERPINH1,SH3KBP1,SIRT6,SLAMF8,SLC2A1,SLC7A11,SMAP2,SOD1,SREBF2,SRSF1,SRSF2,SRSF3,STAT1,STAT3,STK4,STMN1,STOM,SYNE3,TAGLN2,TANK,TAP2,TAPBP,TBC1D2,TFAM,TFRC,TGFB1,TK1,TM9SF2,TMED10,TMSB10/TMSB4X,TOP1,TOP2A,TPM1,TRIM21,TUBB,UGDH,UGP2,UQCRC2,VASP,VCL,WARS1,XPO1,YWHAH,YWHAZ,ZFP91",247 (38),37,47hr_PROT_causal,True,
78,mir-122, ,microRNA,mir-122,1,Activated,3.667,4.84e-14,0.0001,"ADAM10,ALDOA,ARHGAP1,BCAT2,CACYBP,CLIC4,CS,CSRP1,CTCF,G6PD,GNPDA1,H1-0,IQGAP1,LETM1,MAP4,MAPRE1,NPEPPS,NUDC,NUTF2,PKM,PLIN3,PPP2CA,PXN,RBM3,RCC2,SEPTIN2,SEPTIN9,SERPINB6,SH3BGRL3,SH3GL1,TPD52L2,VAV3,VIM,VPS4B,WARS1,YARS1",36 (1),1,47hr_PROT_causal,True,True
80,RPA1,-1.240,other,"ATM,CHEK1,E2F3,ERK1/2,FANCD2,HSF1,ING1,JINK1/2,PLK1,RELA,RPA1,SRC,TP53",3,Inhibited,-2.287,5.55e-14,0.0003,"ABCB1,ABCC1,ACO1,ACSL3,ACTB,ADH5,AK1,AKT1,ARHGDIB,ARPC1B,ARRB1,ATG7,ATP6AP2,AURKA,BAG3,BAX,BID,BUB1B,C3,CASP1,CASP4,CASP8,CBX3,CCL4,CDK1,CES2,CHD3,CLEC11A,COL3A1,CPOX,CTCF,CTNND1,DNM1,DNMT1,DUT,EFEMP1,EGLN1,EIF4A2,ELAVL1,ENG,EPS15,ERAP1,EZR,FAM3C,FBLN1,FBXO22,FDXR,FEN1,FKBP3,FKBP4,FKBP5,FOSL1,FUBP1,GART,GBP1,GDF15,GNL3,GSK3A,GSK3B,GSR,H1-2,H2BC11,HDAC2,HLA-A,HMGB1,HMGB2,HMGN2,HMOX1,HNRNPA3,HSP90AA1,HSP90AB1,HSPA4,HSPA4L,HSPA8,HSPB1,HSPH1,IGF2,IGFBP7,IL1RN,IREB2,IRF2BP2,ITGB5,JMJD6,JUNB,JUND,KIF2A,LBR,LDHA,LGALS3,LPL,LSM2,MAPK1,MAT2A,MBOAT7,MCM2,ME1,ME2,MGST2,MKNK1,MRPL18,MST1,MTA1,MYO6,NAMPT,NASP,NDRG1,NME1,NOLC1,NUCKS1,PCNA,PDHX,PDS5A,PFKP,PGK1,PHGDH,PIN1,PKM,PLAU,PLAUR,PLD1,PLG,PPM1A,PPP1CA,PPP2CA,PPP3CA,PPP4C,PPP4R2,PRAG1,PSMB10,PSMB9,PTPN11,PTPN12,PTPN6,PTPRE,PXN,QKI,RAB4B,RAD23A,RANBP1,RANGAP1,RFC3,RRAD,S100A4,S100A8,SEL1L,SERPINH1,SH3KBP1,SHC1,SIRT6,SMAP2,SOD1,SPR,SRSF3,ST13,STIP1,STK4,STMN1,STOM,TAGLN2,TANK,TAP2,TAPBP,TFAM,TFRC,TGFB1,TM9SF2,TMSB10/TMSB4X,TOP2A,TUBB,XPO1,YWHAH,ZFP91",172 (13),12,47hr_PROT_causal,True,
83,PELI3, ,enzyme,"Akt,AMPK,Ap1,AR,ATF2,BCL2,BCL2L1,CASP8,CEBPA,CHUK,Creb,EGFR,ELK1,ERK1/2,estrogen receptor,FOXO1,HIF1A,IKBKB,IKK (complex),IRF3,Jnk,JUN,MAP3K7,MAPK14,MAPK9,MMP12,MTORC1,NFAT (complex),NFkB (complex),NFKB1,NFKBIA,P38 MAPK,PELI3,PPARG,RAC1,RELA,RHOA,RPS6KB1,SHC1,SP1,SREBF1,TAB1,TP53,YAP1",3,Activated,2.175,5.89e-14,0.0225,"A2M,ABCB1,ABCC1,ACO1,ACO2,ACSL3,ACTB,ACTR3,ADAM10,AIF1,AK1,AKR1B1,AKT1,AKT2,ALB,APOBEC3F,APOE,ARHGDIB,ARPC1B,ARRB1,ASNS,ATG7,ATP2A2,ATP6AP2,BAX,BID,BUB1B,C3,CA2,CAPG,CARS1,CASP1,CASP4,CAST,CBS/CBSL,CCL4,CD14,CD55,CD82,CDK6,CELF2,CES2,CFI,CHD3,CHI3L1,CKAP4,CLEC11A,COL1A2,COL6A1,COL9A2,CPOX,CSE1L,CSRP1,CTCF,CTSL,CYP51A1,DAB2,DEGS1,DHCR24,DHCR7,DIAPH1,DNM1,DNM1L,DR1,DTYMK,DUT,EEF1A2,EFEMP1,EGLN1,EGR2,EHD1,EIF4E,EIF4G1,ELAVL1,ENG,ERAP1,ERO1A,EZH2,EZR,FABP5,FAM3C,FBXO22,FDPS,FDXR,FHL1,FKBP3,FKBP4,FLI1,FSCN1,FUBP1,GAPDH,GART,GBP1,GBP2,GDF15,GDI1,GGH,GNL3,GOT1,GSK3A,GSK3B,GSPT1,GSS,GSTP1,H1-10,H2BC12,HINT1,HLA-A,HLA-B,HLA-F,HMGB1,HMGB2,HMGN2,HMOX1,HNRNPA1,HNRNPA2B1,HSP90AA1,HSP90B1,HSPA1A/HSPA1B,HSPA4L,HSPA8,HSPB1,HYOU1,IDH1,IDH3A,IFIT3,IGFBP7,IREB2,IRF2BP2,ITGB5,JMJD6,JUNB,JUND,KHSRP,KIF2A,KYNU,LBR,LEMD3,LGALS3,LIMS1,LMAN1,LPL,LSM3,LTF,MAPK1,MAT2A,MCM2,ME1,ME2,METAP2,MGST2,MIF,MKNK1,MSMO1,MSN,MST1,MTA1,MYH11,MYO6,NAE1,NAMPT,NAP1L1,NCF1,NDRG1,NDUFS2,NME1,NOLC1,NPM1,NUCKS1,NUDCD2,OAS2,OASL,P4HA1,PDHA1,PDHX,PDIA5,PEA15,PELP1,PFKP,PHGDH,PKM,PLAU,PLD1,PLG,POSTN,PPCS,PPIA,PPM1A,PPP1CA,PPP2CA,PPP3CA,PPP4C,PPP4R2,PRAG1,PRKAR1A,PSMB1,PSMB7,PSMB9,PSME3,PTPN11,PTPN12,PTPN6,PTPRE,PXN,QKI,RAB4B,RAD23A,RASA1,RBP4,RFC3,RRAD,RSAD2,S100A4,S100A9,SDHA,SEC61B,SEL1L,SERPINB1,SERPINF1,SH3KBP1,SHBG,SIRT6,SLC7A11,SMAP2,SPC25,SPRY2,SQSTM1,SREBF2,SRSF1,SRSF2,SRSF3,STAT1,STK4,STMN1,STOM,SUZ12,SYK,SYNE3,TAGLN2,TAP2,TAPBP,TBC1D2,TDO2,TGFB1,TK1,TMED10,TMSB10/TMSB4X,TOP2A,TUBB,TUBB2A,TXN,UBE2I,UGDH,UGP2,VCL,WIPF1,XPO1,YWHAH,ZFP91",259 (44),42,47hr_PROT_causal,True,
89,PCGEM1, ,other,"G6PD,MYC,PCGEM1",2,Inhibited,-2.7689999999999997,8.01e-14,0.0001,"ABCC1,ACLY,AKT1,ALCAM,ALDH18A1,ALDOA,BAG1,BAX,BCAT1,CD151,COL1A1,CS,DHCR24,EIF4E,EIF4G1,ENO1,EZH2,FH,G6PD,GAPDH,GIGYF2,GLS,GSR,HSP90AA1,HSPB1,HSPH1,IDH1,IDH2,IFI35,IFIT3,LDHA,LSS,MAT2A,MX2,MYD88,NCF2,NOLC1,NPM1,OASL,PDCD4,PDHA1,PGD,PGK1,PGLS,PKM,PLAU,PLAUR,POLDIP3,POLR2D,PREP,PYCR1,RPL11,RPL5,RSAD2,SAE1,SDHA,SLC2A1,SRSF1,STAT1,STAT3,SUMO1,SUMO2,SUMO3,TALDO1,UBA2,UBE2I,UQCRQ,WRN,XPO1",69 (3),3,47hr_PROT_causal,True,
90,mir-10, ,microRNA,"AKT1,Ap1,CASP9,CEBPA,CTNNB1,EGFR,EGR1,ERBB3,ERK1/2,FOSL1,GSK3B,HBEGF,HDAC6,HIF1A,Jnk,JUN,MAP2K1/2,MAPK1,MED1,MET,mir-10,MMP2,MTOR,NFAT (complex),NFkB (complex),P38 MAPK,PARP1,PGR,RAC1,RELA,RPS6KB1,SHC1,SMAD3,SP1,STAT3,TAB1,TERT,TP63",3,Inhibited,-2.495,8.42e-14,0.0108,"A2M,ABCB1,ACLY,ACO1,ADAM10,AIF1,AKR1B1,AKT1,ALB,ALDOA,ALOX5,AP1M1,APOE,ARHGDIB,ARRB1,ATG9A,ATP6AP2,ATXN10,AURKA,BAX,C3,CA2,CAPN2,CARS1,CASP1,CASP4,CAST,CBS/CBSL,CCL4,CD36,CD47,CD55,CDC42,CDK1,CDK6,CDKN2C,CELF2,CKAP4,CLEC11A,CLTC,COL1A1,COL1A2,COL3A1,CSTA,DAP3,DDX60,DGAT1,DHCR24,DNMT1,DPYSL2,DTYMK,DYNLL1,EDF1,EEF1A2,EGLN1,EGR2,EIF1AX,EIF4E,EIF4G1,ENG,ERMP1,EZR,FABP4,FABP5,FADS2,FDXR,FHL1,FKBP5,FLI1,FN1,FSCN1,FUBP1,GBP1,GBP2,GCLC,GCLM,GGH,GLUL,GOT1,GSPT1,GSTM3,GSTP1,H1-10,H2BC12,HDAC1,HDAC2,HINT1,HLA-A,HLA-B,HLA-C,HLA-E,HLA-F,HMGB2,HMOX1,HNRNPA1,HNRNPA2B1,HSD17B12,HSP90B1,HSPB1,HSPH1,IFI16,IFI35,IFIT3,IGF2,IGFBP2,IGFBP7,IGLL1/IGLL5,IL1RAP,IL1RN,IRF2BP2,IRF5,IRF8,ITPR1,JMJD6,JUND,KHSRP,KIF2A,KRT10,KYNU,LAP3,LBR,LDHA,LIMS1,LTF,MAP2K2,MAT2A,MATK,MECP2,MIF,MKNK1,MMP9,MTA1,MX2,MYD88,MYH11,NAE1,NAMPT,NAT1,NDRG1,NMI,NPM1,NQO1,NRP1,NUCKS1,NUDCD2,NUP188,NVL,OAS2,OASL,PDLIM1,PELP1,PFDN1,PFKP,PGK1,PHB,PHGDH,PKM,PLAU,PLD1,PNPT1,POSTN,PPIA,PPP2R1A,PPP3CA,PPP3CB,PRKAR1A,PRPF4,PSMB1,PSMB10,PSMB7,PSMB9,PSME2,PTPN12,PTPRE,PXN,QKI,RAB4B,RAD23A,RASA1,RPA1,RSAD2,S100A4,S100A8,S100A9,SDHB,SEPTIN6,SERPINB1,SERPINB8,SERPINF1,SH3GLB1,SH3KBP1,SLC2A1,SLC7A11,SLC9A3R1,SMAP2,SMARCC1,SPRY2,SQSTM1,SREBF2,SRSF1,STAT1,STAT3,STK4,STMN1,SUN2,SUZ12,SYK,TANK,TAP2,TAPBP,TDO2,TFRC,TGFBI,TK1,TMOD3,TMSB10/TMSB4X,TOP2A,TPM1,TRIM21,TUBB2A,TXN,UBE2I,UBE2L6,UGDH,UQCRC2,VASP,VCL,VDAC1,WAS,WIPF1,ZFP91,ZYX",232 (38),37,47hr_PROT_causal,True,
93,Gpcr, ,group,"Akt,AKT1,Ap1,AR,CEBPA,Creb,CTNNB1,DUSP1,EGFR,EGR1,ELK1,ERBB3,ERK,ERK1/2,ERN1,FYN,Gpcr,GSK3B,HDAC6,HIF1A,JUN,LCK,MAP2K1/2,Mapk,MAPK1,MAPK3,MED1,MET,MMP2,MTOR,NFkB (complex),P38 MAPK,PARP1,PGR,PRKD1,RAC1,RELA,RHOA,RPS6KB1,SHC1,SMAD3,SP1,STAT3,TAB1,TERT",3,Inhibited,-2.523,1.1100000000000001e-13,0.0103,"A2M,ABCB1,ACLY,ACO1,ACTR3,ADAM10,AKR1B1,AKT1,ALB,ALDOA,APOC3,APOE,ARHGDIB,ARRB1,ATP6AP2,ATXN10,AURKA,BAX,BUB1B,C3,CA2,CAPN2,CARS1,CASP1,CASP4,CAST,CBS/CBSL,CCL4,CD36,CD47,CD55,CDK1,CDKN2C,CHI3L1,CKAP4,CLEC11A,CLTC,COL1A2,COL3A1,CPT2,DDX60,DEGS1,DHCR24,DHCR7,DNM1L,DNMT1,DPYSL2,DR1,DTYMK,DYNLL1,EDF1,EEF1A2,EGLN1,EGR2,EIF1AX,EIF4E,EIF4G1,ERLEC1,ERMP1,ERO1A,EZH2,EZR,FABP4,FABP5,FADS2,FDXR,FEN1,FHL1,FKBP4,FKBP5,FLI1,FN1,FOSL1,FSCN1,GAPDH,GBP1,GBP2,GCLC,GCLM,GDI1,GGH,GLUL,GOT1,GSPT1,GSTM3,GSTP1,H1-10,H2BC12,HDAC1,HDAC2,HINT1,HLA-A,HLA-B,HLA-C,HLA-E,HLA-F,HMGB2,HNRNPA1,HNRNPA2B1,HSD17B12,HSP90B1,HSPB1,HSPH1,IFI35,IFIT3,IGF2,IGLL1/IGLL5,IL1B,IL1RN,IRF2BP2,IRF5,IRF8,ITPR1,JMJD6,JUNB,JUND,KIF2A,KYNU,LAP3,LBR,LDHA,LIMS1,LMAN1,LTF,LUM,MAP2K2,MAT2A,MATK,MCM2,MECP2,MIF,MKNK1,MMP2,MSMO1,MTA1,MX2,MYD88,MYH11,NAE1,NAMPT,NAP1L1,NAT1,NMI,NPM1,NQO1,NUCKS1,NUDCD2,NUP188,NVL,OAS2,OASL,P4HA1,PDHA1,PDIA5,PDLIM1,PEA15,PELP1,PFDN1,PFKP,PGK1,PHB,PHGDH,PKM,PLAU,PLCG2,PLD1,POSTN,PPIA,PPP2R1A,PPP3CA,PPP3CB,PRKAR1A,PSMB1,PSMB10,PSMB7,PSMB9,PSME2,PTPRE,PXN,QKI,RAB4B,RAD23A,RASA1,RSAD2,S100A4,S100A8,S100A9,SDHB,SEC61B,SEPTIN6,SERPINB1,SERPINB8,SERPINF1,SH3GLB1,SH3KBP1,SIRT6,SLC7A11,SLC9A3R1,SMAP2,SMARCC1,SOD1,SPRY2,SQSTM1,SREBF2,SRSF1,STAT3,STK4,STMN1,SUN2,SUZ12,SYK,SYVN1,TANK,TAP2,TAPBP,TDO2,TFAM,TFRC,TGFBI,TIMP2,TK1,TMED10,TMOD3,TMSB10/TMSB4X,TOP2A,TRIM21,TUBB2A,TXN,UBE2I,UBE2L6,UGDH,UQCRC2,VASP,VCL,VDAC1,VIM,WAS,ZFP91,ZYX",239 (45),42,47hr_PROT_causal,True,
98,RAP1A,0.532,enzyme,"ATF1,ATF2,ATF6,CASP8,CCND1,CCNE1,CEBPA,CEBPB,Creb,CREB1,CTNNB1,DUSP1,DYRK1B,EGFR,ELK1,ERK,ERK1/2,GSK3B,HNRNPA1,Jnk,KAT5,LRP6,MAPK8,MED1,MET,MMP12,MMP2,MTOR,NFAT5,NFkB (complex),Notch,NR3C1,P38 MAPK,PGR,PPARG,PPARGC1A,RAC1,RAP1A,RELA,RPS6KB1,RUNX2,RXRA,SP1,STAT3,TP63,YAP1",3,Inhibited,-2.005,1.3e-13,0.0126,"A2M,ABCB1,ACADM,ACLY,AHNAK,AKR1B1,AKT1,AKT2,APEX1,APOB,ARHGDIB,ARRB1,ASNS,ATG7,ATG9A,ATP2A2,ATP6AP2,AURKA,C11orf58,C3,CA2,CAPN2,CASP1,CASP4,CAST,CBR1,CBS/CBSL,CCL4,CD36,CD47,CD55,CD82,CDC42,CDK1,CELF2,CHI3L1,CKAP4,CLEC11A,CLTC,COL1A1,COL1A2,CP,CPT2,CSE1L,CSTA,CTSL,DAP3,DHCR24,DIAPH1,DNAJB11,DNMT1,DPYSL2,DR1,DYNLL1,EDF1,EEF1A2,EEF1B2,EGLN1,EGR2,EIF1AX,EIF5,ENG,ENO1,ERAP1,ERBIN,ERCC2,ERMP1,EZR,FABP4,FABP5,FADS2,FDPS,FDXR,FKBP5,FOSL1,FSCN1,FUBP1,G3BP1,GABPA,GAPDH,GBP1,GDF15,GGH,GLUL,GOT1,GSK3B,GSPT1,GSTM3,H1-10,HDAC1,HDAC2,HINT1,HLA-A,HLA-B,HLA-F,HMOX1,HNRNPA1,HNRNPA2B1,HSD17B12,HSP90B1,HSPB1,HSPH1,IGFBP2,IGFBP7,IGLL1/IGLL5,IL1B,IL1RAP,IL1RN,ILK,IRF2BP2,IRF8,ITGB2,ITGB5,ITIH2,JUNB,JUND,KHSRP,KIF2A,KYNU,LASP1,LBR,LDHA,LEMD3,LTF,LUM,MAP2K2,MARCKS,MAT2A,MATK,MIF,MKNK1,MMP2,MMP9,MPG,MRPL20,MTA1,MX2,MYH11,NAMPT,NDRG1,NIBAN2,NPM1,NT5E,NUDT1,OAS2,OASL,PCYT1A,PDIA4,PDLIM1,PFKP,PGK1,PHB,PKM,PLAU,PLD1,PNPT1,POSTN,PPIA,PPP2R1A,PPP3CA,PPP3CB,PRDX2,PRKAR1A,PRPF4,PSEN1,PSMB1,PSMB10,PSMB7,PSMB9,PSME3,PTPN12,PTPRE,PXN,QKI,RAB4B,RAD23A,RAN,RBP4,RMDN3,ROCK2,RPA1,RPL13,RPS7,RSAD2,S100A11,S100A9,SEC61B,SEPTIN6,SERPINB1,SERPINB8,SERPINB9,SERPINF1,SH3GLB1,SH3KBP1,SHBG,SIRT6,SLC7A11,SLC9A3R1,SMAP2,SOD1,SREBF2,SRFBP1,SRSF1,SRSF2,STAT1,STAT3,STK4,STOM,SYNE3,TALDO1,TANK,TAP2,TAPBP,TBC1D2,TDO2,TFAM,TGFB1,THBS1,TK1,TLN1,TMSB10/TMSB4X,TOP1,TPI1,TPM1,TUBA1C,TUBB,TUBB2A,TUFM,TYMP,UBE2I,UGDH,UGP2,VASP,VCL,VDAC1,WAS,WIPF1,YWHAZ,ZFP91",239 (46),45,47hr_PROT_causal,True,
99,CDK2, ,kinase,"Akt,AR,CCNE1,CDK2,CDKN1B,CHEK1,CHEK2,CTNNB1,E2F3,ERK,ERK1/2,EZH2,FOXO1,FOXO3,GSK3B,ING1,IRF3,JAK2,Jnk,JUN,LMNA,MAPT,MMP12,MTOR,MYC,NFkB (complex),NR4A1,NRF1,P38 MAPK,PDGFRA,PDGFRB,PHB2,PLK1,RB1,RELA,RPS6KB1,SMARCA4,SMARCC1,SMARCE1,SP1,SREBF2,STAT1,STAT3,TOPBP1,TP53,YBX1",3,Inhibited,-2.656,1.31e-13,0.0389,"ABCB1,ABCC1,ABRACL,ACLY,ACO1,ACSL3,ACTB,ACTR3,AK1,AKT1,AKT2,ALCAM,ALDH18A1,ALDH2,ARHGAP30,ARHGDIB,ARPC1B,ARRB1,ATG9A,ATP6AP2,BABAM2,BAG1,BAX,BCAT1,BID,BUB1B,C4A/C4B,CA2,CASP1,CASP4,CASP8,CAST,CBS/CBSL,CBX5,CD14,CD151,CD47,CD55,CD63,CD82,CDK1,CDK6,CELF2,CES2,CHD3,CHI3L1,CKAP4,CLDND1,CLEC11A,COL1A1,COL3A1,COQ8A,CP,CPM,CPOX,CTNND1,DAB2,DDX60,DEGS1,DHCR24,DHCR7,DHRS9,DIAPH1,DNM1,DNM1L,DR1,DUT,EFEMP1,EGLN1,EIF4E,EIF4G1,ENG,ENO3,EPS15,ERAP1,ERO1A,EZH2,EZR,FABP4,FABP5,FAM3C,FBP1,FBXO22,FDPS,FKBP3,FKBP4,FKBP5,FOSL1,FSCN1,FUBP1,GART,GBP2,GDI1,GIGYF2,GLS,GMFG,GNL3,GOT1,GSK3A,GSK3B,GSR,GSS,GSTO1,GSTP1,H1-2,H2BC11,HCLS1,HDAC1,HDAC2,HINT1,HLA-A,HLA-B,HLA-C,HLA-E,HLA-F,HMGB1,HMGB2,HMGN2,HSP90AA1,HSPA4L,HSPA8,HSPB1,HSPH1,HYI,HYOU1,IDH1,IFI16,IFI35,IFIT3,IGF2,IGFBP7,IL1B,IL1RN,INPP1,IREB2,IRF2,IRF2BP2,IRF5,ITGB2,ITPR1,JUNB,KIF2A,KRT10,KYNU,LBR,LDHA,LEMD3,LGALS3,LMAN1,LPL,LPXN,MAFF,MAPK1,MAT2A,MCM2,ME1,ME2,MGST2,MIF,MKNK1,MMP2,MMP9,MSMO1,MST1,MTRES1,MX2,MYD88,MYH11,MYO6,NAMPT,NAP1L1,NCOA7,NIBAN1,NME1,NOLC1,NPM1,NUCKS1,OASL,OCIAD2,P4HA1,PCNA,PDCD4,PDHX,PDIA5,PDS5A,PEA15,PFKP,PGK1,PHB,PHGDH,PIN1,PKM,PLAU,PLAUR,PLD1,PLG,POLDIP3,POLR2D,POSTN,PPM1A,PPP1CA,PPP2CA,PPP4C,PPP4R2,PRAG1,PREP,PSMB10,PSMB7,PSMB9,PSME3,PTPN11,PTPN12,PTPN6,PTPRE,PXN,PYCR1,QKI,RAB4B,RAD23A,RASA1,RBL2,RFC3,ROCK1,RPL11,RPL5,RRAD,RSAD2,S100A6,S100A8,SAE1,SDHA,SDHB,SEC61B,SEL1L,SERPINB8,SERPINH1,SET,SH3GLB1,SH3KBP1,SLAMF8,SLC2A1,SLC7A11,SLC9A3R1,SMAP2,SPC25,SPRY2,SRSF1,SRSF3,STAT1,STAT3,STK4,STMN1,STOM,SUMO1,SUMO2,SUMO3,SYK,TAGLN2,TANK,TAOK3,TAP2,TAPBP,TDO2,TFRC,TGFB1,TIMP2,TM9SF2,TMED10,TMSB10/TMSB4X,TOP2A,TRIM21,TUBB,TWF1,TXN,UBA2,UBE2I,UGDH,UQCRC2,UQCRQ,WARS1,WAS,WIPF1,WRN,XPO1,YBX1,YWHAH,ZFP91",287 (46),42,47hr_PROT_causal,True,
100,TSLP, ,cytokine,"AR,ATF1,ATF6,BCL2,CEBPA,CEBPB,CREB1,CTNNB1,EGFR,ELK1,ERK1/2,Focal adhesion kinase,FOSL1,FOXO1,GSK3B,HNRNPA1,Hsp27,Jnk,JUN,KAT5,LRP6,Mapk,MED1,MET,MMP12,MMP2,MTOR,MTORC1,NFkB (complex),NR3C1,P38 MAPK,PGR,PPARGC1A,RELA,RHOA,RICTOR,RPS6KB1,SHC1,SP1,STAT1,STAT3,STAT5a/b,TP53,TP63,TSLP",3,Inhibited,-2.136,1.3300000000000001e-13,0.0468,"A2M,ABCC1,ACADM,ACLY,ACO1,ACSL3,ACTB,ACTR3,AK1,AKR1B1,AKT1,APEX1,APOB,APOC3,ARHGDIB,ARPC1B,ARRB1,ATG7,ATG9A,ATP2A2,ATP6AP2,BID,BUB1B,C3,C4A/C4B,CA2,CAPN2,CASP4,CBR1,CBS/CBSL,CCL4,CD14,CD36,CD47,CD55,CD82,CDC42,CDKN2C,CELF2,CES2,CHD3,CHI3L1,CKAP4,CLEC11A,CLTC,COL1A1,COL1A2,CPOX,CPT2,CSTA,DAP3,DEGS1,DHCR24,DHCR7,DIAPH1,DNAJB11,DNM1,DNM1L,DNMT1,DPYSL2,DR1,DUT,DYNLL1,EDF1,EEF1A2,EGLN1,EGR2,EIF1AX,ENG,ERAP1,ERCC2,ERMP1,ERO1A,EZR,FABP4,FABP5,FADS2,FAM3C,FBXO22,FDPS,FDXR,FKBP3,FKBP4,FKBP5,FLI1,FSCN1,GABPA,GAPDH,GART,GBP1,GBP2,GDF15,GDI1,GGH,GLUL,GNL3,GOT1,GSK3A,GSK3B,GSTM3,GSTP1,H1-10,HDAC1,HDAC2,HINT1,HLA-A,HLA-B,HLA-E,HLA-F,HMGB1,HMGB2,HMGN2,HMOX1,HNRNPA1,HNRNPA2B1,HSD17B12,HSP90B1,HSPA1A/HSPA1B,HSPA4L,HSPA8,HSPB1,HSPH1,HYOU1,IDI1,IFI16,IGFBP2,IGLL1/IGLL5,IL1B,IL1RAP,ILK,IREB2,IRF2,IRF2BP2,IRF8,ITGB2,ITGB5,JUNB,JUND,KHSRP,KIF2A,KRT10,KYNU,LCP2,LDHA,LEMD3,LGALS3,LMAN1,LTF,MAP2K2,MAPK1,MAT2A,MATK,MCM2,ME1,ME2,MGST2,MIF,MKNK1,MMP2,MMP9,MPG,MRPL20,MSMO1,MST1,MX2,MYH11,MYO6,NAMPT,NAP1L1,NDRG1,NME1,NOLC1,NPM1,NRP1,NT5E,OAS2,OASL,P4HA1,PDHA1,PDHX,PDIA4,PDIA5,PDLIM1,PGK1,PHB,PHGDH,PKM,PLAU,PLD1,PLG,PNPT1,PPIA,PPM1A,PPP1CA,PPP2CA,PPP2R1A,PPP3CB,PPP4C,PPP4R2,PRAG1,PRDX2,PRKAR1A,PRPF4,PSEN1,PSMB1,PSMB10,PSMB7,PSMB9,PSME3,PTPN11,PTPN12,PTPN6,PTPRE,PXN,QKI,RAB4B,RAD23A,RAN,RASA1,RFC3,ROCK2,RPA1,RRAD,RSAD2,S100A9,SEC61B,SEL1L,SEPTIN6,SERPINB1,SERPINB8,SERPINB9,SERPINF1,SH3GLB1,SH3KBP1,SIRT6,SLAMF8,SLC2A1,SLC7A11,SLC9A3R1,SMAP2,SOD1,SPC25,SPRY2,SQSTM1,SREBF2,SRSF1,SRSF2,SRSF3,STAT3,STIP1,STK4,STMN1,STOM,SYK,TAGLN2,TAP2,TAPBP,TDO2,TFRC,TGFB1,TIMP2,TMSB10/TMSB4X,TOP1,TOP2A,TPM1,TRIM21,TUBB,TUBB2A,TXN,UBE2I,UGDH,UGP2,VASP,VCL,VDAC1,VIM,WARS1,WAS,WDR3,WIPF1,XPO1,YWHAH,YWHAZ,ZFP91",284 (45),44,47hr_PROT_causal,True,
102,ANXA6,0.406,ion channel,"AKT1,ANXA6,Ap1,BRAF,CASP8,CCND1,CCNE1,CEBPB,CHUK,Creb,CTNNB1,DUSP1,EGFR,EGR1,ERBB3,ERK,ERK1/2,GSK3B,HDAC6,HIF1A,Jnk,JUN,MAP2K1/2,Mapk,MAPK1,MET,Notch,P38 MAPK,PARP1,PGR,PPARG,PRKAA,RAC1,RAS,RELA,RHOA,RUNX2,RXRA,SHC1,SMAD3,SP1,STAT1,STAT3,TAB1,ULK1",3,Activated,2.858,1.51e-13,0.0097,"ACO1,ADAM10,AHNAK,AKT1,AKT2,ALB,ALDOA,APOB,APOC3,APOE,ARHGDIB,ARRB1,ATG7,ATP6AP2,ATXN10,AURKA,C11orf58,C4A/C4B,CAPN2,CARS1,CASP4,CBS/CBSL,CCL4,CD14,CD47,CD55,CDK1,CDK6,CDKN2C,CELF2,CHI3L1,CKAP4,CLEC11A,COL1A1,CPT2,CSE1L,CTSL,DDX60,DNMT1,DPYSL2,DR1,DYNLL1,EEF1B2,EGLN1,EGR2,EHD1,EIF1AX,EIF4E,EIF4G1,EIF5,ENO1,ERBIN,EZR,FDXR,FHL1,FLI1,FOSL1,FSCN1,G3BP1,GAPDH,GBP1,GBP2,GCLC,GCLM,GDF15,GLUL,GOT1,GSPT1,GSTM3,GSTP1,H2BC12,HDAC1,HDAC2,HINT1,HLA-A,HLA-B,HLA-C,HLA-E,HMGB2,HNRNPA1,HNRNPA2B1,HSP90B1,HSPB1,HYOU1,IFI35,IFIT3,IGF2,IL1B,IRF2,IRF2BP2,IRF5,ITGB2,ITGB5,ITIH2,ITPR1,JMJD6,JUNB,JUND,KIF2A,KRT10,LAP3,LASP1,LDHA,LEMD3,LIMS1,LUM,MAP2K2,MARCKS,MATK,MECP2,MIF,MKNK1,MMP2,MMP9,MX2,MYD88,NAE1,NAT1,NDRG1,NIBAN2,NMI,NPM1,NQO1,NUCKS1,NUDCD2,NUP188,NVL,OAS2,OASL,PCYT1A,PDHA1,PDLIM1,PELP1,PFDN1,PFKP,PGK1,PHB,PHGDH,PKM,PLAU,PLAUR,PLD1,POSTN,PPIA,PPP3CA,PRKAR1A,PSMB1,PSMB7,PSME2,PTPRE,QKI,RAB4B,RAD23A,RASA1,RBP4,RMDN3,RPL13,RSAD2,S100A11,S100A4,SDHB,SEC61B,SERPINB8,SH3GLB1,SH3KBP1,SHBG,SIRT6,SLAMF8,SLC7A11,SLC9A3R1,SMAP2,SMARCC1,SOD1,SPRY2,SQSTM1,SRFBP1,SRSF1,STAT1,STAT3,STK4,STMN1,SUN2,SUZ12,SYK,TALDO1,TAP2,TAPBP,TFRC,TGFBI,THBS1,TK1,TLN1,TMOD3,TMSB10/TMSB4X,TOP1,TOP2A,TPI1,TPM1,TRIM21,TUBA1C,TUBB,TUFM,TXN,TYMP,UBE2I,UBE2L6,UGDH,UQCRC2,VASP,VCL,VIM,WARS1,WAS,YBX1,ZFP91,ZYX",216 (45),43,47hr_PROT_causal,True,
103,STUB1, ,enzyme,"AHR,Akt,AKT1,AR,CASP8,CREB1,ERBB2,ERBB3,ERK1/2,FOXO3,GLI1,GSK3B,HBEGF,Hsp27,IGF1R,MAPK1,MAPK9,MYC,NCOA3,NOS2,NOTCH1,P38 MAPK,PARP1,PINK1,PRKAA,PRKAA1,RAC1,RELA,RHOA,SMAD3,SREBF2,STAT1,STAT5a/b,STUB1,TP53,TP73,TSC2",3,Activated,2.133,1.52e-13,0.0468,"ABCB1,ACLY,ACO1,ACSL3,ACTB,ACTR3,ADK,AK1,AKT1,ALCAM,ALDH18A1,APOC3,ARHGDIB,ARPC1B,ARPC5,ARRB1,ATG16L1,ATG7,ATP6AP2,ATXN10,AURKA,B3GALT6,BAG1,BAX,BCAT1,BID,BPNT2,BUB1B,C1QTNF3,C4A/C4B,CASP1,CASP4,CASP8,CAST,CD14,CD151,CD36,CD55,CD82,CDC27,CDC37,CDC42,CDK1,CDK6,CDKN2C,CES2,CHD3,CHD7,CKAP4,CLEC11A,CNIH4,CNTRL,COL1A2,COL3A1,COL6A3,CPM,CPOX,CSE1L,CTPS1,DDX60,DEGS1,DHCR24,DHCR7,DIAPH1,DNM1,DNM1L,DNMT1,DR1,DUT,EFHD2,EGLN1,EHD1,EIF4E,EIF4G1,ELOB,ELOC,ENDOD1,ENG,ERAP1,ERO1A,EZH2,EZR,FABP4,FAM3C,FBXO22,FDPS,FDXR,FHL1,FKBP3,FKBP4,FKBP5,FN1,FOSL1,FSCN1,FUBP1,G3BP2,G6PD,GALNT2,GAPDH,GBP1,GBP2,GCLC,GCLM,GDF15,GDI1,GIGYF2,GLO1,GLS,GNL3,GPA33,GSK3A,GSK3B,GSPT1,GSR,H1-0,HDAC1,HDAC2,HLA-A,HM13,HMGB1,HMGN2,HMOX1,HSP90AA1,HSPA1A/HSPA1B,HSPA4L,HSPA8,HSPB1,HSPH1,HYOU1,IDH1,IDH2,IDI1,IFI35,IFIT3,IGFBP2,IGFBP7,IL1B,IL1RN,IREB2,IRF2,IRF2BP2,ITGB5,ITPR1,JUNB,KDSR,KIF2A,KTN1,LAP3,LBR,LCP2,LEMD3,LGALS3,LMAN1,LPL,LSM3,MAFF,MAP2K2,MAPK1,MAT2A,ME1,ME2,MECP2,METAP2,METTL3,MGST2,MIF,MKNK1,MSI2,MSMO1,MST1,MTA1,MX2,MYD88,MYO6,NAP1L1,NAT1,NDRG1,NME1,NMI,NOLC1,NPEPL1,NPM1,NRGN,NRP1,NT5E,NUP188,NUP210,NVL,OAS2,OASL,P4HA1,PAICS,PCNA,PDCD4,PDHA1,PDHX,PDIA5,PEA15,PFDN1,PFKP,PGK1,PHGDH,PIN1,PLD1,POLDIP2,POLDIP3,POLR2D,PPAT,PPM1A,PPP1CA,PPP2CA,PPP3CA,PPP4C,PPP4R2,PRAG1,PREP,PRKACB,PSEN1,PSME2,PTPN11,PTPN12,PTPN6,PYCR1,QKI,QSOX1,RAB4B,RAB8B,RAD23A,RASA4,RBL2,RFC5,RPA1,RPL11,RPL5,RRAD,RSAD2,S100A11,S100A4,S100A6,S100A8,S100A9,SAE1,SCD,SEC61A1,SEC61B,SEL1L,SH3GLB1,SH3KBP1,SHMT1,SIRT6,SLAMF8,SLC7A11,SMAP2,SMARCC1,SOD1,SRM,SRSF1,SRSF3,STAT1,STAT3,STIP1,STK4,STMN1,STOM,STT3B,SUMO1,SUMO2,SUMO3,SUN1,TAGLN2,TANK,TAP2,TFRC,TGFB1,THBS1,TIMP2,TK1,TKT,TMED10,TMED9,TMOD3,TMSB10/TMSB4X,TOP1,TPM1,TTC13,TUBB,TUFM,UBA2,UBE2I,UBE2L6,UGP2,UQCRQ,VMP1,WARS1,WDR3,WIPF1,WRN,YWHAH,ZDHHC3,ZFP91,ZYX",301 (37),36,47hr_PROT_causal,True,
107,PTPRK, ,phosphatase,"AKT1,Ap1,CASP8,CCND1,CCNE1,CEBPB,Creb,CTNNB1,DUSP1,EGFR,EGR1,ERBB3,ERK,ERK1/2,GSK3B,HDAC6,HIF1A,Jnk,JUN,MAP2K1/2,Mapk,MAPK1,MET,NFkB (complex),Notch,P38 MAPK,PARP1,PGR,PPARG,PTPRK,RAC1,RELA,RHOA,RUNX2,RXRA,SHC1,SMAD3,SP1,STAT1,STAT3,TAB1",3,Activated,2.867,2.27e-13,0.016,"ABCB1,ACO1,ADAM10,AHNAK,AKT1,AKT2,ALB,ALDOA,APOB,APOC3,APOE,ARHGDIB,ARRB1,ATG7,ATP6AP2,ATXN10,AURKA,BAX,C11orf58,C4A/C4B,CAPN2,CARS1,CASP4,CBS/CBSL,CCL4,CD14,CD47,CD55,CDK1,CDK6,CDKN2C,CELF2,CHI3L1,CKAP4,CLEC11A,COL1A1,CPT2,CSE1L,CTSL,DDX60,DNMT1,DPYSL2,DR1,DYNLL1,EEF1B2,EGLN1,EGR2,EHD1,EIF1AX,EIF4E,EIF4G1,EIF5,ENO1,ERBIN,EZR,FABP5,FDXR,FHL1,FLI1,FOSL1,FSCN1,G3BP1,GAPDH,GBP1,GBP2,GCLC,GCLM,GDF15,GLUL,GOT1,GSPT1,GSTM3,GSTP1,H2BC12,HDAC1,HDAC2,HINT1,HLA-A,HLA-B,HLA-C,HLA-E,HLA-F,HMGB2,HNRNPA1,HNRNPA2B1,HSP90B1,HSPB1,IFI35,IFIT3,IGF2,IL1B,IRF2,IRF2BP2,IRF5,ITGB2,ITGB5,ITIH2,ITPR1,JMJD6,JUNB,JUND,KIF2A,KRT10,KYNU,LAP3,LASP1,LDHA,LEMD3,LIMS1,LUM,MAP2K2,MARCKS,MAT2A,MATK,MECP2,MIF,MKNK1,MMP2,MMP9,MTA1,MX2,MYD88,NAE1,NAMPT,NAT1,NDRG1,NIBAN2,NMI,NPM1,NQO1,NUCKS1,NUDCD2,NUP188,NVL,OAS2,OASL,PCNA,PCYT1A,PDHA1,PDLIM1,PELP1,PFDN1,PFKP,PGK1,PHB,PHGDH,PKM,PLAU,PLAUR,PLD1,POSTN,PPIA,PPP3CA,PRKAR1A,PSMB1,PSMB7,PSME2,PTPRE,PXN,QKI,RAB4B,RAD23A,RASA1,RBP4,RMDN3,RPL13,RSAD2,S100A11,S100A4,SDHB,SEC61B,SERPINB8,SH3GLB1,SH3KBP1,SHBG,SIRT6,SLAMF8,SLC7A11,SLC9A3R1,SMAP2,SMARCC1,SOD1,SPRY2,SQSTM1,SRFBP1,SRSF1,STAT1,STAT3,STK4,STMN1,SUN2,SUZ12,SYK,TALDO1,TAP2,TAPBP,TDO2,TFRC,TGFBI,THBS1,TK1,TLN1,TMOD3,TMSB10/TMSB4X,TOP1,TOP2A,TPI1,TPM1,TRIM21,TUBA1C,TUBB,TUFM,TXN,TYMP,UBE2I,UBE2L6,UGDH,UQCRC2,VASP,VCL,VIM,WARS1,WAS,ZFP91,ZYX",225 (41),40,47hr_PROT_causal,True,
109,EDA, ,cytokine,"AKT1,Ap1,CASP8,CCND1,CCNE1,CEBPB,Creb,CTNNB1,DUSP1,EDA,EGFR,EGR1,ERBB3,ERK,ERK1/2,GSK3B,HDAC6,HIF1A,Jnk,JUN,MAP2K1/2,Mapk,MAPK1,MET,NFkB (complex),Notch,P38 MAPK,PARP1,PGR,PPARG,RAC1,RELA,RHOA,RUNX2,RXRA,SHC1,SMAD3,SP1,STAT1,STAT3,TAB1",3,Inhibited,-2.867,2.46e-13,0.0164,"ABCB1,ACO1,ADAM10,AHNAK,AKT1,AKT2,ALB,ALDOA,APOB,APOC3,APOE,ARHGDIB,ARRB1,ATG7,ATP6AP2,ATXN10,AURKA,BAX,C11orf58,C4A/C4B,CAPN2,CARS1,CASP4,CBS/CBSL,CCL4,CD14,CD47,CD55,CDK1,CDK6,CDKN2C,CELF2,CHI3L1,CKAP4,CLEC11A,COL1A1,CPT2,CSE1L,CTSL,DDX60,DNMT1,DPYSL2,DR1,DYNLL1,EEF1B2,EGLN1,EGR2,EHD1,EIF1AX,EIF4E,EIF4G1,EIF5,ENO1,ERBIN,EZR,FABP5,FDXR,FHL1,FLI1,FOSL1,FSCN1,G3BP1,GAPDH,GBP1,GBP2,GCLC,GCLM,GDF15,GLUL,GOT1,GSPT1,GSTM3,GSTP1,H2BC12,HDAC1,HDAC2,HINT1,HLA-A,HLA-B,HLA-C,HLA-E,HLA-F,HMGB2,HNRNPA1,HNRNPA2B1,HSP90B1,HSPB1,IFI35,IFIT3,IGF2,IL1B,IRF2,IRF2BP2,IRF5,ITGB2,ITGB5,ITIH2,ITPR1,JMJD6,JUNB,JUND,KIF2A,KRT10,KYNU,LAP3,LASP1,LDHA,LEMD3,LIMS1,LUM,MAP2K2,MARCKS,MAT2A,MATK,MECP2,MIF,MKNK1,MMP2,MMP9,MTA1,MX2,MYD88,NAE1,NAMPT,NAT1,NDRG1,NIBAN2,NMI,NPM1,NQO1,NUCKS1,NUDCD2,NUP188,NVL,OAS2,OASL,PCNA,PCYT1A,PDHA1,PDLIM1,PELP1,PFDN1,PFKP,PGK1,PHB,PHGDH,PKM,PLAU,PLAUR,PLD1,POSTN,PPIA,PPP3CA,PRKAR1A,PSMB1,PSMB7,PSME2,PTPRE,PXN,QKI,RAB4B,RAD23A,RASA1,RBP4,RMDN3,RPL13,RSAD2,S100A11,S100A4,SDHB,SEC61B,SERPINB8,SH3GLB1,SH3KBP1,SHBG,SIRT6,SLAMF8,SLC7A11,SLC9A3R1,SMAP2,SMARCC1,SOD1,SPRY2,SQSTM1,SRFBP1,SRSF1,STAT1,STAT3,STK4,STMN1,SUN2,SUZ12,SYK,TALDO1,TAP2,TAPBP,TDO2,TFRC,TGFBI,THBS1,TK1,TLN1,TMOD3,TMSB10/TMSB4X,TOP1,TOP2A,TPI1,TPM1,TRIM21,TUBA1C,TUBB,TUFM,TXN,TYMP,UBE2I,UBE2L6,UGDH,UQCRC2,VASP,VCL,VIM,WARS1,WAS,ZFP91,ZYX",225 (41),40,47hr_PROT_causal,True,
112,FBXW7, ,enzyme,"Akt,AKT1,AR,CHEK2,Cyclin E,EGFR,ERBB2,ERK,ERK1/2,ESR1,FBXW7,HSF1,IGF1R,MAPK1,MTOR,MYC,NCOA3,NOTCH1,NR5A2,P38 MAPK,PPARG,PRKAA,RB1,RPS6KB1,RUNX2,SMARCA4,STAT5a/b,YAP1",3,Activated,2.224,2.8e-13,0.0145,"ABCB1,ABCC1,ABRACL,ACLY,ACO1,ACTB,ACTR3,ADH5,AHNAK,AKT1,ALCAM,ALDH18A1,ALDH2,ALOX5,ANO10,ARHGAP1,ARHGAP30,ARPC5L,ARRB1,ASS1,ATG9A,ATP5F1A,AURKA,B3GALT6,BAG1,BAG3,BAX,BCAS3,BCAT1,BPNT2,BUB1B,C3,CASP8,CAST,CBX3,CD151,CD55,CD63,CD82,CDC27,CDC37,CDK1,CDK6,CDKN2C,CHD3,CHD7,CHI3L1,CKAP4,CLDND1,CLEC11A,COL1A1,COL1A2,COL6A3,CS,CTSL,DEGS1,DHCR24,DHCR7,DHRS9,DIAPH1,DLST,DNAJC21,DNM1L,DNMT1,DR1,DTYMK,EFEMP1,EGR2,EIF4A2,EIF4E,EIF4G1,ELAVL1,ENO1,ENY2,ERO1A,EZH2,EZR,FBLN1,FBP1,FDXR,FEN1,FKBP4,FOXRED1,FSCN1,GART,GCLC,GCLM,GDI1,GIGYF2,GLO1,GLS,GMFG,GSR,GSS,GSTO1,GSTP1,HCLS1,HLA-A,HLA-F,HM13,HMGB1,HNRNPA1,HNRNPA2B1,HNRNPA3,HNRNPD,HSP90AB1,HSP90B1,HSPA4,HSPA8,HSPB1,HSPH1,HYI,HYOU1,IDI1,IFI35,IFIT3,IGFBP2,IGFBP7,IL1RN,INIP,INPP1,ITGB5,ITPR1,IVD,JMJD6,KIF2A,KRT10,LAP3,LCP2,LDHA,LGALS1,LMAN1,LPXN,LSM2,LUM,MAFF,MAP2K2,MBOAT7,MCAT,MCM2,ME2,MECP2,METTL7A,MIF,MKNK1,MMP9,MRPL18,MSMO1,MTRES1,MX2,MYD88,NAP1L1,NASP,NDRG1,NMI,NOLC1,NPM1,NQO1,NUP188,NUP210,OAS2,OASL,OCIAD2,P4HA1,PAICS,PCCB,PCNA,PDCD4,PDIA5,PEA15,PGK1,PGLS,PIN1,PKM,PLAU,PLAUR,PLD1,POLDIP2,POLDIP3,POLR2D,PPAT,PPIA,PREP,PRKAR1A,PSMB1,PSMB10,PSMB7,PSME2,PTPRE,PYCR1,QKI,RAB4B,RANBP1,RANGAP1,RBL2,RBP4,RFC3,RFC5,ROCK1,RPA1,RPL11,RPL5,RRAD,RSAD2,S100A6,SAE1,SAMD9,SDHA,SDHB,SEC61B,SERPINB8,SERPINH1,SFPQ,SHBG,SHC1,SHMT1,SLC2A1,SMARCC1,SPR,SPRY2,SREBF2,SRSF1,ST13,STAT1,STAT3,STIP1,STT3B,SUMO1,SUMO2,SUMO3,SUN1,SUN2,SYK,SYNE3,TACC1,TAOK3,TAP2,TAPBP,TBC1D2,TFAM,TGFB1,TIMP2,TK1,TKT,TLN1,TMED10,TMED9,TOP1,TOP2A,TRIM21,TWF1,UBA2,UBE2I,UBE2L6,UGP2,UQCRC2,UQCRQ,WDR3,WIPF1,WRN,XPO1,YBX1",262 (28),27,47hr_PROT_causal,True,
119,AREG, ,growth factor,"Akt,AKT1,Ap1,AREG,CEBPA,Creb,CTNNB1,DUSP1,EGFR,EGR1,ELK1,ERBB3,ERK,ERK1/2,GSK3B,HDAC6,HIF1A,Jnk,JUN,LIN28A,MAP2K1/2,Mapk,MAPK1,MAPK14,MAPK3,MED1,MET,MMP2,MTOR,NFkB (complex),P38 MAPK,PARP1,PGR,RAC1,RARA,RELA,RHOA,RPS6KB1,SHC1,SMAD3,SP1,STAT3,TAB1",3,Inhibited,-3.245,4.2100000000000007e-13,0.0411,"A2M,ABCB1,ACLY,ACO1,ADAM10,AKR1B1,AKT1,ALB,ALDOA,ALOX5,ANO10,APOC3,APOE,ARHGAP1,ARHGDIB,ARPC5L,ARRB1,ATG7,ATP6AP2,ATXN10,AURKA,C3,CA2,CAPN2,CARS1,CASP1,CASP4,CBS/CBSL,CCL4,CD36,CD47,CD55,CDKN2C,CELF2,CHI3L1,CKAP4,CLEC11A,CLTC,COL1A2,COL3A1,CP,CPT2,DAB2,DDX60,DHCR24,DNAJC21,DNMT1,DPYSL2,DTYMK,DYNLL1,EDF1,EEF1A2,EFEMP1,EGLN1,EGR2,EHD1,EIF1AX,EIF4E,EIF4G1,ELAVL1,ENY2,ERAP1,ERMP1,EZH2,EZR,FABP4,FABP5,FADS2,FDXR,FHL1,FKBP5,FLI1,FN1,FOSL1,FSCN1,FUS,GAPDH,GBP1,GBP2,GCLC,GCLM,GGH,GLS,GLUL,GOT1,GSPT1,GSTM3,GSTP1,H1-10,H2BC12,HDAC1,HDAC2,HINT1,HLA-A,HLA-B,HLA-C,HLA-E,HLA-F,HMGB2,HNRNPA1,HNRNPA2B1,HNRNPD,HNRNPF,HSD17B12,HSP90B1,HSPB1,HSPH1,IFI16,IFI35,IFIT3,IGF2,IGLL1/IGLL5,IL1B,IL1RN,INIP,IRF2BP2,IRF5,IRF8,ITPR1,JMJD6,JUNB,JUND,KIF2A,KYNU,LAP3,LBR,LDHA,LGALS1,LIMS1,LTF,LUM,MAP2K2,MAT2A,MATK,MECP2,METTL7A,MIF,MKNK1,MMP2,MTA1,MX2,MYD88,MYH11,NAE1,NAMPT,NAT1,NMI,NPM1,NQO1,NT5E,NUCKS1,NUDCD2,NUP188,NVL,OAS2,OASL,PDHA1,PDLIM1,PEA15,PELP1,PFDN1,PFKP,PGK1,PGLS,PHB,PHGDH,PKM,PLAU,PLD1,PLG,POSTN,PPIA,PPP2R1A,PPP3CA,PPP3CB,PRKAR1A,PSMB1,PSMB10,PSMB7,PSMB9,PSME2,PTPRE,PXN,QKI,RAB4B,RAD23A,RASA1,RSAD2,S100A4,S100A8,S100A9,SAE1,SAMD9,SDHB,SEPTIN6,SERPINB1,SERPINB8,SERPINF1,SFPQ,SH3GLB1,SH3KBP1,SIRT6,SLC7A11,SLC9A3R1,SMAP2,SMARCC1,SOD1,SPRY2,SQSTM1,SREBF2,SRSF1,SSRP1,STAT1,STAT3,STK4,STMN1,SUN2,SUZ12,SYK,TANK,TAP2,TAPBP,TARDBP,TDO2,TFRC,TGFBI,TK1,TMED10,TMOD3,TMSB10/TMSB4X,TOP2A,TRIM21,TUBB2A,TXN,TXNRD1,UBE2I,UBE2L6,UGDH,UQCRC2,VASP,VCL,VDAC1,VIM,WAS,WIPF1,ZFP91,ZYX",247 (43),43,47hr_PROT_causal,True,
120,STK38, ,kinase,"Akt,ATF1,ATF6,CEBPA,CEBPB,CHEK2,Creb,CREB1,CTNNB1,ERK,ERK1/2,FOSL1,HNRNPA1,Hsp27,Jnk,KAT5,LRP6,MED1,MMP12,MMP2,MTOR,MYC,NFkB (complex),NR3C1,P38 MAPK,PGR,PPARGC1A,RB1,RELA,RPS6KB1,SP1,STAT1,STAT3,STK38,TP63,XPO1,YAP1",3,Inhibited,-2.383,4.74e-13,0.0137,"A2M,ABCB1,ABCC1,ACADM,ACLY,ACTB,ADH5,AKR1B1,AKT1,ALCAM,ALDH18A1,APEX1,APOB,ARHGDIB,ARRB1,ATG9A,ATP2A2,ATP6AP2,AURKA,BAG1,BCAT1,C3,C4A/C4B,CA2,CAPN2,CASP1,CASP4,CASP8,CAST,CBR1,CBS/CBSL,CCL4,CD14,CD151,CD36,CD47,CD55,CD82,CDC42,CDK1,CDK6,CELF2,CKAP4,CLEC11A,CLTC,COL1A1,COL1A2,CPT2,CSTA,CTCF,DAP3,DHCR24,DIAPH1,DNAJB11,DNMT1,DPYSL2,DTYMK,DYNLL1,EDF1,EEF1A2,EGLN1,EGR2,EHD1,EIF1AX,EIF4E,EIF4G1,ENG,ERAP1,ERCC2,ERMP1,EZH2,EZR,FABP4,FABP5,FADS2,FDPS,FDXR,FKBP5,FSCN1,FUBP1,GABPA,GAPDH,GBP1,GBP2,GDF15,GGH,GIGYF2,GLS,GLUL,GOT1,GSK3B,GSR,GSS,GSTM3,H1-10,HDAC1,HDAC2,HINT1,HLA-A,HLA-B,HLA-E,HLA-F,HMOX1,HSD17B12,HSP90AA1,HSPB1,HSPH1,IFI35,IFIT3,IGFBP2,IGFBP7,IGLL1/IGLL5,IL1B,IL1RAP,IL1RN,ILK,IRF2,IRF2BP2,IRF8,ITGB5,JUNB,JUND,KHSRP,KIF2A,KYNU,LBR,LDHA,LEMD3,LTF,MAP2K2,MAT2A,MATK,MIF,MKNK1,MMP2,MMP9,MPG,MRPL20,MTA1,MX2,MYD88,MYH11,NAMPT,NOLC1,NPM1,NRP1,NT5E,OAS2,OASL,PDCD4,PDIA4,PDLIM1,PEA15,PFKP,PHB,PKM,PLAU,PLAUR,PLD1,PNPT1,POLDIP3,POLR2D,PPP2R1A,PPP3CA,PPP3CB,PRDX2,PREP,PRPF4,PSEN1,PSMB10,PSMB9,PSME3,PTPN12,PTPRE,PXN,PYCR1,QKI,RAB4B,RAD23A,RAN,RBL2,ROCK2,RPA1,RPL11,RPL5,RSAD2,S100A9,SAE1,SDHA,SEPTIN6,SERPINB1,SERPINB8,SERPINB9,SERPINF1,SH3KBP1,SIRT6,SLAMF8,SLC2A1,SLC9A3R1,SMAP2,SOD1,SREBF2,SRSF1,SRSF2,STAT3,STK4,STOM,SUMO1,SUMO2,SUMO3,SYNE3,TANK,TAP2,TAPBP,TBC1D2,TDO2,TFAM,TGFB1,THBS1,TK1,TMED10,TMSB10/TMSB4X,TOP1,TPM1,TRIM21,TUBB2A,UBA2,UBE2I,UGDH,UGP2,UQCRQ,VASP,VCL,VDAC1,WARS1,WAS,WIPF1,WRN,XPO1,YWHAZ,ZFP91",241 (37),35,47hr_PROT_causal,True,
121,PLCG1, ,enzyme,"Akt,CASP8,CCND1,CEBPA,CREB1,EGFR,ELK1,ERK,ERK1/2,estrogen receptor,HIF1A,IKBKB,Jnk,Mapk,MAPK8,MDM2,Mek,MTOR,NCL,NFkB (complex),PLCG1,PRKCZ,RB1,RELA,RXRA,SP1,STAT3,STAT5a/b,TP53",3,Inhibited,-2.108,4.96e-13,0.0443,"A2M,ABCB1,ABCC1,ABCE1,ACLY,ACO1,ACSL3,ADAM10,AHNAK,AK1,AKR1B1,AKT1,AKT2,ALB,ALDOA,APOC3,APOE,ARHGDIB,ARPC1B,ARRB1,ATG7,ATP6AP2,BAX,BID,BUB1B,C11orf58,C3,CA2,CAPG,CARS1,CASP4,CASP8,CBS/CBSL,CCL4,CD36,CDK6,CDKN2C,CEBPZ,CELF2,CES2,CHD3,CHI3L1,CLEC11A,COL6A1,COL9A2,CPOX,CSE1L,CTCF,DIAPH1,DNM1,DR1,DUT,EEF1A2,EEF1B2,EGLN1,EIF4E,EIF4G1,EIF5,ENG,ENO1,ERAP1,ERBIN,EZH2,EZR,FABP5,FAM3C,FBXO22,FDXR,FEN1,FHL1,FKBP3,FKBP5,FOSL1,FSCN1,FUBP1,G3BP1,GAPDH,GART,GBP1,GDF15,GGH,GNL3,GSK3A,GSK3B,GSR,GSS,H1-10,H2BC12,HINT1,HLA-A,HLA-B,HLA-F,HMGB1,HMGN2,HMOX1,HNRNPA1,HNRNPA2B1,HSP90AA1,HSP90B1,HSPA1A/HSPA1B,HSPA4L,HSPA8,HSPB1,HSPH1,IDI1,IFI16,IGFBP7,IL1B,IREB2,IRF2BP2,IRF5,ITGB2,ITIH2,JMJD6,JUNB,JUND,KIF2A,KRT10,KYNU,LASP1,LBR,LCP2,LGALS3,LIMS1,LTF,LYZ,MAPK1,MARCKS,MAT2A,MCM2,ME1,ME2,MGST2,MIF,MKNK1,MMP2,MMP9,MSN,MST1,MTA1,MYO6,NAE1,NAMPT,NDRG1,NIBAN2,NME1,NOLC1,NPM1,NUCKS1,NUDCD2,OAS2,PCYT1A,PDCD4,PDHX,PEA15,PELP1,PFKP,PGK1,PHB,PHGDH,PKM,PLAU,PLAUR,PLD1,PLG,POSTN,PPAT,PPIA,PPM1A,PPP1CA,PPP2CA,PPP3CA,PPP4C,PPP4R2,PRAG1,PRKAR1A,PSAT1,PSEN1,PSMB1,PSMB7,PSMB9,PTPN11,PTPN12,PTPN6,PTPRE,PXN,QKI,RAB4B,RAD23A,RBL2,RFC3,RMDN3,RPL13,RRAD,S100A4,S100A9,SDHB,SEC61B,SEL1L,SERPINB1,SERPINF1,SH3KBP1,SIRT6,SLC7A11,SMAP2,SOD1,SPRY2,SREBF2,SRSF1,SRSF2,SRSF3,STAT3,STIP1,STK4,STMN1,STOM,SUZ12,TAGLN2,TALDO1,TAP2,TAPBP,TDO2,TFAM,TFB2M,THBS1,TIMP2,TMED10,TMSB10/TMSB4X,TOP2A,TPI1,TUBA1C,TUBB2A,TUFM,TYMP,UBE2I,UGDH,UGP2,UQCRC2,VCL,WAS,WDR3,WIPF1,XPO1,YWHAH,ZFP91",245 (29),28,47hr_PROT_causal,True,
144,PRUNE1, ,enzyme,"Akt,ERK1/2,Focal adhesion kinase,MAPK3,MYC,NANOG,P38 MAPK,PRUNE1,Rac",3,Inhibited,-2.772,3.72e-12,0.0001,"ABCB1,ABCC1,AKT1,ALCAM,ALDH18A1,ARRB1,BAG1,BAX,BCAT1,C3,CCL4,CD151,CD36,CD55,CD82,CDK6,CLEC11A,COL1A1,EGR2,EIF4E,EIF4G1,EZH2,EZR,FABP4,FDXR,FKBP5,FN1,FOSL1,FUS,GBP1,GIGYF2,GLS,GMFG,GSR,GSS,HLA-A,HMOX1,HSP90AA1,HSPA1A/HSPA1B,HSPB1,HSPH1,IFI35,IFIT3,ITGB2,JUNB,JUND,KIF2A,LDHA,LGALS1,MAP2K2,MAT2A,MIF,MKNK1,MX2,MYD88,MYH11,NOLC1,NPM1,OASL,PEA15,PHACTR2,PKM,PLAU,PLAUR,PLG,POLDIP3,POLR2D,PREP,PRRC2C,PSMB10,PSMB9,PTPRE,PYCR1,RAB4B,RPL11,RPL5,RSAD2,S100A6,SAE1,SDHB,SEC22B,SET,SIRT6,SLC2A1,SRRT,SRSF1,STAT1,STAT3,SUMO1,SUMO2,SUMO3,TAP2,TAPBP,TGFB1,TMED10,UBA2,UBE2I,UQCRC2,UQCRQ,WRN,XPO1,YWHAE",102 (9),7,47hr_PROT_causal,True,
148,TMED10,0.812,transporter,"Akt,Ap1,AR,BCL2,BCL2L1,Creb,ELK1,ERK1/2,FOXO1,Jnk,JUN,MMP12,MTORC1,MYC,NFkB (complex),RICTOR,ROCK,RPS6KB1,SHC1,SMAD2,SP1,STAT6,Tgf beta,TMED10,TP53,YAP1",3,Activated,2.016,4.1799999999999996e-12,0.0118,"ACO1,ACSL3,ACTB,ACTR3,AK1,AKT1,ALCAM,ALDH18A1,ARPC1B,ARRB1,ATG7,ATP2A2,AURKA,BAG1,BAX,BCAT1,BID,BUB1B,C3,CASP1,CASP4,CAST,CBS/CBSL,CCL4,CD151,CDK6,CELF2,CES2,CHD3,CKAP4,CLEC11A,COL1A2,COL3A1,CPOX,CTCF,DEGS1,DHCR24,DHCR7,DIAPH1,DNM1,DNM1L,DNMT1,DR1,DTYMK,DUT,EGR2,EHD1,EIF4E,EIF4G1,ENG,ERAP1,ERO1A,EZR,FABP4,FABP5,FAM3C,FBXO22,FDXR,FKBP3,FKBP4,FLI1,FSCN1,FUBP1,GART,GBP1,GDF15,GDI1,GIGYF2,GLS,GNL3,GOT1,GSK3A,GSK3B,GSS,GSTP1,HDAC1,HDAC2,HINT1,HLA-A,HLA-F,HMGB1,HMGB2,HMGN2,HSP90AA1,HSPA1A/HSPA1B,HSPA4L,HSPA8,HSPB1,HSPH1,HYOU1,IFI16,IFI35,IFIT3,IGFBP7,IL1B,IL1RN,IREB2,JUND,KIF2A,KYNU,LBR,LEMD3,LGALS3,LMAN1,MAPK1,MAT2A,MCM2,ME1,ME2,MGST2,MKNK1,MMP2,MMP9,MSMO1,MST1,MX2,MYD88,MYO6,NAMPT,NAP1L1,NDRG1,NME1,NOLC1,NPM1,OASL,P4HA1,PCNA,PDCD4,PDHX,PDIA5,PEA15,PFKP,PHGDH,PKM,PLG,POLDIP3,POLR2D,PPM1A,PPP1CA,PPP2CA,PPP3CA,PPP4C,PPP4R2,PRAG1,PREP,PSME3,PTPN11,PTPN12,PTPN6,PTPRE,PXN,PYCR1,RAB4B,RAD23A,RASA1,RFC3,RPL11,RPL5,RRAD,RSAD2,S100A4,SAE1,SDHB,SEC61B,SEL1L,SIRT6,SLC7A11,SPC25,SPRY2,SQSTM1,SREBF2,SRSF1,SRSF3,STAT1,STAT3,STMN1,STOM,SUMO1,SUMO2,SUMO3,SYK,SYNE3,TAGLN2,TANK,TAP2,TAPBP,TBC1D2,TDO2,TFRC,TGFB1,THBS1,TIMP2,TK1,TMSB10/TMSB4X,TOP2A,TUBB,TXN,UBA2,UBE2I,UGDH,UGP2,UQCRC2,UQCRQ,VIM,WIPF1,WRN,YWHAH",207 (26),25,47hr_PROT_causal,True,
152,Rac, ,group,"Akt,CEBPA,CHEK1,CHEK2,Creb,CTNNB1,ELK1,ERK,ERK1/2,EZH2,FOSL1,FOXO1,FOXO3,Gsk3,GSK3B,IRF3,Jnk,JUN,MED1,MMP12,MMP2,MTOR,MYC,NFkB (complex),NR4A1,NRF1,P38 MAPK,PDGFRA,PDGFRB,PHB2,Rac,RB1,RELA,RPS6KB1,SP1,SREBF2,STAT1,STAT3,TOPBP1,YBX1",3,Inhibited,-2.9739999999999998,6.67e-12,0.0194,"A2M,ABCB1,ABCC1,ACLY,ACTB,ADH5,AKR1B1,AKT1,ALB,ALCAM,ALDH18A1,ARHGDIB,ARRB1,ATG7,ATP6AP2,AURKA,BABAM2,BAG1,BAX,BCAT1,C3,C4A/C4B,CASP1,CASP4,CBS/CBSL,CCL4,CD14,CD151,CD36,CD47,CD55,CD82,CDK1,CDK6,CELF2,CHI3L1,CLEC11A,CLTC,COL1A1,COQ8A,DAB2,DDX60,DHCR24,DIAPH1,DNMT1,DTYMK,EDF1,EEF1A2,EFEMP1,EGLN1,EHD1,EIF4E,EIF4G1,ENO3,ERAP1,ERMP1,EZH2,EZR,FABP4,FABP5,FADS2,FBP1,FDPS,FDXR,FKBP5,FN1,FOSL1,FSCN1,GBP2,GDF15,GGH,GIGYF2,GLS,GOT1,GSR,GSS,H1-10,HDAC1,HDAC2,HINT1,HLA-A,HLA-B,HLA-E,HLA-F,HSD17B12,HSP90AA1,HSPB1,HSPH1,HYOU1,IDH1,IFI16,IFI35,IFIT3,IGLL1/IGLL5,IL1B,IL1RN,IRF2,IRF2BP2,IRF5,IRF8,ITGB5,JUNB,JUND,KIF2A,KRT10,KYNU,LBR,LDHA,LEMD3,LTF,MAP2K2,MAT2A,MIF,MKNK1,MMP2,MMP9,MTA1,MX2,MYD88,MYH11,NAMPT,NCOA7,NIBAN1,NOLC1,NPM1,NRP1,OAS2,OASL,PCNA,PDCD4,PEA15,PGK1,PHB,PKM,PLAU,PLAUR,PLD1,PLG,POLDIP3,POLR2D,POSTN,PPP2R1A,PPP3CA,PPP3CB,PREP,PSMB10,PSMB7,PSMB9,PSME3,PTPRE,PXN,PYCR1,QKI,RAB4B,RAD23A,RASA1,RBL2,RPL11,RPL5,RSAD2,S100A9,SAE1,SDHA,SDHB,SEPTIN6,SERPINB1,SERPINF1,SH3GLB1,SH3KBP1,SIRT6,SLAMF8,SLC2A1,SLC7A11,SLC9A3R1,SMAP2,SOD1,SPC25,SPRY2,SRSF1,STAT1,STAT3,STK4,SUMO1,SUMO2,SUMO3,SYK,TANK,TAP2,TAPBP,TDO2,TMED10,TMSB10/TMSB4X,TRIM21,TUBB2A,TXN,UBA2,UBE2I,UGDH,UQCRC2,UQCRQ,VCL,VDAC1,WARS1,WAS,WIPF1,WRN,XPO1,YBX1,ZFP91",209 (40),39,47hr_PROT_causal,True,
155,PEBP1,-2.131,other,"ADCY,Akt,CASP8,CCND1,CCNE1,CEBPA,CEBPB,CHEK1,CTNNB1,DUSP1,ERK,ERK1/2,FOSL1,GSK3B,KCNN4,MED1,MMP2,MTOR,NOS2,Notch,PEBP1,PPARG,RELA,RPS6KB1,RUNX2,RXRA,SP1,STAT1",3,Inhibited,-2.9160000000000004,9.369999999999999e-12,0.0029,"A2M,ACLY,AHNAK,AKR1B1,AKT2,ALB,APOB,ARHGDIB,ARRB1,ATP6AP2,AURKA,C11orf58,C3,C4A/C4B,CA2,CASP1,CBS/CBSL,CD14,CD36,CD47,CD82,CDK6,CLEC11A,CLTC,COL1A1,COL1A2,COL3A1,CSE1L,CTCF,CTSL,DDX60,DHCR24,DIAPH1,DNMT1,DR1,DTYMK,EDF1,EEF1A2,EEF1B2,EGLN1,EHD1,EIF5,ENO1,ERAP1,ERBIN,ERMP1,EZH2,EZR,FABP4,FADS2,FKBP5,FN1,FOSL1,G3BP1,GBP1,GBP2,GDF15,GGH,GSR,GSS,H1-10,HINT1,HLA-A,HLA-B,HLA-E,HSD17B12,HSPB1,HSPH1,IFI35,IFIT3,IGLL1/IGLL5,IL1RN,IRF2,IRF2BP2,IRF8,ITGB2,ITGB5,ITIH2,JUND,KIF2A,KRT10,LASP1,LBR,LEMD3,LTF,LUM,MAP2K2,MARCKS,MAT2A,MKNK1,MYH11,NAMPT,NDRG1,NIBAN2,NRP1,OAS2,PCNA,PCYT1A,PEA15,PKM,PLD1,POSTN,PPP2R1A,PPP3CA,PPP3CB,PPP5C,PSMB10,PSMB9,PTPRE,PXN,QKI,RAB4B,RAD23A,RBP4,RMDN3,RPL13,S100A11,S100A8,S100A9,SDHB,SEC61B,SEPTIN6,SERPINB1,SERPINF1,SH3GLB1,SH3KBP1,SHBG,SIRT6,SLAMF8,SLC9A3R1,SMAP2,SREBF2,SRFBP1,SRSF1,STAT1,STK4,TALDO1,TANK,TAP2,TAPBP,TGFB1,THBS1,TLN1,TMED10,TMSB10/TMSB4X,TOP1,TPI1,TPM1,TRIM21,TUBA1C,TUBB,TUBB2A,TUFM,TYMP,UBE2I,UGDH,UQCRC2,VCL,VDAC1,WARS1,ZFP91",161 (28),27,47hr_PROT_causal,True,
157,G protein alphai, ,group,"ADCY,AKT1,Ap1,AR,CEBPA,Creb,CTNNB1,EGFR,EGR1,ERBB3,ERK,ERK1/2,FOSL1,FOXO1,FOXO3,G protein alphai,GPIIB-IIIA,GSK3B,HBEGF,HDAC6,HIF1A,Jnk,JUN,KCNN4,MAP2K1/2,Mapk,MAPK1,MAPK3,MED1,MET,MMP2,MTOR,NFkB (complex),P38 MAPK,PARP1,PGR,RAC1,RELA,RHOA,RPS6KB1,SHC1,SMAD3,SP1,STAT3,STK4,TAB1,TERT",3,Inhibited,-3.176,1.0000000000000001e-11,0.0324,"A2M,ABCB1,ACLY,ACO1,ACTR3,ADAM10,AKR1B1,AKT1,ALB,ALDOA,APOC3,APOE,ARRB1,ATG7,ATXN10,AURKA,BAX,BUB1B,C3,CA2,CAPN2,CARS1,CASP1,CASP4,CAST,CBS/CBSL,CCL4,CD36,CD47,CD55,CDK1,CDKN2C,CELF2,CHI3L1,CLEC11A,CLTC,COL1A2,COL3A1,CPT2,DDX60,DEGS1,DHCR7,DNM1L,DPYSL2,DR1,DTYMK,DYNLL1,EDF1,EEF1A2,EIF1AX,EIF4E,EIF4G1,ERMP1,ERO1A,EZR,FABP4,FABP5,FADS2,FDXR,FEN1,FHL1,FKBP4,FKBP5,FLI1,FN1,FSCN1,GAPDH,GBP1,GBP2,GCLC,GCLM,GDI1,GGH,GLUL,GOT1,GSPT1,GSTM3,GSTP1,H1-10,H2BC12,HDAC1,HDAC2,HINT1,HLA-A,HLA-B,HLA-C,HLA-E,HLA-F,HMGB2,HNRNPA1,HNRNPA2B1,HSD17B12,HSP90B1,HSPB1,HSPH1,HYOU1,IFI35,IFIT3,IGF2,IGLL1/IGLL5,IL1RN,IRF5,IRF8,ITPR1,JMJD6,JUNB,JUND,KIF2A,KYNU,LAP3,LBR,LDHA,LEMD3,LIMS1,LMAN1,LTF,MAP2K2,MATK,MCM2,MECP2,MIF,MKNK1,MMP2,MSMO1,MTA1,MX2,MYD88,MYH11,NAE1,NAP1L1,NAT1,NMI,NPM1,NQO1,NRP1,NUCKS1,NUDCD2,NUP188,NVL,OAS2,OASL,P4HA1,PDHA1,PDIA5,PDLIM1,PELP1,PFDN1,PFKP,PGK1,PHB,PHGDH,PKM,PLAU,POSTN,PPIA,PPP2R1A,PPP3CA,PPP3CB,PPP5C,PRKAR1A,PSMB1,PSMB10,PSMB7,PSMB9,PSME2,PTPRE,RAB4B,RAD23A,RASA1,RSAD2,S100A4,S100A8,S100A9,SDHB,SEC61B,SEPTIN6,SERPINB1,SERPINB8,SERPINF1,SH3GLB1,SIRT6,SLC7A11,SLC9A3R1,SMARCC1,SPC25,SQSTM1,SREBF2,SRSF1,STAT3,STK4,STMN1,SUN2,SUZ12,SYK,TANK,TAP2,TAPBP,TDO2,TFAM,TFRC,TGFBI,TIMP2,TK1,TMOD3,TOP2A,TRIM21,TUBB2A,TXN,UBE2I,UBE2L6,UGDH,UQCRC2,VASP,VCL,VDAC1,VIM,WAS,YBX1,ZYX",219 (47),44,47hr_PROT_causal,True,
158,CCL25, ,cytokine,"Akt,AR,ATF2,CCL25,CDKN1A,CEBPA,CHEK1,Creb,CTNNB1,EGR1,ELK1,ERK1/2,EZH2,FANCD2,FOSL1,FOXO1,FOXO3,GSK3B,IGF1R,IRF3,Jnk,MAPK8,MED1,MMP12,MMP2,MTOR,MYC,NR4A1,NRF1,P38 MAPK,PDGFRA,PDGFRB,PHB2,RB1,RPS6KB1,SP1,SREBF2,STAT3,TFEB,TOPBP1,YBX1",3,Inhibited,-2.231,1.05e-11,0.0096,"A2M,ABCC1,ACLY,ACTB,ACTR3,AKR1B1,AKT1,ALB,ALCAM,ALDH18A1,ARRB1,ARSB,ASNS,ATG7,AURKA,BABAM2,BAG1,BAX,BCAT1,BUB1B,C3,CASP1,CAST,CBS/CBSL,CCL4,CD151,CD36,CD47,CD55,CD82,CDC42,CDK1,CDK6,CELF2,CHI3L1,CKAP4,CLEC11A,CLTC,COQ8A,DAB2,DEGS1,DHCR24,DHCR7,DIAPH1,DNM1L,DR1,DTYMK,EDF1,EEF1A2,EFEMP1,EGR2,EHD1,EIF4E,EIF4G1,ENO3,ERMP1,ERO1A,EZH2,EZR,FABP4,FADS2,FBP1,FDPS,FDXR,FEN1,FKBP4,FKBP5,FN1,FOSL1,FSCN1,GDI1,GGH,GIGYF2,GLS,GSR,GSS,H1-10,HDAC1,HDAC2,HINT1,HLA-A,HLA-B,HSD17B12,HSP90AA1,HSPB1,HSPH1,HYOU1,IDH1,IGF2,IGFBP2,IGLL1/IGLL5,IL1B,IL1RN,IRF5,IRF8,ITGB5,JUNB,JUND,KIF2A,KRT10,LBR,LDHA,LEMD3,LIMA1,LMAN1,LTF,MAP2K2,MCM2,MIF,MKNK1,MMP2,MSMO1,MX2,MYD88,MYH11,NAP1L1,NCOA7,NDRG1,NIBAN1,NOLC1,NPM1,NRP1,OAS2,OASL,P4HA1,PCNA,PDCD4,PDIA5,PEA15,PGK1,PHB,PIP4P1,PKM,PLG,POLDIP3,POLR2D,PPP2R1A,PPP3CA,PPP3CB,PREP,PSMB10,PSMB7,PSMB9,PSME3,PTPRE,PYCR1,RAB4B,RAD23A,RPL11,RPL5,S100A9,SAE1,SDHB,SEC61B,SEPTIN6,SERPINB1,SERPINF1,SH3GLB1,SLC7A11,SLC9A3R1,SOD1,SPC25,SPRY2,SRSF1,STAT1,STMN1,SUMO1,SUMO2,SUMO3,TANK,TAP2,TAPBP,TFAM,TGFB1,THBS1,TIMP2,TMED10,TOP2A,TUBB2A,TXN,UBA2,UBE2I,UGDH,UQCRC2,UQCRQ,VCL,VDAC1,VPS26A,VPS35,WAS,WRN,XPO1,YBX1",193 (41),40,47hr_PROT_causal,True,
159,ACKR2, ,G-protein coupled receptor,"ACKR2,Akt,AR,ATF2,CDKN1A,CEBPA,CHEK1,Creb,CTNNB1,EGR1,ELK1,ERK1/2,EZH2,FANCD2,FOSL1,FOXO1,FOXO3,GSK3B,IGF1R,IRF3,Jnk,MAPK8,MED1,MMP12,MMP2,MTOR,MYC,NR4A1,NRF1,P38 MAPK,PDGFRA,PDGFRB,PHB2,RB1,RPS6KB1,SP1,SREBF2,STAT3,TFEB,TOPBP1,YBX1",3,Inhibited,-2.231,1.05e-11,0.0096,"A2M,ABCC1,ACLY,ACTB,ACTR3,AKR1B1,AKT1,ALB,ALCAM,ALDH18A1,ARRB1,ARSB,ASNS,ATG7,AURKA,BABAM2,BAG1,BAX,BCAT1,BUB1B,C3,CASP1,CAST,CBS/CBSL,CCL4,CD151,CD36,CD47,CD55,CD82,CDC42,CDK1,CDK6,CELF2,CHI3L1,CKAP4,CLEC11A,CLTC,COQ8A,DAB2,DEGS1,DHCR24,DHCR7,DIAPH1,DNM1L,DR1,DTYMK,EDF1,EEF1A2,EFEMP1,EGR2,EHD1,EIF4E,EIF4G1,ENO3,ERMP1,ERO1A,EZH2,EZR,FABP4,FADS2,FBP1,FDPS,FDXR,FEN1,FKBP4,FKBP5,FN1,FOSL1,FSCN1,GDI1,GGH,GIGYF2,GLS,GSR,GSS,H1-10,HDAC1,HDAC2,HINT1,HLA-A,HLA-B,HSD17B12,HSP90AA1,HSPB1,HSPH1,HYOU1,IDH1,IGF2,IGFBP2,IGLL1/IGLL5,IL1B,IL1RN,IRF5,IRF8,ITGB5,JUNB,JUND,KIF2A,KRT10,LBR,LDHA,LEMD3,LIMA1,LMAN1,LTF,MAP2K2,MCM2,MIF,MKNK1,MMP2,MSMO1,MX2,MYD88,MYH11,NAP1L1,NCOA7,NDRG1,NIBAN1,NOLC1,NPM1,NRP1,OAS2,OASL,P4HA1,PCNA,PDCD4,PDIA5,PEA15,PGK1,PHB,PIP4P1,PKM,PLG,POLDIP3,POLR2D,PPP2R1A,PPP3CA,PPP3CB,PREP,PSMB10,PSMB7,PSMB9,PSME3,PTPRE,PYCR1,RAB4B,RAD23A,RPL11,RPL5,S100A9,SAE1,SDHB,SEC61B,SEPTIN6,SERPINB1,SERPINF1,SH3GLB1,SLC7A11,SLC9A3R1,SOD1,SPC25,SPRY2,SRSF1,STAT1,STMN1,SUMO1,SUMO2,SUMO3,TANK,TAP2,TAPBP,TFAM,TGFB1,THBS1,TIMP2,TMED10,TOP2A,TUBB2A,TXN,UBA2,UBE2I,UGDH,UQCRC2,UQCRQ,VCL,VDAC1,VPS26A,VPS35,WAS,WRN,XPO1,YBX1",193 (41),40,47hr_PROT_causal,True,
161,SNX1,-1.372,transporter,"Akt,AKT1,Ap1,CEBPA,Creb,CTNNB1,EGFR,EGR1,ELK1,ERBB3,ERK,ERK1/2,FOSL1,GSK3B,HBEGF,HDAC6,HIF1A,Jnk,JUN,MAP2K1/2,Mapk,MAPK1,MAPK3,MED1,MET,MMP2,MTOR,NFkB (complex),P38 MAPK,PARP1,PGR,RAC1,RELA,RHOA,RPS6KB1,SHC1,SMAD3,SNX1,SP1,STAT3,TAB1,TERT",3,Activated,3.0410000000000004,1.16e-11,0.0432,"A2M,ABCB1,ACLY,ACO1,ADAM10,AKR1B1,AKT1,ALB,ALDOA,APOC3,APOE,ARHGDIB,ARRB1,ATG7,ATP6AP2,ATXN10,AURKA,BAX,C3,CA2,CAPN2,CARS1,CASP1,CASP4,CBS/CBSL,CCL4,CD36,CD47,CD55,CDK1,CDKN2C,CELF2,CHI3L1,CKAP4,CLEC11A,CLTC,COL1A2,COL3A1,CPT2,DDX60,DHCR24,DNMT1,DPYSL2,DTYMK,DYNLL1,EDF1,EEF1A2,EGLN1,EGR2,EIF1AX,EIF4E,EIF4G1,ERMP1,EZH2,EZR,FABP4,FABP5,FADS2,FDXR,FHL1,FKBP5,FLI1,FN1,FOSL1,FSCN1,GAPDH,GBP1,GBP2,GCLC,GCLM,GGH,GLUL,GOT1,GSPT1,GSTM3,GSTP1,H1-10,H2BC12,HDAC1,HDAC2,HINT1,HLA-A,HLA-B,HLA-C,HLA-E,HLA-F,HMGB2,HNRNPA1,HNRNPA2B1,HSD17B12,HSP90B1,HSPB1,HSPH1,IFI35,IFIT3,IGF2,IGLL1/IGLL5,IL1B,IL1RN,IRF2BP2,IRF5,IRF8,ITPR1,JMJD6,JUNB,JUND,KIF2A,KYNU,LAP3,LBR,LDHA,LIMS1,LTF,MAP2K2,MAT2A,MATK,MECP2,MIF,MKNK1,MMP2,MTA1,MX2,MYD88,MYH11,NAE1,NAMPT,NAT1,NMI,NPM1,NQO1,NRP1,NUCKS1,NUDCD2,NUP188,NVL,OAS2,OASL,PDHA1,PDLIM1,PEA15,PELP1,PFDN1,PFKP,PGK1,PHB,PHGDH,PKM,PLAU,PLD1,PLG,POSTN,PPIA,PPP2R1A,PPP3CA,PPP3CB,PRKAR1A,PSMB1,PSMB10,PSMB7,PSMB9,PSME2,PTPRE,PXN,QKI,RAB4B,RAD23A,RASA1,RSAD2,S100A4,S100A8,S100A9,SDHB,SEPTIN6,SERPINB1,SERPINB8,SERPINF1,SH3GLB1,SH3KBP1,SIRT6,SLC7A11,SLC9A3R1,SMAP2,SMARCC1,SOD1,SPRY2,SQSTM1,SREBF2,SRSF1,STAT3,STK4,STMN1,SUN2,SUZ12,SYK,TANK,TAP2,TAPBP,TDO2,TFRC,TGFBI,TK1,TMED10,TMOD3,TMSB10/TMSB4X,TOP2A,TRIM21,TUBB2A,TXN,UBE2I,UBE2L6,UGDH,UQCRC2,VASP,VCL,VDAC1,VIM,WAS,ZFP91,ZYX",219 (42),41,47hr_PROT_causal,True,
162,GRP, ,growth factor,"Akt,AKT1,Ap1,CEBPA,Creb,CTNNB1,EGFR,EGR1,ELK1,ERBB3,ERK,ERK1/2,FOSL1,GRP,GSK3B,HBEGF,HDAC6,HIF1A,Jnk,JUN,MAP2K1/2,Mapk,MAPK1,MAPK3,MED1,MET,MMP2,MTOR,NFkB (complex),P38 MAPK,PARP1,PGR,RAC1,RELA,RHOA,RPS6KB1,SHC1,SMAD3,SP1,STAT3,TAB1,TERT",3,Inhibited,-3.0410000000000004,1.16e-11,0.0432,"A2M,ABCB1,ACLY,ACO1,ADAM10,AKR1B1,AKT1,ALB,ALDOA,APOC3,APOE,ARHGDIB,ARRB1,ATG7,ATP6AP2,ATXN10,AURKA,BAX,C3,CA2,CAPN2,CARS1,CASP1,CASP4,CBS/CBSL,CCL4,CD36,CD47,CD55,CDK1,CDKN2C,CELF2,CHI3L1,CKAP4,CLEC11A,CLTC,COL1A2,COL3A1,CPT2,DDX60,DHCR24,DNMT1,DPYSL2,DTYMK,DYNLL1,EDF1,EEF1A2,EGLN1,EGR2,EIF1AX,EIF4E,EIF4G1,ERMP1,EZH2,EZR,FABP4,FABP5,FADS2,FDXR,FHL1,FKBP5,FLI1,FN1,FOSL1,FSCN1,GAPDH,GBP1,GBP2,GCLC,GCLM,GGH,GLUL,GOT1,GSPT1,GSTM3,GSTP1,H1-10,H2BC12,HDAC1,HDAC2,HINT1,HLA-A,HLA-B,HLA-C,HLA-E,HLA-F,HMGB2,HNRNPA1,HNRNPA2B1,HSD17B12,HSP90B1,HSPB1,HSPH1,IFI35,IFIT3,IGF2,IGLL1/IGLL5,IL1B,IL1RN,IRF2BP2,IRF5,IRF8,ITPR1,JMJD6,JUNB,JUND,KIF2A,KYNU,LAP3,LBR,LDHA,LIMS1,LTF,MAP2K2,MAT2A,MATK,MECP2,MIF,MKNK1,MMP2,MTA1,MX2,MYD88,MYH11,NAE1,NAMPT,NAT1,NMI,NPM1,NQO1,NRP1,NUCKS1,NUDCD2,NUP188,NVL,OAS2,OASL,PDHA1,PDLIM1,PEA15,PELP1,PFDN1,PFKP,PGK1,PHB,PHGDH,PKM,PLAU,PLD1,PLG,POSTN,PPIA,PPP2R1A,PPP3CA,PPP3CB,PRKAR1A,PSMB1,PSMB10,PSMB7,PSMB9,PSME2,PTPRE,PXN,QKI,RAB4B,RAD23A,RASA1,RSAD2,S100A4,S100A8,S100A9,SDHB,SEPTIN6,SERPINB1,SERPINB8,SERPINF1,SH3GLB1,SH3KBP1,SIRT6,SLC7A11,SLC9A3R1,SMAP2,SMARCC1,SOD1,SPRY2,SQSTM1,SREBF2,SRSF1,STAT3,STK4,STMN1,SUN2,SUZ12,SYK,TANK,TAP2,TAPBP,TDO2,TFRC,TGFBI,TK1,TMED10,TMOD3,TMSB10/TMSB4X,TOP2A,TRIM21,TUBB2A,TXN,UBE2I,UBE2L6,UGDH,UQCRC2,VASP,VCL,VDAC1,VIM,WAS,ZFP91,ZYX",219 (42),41,47hr_PROT_causal,True,
163,HTATIP2,-0.041,transcription regulator,"Akt,AKT1,Ap1,CEBPA,Creb,CTNNB1,EGFR,EGR1,ELK1,ERBB3,ERK,ERK1/2,FOSL1,GSK3B,HBEGF,HDAC6,HIF1A,HTATIP2,Jnk,JUN,MAP2K1/2,Mapk,MAPK1,MAPK3,MED1,MET,MMP2,MTOR,NFkB (complex),P38 MAPK,PARP1,PGR,RAC1,RELA,RHOA,RPS6KB1,SHC1,SMAD3,SP1,STAT3,TAB1,TERT",3,Activated,3.0410000000000004,1.16e-11,0.0432,"A2M,ABCB1,ACLY,ACO1,ADAM10,AKR1B1,AKT1,ALB,ALDOA,APOC3,APOE,ARHGDIB,ARRB1,ATG7,ATP6AP2,ATXN10,AURKA,BAX,C3,CA2,CAPN2,CARS1,CASP1,CASP4,CBS/CBSL,CCL4,CD36,CD47,CD55,CDK1,CDKN2C,CELF2,CHI3L1,CKAP4,CLEC11A,CLTC,COL1A2,COL3A1,CPT2,DDX60,DHCR24,DNMT1,DPYSL2,DTYMK,DYNLL1,EDF1,EEF1A2,EGLN1,EGR2,EIF1AX,EIF4E,EIF4G1,ERMP1,EZH2,EZR,FABP4,FABP5,FADS2,FDXR,FHL1,FKBP5,FLI1,FN1,FOSL1,FSCN1,GAPDH,GBP1,GBP2,GCLC,GCLM,GGH,GLUL,GOT1,GSPT1,GSTM3,GSTP1,H1-10,H2BC12,HDAC1,HDAC2,HINT1,HLA-A,HLA-B,HLA-C,HLA-E,HLA-F,HMGB2,HNRNPA1,HNRNPA2B1,HSD17B12,HSP90B1,HSPB1,HSPH1,IFI35,IFIT3,IGF2,IGLL1/IGLL5,IL1B,IL1RN,IRF2BP2,IRF5,IRF8,ITPR1,JMJD6,JUNB,JUND,KIF2A,KYNU,LAP3,LBR,LDHA,LIMS1,LTF,MAP2K2,MAT2A,MATK,MECP2,MIF,MKNK1,MMP2,MTA1,MX2,MYD88,MYH11,NAE1,NAMPT,NAT1,NMI,NPM1,NQO1,NRP1,NUCKS1,NUDCD2,NUP188,NVL,OAS2,OASL,PDHA1,PDLIM1,PEA15,PELP1,PFDN1,PFKP,PGK1,PHB,PHGDH,PKM,PLAU,PLD1,PLG,POSTN,PPIA,PPP2R1A,PPP3CA,PPP3CB,PRKAR1A,PSMB1,PSMB10,PSMB7,PSMB9,PSME2,PTPRE,PXN,QKI,RAB4B,RAD23A,RASA1,RSAD2,S100A4,S100A8,S100A9,SDHB,SEPTIN6,SERPINB1,SERPINB8,SERPINF1,SH3GLB1,SH3KBP1,SIRT6,SLC7A11,SLC9A3R1,SMAP2,SMARCC1,SOD1,SPRY2,SQSTM1,SREBF2,SRSF1,STAT3,STK4,STMN1,SUN2,SUZ12,SYK,TANK,TAP2,TAPBP,TDO2,TFRC,TGFBI,TK1,TMED10,TMOD3,TMSB10/TMSB4X,TOP2A,TRIM21,TUBB2A,TXN,UBE2I,UBE2L6,UGDH,UQCRC2,VASP,VCL,VDAC1,VIM,WAS,ZFP91,ZYX",219 (42),42,47hr_PROT_causal,True,
164,AGK,1.224,kinase,"AGK,Akt,AKT1,Ap1,CEBPA,Creb,CTNNB1,EGFR,EGR1,ELK1,ERBB3,ERK,ERK1/2,FOSL1,GSK3B,HBEGF,HDAC6,HIF1A,Jnk,JUN,MAP2K1/2,Mapk,MAPK1,MAPK3,MED1,MET,MMP2,MTOR,NFkB (complex),P38 MAPK,PARP1,PGR,RAC1,RELA,RHOA,RPS6KB1,SHC1,SMAD3,SP1,STAT3,TAB1,TERT",3,Inhibited,-3.0410000000000004,1.16e-11,0.0432,"A2M,ABCB1,ACLY,ACO1,ADAM10,AKR1B1,AKT1,ALB,ALDOA,APOC3,APOE,ARHGDIB,ARRB1,ATG7,ATP6AP2,ATXN10,AURKA,BAX,C3,CA2,CAPN2,CARS1,CASP1,CASP4,CBS/CBSL,CCL4,CD36,CD47,CD55,CDK1,CDKN2C,CELF2,CHI3L1,CKAP4,CLEC11A,CLTC,COL1A2,COL3A1,CPT2,DDX60,DHCR24,DNMT1,DPYSL2,DTYMK,DYNLL1,EDF1,EEF1A2,EGLN1,EGR2,EIF1AX,EIF4E,EIF4G1,ERMP1,EZH2,EZR,FABP4,FABP5,FADS2,FDXR,FHL1,FKBP5,FLI1,FN1,FOSL1,FSCN1,GAPDH,GBP1,GBP2,GCLC,GCLM,GGH,GLUL,GOT1,GSPT1,GSTM3,GSTP1,H1-10,H2BC12,HDAC1,HDAC2,HINT1,HLA-A,HLA-B,HLA-C,HLA-E,HLA-F,HMGB2,HNRNPA1,HNRNPA2B1,HSD17B12,HSP90B1,HSPB1,HSPH1,IFI35,IFIT3,IGF2,IGLL1/IGLL5,IL1B,IL1RN,IRF2BP2,IRF5,IRF8,ITPR1,JMJD6,JUNB,JUND,KIF2A,KYNU,LAP3,LBR,LDHA,LIMS1,LTF,MAP2K2,MAT2A,MATK,MECP2,MIF,MKNK1,MMP2,MTA1,MX2,MYD88,MYH11,NAE1,NAMPT,NAT1,NMI,NPM1,NQO1,NRP1,NUCKS1,NUDCD2,NUP188,NVL,OAS2,OASL,PDHA1,PDLIM1,PEA15,PELP1,PFDN1,PFKP,PGK1,PHB,PHGDH,PKM,PLAU,PLD1,PLG,POSTN,PPIA,PPP2R1A,PPP3CA,PPP3CB,PRKAR1A,PSMB1,PSMB10,PSMB7,PSMB9,PSME2,PTPRE,PXN,QKI,RAB4B,RAD23A,RASA1,RSAD2,S100A4,S100A8,S100A9,SDHB,SEPTIN6,SERPINB1,SERPINB8,SERPINF1,SH3GLB1,SH3KBP1,SIRT6,SLC7A11,SLC9A3R1,SMAP2,SMARCC1,SOD1,SPRY2,SQSTM1,SREBF2,SRSF1,STAT3,STK4,STMN1,SUN2,SUZ12,SYK,TANK,TAP2,TAPBP,TDO2,TFRC,TGFBI,TK1,TMED10,TMOD3,TMSB10/TMSB4X,TOP2A,TRIM21,TUBB2A,TXN,UBE2I,UBE2L6,UGDH,UQCRC2,VASP,VCL,VDAC1,VIM,WAS,ZFP91,ZYX",219 (42),41,47hr_PROT_causal,True,
167,ADAM9,0.722,peptidase,"ADAM9,Akt,AKT1,Ap1,CEBPA,Creb,CTNNB1,EGFR,EGR1,ELK1,ERBB3,ERK,ERK1/2,FOSL1,GSK3B,HBEGF,HDAC6,HIF1A,Jnk,JUN,MAP2K1/2,Mapk,MAPK1,MAPK3,MED1,MET,MMP2,MTOR,NFkB (complex),P38 MAPK,PARP1,PGR,RAC1,RELA,RHOA,RPS6KB1,SHC1,SMAD3,SP1,STAT3,TAB1,TERT",3,Inhibited,-3.0410000000000004,1.25e-11,0.0449,"A2M,ABCB1,ACLY,ACO1,ADAM10,AKR1B1,AKT1,ALB,ALDOA,APOC3,APOE,ARHGDIB,ARRB1,ATG7,ATP6AP2,ATXN10,AURKA,BAX,C3,CA2,CAPN2,CARS1,CASP1,CASP4,CBS/CBSL,CCL4,CD36,CD47,CD55,CDK1,CDKN2C,CELF2,CHI3L1,CKAP4,CLEC11A,CLTC,COL1A2,COL3A1,CPT2,DDX60,DHCR24,DNMT1,DPYSL2,DTYMK,DYNLL1,EDF1,EEF1A2,EGLN1,EGR2,EIF1AX,EIF4E,EIF4G1,ERMP1,EZH2,EZR,FABP4,FABP5,FADS2,FDXR,FHL1,FKBP5,FLI1,FN1,FOSL1,FSCN1,GAPDH,GBP1,GBP2,GCLC,GCLM,GGH,GLUL,GOT1,GSPT1,GSTM3,GSTP1,H1-10,H2BC12,HDAC1,HDAC2,HINT1,HLA-A,HLA-B,HLA-C,HLA-E,HLA-F,HMGB2,HNRNPA1,HNRNPA2B1,HSD17B12,HSP90B1,HSPB1,HSPH1,IFI35,IFIT3,IGF2,IGLL1/IGLL5,IL1B,IL1RN,IRF2BP2,IRF5,IRF8,ITPR1,JMJD6,JUNB,JUND,KIF2A,KYNU,LAP3,LBR,LDHA,LIMS1,LTF,MAP2K2,MAT2A,MATK,MECP2,MIF,MKNK1,MMP2,MTA1,MX2,MYD88,MYH11,NAE1,NAMPT,NAT1,NMI,NPM1,NQO1,NRP1,NUCKS1,NUDCD2,NUP188,NVL,OAS2,OASL,PDHA1,PDLIM1,PEA15,PELP1,PFDN1,PFKP,PGK1,PHB,PHGDH,PKM,PLAU,PLD1,PLG,POSTN,PPIA,PPP2R1A,PPP3CA,PPP3CB,PRKAR1A,PSMB1,PSMB10,PSMB7,PSMB9,PSME2,PTPRE,PXN,QKI,RAB4B,RAD23A,RASA1,RSAD2,S100A4,S100A8,S100A9,SDHB,SEPTIN6,SERPINB1,SERPINB8,SERPINF1,SH3GLB1,SH3KBP1,SIRT6,SLC7A11,SLC9A3R1,SMAP2,SMARCC1,SOD1,SPRY2,SQSTM1,SREBF2,SRSF1,STAT3,STK4,STMN1,SUN2,SUZ12,SYK,TANK,TAP2,TAPBP,TDO2,TFRC,TGFBI,TK1,TMED10,TMOD3,TMSB10/TMSB4X,TOP2A,TRIM21,TUBB2A,TXN,UBE2I,UBE2L6,UGDH,UQCRC2,VASP,VCL,VDAC1,VIM,WAS,ZFP91,ZYX",219 (42),41,47hr_PROT_causal,True,
170,PALLD, ,other,"ADRB2,Akt,AKT1,CASP8,CDH1,CHUK,CLTC,EGFR,ERK,ERK1/2,EZR,Focal adhesion kinase,FOS,IKBKB,IQGAP1,KIT,Mapk,MAPK1,MAPK9,MYC,NFkB (complex),P38 MAPK,PALLD,PLSCR1,PRKAA,Rac,RAC1,RAPGEF1,RB1,RHOA,RHOC,SRC,STAT3,STAT5a/b,YAP/TAZ,YAP1",3,Inhibited,-2.274,1.39e-11,0.003,"ABCB1,ABCC1,ACLY,ACO1,ACTB,ALCAM,ALDH18A1,APOC3,ARRB1,ATP1A1,ATP6AP2,AURKA,BAG1,BCAT1,C3,CASP4,CASP8,CCL4,CD151,CD36,CD55,CD74,CD82,CDC42,CDK6,CDKN2C,CHI3L1,CLEC11A,COL1A1,CSE1L,CTCF,DIAPH1,DNMT1,DTYMK,EGLN1,EGR2,EIF4E,EIF4G1,EZH2,EZR,FABP4,FABP5,FDXR,FKBP5,FSCN1,GAPDH,GBP1,GCLC,GCLM,GDF15,GIGYF2,GLS,GLUL,GOT1,GSPT1,GSR,GSS,HDAC1,HDAC2,HLA-A,HLA-B,HLA-C,HLA-E,HLA-F,HMGN2,HNRNPA1,HNRNPA2B1,HSP90AA1,HSP90B1,HSPB1,HSPH1,HYOU1,IDI1,IFI35,IFIT3,ITGB2,ITPR1,KIF2A,KRT10,KYNU,LAP3,LCP2,LDHA,LPL,LSM3,MAP2K2,MAT2A,MECP2,METAP2,MIF,MKNK1,MMP2,MMP9,MTA1,MX2,MYD88,MYH11,NAMPT,NDRG1,NMI,NOLC1,NPM1,NQO1,NT5E,NUP188,OAS2,OASL,PCNA,PDCD4,PDHA1,PEA15,PGK1,PHB,PKM,PLAU,PLAUR,PLD1,POLDIP3,POLR2D,POSTN,PPIA,PREP,PRKAR1A,PSAT1,PSMB1,PSMB10,PSMB7,PSME2,PTPRE,PXN,PYCR1,QKI,RAB4B,RBL2,RPL11,RPL5,RSAD2,SAE1,SCD,SDHB,SLC2A1,SLC7A11,SMARCC1,SNRNP200,SOD1,SPRY2,SRSF1,SRSF2,STAT3,STIP1,SUMO1,SUMO2,SUMO3,SUN2,SYNE3,TAP2,TAPBP,TBC1D2,TDO2,THBS1,TK1,TMED10,TRIM21,UBA2,UBE2I,UBE2L6,UGP2,UQCRC2,UQCRQ,WAS,WDR3,WRN,XPO1,YBX1",174 (36),34,47hr_PROT_causal,True,
174,ROR2, ,kinase,"ADRB2,Akt,AKT1,CASP8,CDH1,CHUK,CLTC,EGFR,ERK,ERK1/2,EZR,Focal adhesion kinase,FOS,IKBKB,IQGAP1,KIT,Mapk,MAPK1,MAPK9,MYC,NFkB (complex),P38 MAPK,PLSCR1,PRKAA,Rac,RAC1,RAPGEF1,RB1,RHOA,RHOC,ROR2,SRC,STAT3,STAT5a/b,YAP/TAZ,YAP1",3,Inhibited,-2.274,1.95e-11,0.0037,"ABCB1,ABCC1,ACLY,ACO1,ACTB,ALCAM,ALDH18A1,APOC3,ARRB1,ATP1A1,ATP6AP2,AURKA,BAG1,BCAT1,C3,CASP4,CASP8,CCL4,CD151,CD36,CD55,CD74,CD82,CDC42,CDK6,CDKN2C,CHI3L1,CLEC11A,COL1A1,CSE1L,CTCF,DIAPH1,DNMT1,DTYMK,EGLN1,EGR2,EIF4E,EIF4G1,EZH2,EZR,FABP4,FABP5,FDXR,FKBP5,FSCN1,GAPDH,GBP1,GCLC,GCLM,GDF15,GIGYF2,GLS,GLUL,GOT1,GSPT1,GSR,GSS,HDAC1,HDAC2,HLA-A,HLA-B,HLA-C,HLA-E,HLA-F,HMGN2,HNRNPA1,HNRNPA2B1,HSP90AA1,HSP90B1,HSPB1,HSPH1,HYOU1,IDI1,IFI35,IFIT3,ITGB2,ITPR1,KIF2A,KRT10,KYNU,LAP3,LCP2,LDHA,LPL,LSM3,MAP2K2,MAT2A,MECP2,METAP2,MIF,MKNK1,MMP2,MMP9,MTA1,MX2,MYD88,MYH11,NAMPT,NDRG1,NMI,NOLC1,NPM1,NQO1,NT5E,NUP188,OAS2,OASL,PCNA,PDCD4,PDHA1,PEA15,PGK1,PHB,PKM,PLAU,PLAUR,PLD1,POLDIP3,POLR2D,POSTN,PPIA,PREP,PRKAR1A,PSAT1,PSMB1,PSMB10,PSMB7,PSME2,PTPRE,PXN,PYCR1,QKI,RAB4B,RBL2,RPL11,RPL5,RSAD2,SAE1,SCD,SDHB,SLC2A1,SLC7A11,SMARCC1,SNRNP200,SOD1,SPRY2,SRSF1,SRSF2,STAT3,STIP1,SUMO1,SUMO2,SUMO3,SUN2,SYNE3,TAP2,TAPBP,TBC1D2,TDO2,THBS1,TK1,TMED10,TRIM21,UBA2,UBE2I,UBE2L6,UGP2,UQCRC2,UQCRQ,WAS,WDR3,WRN,XPO1,YBX1",174 (36),34,47hr_PROT_causal,True,
182,CDC6, ,other,"Akt,ATF2,ATM,ATR,CDC6,CDK2,CHEK1,CHEK2,Creb,CREB1,DAXX,E2f,E2F3,ELF4,ERK1/2,GSK3B,IKBKB,ING1,Jnk,JUN,LAMTOR5,MAPK1,MDM4,MYC,NCL,P38 MAPK,PLK1,RB1,RELA,SMARCA4,SRC,TP53,TRIM28,XPA,ZEB1",3,Inhibited,-3.608,4.1799999999999994e-11,0.0429,"ABRACL,ACSL3,ADH5,AK1,AKT1,ALCAM,ALDH18A1,ALDH2,ARHGAP30,ARHGDIB,ARPC1B,ARRB1,ASNS,ATG7,ATG9A,ATP6AP2,BAG1,BAX,BCAT1,BID,BUB1B,CA2,CASP1,CASP4,CASP8,CBX1,CD151,CD36,CD55,CD63,CDK1,CELF2,CES2,CHD3,CLDND1,CLEC11A,COL1A1,COL1A2,CP,CPM,CPOX,CTNND1,DHRS9,DNM1,DUT,EGLN1,EHD1,EIF4E,EIF4G1,ENG,EPS15,EZH2,EZR,FABP4,FAM3C,FBP1,FBXO22,FDXR,FEN1,FKBP3,FKBP5,FN1,FOSL1,FSCN1,FUBP1,GART,GBP1,GDF15,GIGYF2,GMFG,GNL3,GOT1,GSK3A,GSK3B,GSR,GSS,GSTO1,GSTP1,H1-2,H2BC11,HCLS1,HDAC2,HLA-A,HLA-B,HLA-C,HLA-E,HMGB1,HMGB2,HMGN2,HSP90AA1,HSPA4L,HSPA8,HSPB1,HSPH1,HYI,IFI16,IGF2,IL1RN,INPP1,IREB2,IRF2BP2,ITPR1,JUND,KIF2A,KRT10,LAP3,LBR,LPL,LPXN,MAFF,MAPK1,MAT2A,MCM2,ME1,ME2,MECP2,MGST2,MIF,MKNK1,MST1,MTRES1,MYD88,MYH11,MYO6,NDRG1,NIBAN1,NME1,NMI,NOLC1,NPM1,NRP1,NT5E,NUCKS1,NUP188,OAS2,OCIAD2,PCNA,PDCD4,PDHX,PDS5A,PEA15,PFKP,PHGDH,PIN1,PKM,PLG,POLDIP3,POLR2D,PPM1A,PPP1CA,PPP2CA,PPP3CA,PPP4C,PPP4R2,PRAG1,PREP,PSEN1,PSMB10,PSME2,PTPN11,PTPN12,PTPN6,PTPRE,PYCR1,RAB4B,RAD23A,RASA1,RBL2,RFC3,ROCK1,RPL11,RPL5,RRAD,RSAD2,S100A4,S100A6,S100A8,SAE1,SDHA,SDHB,SEL1L,SERPINB8,SERPINH1,SH3GLB1,SH3KBP1,SMAP2,SMARCC1,SRSF1,SRSF3,STAT3,STK4,STMN1,STOM,SUMO1,SUMO2,SUMO3,SUN2,SYK,TAF7,TAGLN2,TANK,TAOK3,TAP2,TAPBP,TF,TFAM,TFRC,TGFBI,TM9SF2,TMED10,TMSB10/TMSB4X,TOP1,TOP2A,TRIM21,TUBB,TWF1,UBA2,UBE2L6,UQCRC2,UQCRQ,VKORC1L1,WRN,YWHAH,ZFP91",224 (35),33,47hr_PROT_causal,True,
183,ROCK, ,group,"Akt,Ap1,CASP8,CEBPA,CHEK2,Creb,CTNNB1,ELK1,ERBB2,ERK1/2,EZR,FOSL1,GAB1,Jnk,Mapk,MAPK14,MED1,MMP2,MTOR,MYC,NFkB (complex),P38 MAPK,PI3K (complex),PPARG,RB1,RELA,RHOA,ROCK,RPS6KB1,SP1,STAT3,Tgf beta",3,Inhibited,-3.4939999999999998,4.21e-11,0.0388,"A2M,ABCB1,ABCC1,ACLY,ACTB,ADH5,AKR1B1,AKT1,ALB,ALCAM,ALDH18A1,APOC3,ARHGDIB,ARRB1,ATG7,ATP6AP2,AURKA,B3GALT6,BAG1,BAX,BCAT1,BPNT2,C3,CA2,CASP1,CASP4,CBS/CBSL,CCL4,CD151,CD47,CD55,CD82,CDC27,CDC37,CDC42,CELF2,CHD7,CHI3L1,CLEC11A,CLTC,COL1A1,COL1A2,COL3A1,COL6A3,CPM,CSE1L,CTSL,DAB2,DHCR24,DIAPH1,DNMT1,DTYMK,EDF1,EEF1A2,EFEMP1,EGLN1,EGR2,EHD1,EIF4E,EIF4G1,ELAVL1,ERAP1,ERMP1,EZH2,EZR,FABP5,FADS2,FDXR,FKBP5,FN1,FSCN1,GART,GGH,GIGYF2,GLO1,GLS,GSR,GSS,H1-10,HINT1,HLA-A,HLA-B,HLA-F,HM13,HSD17B12,HSP90AA1,HSPB1,HSPH1,IFI16,IFI35,IFIT3,IGFBP2,IGLL1/IGLL5,IL1B,IL1RN,IRF2BP2,IRF8,ITGB5,JUNB,JUND,KIF2A,KRT10,KYNU,LASP1,LBR,LDHA,LTF,MAP2K2,MAT2A,MCM2,MIF,MKNK1,MMP2,MMP9,MTA1,MX2,MYD88,MYH11,NAMPT,NOLC1,NPM1,NQO1,NRP1,NT5E,NUP210,OAS2,OASL,PAICS,PDCD4,PDHA1,PEA15,PGK1,PHB,PKM,PLAU,PLAUR,PLD1,POLDIP2,POLDIP3,POLR2D,PPAT,PPP2R1A,PPP3CA,PPP3CB,PREP,PSMB10,PSMB9,PTPRE,PXN,PYCR1,QKI,RAB4B,RAD23A,RBL2,RBP4,RFC3,RFC5,RPA1,RPL11,RPL5,RSAD2,S100A4,S100A9,SAE1,SDHA,SDHB,SEPTIN6,SERPINB1,SERPINF1,SH3KBP1,SHBG,SHMT1,SLC2A1,SLC7A11,SLC9A3R1,SMAP2,SOD1,SREBF2,SRSF1,STAT1,STAT3,STK4,STT3B,SUMO1,SUMO2,SUMO3,SUN1,TANK,TAP2,TAPBP,TDO2,THBS1,TK1,TMED10,TMED9,TMSB10/TMSB4X,TOP1,TOP2A,TPM1,TUBB2A,UBA2,UBE2I,UGDH,UQCRC2,UQCRQ,VCL,VDAC1,VIM,WAS,WIPF1,WRN,XPO1,ZFP91",213 (32),31,47hr_PROT_causal,True,
185,TP53I3, ,enzyme,"CHEK1,CHEK2,E2F3,ERK1/2,FANCD2,H2AX,ING1,MDM4,PLK1,PRKDC,RELA,SRC,TP53,TP53I3,TRIM28",3,Inhibited,-2.2119999999999997,5.0799999999999995e-11,0.006,"ABCB1,ABCC1,ACO1,ACSL3,ACTB,ADH5,AK1,AKT1,ARHGDIB,ARPC1B,ARRB1,ATG7,ATP6AP2,AURKA,BAX,BID,BUB1B,C3,CA2,CASP1,CASP4,CASP8,CCL4,CDK1,CES2,CHD3,CLEC11A,COL3A1,CPOX,CTCF,CTNND1,DNM1,DUT,EGLN1,EGR2,ENG,EPS15,ERAP1,EZR,FAM3C,FBXO22,FDXR,FEN1,FKBP3,FKBP5,FOSL1,FUBP1,GART,GBP1,GDF15,GNL3,GSK3A,GSK3B,GSR,H1-2,H2BC11,HDAC2,HLA-A,HMGB1,HMGB2,HMGN2,HMOX1,HSPA4L,HSPA8,IGF2,IGFBP7,IL1RN,IREB2,IRF2BP2,JUNB,JUND,KIF2A,LBR,LDHA,LPL,MAPK1,MAT2A,MCM2,ME1,ME2,MGST2,MKNK1,MST1,MTA1,MYO6,NAMPT,NDRG1,NIBAN1,NME1,NOLC1,NUCKS1,PCNA,PDHX,PDS5A,PFKP,PHGDH,PIN1,PKM,PLAU,PLAUR,PLD1,PPM1A,PPP1CA,PPP2CA,PPP3CA,PPP4C,PPP4R2,PRAG1,PSMB10,PSMB9,PTPN11,PTPN12,PTPN6,PTPRE,PXN,QKI,RAB4B,RAD23A,RFC3,RRAD,S100A4,S100A8,SDHA,SEL1L,SERPINH1,SH3KBP1,SIRT6,SLC2A1,SMAP2,SOD1,SRSF3,STK4,STMN1,STOM,TAGLN2,TANK,TAP2,TAPBP,TFAM,TFRC,TGFB1,TM9SF2,TMSB10/TMSB4X,TOP2A,TUBB,VIM,XPO1,YWHAH,ZFP91",149 (15),14,47hr_PROT_causal,True,
187,ESRRG, ,ligand-dependent nuclear receptor,ESRRG,1,Inhibited,-3.4410000000000003,5.81e-11,0.0001,"ACADM,ACO1,ACO2,ALDOC,DLAT,DLST,ENO1,FH,GAPDH,IDH2,IDH3A,LDHA,MDH1,MDH2,PDHA1,PKM,SDHB,SUCLG2,TPI1",19 (1),1,47hr_PROT_causal,True,True
193,DDB2, ,other,"ATM,AURKB,CCND1,CCNE1,CDKN1A,CEBPA,DDB2,ERK1/2,estrogen receptor,H2AX,HIF1A,IKBKB,Jnk,MAPK9,NFE2L2,NFkB (complex),RB1",3,Activated,2.008,7.66e-11,0.0109,"A2M,ABCB1,ACLY,ACTB,ADAM10,ADH5,AHNAK,AKR1B1,AKT2,ALB,ALDOA,APOE,ARRB1,AURKA,BAX,C11orf58,C3,CA2,CAPG,CARS1,CCL4,CD36,CD82,CDK1,CDK6,CELF2,CLEC11A,COL3A1,COL6A1,COL9A2,CS,CTCF,EEF1A2,EEF1B2,EIF4E,EIF4G1,EIF5,ENO1,ERAP1,ERBIN,EZR,FABP5,FDXR,FHL1,FKBP5,FN1,FSCN1,G3BP1,G6PD,GAPDH,GBP1,GCLC,GCLM,GDF15,GGH,GLS,GOT1,H1-10,H2BC12,HLA-A,HLA-B,HLA-F,HMGN2,HMOX1,HSP90AA1,HSPA1A/HSPA1B,HSPB1,IDH1,IFI16,IL1B,IL1RN,IRF5,ITIH2,JMJD6,JUNB,KIF2A,KYNU,LASP1,LBR,LDHA,LIMA1,LIMS1,LPL,LSM3,LTF,MAP2K2,MARCKS,ME1,METAP2,MIF,MKNK1,MMP2,MMP9,MSN,MTA1,NAE1,NAMPT,NIBAN2,NPM1,NQO1,NUCKS1,NUDCD2,OAS2,PCNA,PCYT1A,PELP1,PGD,PHGDH,PLAU,PLAUR,PLG,PRDX1,PSAT1,PSMA5,PSMB10,PSMB9,PSMD4,PTPRE,PXN,RAB4B,RBL2,RFC3,RMDN3,RPL13,S100A9,SCD,SEC61B,SERPINB1,SERPINF1,SHC1,SLC2A1,SLC7A11,SOD1,SRSF2,STMN1,SUZ12,TANK,TAP2,TAPBP,TDO2,TFAM,TFRC,THBS1,TIMP2,TKT,TOP2A,TPI1,TUBA1C,TUBB,TUBB2A,TUFM,TYMP,UBE2I,VCL,VIM",155 (17),17,47hr_PROT_causal,True,
196,STK38, ,kinase,"ERK1/2,MYC,P38 MAPK,RELA,STK38,YAP1",2,Inhibited,-2.83,8.38e-11,0.0002,"ABCC1,AKT1,ALCAM,ALDH18A1,ARHGDIB,ARRB1,ATP6AP2,BAG1,BCAT1,C3,CASP8,CCL4,CD151,CD36,CD55,CD82,CDK6,CLEC11A,COL1A1,CTCF,DNMT1,DTYMK,EGLN1,EGR2,EHD1,EIF4E,EIF4G1,ERAP1,EZH2,EZR,FABP4,FDXR,FKBP5,GBP1,GIGYF2,GLS,HLA-A,HMOX1,HSP90AA1,HSPB1,HSPH1,IFI35,IFIT3,IL1B,IRF2BP2,JUNB,JUND,KIF2A,LDHA,MAP2K2,MAT2A,MIF,MKNK1,MMP2,MMP9,MX2,MYD88,MYH11,NAMPT,NOLC1,NPM1,OASL,PDCD4,PKM,PLAU,PLAUR,PLD1,POLDIP3,POLR2D,PREP,PSMB10,PSMB9,PTPRE,PXN,PYCR1,QKI,RAB4B,RPL11,RPL5,RSAD2,SAE1,SH3KBP1,SLC2A1,SMAP2,SRSF1,STAT3,STK4,SUMO1,SUMO2,SUMO3,SYNE3,TAP2,TAPBP,TBC1D2,TGFB1,THBS1,TK1,TMSB10/TMSB4X,UBA2,UBE2I,UGP2,UQCRQ,WRN,XPO1,ZFP91",105 (6),5,47hr_PROT_causal,True,
200,Pkg, ,group,"Ap1,CEBPA,CHEK1,CHEK2,Creb,CTNNB1,ELK1,ERK,ERK1/2,FOSL1,Jnk,MED1,MMP2,MTOR,MYC,P38 MAPK,Pkg,RB1,RELA,RPS6KB1,SP1,STAT3",3,Inhibited,-3.221,1.0699999999999999e-10,0.0085,"A2M,ABCB1,ABCC1,ACLY,ACTB,ADH5,AKR1B1,AKT1,ALB,ALCAM,ALDH18A1,ARHGDIB,ARRB1,ATG7,ATP6AP2,AURKA,BAG1,BAX,BCAT1,C3,CA2,CASP1,CASP4,CBS/CBSL,CCL4,CD151,CD36,CD47,CD55,CD82,CELF2,CHI3L1,CLEC11A,CLTC,COL1A1,COL3A1,CTCF,DHCR24,DIAPH1,DNMT1,DTYMK,EDF1,EEF1A2,EGLN1,EGR2,EHD1,EIF4E,EIF4G1,ERAP1,ERMP1,EZH2,EZR,FABP4,FADS2,FDXR,FKBP5,FN1,FSCN1,GDF15,GGH,GIGYF2,GLS,H1-10,HDAC1,HDAC2,HINT1,HLA-A,HLA-B,HSD17B12,HSP90AA1,HSPB1,HSPH1,IFI16,IFI35,IFIT3,IGLL1/IGLL5,IL1B,IL1RN,IRF2BP2,IRF8,ITGB5,JUNB,JUND,KIF2A,KRT10,LBR,LDHA,LTF,MAP2K2,MAT2A,MIF,MKNK1,MMP2,MX2,MYD88,MYH11,NAMPT,NOLC1,NPM1,NRP1,OAS2,OASL,PCNA,PDCD4,PGK1,PHB,PKM,PLAU,PLAUR,PLD1,PLG,POLDIP3,POLR2D,POSTN,PPP2R1A,PPP3CA,PPP3CB,PRDX2,PREP,PSMB10,PSMB9,PTPRE,PXN,PYCR1,QKI,RAB4B,RAD23A,RBL2,RPL11,RPL5,RSAD2,S100A4,S100A9,SAE1,SDHA,SEPTIN6,SERPINB1,SERPINF1,SH3KBP1,SIRT6,SLC2A1,SLC7A11,SLC9A3R1,SMAP2,SREBF2,SRSF1,STAT1,STAT3,STK4,SUMO1,SUMO2,SUMO3,TANK,TAP2,TAPBP,TMSB10/TMSB4X,TUBB2A,TXN,UBA2,UBE2I,UGDH,UQCRQ,VCL,VDAC1,VIM,WAS,WIPF1,WRN,XPO1,ZFP91",170 (22),22,47hr_PROT_causal,True,
206,NABP1, ,other,"CHEK1,CHEK2,E2F3,ERK1/2,FANCD2,ING1,MDM4,NABP1,NBN,PLK1,RELA,SRC,TP53,TRIM28",3,Inhibited,-2.227,1.43e-10,0.0086,"ABCB1,ABCC1,ACO1,ACSL3,ACTB,ADH5,AK1,AKT1,ARHGDIB,ARPC1B,ARRB1,ATG7,ATP6AP2,AURKA,BAX,BID,BUB1B,C3,CA2,CASP1,CASP4,CASP8,CCL4,CDK1,CES2,CHD3,CLEC11A,COL3A1,CPOX,CTCF,CTNND1,DNM1,DUT,EGLN1,ENG,EPS15,ERAP1,EZR,FAM3C,FBXO22,FDXR,FEN1,FKBP3,FKBP5,FOSL1,FUBP1,GART,GBP1,GDF15,GNL3,GSK3A,GSK3B,GSR,H1-2,H2BC11,HDAC2,HLA-A,HMGB1,HMGB2,HMGN2,HMOX1,HSPA4L,HSPA8,IGF2,IGFBP7,IL1RN,IREB2,IRF2BP2,JUNB,JUND,KIF2A,LBR,LDHA,LPL,MAPK1,MAT2A,MCM2,ME1,ME2,MGST2,MKNK1,MST1,MTA1,MYO6,NAMPT,NDRG1,NIBAN1,NME1,NOLC1,NUCKS1,PCNA,PDHX,PDS5A,PFKP,PHGDH,PIN1,PKM,PLAU,PLAUR,PLD1,PPM1A,PPP1CA,PPP2CA,PPP3CA,PPP4C,PPP4R2,PRAG1,PSMB10,PSMB9,PTPN11,PTPN12,PTPN6,PTPRE,PXN,QKI,RAB4B,RAD23A,RFC3,RRAD,S100A4,S100A8,SDHA,SEL1L,SERPINH1,SH3KBP1,SIRT6,SMAP2,SOD1,SRSF3,STK4,STMN1,STOM,TAGLN2,TANK,TAP2,TAPBP,TFAM,TFRC,TGFB1,TM9SF2,TMSB10/TMSB4X,TOP2A,TUBB,VIM,XPO1,YWHAH,ZFP91",147 (14),12,47hr_PROT_causal,True,
209,Pkg, ,group,"ERK1/2,MYC,Pkg",2,Inhibited,-3.487,1.76e-10,0.0001,"ABCC1,AKT1,ALCAM,ALDH18A1,ARRB1,BAG1,BAX,BCAT1,C3,CCL4,CD151,CLEC11A,COL1A1,COL3A1,EIF4E,EIF4G1,EZH2,EZR,FKBP5,FN1,GIGYF2,GLS,HLA-A,HSP90AA1,HSPB1,HSPH1,IFI35,IFIT3,IL1B,JUNB,JUND,KIF2A,LDHA,MAP2K2,MAT2A,MKNK1,MMP2,MX2,MYD88,NOLC1,NPM1,OASL,PDCD4,PKM,PLAU,PLAUR,POLDIP3,POLR2D,PRDX2,PREP,PSMB10,PSMB9,PTPRE,PYCR1,RAB4B,RPL11,RPL5,RSAD2,SAE1,SLC2A1,SRSF1,STAT1,STAT3,SUMO1,SUMO2,SUMO3,TAP2,TAPBP,TXN,UBA2,UBE2I,UQCRQ,WRN,XPO1",74 (3),3,47hr_PROT_causal,True,
210,Rab5, ,group,"Akt,AKT1,Ap1,CEBPA,CHEK1,Creb,CTNNB1,ELK1,ERK1/2,Focal adhesion kinase,FOSL1,GSK3B,MED1,MMP2,MTORC1,MYC,Rab5,Rac,RELA,RHOA,SP1,SREBF1,SREBF2,STAT3",3,Inhibited,-2.5540000000000003,2.0799999999999998e-10,0.0131,"A2M,ABCB1,ABCC1,AKR1B1,AKT1,ALB,ALCAM,ALDH18A1,ALDOA,APOBEC3F,ARHGDIB,ARRB1,ATP6AP2,AURKA,BAG1,BCAT1,C3,CA2,CASP4,CBS/CBSL,CCL4,CD14,CD151,CD47,CD82,CFI,CHI3L1,CLEC11A,CLTC,COL3A1,CSRP1,CTCF,CYP51A1,DIAPH1,DNMT1,DTYMK,EDF1,EEF1A2,EGLN1,EHD1,EIF4E,EIF4G1,ERAP1,ERMP1,EZH2,EZR,FADS2,FDPS,FKBP5,FN1,FOSL1,FSCN1,GBP1,GCLC,GCLM,GGH,GIGYF2,GLS,GSR,GSS,H1-10,HDAC1,HDAC2,HINT1,HLA-A,HLA-B,HSD17B12,HSP90AA1,HSPB1,IDH1,IFI16,IFI35,IFIT3,IGLL1/IGLL5,IL1B,IL1RN,IRF2BP2,IRF8,ITGB2,ITGB5,JUNB,JUND,KIF2A,LBR,LDHA,LTF,MAP2K2,MAT2A,MKNK1,MMP2,MX2,MYD88,NAMPT,NDRG1,NDUFS2,NOLC1,NPM1,NQO1,NRP1,OAS2,OASL,PCNA,PDCD4,PDHA1,PEA15,PGK1,PHB,PKM,PLAU,PLD1,POLDIP3,POLR2D,PPCS,PPP2R1A,PPP3CA,PPP3CB,PREP,PSMB10,PSMB9,PTPRE,PYCR1,QKI,RAB4B,RAD23A,RPL11,RPL5,RSAD2,S100A4,S100A9,SAE1,SCD,SDHB,SEPTIN6,SERPINB1,SERPINF1,SH3GLB1,SH3KBP1,SIRT6,SLC7A11,SLC9A3R1,SMAP2,SRSF1,STAT1,STAT3,STK4,SUMO1,SUMO2,SUMO3,TANK,TAP2,TAPBP,TMED10,TMSB10/TMSB4X,TUBB2A,UBA2,UBE2I,UGDH,UQCRC2,UQCRQ,VCL,VDAC1,VIM,WAS,WIPF1,WRN,XPO1,ZFP91",167 (24),22,47hr_PROT_causal,True,
212,USP11, ,peptidase,"ATM,AURKB,BRCA2,CCND1,CCNE1,CDKN1A,CEBPA,ERK1/2,estrogen receptor,H2AX,HIF1A,IKBKB,Jnk,MAPK9,NFE2L2,NFkB (complex),PCGF2,RB1,SRC (family),USP11",3,Inhibited,-2.169,2.35e-10,0.0178,"A2M,ABCB1,ACLY,ACTB,ADAM10,ADH5,AHNAK,AKR1B1,AKT2,ALB,ALDOA,APOE,ARRB1,AURKA,BAX,C11orf58,C3,CA2,CAPG,CARS1,CCL4,CD82,CDK1,CDK6,CELF2,CLEC11A,COL3A1,COL6A1,COL9A2,CS,CTCF,EEF1A2,EEF1B2,EIF4E,EIF4G1,EIF5,ENO1,ERAP1,ERBIN,EZR,FABP5,FDXR,FHL1,FKBP5,FN1,FSCN1,G3BP1,G6PD,GAPDH,GBP1,GCLC,GCLM,GDF15,GGH,GLS,GOT1,H1-10,H2BC12,HLA-A,HLA-B,HLA-F,HMGN2,HMOX1,HSP90AA1,HSPA1A/HSPA1B,HSPB1,IDH1,IFI16,IL1B,IL1RN,IRF5,ITIH2,JMJD6,JUNB,KIF2A,KYNU,LASP1,LBR,LDHA,LIMA1,LIMS1,LPL,LSM3,LTF,MAP2K2,MARCKS,ME1,METAP2,MIF,MKNK1,MMP2,MMP9,MSN,MTA1,NAE1,NAMPT,NIBAN2,NPM1,NQO1,NUCKS1,NUDCD2,OAS2,PCNA,PCYT1A,PELP1,PGD,PHGDH,PLAU,PLAUR,PLG,PRDX1,PSAT1,PSMA5,PSMB10,PSMB9,PSMD4,PTPRE,PXN,RAB4B,RBL2,RFC3,RMDN3,RPL13,S100A9,SCD,SEC61B,SERPINB1,SERPINF1,SHC1,SLC2A1,SLC7A11,SOD1,SRSF2,STAT1,STMN1,SUZ12,TANK,TAP2,TAPBP,TDO2,TFAM,TFRC,THBS1,TIMP2,TKT,TOP2A,TPI1,TUBA1C,TUBB,TUBB2A,TUFM,TYMP,UBE2I,VCL,VIM",155 (20),19,47hr_PROT_causal,True,
213,CD2, ,transmembrane receptor,"Akt,AMPK,Ap1,CASP8,CCND1,CD2,CEBPA,CHEK1,Creb,CREB1,CTNNB1,EGFR,ERK,ERK1/2,FOSL1,LAT,Mapk,MAPK1,MAPK3,MED1,MMP2,MTOR,NCL,Nfat (family),NFkB (complex),PLCG1,PRKCZ,RB1,RELA,RPS6KB1,RXRA,SP1,STAT3,STAT5a/b,TERT",3,Activated,2.224,2.62e-10,0.0354,"A2M,ACLY,ACO1,ACO2,ACTB,AHNAK,AKR1B1,AKT1,ALB,APOC3,ARHGDIB,ARRB1,ATP6AP2,BAX,C11orf58,C3,CA2,CASP1,CASP4,CBS/CBSL,CCL4,CD47,CDK6,CDKN2C,CLEC11A,CLTC,COL3A1,CSE1L,CTCF,DHCR24,DIAPH1,DR1,DTYMK,EDF1,EEF1A2,EEF1B2,EGLN1,EGR2,EHD1,EIF5,ENO1,ERBIN,ERMP1,EZH2,EZR,FABP5,FADS2,FKBP5,FN1,FSCN1,G3BP1,GDF15,GGH,GLS,GSR,GSS,H1-10,HDAC1,HDAC2,HINT1,HLA-A,HLA-C,HLA-E,HLA-F,HMOX1,HNRNPA1,HNRNPA2B1,HSD17B12,HSP90B1,HSPB1,HSPH1,IDH3A,IDI1,IFI16,IFI35,IFIT3,IGLL1/IGLL5,IL1RN,IRF2BP2,IRF8,ITGB5,ITIH2,JUNB,JUND,KIF2A,KRT10,KYNU,LAP3,LASP1,LBR,LCP2,LDHA,LTF,MAP2K2,MARCKS,MAT2A,MECP2,MKNK1,MMP2,MTA1,MX2,NCF1,NIBAN2,NMI,NPM1,NRP1,NT5E,NUP188,OASL,PCNA,PCYT1A,PDCD4,PEA15,PGK1,PHB,PHGDH,PKM,PLAU,PLG,POSTN,PPIA,PPP2R1A,PPP3CA,PPP3CB,PRKAR1A,PSAT1,PSEN1,PSMB1,PSMB10,PSMB7,PSMB9,PSME2,PTPRE,RAB4B,RAD23A,RBL2,RMDN3,RPL13,S100A4,S100A9,SDHA,SDHB,SEC61B,SEPTIN6,SERPINB1,SERPINF1,SH3KBP1,SIRT6,SLC9A3R1,SMAP2,SMARCC1,SOD1,SPRY2,SREBF2,STAT3,STIP1,STK4,SUN2,TALDO1,TANK,TAP2,TAPBP,TDO2,TMED10,TMSB10/TMSB4X,TPI1,TRIM21,TUBA1C,TUBB,TUBB2A,TUFM,TYMP,UBE2L6,UGDH,UGP2,UQCRC2,VCL,VDAC1,WAS,WDR3,WIPF1,ZFP91",182 (35),32,47hr_PROT_causal,True,
220,GCSAM, ,other,"Creb,ERK1/2,EZR,GCSAM,MYC,RAC1,RHOA,RHOC,ROCK,Tgf beta",3,Inhibited,-3.0,3.28e-10,0.0001,"ABCC1,AKT1,ALCAM,ALDH18A1,ARRB1,BAG1,BAX,BCAT1,C3,CCL4,CD151,CLEC11A,COL1A1,COL1A2,COL3A1,EIF4E,EIF4G1,EZH2,EZR,FKBP5,FN1,FOSL1,FSCN1,GDF15,GIGYF2,GLS,GLUL,GSPT1,HLA-A,HSP90AA1,HSPB1,HSPH1,IFI35,IFIT3,IL1B,JUNB,JUND,KIF2A,LDHA,MAP2K2,MAT2A,MKNK1,MMP2,MMP9,MX2,MYD88,NOLC1,NPM1,OASL,PDCD4,PDHA1,PKM,PLAU,PLAUR,POLDIP3,POLR2D,PREP,PSMB10,PSMB9,PTPRE,PYCR1,RAB4B,RPL11,RPL5,RSAD2,SAE1,SLC2A1,SRSF1,STAT1,SUMO1,SUMO2,SUMO3,TAP2,TAPBP,TGFB1,THBS1,UBA2,UBE2I,UQCRQ,WRN,XPO1",81 (10),9,47hr_PROT_causal,True,
229,IL15, ,cytokine,IL15,1,Inhibited,-3.0,4.5600000000000003e-10,0.0001,"AKT1,AKT2,ALDOA,ALDOC,CCL4,CREBBP,EGLN1,EIF4E,ENO1,ENO3,FBP1,G6PD,GALM,GAPDH,GPD2,HMOX1,LDHA,MAP2K1,MKNK1,MYD88,PFKP,PGD,PGK1,PGM1,PGM2,PKM,PLCG2,PSMB10,PSMB9,RPE,RPIA,SLC16A3,TALDO1,TFRC,TKT,TPI1",36 (1),1,47hr_PROT_causal,True,True
231,GPR183, ,G-protein coupled receptor,"Akt,CASP8,CCND1,CCNE1,CEBPA,CEBPB,CHEK1,CTNNB1,DUSP1,ERK,ERK1/2,FOSL1,GPR183,GSK3B,MED1,MMP2,MTOR,NFkB (complex),NOS2,Notch,PPARG,RPS6KB1,RUNX2,RXRA,SP1,STAT1",3,Activated,2.54,5.93e-10,0.0147,"A2M,ACLY,AHNAK,AKR1B1,AKT2,ALB,APOB,ARRB1,AURKA,C11orf58,C3,C4A/C4B,CA2,CASP1,CBS/CBSL,CD14,CD36,CD47,CD82,CDK6,CLEC11A,CLTC,COL1A1,COL1A2,COL3A1,CSE1L,CTSL,DDX60,DHCR24,DIAPH1,DR1,DTYMK,EDF1,EEF1A2,EEF1B2,EHD1,EIF5,ENO1,ERBIN,ERMP1,EZH2,EZR,FABP4,FABP5,FADS2,FKBP5,FN1,FOSL1,G3BP1,GBP1,GBP2,GDF15,GGH,GSR,GSS,H1-10,HINT1,HLA-A,HLA-B,HLA-E,HLA-F,HSD17B12,HSPB1,HSPH1,IFI35,IFIT3,IGLL1/IGLL5,IL1RN,IRF2,IRF8,ITGB2,ITGB5,ITIH2,JUND,KIF2A,KRT10,KYNU,LASP1,LBR,LEMD3,LTF,LUM,MAP2K2,MARCKS,MKNK1,MMP9,MTA1,MYH11,NDRG1,NIBAN2,NRP1,OAS2,PCNA,PCYT1A,PEA15,PKM,PLAU,POSTN,PPP2R1A,PPP3CA,PPP3CB,PSMB10,PSMB9,PTPRE,RAB4B,RAD23A,RBP4,RMDN3,RPL13,S100A11,S100A8,S100A9,SDHB,SEC61B,SEPTIN6,SERPINB1,SERPINF1,SH3GLB1,SHBG,SIRT6,SLAMF8,SLC9A3R1,SREBF2,SRFBP1,SRSF1,STAT1,TALDO1,TANK,TAP2,TAPBP,TDO2,THBS1,TLN1,TMED10,TOP1,TPI1,TPM1,TRIM21,TUBA1C,TUBB,TUBB2A,TUFM,TYMP,UBE2I,UGDH,UQCRC2,VCL,VDAC1,WARS1",149 (26),25,47hr_PROT_causal,True,
235,GALR1, ,G-protein coupled receptor,"Akt,CASP8,CCND1,CCNE1,CEBPA,CEBPB,CHEK1,CTNNB1,DUSP1,ERK,ERK1/2,FOSL1,GALR1,GSK3B,MED1,MMP2,MTOR,NFkB (complex),NOS2,Notch,PPARG,RPS6KB1,RUNX2,RXRA,SP1,STAT1",3,Inhibited,-2.54,6.45e-10,0.0147,"A2M,ACLY,AHNAK,AKR1B1,AKT2,ALB,APOB,ARRB1,AURKA,C11orf58,C3,C4A/C4B,CA2,CASP1,CBS/CBSL,CD14,CD36,CD47,CD82,CDK6,CLEC11A,CLTC,COL1A1,COL1A2,COL3A1,CSE1L,CTSL,DDX60,DHCR24,DIAPH1,DR1,DTYMK,EDF1,EEF1A2,EEF1B2,EHD1,EIF5,ENO1,ERBIN,ERMP1,EZH2,EZR,FABP4,FABP5,FADS2,FKBP5,FN1,FOSL1,G3BP1,GBP1,GBP2,GDF15,GGH,GSR,GSS,H1-10,HINT1,HLA-A,HLA-B,HLA-E,HLA-F,HSD17B12,HSPB1,HSPH1,IFI35,IFIT3,IGLL1/IGLL5,IL1RN,IRF2,IRF8,ITGB2,ITGB5,ITIH2,JUND,KIF2A,KRT10,KYNU,LASP1,LBR,LEMD3,LTF,LUM,MAP2K2,MARCKS,MKNK1,MMP9,MTA1,MYH11,NDRG1,NIBAN2,NRP1,OAS2,PCNA,PCYT1A,PEA15,PKM,PLAU,POSTN,PPP2R1A,PPP3CA,PPP3CB,PSMB10,PSMB9,PTPRE,RAB4B,RAD23A,RBP4,RMDN3,RPL13,S100A11,S100A8,S100A9,SDHB,SEC61B,SEPTIN6,SERPINB1,SERPINF1,SH3GLB1,SHBG,SIRT6,SLAMF8,SLC9A3R1,SREBF2,SRFBP1,SRSF1,STAT1,TALDO1,TANK,TAP2,TAPBP,TDO2,THBS1,TLN1,TMED10,TOP1,TPI1,TPM1,TRIM21,TUBA1C,TUBB,TUBB2A,TUFM,TYMP,UBE2I,UGDH,UQCRC2,VCL,VDAC1,WARS1",149 (26),25,47hr_PROT_causal,True,
239,calpain, ,complex,"AKT1,AMPK,ATF2,calpain,CDC42,EGFR,ERBB2,ERK,ERK1/2,Focal adhesion kinase,FOXO1,FOXO3,FOXO4,Gsk3,MAPK1,MET,MYC,NFkB (complex),P38 MAPK,PDGFRA,Rac",3,Activated,2.2,6.97e-10,0.022,"ABCB1,ABCC1,ACO1,ACO2,AKT1,ALCAM,ALDH18A1,ARRB1,ASNS,AURKA,B3GALT6,BAG1,BAX,BCAT1,BPNT2,CD151,CD36,CD55,CD82,CDC27,CDC37,CDC42,CDK1,CHD7,CHI3L1,CLEC11A,COL1A1,COL6A3,CPM,CTCF,DAB2,DIAPH1,EGR2,EHD1,EIF4E,EIF4G1,EZR,FABP4,FABP5,FDXR,FSCN1,GART,GCLC,GCLM,GDF15,GIGYF2,GLO1,GLS,GSR,GSS,HLA-A,HLA-B,HLA-C,HLA-E,HLA-F,HM13,HMOX1,HNRNPA1,HNRNPA2B1,HSP90AA1,HSP90B1,HSPH1,HYOU1,IDH3A,IFI16,IFI35,IFIT3,ITGB2,JUND,KIF2A,KYNU,LAP3,LDHA,LEMD3,MAP2K2,MAT2A,MCM2,MECP2,MIF,MKNK1,MTA1,MX2,MYD88,MYH11,NAMPT,NCF1,NDRG1,NMI,NOLC1,NPM1,NQO1,NUP188,NUP210,OAS2,OASL,PAICS,PCNA,PDCD4,PGK1,PKM,PLD1,PLG,POLDIP2,POLDIP3,POLR2D,POSTN,PPAT,PPIA,PREP,PRKAR1A,PSMB1,PSMB10,PSMB7,PSMB9,PSME2,PTPRE,PXN,PYCR1,QKI,RAB4B,RFC3,RFC5,RPA1,RPL11,RPL5,RSAD2,SAE1,SDHA,SHMT1,SIRT6,SLC2A1,SLC7A11,SMARCC1,SOD1,SPC25,SPRY2,SREBF2,SRSF1,STT3B,SUMO1,SUMO2,SUMO3,SUN1,SUN2,TAP2,TAPBP,TDO2,THBS1,TK1,TMED9,TOP1,TOP2A,TPM1,TRIM21,UBA2,UBE2I,UBE2L6,UQCRQ,WIPF1,WRN,XPO1,YBX1",162 (21),18,47hr_PROT_causal,True,
240,CUL4B,-0.049,other,"CUL4B,MYC",2,Activated,2.94,7.71e-10,0.0001,"ABCC1,AKT1,ALCAM,ALDH18A1,BAG1,BAX,BCAT1,CD151,COL1A1,EIF4E,EIF4G1,EZH2,GIGYF2,GLO1,GLS,HSP90AA1,HSPA9,HSPB1,HSPH1,IFI35,IFIT3,LDHA,MAT2A,MX2,MYD88,NME1,NOLC1,NPM1,OASL,PDCD4,PLAU,PLAUR,POLDIP3,POLR2D,PRDX3,PREP,PYCR1,RPL11,RPL5,RSAD2,SAE1,SLC2A1,SOD1,SRSF1,STAT1,STAT3,SUMO1,SUMO2,SUMO3,TPI1,TPM3,UBA2,UBE2I,UQCRQ,WRN,XPO1",56 (2),2,47hr_PROT_causal,True,
256,IL13RA2, ,transmembrane receptor,"Akt,Ap1,CEBPA,CTNNB1,ELK1,ERK1/2,Focal adhesion kinase,FOSL1,GSK3B,IL13RA2,Mapk,MED1,MMP2,MTOR,RELA,RHOA,RPS6KB1,SP1,STAT1,STAT3,STAT6,TP63",3,Inhibited,-2.102,1.98e-09,0.0434,"A2M,ABCB1,ACLY,AKR1B1,AKT1,ALB,APOC3,ARHGDIB,ARRB1,ATG7,ATG9A,ATP6AP2,AURKA,C3,C4A/C4B,CA2,CASP1,CASP4,CAST,CBS/CBSL,CCL4,CD14,CD47,CD82,CDC42,CDK6,CHI3L1,CLEC11A,CLTC,COL1A1,COL3A1,CPT2,CSTA,CTCF,DAP3,DDX60,DHCR24,DIAPH1,DNMT1,DTYMK,EDF1,EEF1A2,EGLN1,EHD1,ENG,ERAP1,ERMP1,EZH2,EZR,FABP4,FADS2,FKBP5,FN1,FOSL1,FSCN1,FUBP1,GAPDH,GBP1,GBP2,GGH,GSR,GSS,H1-10,HDAC1,HDAC2,HINT1,HLA-A,HLA-B,HLA-E,HMOX1,HSD17B12,HSPH1,IFI16,IFI35,IFIT3,IGFBP2,IGFBP7,IGLL1/IGLL5,IL1B,IL1RAP,IL1RN,IRF2,IRF2BP2,IRF8,ITGB2,ITGB5,JUNB,JUND,KHSRP,KIF2A,KRT10,LBR,LDHA,LTF,MAP2K2,MAT2A,MKNK1,MMP2,MMP9,NAMPT,NDRG1,NPM1,NRP1,NT5E,OAS2,PDHA1,PEA15,PGK1,PHB,PKM,PLAU,PLD1,PLG,PNPT1,POSTN,PPP2R1A,PPP3CA,PPP3CB,PRPF4,PSMB10,PSMB9,PTPN12,PTPRE,PXN,QKI,RAB4B,RAD23A,RPA1,S100A8,S100A9,SDHB,SEPTIN6,SERPINB1,SERPINF1,SH3GLB1,SH3KBP1,SLAMF8,SLC2A1,SLC7A11,SLC9A3R1,SMAP2,SOD1,SREBF2,SRSF1,STAT1,STAT3,STK4,TANK,TAP2,TAPBP,TMED10,TMSB10/TMSB4X,TPM1,TRIM21,TUBB2A,UBE2I,UGDH,UQCRC2,VCL,VDAC1,VIM,WARS1,WAS,WIPF1,ZFP91",165 (22),22,47hr_PROT_causal,True,
262,NFE2L2, ,transcription regulator,NFE2L2,1,Inhibited,-3.128,2.41e-09,0.0001,"CS,G6PD,GCLC,GCLM,GLS,GOT1,HMOX1,IDH1,IL1RN,ME1,NQO1,PGD,PHGDH,PRDX1,PSAT1,PSMA5,PSMD4,SHC1,SLC7A11,SOD1,TALDO1,TFAM,TKT",23 (1),1,47hr_PROT_causal,True,True
264,Rac, ,group,"Akt,ERK1/2,MYC,Rac",2,Inhibited,-3.13,2.5e-09,0.0002,"ABCC1,AKT1,ALCAM,ALDH18A1,ARRB1,BAG1,BAX,BCAT1,C3,CCL4,CD151,CLEC11A,COL1A1,EIF4E,EIF4G1,EZH2,EZR,FKBP5,FN1,FOSL1,GIGYF2,GLS,GSR,GSS,HLA-A,HSP90AA1,HSPB1,HSPH1,IFI35,IFIT3,IL1B,JUNB,JUND,KIF2A,LDHA,MAP2K2,MAT2A,MKNK1,MMP2,MMP9,MX2,MYD88,NOLC1,NPM1,OASL,PDCD4,PEA15,PKM,PLAU,PLAUR,PLG,POLDIP3,POLR2D,PREP,PSMB10,PSMB9,PTPRE,PYCR1,RAB4B,RPL11,RPL5,RSAD2,SAE1,SDHB,SLC2A1,SRSF1,STAT1,STAT3,SUMO1,SUMO2,SUMO3,TAP2,TAPBP,TMED10,UBA2,UBE2I,UQCRC2,UQCRQ,WRN,XPO1",80 (4),3,47hr_PROT_causal,True,
265,CPNE3,0.637,kinase,"ADRB2,Akt,AKT1,ATF2,CASP8,CDH1,CHUK,CLTC,CPNE3,DYRK1B,EGFR,ERK,ERK1/2,Focal adhesion kinase,FOS,IKBKB,IQGAP1,Jnk,KIT,Mapk,MAPK1,MAPK8,MAPK9,NFAT5,NFkB (complex),P38 MAPK,PLSCR1,PRKAA,RAC1,RAPGEF1,RB1,RELA,RHOA,RHOC,ROCK,SRC,SRC (family),STAT3,STAT5a/b,YAP/TAZ,YAP1",3,Inhibited,-2.055,2.59e-09,0.0306,"ABCB1,ACLY,ACO1,ACTB,APOC3,ARHGDIB,ARRB1,ASNS,ATG7,ATP1A1,ATP2A2,ATP6AP2,AURKA,C3,CASP4,CASP8,CCL4,CD36,CD55,CD74,CD82,CDC42,CDK6,CDKN2C,CELF2,CHI3L1,CLEC11A,COL1A1,CP,CSE1L,DIAPH1,DNMT1,DTYMK,EGLN1,EGR2,EIF4E,EZH2,EZR,FABP4,FABP5,FDXR,FKBP5,FOSL1,FSCN1,GAPDH,GBP1,GCLC,GCLM,GDF15,GLS,GLUL,GOT1,GSPT1,GSR,GSS,HDAC1,HDAC2,HLA-A,HLA-B,HLA-C,HLA-E,HLA-F,HMGN2,HNRNPA1,HNRNPA2B1,HSP90B1,HYOU1,IDI1,IFI35,IFIT3,IL1B,IRF2BP2,ITGB2,ITPR1,KIF2A,KRT10,KYNU,LAP3,LCP2,LDHA,LPL,LSM3,MAP2K2,MAT2A,MECP2,METAP2,MIF,MKNK1,MMP2,MTA1,MX2,MYH11,NAMPT,NDRG1,NMI,NPM1,NQO1,NT5E,NUDT1,NUP188,OAS2,OASL,PCNA,PDHA1,PEA15,PFKP,PGK1,PHB,PKM,PLAU,PLD1,POSTN,PPIA,PRKAR1A,PSAT1,PSMB1,PSMB10,PSMB7,PSME2,PTPRE,PXN,QKI,RAB4B,RBL2,RPS7,SCD,SDHB,SH3KBP1,SLC2A1,SLC7A11,SMAP2,SMARCC1,SNRNP200,SOD1,SPRY2,SRSF1,SRSF2,STAT3,STIP1,STK4,SUN2,SYNE3,TAP2,TAPBP,TBC1D2,TDO2,TGFB1,THBS1,TK1,TMED10,TMSB10/TMSB4X,TRIM21,UBE2I,UBE2L6,UGP2,UQCRC2,WAS,WDR3,YBX1,ZFP91",160 (41),40,47hr_PROT_causal,True,
270,Lh, ,complex,"ITGB1,Lh,MAPK1,MAPK3,MMP2,MMP9",2,Activated,2.109,2.8000000000000003e-09,0.0002,"ABCC1,ACO1,ACTN1,ARL6IP5,ARPC4,AURKA,CAPZA1,COL1A1,CTNND1,DHCR7,EHD1,ERAP1,EZR,FDXR,FKBP5,FN1,GBP1,GLS,HLA-B,HLA-C,HLA-E,HSD11B1,IFI16,IFI35,IFIT3,IL1RN,ILK,ITGB5,JUNB,LAP3,MAPRE2,MECP2,MMP2,MMP9,MSMO1,MX2,NMI,NT5E,NUP188,OAS2,OASL,PLAUR,PLD1,PPP2R1A,PRKACA,PSMB9,PSME2,PTGS1,QKI,SIRT6,SMARCC1,SPRY2,STAT1,STIP1,SUN2,TGFB1,THBS1,TLN1,TPM1,TRIM21,UBE2I,UBE2L6,VCL,VIM,WIPF1",65 (6),6,47hr_PROT_causal,True,True
272,IL6R, ,transmembrane receptor,"Akt,Ap1,CEBPA,CTNNB1,ELK1,ERK1/2,Focal adhesion kinase,FOSL1,GSK3B,IL6R,Mapk,MED1,MMP2,MTOR,RELA,RHOA,RPS6KB1,SP1,STAT1,STAT3,TP63",3,Inhibited,-2.102,3.1e-09,0.0467,"A2M,ABCB1,ABCC1,ACLY,AKR1B1,AKT1,ALB,APOC3,ARHGDIB,ARRB1,ATG7,ATG9A,ATP6AP2,AURKA,C3,C4A/C4B,CA2,CASP1,CASP4,CAST,CBS/CBSL,CCL4,CD14,CD47,CD82,CDC42,CDK6,CHI3L1,CLEC11A,CLTC,COL1A1,COL3A1,CPT2,CSTA,CTCF,DAP3,DDX60,DHCR24,DIAPH1,DNMT1,DTYMK,EDF1,EEF1A2,EGLN1,EHD1,ENG,ERAP1,ERMP1,EZH2,EZR,FADS2,FKBP5,FN1,FOSL1,FSCN1,FUBP1,GAPDH,GBP1,GBP2,GGH,GSR,GSS,H1-10,HDAC1,HDAC2,HINT1,HLA-A,HLA-B,HLA-E,HMOX1,HSD17B12,HSPH1,IFI16,IFI35,IFIT3,IGFBP2,IGFBP7,IGLL1/IGLL5,IL1B,IL1RAP,IL1RN,IRF2,IRF2BP2,IRF8,ITGB2,ITGB5,JUNB,JUND,KHSRP,KIF2A,KRT10,LBR,LDHA,LTF,MAP2K2,MAT2A,MKNK1,MMP2,NAMPT,NDRG1,NPM1,NRP1,NT5E,OAS2,PDHA1,PEA15,PGK1,PHB,PKM,PLAU,PLD1,PLG,PNPT1,POSTN,PPP2R1A,PPP3CA,PPP3CB,PRPF4,PSMB10,PSMB9,PTPN12,PTPRE,PXN,QKI,RAB4B,RAD23A,RPA1,S100A8,S100A9,SDHB,SEPTIN6,SERPINB1,SERPINF1,SH3GLB1,SH3KBP1,SLAMF8,SLC2A1,SLC7A11,SLC9A3R1,SMAP2,SOD1,SREBF2,SRSF1,STAT1,STAT3,STK4,TANK,TAP2,TAPBP,TGFB1,TMED10,TMSB10/TMSB4X,TPM1,TRIM21,TUBB2A,UBE2I,UGDH,UQCRC2,VCL,VDAC1,VIM,WARS1,WAS,WIPF1,ZFP91",165 (21),21,47hr_PROT_causal,True,
275,ROCK, ,group,"Creb,ERK1/2,EZR,MYC,ROCK,Tgf beta",2,Inhibited,-3.2119999999999997,3.3600000000000004e-09,0.0002,"ABCC1,AKT1,ALCAM,ALDH18A1,ARRB1,BAG1,BAX,BCAT1,C3,CCL4,CD151,CLEC11A,COL1A1,COL1A2,COL3A1,EIF4E,EIF4G1,EZH2,EZR,FKBP5,FN1,FSCN1,GIGYF2,GLS,HLA-A,HSP90AA1,HSPB1,HSPH1,IFI35,IFIT3,IL1B,JUNB,JUND,KIF2A,LDHA,MAP2K2,MAT2A,MKNK1,MMP2,MMP9,MX2,MYD88,NOLC1,NPM1,OASL,PDCD4,PKM,PLAU,PLAUR,POLDIP3,POLR2D,PREP,PSMB10,PSMB9,PTPRE,PYCR1,RAB4B,RPL11,RPL5,RSAD2,SAE1,SLC2A1,SRSF1,STAT1,STAT3,SUMO1,SUMO2,SUMO3,TAP2,TAPBP,THBS1,UBA2,UBE2I,UQCRQ,WRN,XPO1",76 (6),6,47hr_PROT_causal,True,
294,TXNIP, ,other,TXNIP,1,Activated,2.714,5.27e-09,0.0001,"ALDOA,CS,ENO1,G6PD,GAPDH,IDH1,LDHA,MDH2,PDP1,PGK1,TPI1",11 (1),1,47hr_PROT_causal,True,True
295,SGPL1,0.496,enzyme,"Akt,DUSP1,EGFR,ERK1/2,GSK3B,IKBKE,IRF3,LIN28A,MAP2K1/2,MAPK1,MAPK14,MAPK3,NFkB (complex),P38 MAPK,RARA,RELA,SGPL1,STAT1",3,Inhibited,-2.613,5.489999999999999e-09,0.0474,"ABCB1,ACLY,ACO1,AKT1,ALDOC,ALOX5,ANO10,ARHGAP1,ARHGDIB,ARPC5L,ARRB1,ATP6AP2,AURKA,BAX,C3,C4A/C4B,CCL4,CD14,CD36,CD55,CDK1,CHI3L1,CLEC11A,CP,DAB2,DDX60,DLST,DNAJC21,DNMT1,EFEMP1,EGLN1,EGR2,EHD1,ELAVL1,ENO3,ENY2,ERAP1,EZH2,EZR,FABP4,FABP5,FDXR,FKBP5,FN1,FOSL1,FUS,GBP2,GDF15,GLS,GSR,GSS,HLA-A,HLA-B,HLA-C,HLA-F,HNRNPA1,HNRNPA2B1,HNRNPD,HNRNPF,HSP90B1,HSPB1,IDH3A,IFI16,IL1B,INIP,IRF2,IRF2BP2,IRF5,JUNB,JUND,KIF2A,KYNU,LAP3,LDHA,LGALS1,LUM,MAP2K2,MAT2A,MECP2,METTL7A,MIF,MKNK1,MMP2,MTA1,MX2,MYH11,NAMPT,NMI,NRP1,NT5E,NUP188,OAS2,OASL,PDHA1,PEA15,PGK1,PGLS,PGM1,PGM2,PHGDH,PKM,PLAU,PLD1,PLG,POSTN,PPIA,PRKAR1A,PSAT1,PSMB1,PSMB10,PSMB7,PSMB9,PSME2,PTPRE,PXN,PYGL,QKI,RAB4B,RPE,RSAD2,SAMD9,SDHB,SFPQ,SH3GLB1,SH3KBP1,SIRT6,SLAMF8,SLC16A3,SLC2A1,SMAP2,SMARCC1,SPRY2,SRSF1,STAT1,STK4,SUN2,TAP2,TAPBP,TARDBP,TDO2,TGFB1,TMED10,TMSB10/TMSB4X,TPI1,UBE2I,UBE2L6,UQCRC2,WARS1,WIPF1,ZFP91",150 (18),18,47hr_PROT_causal,True,
301,TLR4, ,transmembrane receptor,"AKT1,AR,ERK,ERK1/2,GSK3B,HIF1A,IKBKB,Jnk,JUN,Mapk,MTORC1,NFkB (complex),NFKB1,P38 MAPK,PRKCD,PRKCZ,RELA,STAT1,TLR4",2,Inhibited,-2.008,8.34e-09,0.0479,"ABCB1,ACTR3,ADAM10,AKT1,ALDOA,APOC3,APOE,ARHGDIB,ARRB1,ATG7,ATP6AP2,AURKA,BAX,BUB1B,C3,C4A/C4B,CARS1,CASP4,CAST,CCL4,CD14,CD36,CD55,CELF2,CHI3L1,CKAP4,CLEC11A,COL1A1,COL1A2,DDX60,DEGS1,DHCR24,DHCR7,DIAPH1,DNM1L,DNMT1,DR1,EGLN1,EGR2,EIF4E,EIF4G1,ERAP1,ERO1A,EZR,FABP4,FABP5,FDXR,FEN1,FHL1,FKBP4,FOSL1,FSCN1,GAPDH,GBP1,GBP2,GCLC,GCLM,GDF15,GDI1,GOT1,GSR,GSS,H2BC12,HLA-A,HLA-E,HLA-F,HSPB1,IDH2,IFI16,IFI35,IFIT3,IL1B,IL1RN,IRAK4,IRF2,IRF2BP2,IRF5,ITGB2,ITGB5,JMJD6,JUND,KHSRP,KIF2A,KYNU,LDHA,LIMS1,LMAN1,LTC4S,MAP2K2,MAT2A,MCM2,MIF,MKNK1,MMP2,MMP9,MRPS11,MSMO1,MTA1,MYH11,NAE1,NAMPT,NAP1L1,NDRG1,NPM1,NQO1,NT5E,NUCKS1,NUDCD2,P4HA1,PDCD4,PDIA5,PDLIM7,PELP1,PHGDH,PKM,PLAU,PLAUR,PLD1,PLG,POSTN,PPP1R3D,PSAT1,PSMB10,PTPRE,PXN,QKI,RAB4B,RASA1,SEC61B,SH3GLB1,SH3KBP1,SIRT6,SLAMF8,SLC2A1,SLC7A11,SMAP2,SOD1,SRSF2,STAT3,STK4,SUZ12,SYK,TAP2,TAPBP,TDO2,TFAM,TFRC,TGFB1,THBS1,TIMP2,TMSB10/TMSB4X,TRIM21,WARS1,WIPF1,ZFP91",155 (19),19,47hr_PROT_causal,True,
309,PIM1, ,kinase,"ERK1/2,MDM2,MYC,PIM1,PRKAA",2,Inhibited,-3.533,2.23e-08,0.0003,"ABCC1,AKT1,ALCAM,ALDH18A1,ARRB1,BAG1,BCAT1,C3,CCL4,CD151,CLEC11A,COL1A1,COL3A1,DNMT1,EIF4E,EIF4G1,EZH2,EZR,FN1,FOSL1,GIGYF2,GLS,HLA-A,HSP90AA1,HSPB1,HSPH1,HYOU1,IFI35,IFIT3,IL1B,IL1RN,JUNB,JUND,KIF2A,LDHA,LYZ,MAP2K2,MAT2A,MKNK1,MMP2,MX2,MYD88,NOLC1,NPM1,OASL,PDCD4,PKM,PLAU,PLAUR,POLDIP3,POLR2D,PREP,PSMB10,PSMB9,PTPRE,PYCR1,RAB4B,RPL11,RPL5,RSAD2,SAE1,SLC2A1,SRSF1,STAT1,STAT3,SUMO1,SUMO2,SUMO3,TAP2,TAPBP,UBA2,UBE2I,UQCRQ,VIM,WRN,XPO1,YBX1",77 (5),5,47hr_PROT_causal,True,
310,ERG, ,transcription regulator,"ERG,MYC",2,Inhibited,-3.0,2.48e-08,0.0003,"ABCC1,ADD1,AKT1,ALCAM,ALDH18A1,ARHGAP17,BAG1,BAX,BCAT1,CD151,COL1A1,DSTN,EIF4E,EIF4G1,EPB41L3,EZH2,FLNB,GIGYF2,GLS,GMFB,HSP90AA1,HSPB1,HSPH1,IFI35,IFIT3,ILK,LDHA,MAT2A,MX2,MYD88,NOLC1,NPM1,OASL,PDCD4,PHACTR2,PLAU,PLAUR,POLDIP3,POLR2D,PREP,PXN,PYCR1,RAB2A,RAB7A,ROCK2,RPL11,RPL5,RSAD2,RSU1,SAE1,SLC2A1,SRSF1,STAT1,STAT3,SUMO1,SUMO2,SUMO3,UBA2,UBE2I,UQCRQ,VIM,WIPF1,WRN,XPO1",64 (2),2,47hr_PROT_causal,True,
316,mir-185, ,microRNA,"HMGCR,LATS1,mir-185,MYC,YAP1",3,Activated,2.394,5.16e-08,0.0006,"ABCC1,AKT1,ALCAM,ALDH18A1,BAG1,BAX,BCAT1,CASP8,CD14,CD151,CDK6,COL1A1,DTYMK,EHD1,EIF4E,EIF4G1,EZH2,FDFT1,GIGYF2,GLS,HSP90AA1,HSPB1,HSPH1,IFI35,IFIT3,IL1B,LDHA,LTF,MAT2A,MX2,MYD88,NOLC1,NPM1,OASL,PDCD4,PLAU,PLAUR,POLDIP3,POLR2D,PREP,PYCR1,RPL11,RPL5,RSAD2,SAE1,SLC2A1,SREBF2,SRSF1,STAT1,STAT3,SUMO1,SUMO2,SUMO3,SYNE3,TBC1D2,THBS1,TK1,UBA2,UBE2I,UGP2,UQCRQ,WRN,XPO1",63 (5),4,47hr_PROT_causal,True,
318,PRKCA,0.419,kinase,"ADRB2,Akt,CREB1,DDX58,EGFR,ELAVL1,ERK1/2,HDAC6,NFkB (complex),P38 MAPK,PGR,PRKCA,RB1,RELA,RHOA,SRC",2,Inhibited,-2.5780000000000003,5.54e-08,0.0391,"ABCB1,ACTB,AKT1,ARHGDIB,ARRB1,ATP1A1,ATP6AP2,AURKA,C3,CAPN2,CCL4,CD36,CD55,CD82,CDK1,CHI3L1,CKAP4,CLEC11A,COL1A1,CPT2,DDX60,DNMT1,DPYSL2,DYNLL1,EGLN1,EGR2,EIF1AX,ERAP1,EZH2,EZR,FABP4,FABP5,FDXR,FOSL1,GDF15,GLUL,GOT1,GSR,GSS,GSTM3,HLA-A,HLA-F,HNRNPA1,HNRNPA2B1,HSP90B1,IFI16,IFI35,IFIT3,IL1B,IRF2BP2,JUND,KIF2A,KRT10,KYNU,MAP2K2,MAT2A,MATK,MIF,MKNK1,MMP2,MMP9,MTA1,MX2,MYD88,MYH11,NAMPT,NCL,NDRG1,OAS2,OASL,PCNA,PDHA1,PDLIM1,PEA15,PFKP,PKM,PLAU,PLD1,PLG,POSTN,PPIA,PPP1R12A,PRKAR1A,PSEN1,PSMB1,PSMB10,PSMB7,PTPRE,PXN,QKI,RAB4B,RBL2,RSAD2,S100A8,SDHB,SERPINB8,SH3KBP1,SLC2A1,SLC7A11,SMAP2,SQSTM1,SRSF1,SRSF2,STAT1,STK4,TAP2,TAPBP,TDO2,TGFBI,TMED10,TMSB10/TMSB4X,TOP2A,UQCRC2,USP8,VASP,VCL,VIM,ZFP91",118 (16),16,47hr_PROT_causal,True,
320,DDX5,-0.214,enzyme,"DDX5,let-7",2,Activated,2.469,5.67e-08,0.0001,"ALDH1B1,ATP5F1C,ATP5MG,ATP5PB,BCAP29,BCAT1,COX6C,COX7A2,EDEM3,EIF4A1,EIF4G2,ERO1A,FH,FN1,FOSL1,IDH3A,LSM6,MCM2,MDH1,MGAT1,MYD88,NAP1L1,NDUFA12,NDUFA6,NDUFS5,NOLC1,NRAS,PA2G4,PABPC4,PAICS,PKM,PLAUR,S100A4,SDHB,SLC1A4,SLC25A13,SNRPC,TGFB1,TRAP1,UQCR10,UQCRQ,VIM",42 (2),2,47hr_PROT_causal,True,True
322,AMFR, ,transmembrane receptor,"AMFR,HMGCR,LATS1,MYC,YAP1",3,Activated,2.54,6.3e-08,0.0005,"ABCC1,AKT1,ALCAM,ALDH18A1,BAG1,BAX,BCAT1,CASP8,CD14,CD151,CD82,CDK6,COL1A1,DTYMK,EHD1,EIF4E,EIF4G1,EZH2,GIGYF2,GLS,HSP90AA1,HSPB1,HSPH1,IFI35,IFIT3,IL1B,LDHA,LTF,MAT2A,MX2,MYD88,NOLC1,NPM1,OASL,PDCD4,PLAU,PLAUR,POLDIP3,POLR2D,PREP,PYCR1,RPL11,RPL5,RSAD2,SAE1,SLC2A1,SRSF1,STAT1,STAT3,SUMO1,SUMO2,SUMO3,SYNE3,TBC1D2,THBS1,TK1,UBA2,UBE2I,UGP2,UQCRQ,WRN,XPO1",62 (5),4,47hr_PROT_causal,True,
324,MYC, ,transcription regulator,MYC,1,Inhibited,-2.714,6.65e-08,0.0005,"ABCC1,AKT1,ALCAM,ALDH18A1,BAG1,BAX,BCAT1,CD151,COL1A1,EIF4E,EIF4G1,EZH2,GIGYF2,GLS,HSP90AA1,HSPB1,HSPH1,IFI35,IFIT3,LDHA,MAT2A,MX2,MYD88,NOLC1,NPM1,OASL,PDCD4,PLAU,PLAUR,POLDIP3,POLR2D,PREP,PYCR1,RPL11,RPL5,RSAD2,SAE1,SLC2A1,SRSF1,STAT1,STAT3,SUMO1,SUMO2,SUMO3,UBA2,UBE2I,UQCRQ,WRN,XPO1",49 (1),1,47hr_PROT_causal,True,True
328,NOXA1, ,other,"AKT1,AMPK,Ap1,ATF2,CASP8,CHUK,EGFR,ERK1/2,FOXO1,Gsk3,IKBKB,IRF3,MAP3K7,MAPK14,MAPK9,NFAT (complex),NFkB (complex),NFKB1,NOX3,NOXA1,PTEN,RAC1,RELA,RHOA,SREBF1,TAB1",3,Inhibited,-2.753,1.2e-07,0.0426,"ABCB1,ACO2,AIF1,AKT1,ALDOA,APOBEC3F,ARHGDIB,ARRB1,ASNS,ATP6AP2,C3,CASP4,CD14,CDK1,CFI,CHI3L1,CLEC11A,CSE1L,CSRP1,CYP51A1,DAB2,DIAPH1,DNMT1,EFEMP1,EGLN1,EIF4E,ELAVL1,ERAP1,EZR,FABP5,FDPS,FKBP5,FSCN1,GAPDH,GBP1,GBP2,GCLC,GCLM,GSPT1,HDAC1,HDAC2,HLA-A,HLA-F,HMGN2,HNRNPA1,HNRNPA2B1,HSP90B1,HYOU1,IDH1,IDH3A,IFIT3,IRF2BP2,IRF5,ITGB5,KHSRP,KIF2A,KYNU,LEMD3,LPL,LSM3,MAP2K2,MAT2A,METAP2,MKNK1,MTA1,NAMPT,NCF1,NDUFS2,NQO1,OAS2,OASL,PCNA,PDHA1,PKM,PLAU,PLD1,POSTN,PPCS,PPIA,PPM1F,PREX1,PRKAR1A,PSMB1,PSMB10,PSMB7,PTPRE,PXN,QKI,RAB4B,RAD50,RSAD2,S100A4,SDHA,SDHB,SH3KBP1,SIRT6,SLC7A11,SMAP2,SPC25,SPRY2,SREBF2,SRSF1,STK4,TAP2,TAPBP,TDO2,THBS1,TK1,TMSB10/TMSB4X,UQCRC2,ZFP91",111 (26),24,47hr_PROT_causal,True,
330,PTGER2, ,G-protein coupled receptor,"AKT1,EGFR,ERK1/2,GSK3A,PTGER2,RELA",2,Inhibited,-2.7689999999999997,2.0199999999999998e-07,0.0024,"AKT1,ARHGDIB,ARRB1,ATP6AP2,BAX,C3,CCL4,CHI3L1,CLEC11A,COL3A1,CTCF,DIAPH1,DNMT1,EGLN1,ERAP1,EZR,FKBP5,FN1,GBP1,GCLC,GCLM,GSR,GSS,HLA-A,HMOX1,HNRNPA1,HNRNPA2B1,HSP90B1,IL1B,IRF2BP2,JUNB,JUND,KIF2A,MAP2K2,MAT2A,MKNK1,MMP2,MMP9,NAMPT,NQO1,PKM,PLAU,PLD1,PLG,POSTN,PPIA,PRKAR1A,PSMB1,PSMB10,PSMB7,PSMB9,PTPRE,PXN,QKI,RAB4B,SDHB,SH3KBP1,SIRT6,SLC7A11,SMAP2,SRSF1,STK4,TAP2,TAPBP,TGFB1,TMSB10/TMSB4X,UQCRC2,VIM,ZFP91",69 (6),6,47hr_PROT_causal,True,
333,ARRB1,-1.711,transcription regulator,"ADCY,AKT1,ARRB1,EGFR,ERK,ERK1/2,IGF1R,Jnk,MAPK1,MAPK14,NR3C1,Pka,RELA",2,Inhibited,-2.245,2.74e-07,0.036,"ACO1,AKT1,ARHGDIB,ATG7,ATP6AP2,AURKA,BAX,C3,CBR1,CCL4,CDC42,CELF2,CHI3L1,CLEC11A,COL3A1,CTCF,DAB2,DIAPH1,DNMT1,EFEMP1,EGLN1,EHD1,ELAVL1,EZR,FN1,FOSL1,GCLC,GCLM,GDF15,GLS,GSR,GSS,HLA-A,HLA-B,HLA-C,HLA-E,HMOX1,HNRNPA1,HNRNPA2B1,HSP90B1,IFI16,IFI35,IFIT3,IGFBP2,IL1B,IRF2BP2,ITGB2,JUNB,JUND,KIF2A,LAP3,MAP2K2,MAT2A,MECP2,MKNK1,MMP2,MMP9,MX2,NAMPT,NDRG1,NMI,NQO1,NT5E,NUP188,OAS2,OASL,PLAU,PLD1,PLG,POSTN,PPIA,PRKAR1A,PSMB1,PSMB10,PSMB7,PSMB9,PSME2,PTPRE,PXN,QKI,RAB4B,SDHB,SERPINB9,SH3KBP1,SIRT6,SLC7A11,SMAP2,SMARCC1,SPRY2,SRSF1,STK4,STOM,SUN2,TAP2,TAPBP,TGFB1,THBS1,TMSB10/TMSB4X,TRIM21,UBE2I,UBE2L6,UQCRC2,VIM,WIPF1,ZFP91",105 (13),13,47hr_PROT_causal,True,
334,AREG, ,growth factor,"AREG,EGFR,ERK1/2,MAPK1,MAPK3",2,Inhibited,-2.065,2.8e-07,0.0059,"ACO1,AKT1,ARRB1,AURKA,C3,CCL4,CHI3L1,CLEC11A,COL3A1,EHD1,ERAP1,EZR,FKBP5,FN1,GBP1,GLS,H2BC12,HLA-A,HLA-B,HLA-C,HLA-E,HNRNPA1,HNRNPA2B1,HSP90B1,IFI16,IFI35,IFIT3,IL1B,JUNB,JUND,KIF2A,LAP3,MAP2K2,MECP2,MKNK1,MMP2,MX2,NMI,NT5E,NUP188,OAS2,OASL,PKM,PLAU,PLD1,POSTN,PPIA,PRKAR1A,PSMB1,PSMB10,PSMB7,PSMB9,PSME2,PTPRE,QKI,RAB4B,SAE1,SDHB,SIRT6,SLC7A11,SMARCC1,SPRY2,SRSF1,SSRP1,STAT1,SUN2,TAP2,TAPBP,TOP2A,TRIM21,TXNRD1,UBE2I,UBE2L6,UQCRC2,VIM,WIPF1",76 (5),5,47hr_PROT_causal,True,
336,SPP1, ,cytokine,SPP1,1,Activated,2.1319999999999997,3.44e-07,0.0002,"AURKA,BAX,CCL4,DHCR7,FN1,FOXRED1,MMP2,MMP9,NDUFA9,NDUFB9,NDUFS7,NDUFV1,PGD,PLAU,PLOD1,POR,SAMM50,SSB,TGFB1,UQCRC2,VAT1,VIM",22 (1),1,47hr_PROT_causal,True,True
343,CLDN7, ,other,"AKT1,CLDN7,RELA",2,Inhibited,-2.213,8.559999999999999e-07,0.0033,"ANXA3,APOE,ARHGDIB,ASAP1,ATP6AP2,C3,CKAP4,CTCF,DIAPH1,DNMT1,EGLN1,ERAP1,F5,FOSL1,GCLC,GCLM,GLS,GSR,GSS,HLA-B,HMOX1,IGFBP7,IL1B,IRF2BP2,JUND,LGALS3,LIMA1,LTA4H,MAT2A,MLEC,MMP2,MMP9,MRPL36,MRPL40,NAMPT,NCOA7,NQO1,NUDT21,PHGDH,PKM,PLD1,PLG,PSMG2,PXN,QKI,RPL29,RPS7,SERPINB1,SH3KBP1,SIRT6,SLC25A22,SMAP2,STK4,TGFB1,TIMP2,TMCO1,TMSB10/TMSB4X,UBE2L6,ZFP91",59 (3),3,47hr_PROT_causal,True,
344,LARP1,-0.508,translation regulator,LARP1,1,Activated,3.4,9.75e-07,0.0002,"EEF1A1,EEF1B2,EEF1D,EEF2,EIF4B,HNRNPA1,RPL11,RPL13,RPL15,RPL19,RPL26,RPL29,RPL35,RPL36,RPL37,RPL5,RPS12,RPS21,RPS27A,RPS28,RPS3,RPS7,RPS9,TPT1,VIM",25 (1),1,47hr_PROT_causal,True,True
346,FSH, ,complex,FSH,1,Activated,2.7110000000000003,1.09e-06,0.0008,"ACTN1,ACVR2A,ARL6IP5,ARPC4,CAPZA1,CTNND1,DHCR7,EZR,FDXR,FKBP5,HSD11B1,ILK,ITGB5,MAPRE2,MMP2,MMP9,MSMO1,PTGS1,STIP1,THBS1,TLN1,TPM1,VCL",23 (1),1,47hr_PROT_causal,True,True
347,Lh, ,complex,Lh,1,Activated,2.7110000000000003,1.09e-06,0.0005,"ACTN1,ARL6IP5,ARPC4,CAPZA1,CTNND1,DHCR7,EZR,FDXR,FKBP5,HSD11B1,ILK,ITGB5,MAPRE2,MMP2,MMP9,MSMO1,PRKACA,PTGS1,STIP1,THBS1,TLN1,TPM1,VCL",23 (1),1,47hr_PROT_causal,True,True
349,JAK1,0.064,kinase,"AKT1,ERK1/2,GSK3B,JAK1,MAPK1,RAF1,STAT1,STAT3,STAT5a/b",2,Inhibited,-2.085,1.14e-06,0.029,"ACO1,ARRB1,ATP6AP2,AURKA,BAX,C3,C4A/C4B,CASP4,CCL4,CD14,CD82,CDKN2C,CHI3L1,CLEC11A,COL1A1,COL3A1,DDX60,DIAPH1,DNMT1,EHD1,ERAP1,EZR,FKBP5,FSCN1,GBP1,GBP2,GCLC,GCLM,GLS,GSR,GSS,HLA-A,HLA-B,HLA-C,HLA-E,HLA-F,HMOX1,IDI1,IFI16,IFI35,IFIT3,IL1B,IRF2,JUNB,JUND,KIF2A,LAP3,LCP2,LDHA,MAP2K2,MECP2,MKNK1,MMP2,MX2,NAMPT,NDRG1,NMI,NPM1,NQO1,NT5E,NUP188,OAS2,OASL,PGK1,PHB,PKM,PLD1,PLG,PSMB10,PSME2,PTPRE,QKI,RAB4B,SH3GLB1,SIRT6,SLAMF8,SLC2A1,SMARCC1,SPRY2,STAT1,STIP1,SUN2,TAP2,TAPBP,TRIM21,UBE2I,UBE2L6,UGP2,WARS1,WAS,WDR3,WIPF1",92 (9),9,47hr_PROT_causal,True,
354,PSME3,-1.075,peptidase,PSME3,1,Inhibited,-2.121,2.01e-06,0.0001,"ALDOA,ENO1,GAPDH,LDHA,PGM1,PKM,SLC2A1,TPI1",8 (1),1,47hr_PROT_causal,True,True
363,ITGA6,0.290,transmembrane receptor,"Akt,BRCA1,ERK1/2,ITGA6,NFAT5,RELA,SRC",2,Inhibited,-2.5660000000000003,5.13e-06,0.0192,"ARHGDIB,ARRB1,ATP2A2,ATP6AP2,BAX,C3,CCL4,CLEC11A,CTCF,DNMT1,DUSP3,EGLN1,ELAVL1,ERAP1,EZH2,EZR,FKBP5,FN1,FOSL1,GBP1,GDF15,GSR,GSS,HLA-A,HNRNPD,IL1B,IRF2BP2,JUNB,JUND,KIF2A,MAP2K2,MAT2A,MKNK1,MMP2,MMP9,NAMPT,NQO1,NUDT1,PCBP2,PCNA,PEA15,PFKP,PIN1,PKM,PLAU,PLD1,PLG,PSMB10,PSMB9,PTPRE,PXN,QKI,RAB4B,RPS7,SDHB,SH3KBP1,SLC2A1,SMAP2,STK4,TAP2,TAPBP,TGFB1,TMED10,TMSB10/TMSB4X,UQCRC2,XRCC6,ZFP91",67 (7),6,47hr_PROT_causal,True,
370,S1PR2, ,G-protein coupled receptor,"Akt,EGFR,ERK1/2,RELA,S1PR2",2,Inhibited,-2.605,8.41e-06,0.0248,"AKT1,ARHGDIB,ARRB1,ATP6AP2,C3,CCL4,CHI3L1,CLEC11A,CTCF,DNMT1,EGLN1,ERAP1,EZH2,EZR,FKBP5,FN1,FOSL1,GBP1,GSR,GSS,HLA-A,HNRNPA1,HNRNPA2B1,HSP90B1,IL1B,IRF2BP2,JUNB,JUND,KIF2A,MAP2K2,MAT2A,MKNK1,MMP2,MMP9,NAMPT,PEA15,PKM,PLAU,PLD1,PLG,POSTN,PPIA,PRKAR1A,PSMB1,PSMB10,PSMB7,PSMB9,PTPRE,PXN,QKI,RAB4B,SDHB,SH3KBP1,SLC7A11,SMAP2,SRSF1,STK4,TAP2,TAPBP,TGFB1,TMED10,TMSB10/TMSB4X,UQCRC2,VIM,ZFP91",65 (5),4,47hr_PROT_causal,True,
373,ZNF366, ,transcription regulator,"PGR,RELA,ZNF366",2,Activated,3.159,1.01e-05,0.0102,"ARHGDIB,ATP6AP2,CAPN2,CDK1,CKAP4,CPT2,CTCF,DDX60,DNMT1,DPYSL2,DYNLL1,EGLN1,EIF1AX,ERAP1,EZR,FKBP5,FN1,GBP1,GLUL,GOT1,GSTM3,IFI16,IFI35,IFIT3,IL1B,IRF2BP2,MAT2A,MATK,MMP9,MX2,NAMPT,NDRG1,OAS2,OASL,PCNA,PDLIM1,PFKP,PKM,PLAU,PLD1,PXN,QKI,RSAD2,S100A8,SERPINB8,SH3KBP1,SMAP2,STK4,TGFB1,TMSB10/TMSB4X,VASP,VCL,ZFP91",53 (3),2,47hr_PROT_causal,True,
382,miR-122-5p (miRNAs w/seed GGAGUGU), ,mature microRNA,miR-122-5p (miRNAs w/seed GGAGUGU),1,Activated,2.1830000000000003,1.57e-05,0.0011,"AACS,ALDOA,CS,EEF1A1,FUBP1,FUNDC2,HMGB1,MECP2,NFATC2IP,PKM,PRDX2,PSME1,PSME3,SLC7A11,TPD52L2,UBAP2,VIM",17 (1),1,47hr_PROT_causal,True,True
389,DDX5,-0.214,enzyme,DDX5,1,Activated,2.668,2.7399999999999995e-05,0.0009,"ATP5F1C,ATP5MG,ATP5PB,COX6C,COX7A2,FH,FOSL1,IDH3A,MDH1,NDUFA12,NDUFA6,NDUFS5,S100A4,SDHB,TGFB1,UQCR10,UQCRQ",17 (1),1,47hr_PROT_causal,True,True
391,PGR, ,ligand-dependent nuclear receptor,PGR,1,Inhibited,-2.475,3.1e-05,0.0065,"CAPN2,CDK1,CKAP4,CPT2,DDX60,DPYSL2,DYNLL1,EIF1AX,EZR,FKBP5,FN1,GBP1,GLUL,GOT1,GSTM3,IFI16,IFI35,IFIT3,MATK,MX2,NDRG1,OAS2,OASL,PCNA,PDLIM1,PFKP,PLAU,RSAD2,S100A8,SERPINB8,VASP,VCL",32 (1),1,47hr_PROT_causal,True,True
394,AGK,1.224,kinase,"AGK,EGFR,ERK1/2",2,Inhibited,-2.53,3.5600000000000005e-05,0.011,"AKT1,ARRB1,C3,CCL4,CHI3L1,CLEC11A,COL3A1,EZR,FKBP5,FN1,GBP1,HLA-A,HNRNPA1,HNRNPA2B1,HSP90B1,IL1B,JUNB,JUND,KIF2A,MAP2K2,MKNK1,MMP2,PKM,PLAU,POSTN,PPIA,PRKAR1A,PSMB1,PSMB10,PSMB7,PSMB9,PTPRE,RAB4B,SDHB,SLC7A11,SRSF1,TAP2,TAPBP,UQCRC2,VIM",40 (3),2,47hr_PROT_causal,True,
395,SNX1,-1.372,transporter,"EGFR,ERK1/2,SNX1",2,Activated,2.53,4.02e-05,0.0119,"AKT1,ARRB1,C3,CCL4,CHI3L1,CLEC11A,COL3A1,EZR,FKBP5,FN1,GBP1,HLA-A,HNRNPA1,HNRNPA2B1,HSP90B1,IL1B,JUNB,JUND,KIF2A,MAP2K2,MKNK1,MMP2,PKM,PLAU,POSTN,PPIA,PRKAR1A,PSMB1,PSMB10,PSMB7,PSMB9,PTPRE,RAB4B,SDHB,SLC7A11,SRSF1,TAP2,TAPBP,UQCRC2,VIM",40 (3),2,47hr_PROT_causal,True,
396,ADAM9,0.722,peptidase,"ADAM9,EGFR,ERK1/2",2,Inhibited,-2.53,4.02e-05,0.0115,"AKT1,ARRB1,C3,CCL4,CHI3L1,CLEC11A,COL3A1,EZR,FKBP5,FN1,GBP1,HLA-A,HNRNPA1,HNRNPA2B1,HSP90B1,IL1B,JUNB,JUND,KIF2A,MAP2K2,MKNK1,MMP2,PKM,PLAU,POSTN,PPIA,PRKAR1A,PSMB1,PSMB10,PSMB7,PSMB9,PTPRE,RAB4B,SDHB,SLC7A11,SRSF1,TAP2,TAPBP,UQCRC2,VIM",40 (3),2,47hr_PROT_causal,True,
397,GALR2, ,G-protein coupled receptor,"Akt,AKT1,ATF2,EGFR,G protein alphai,GALR2,GNA11,GNA12,PIK3CA,RAC1,RHOA",3,Inhibited,-2.5340000000000003,4.1e-05,0.0208,"AKT1,ARPC5,ASNS,CD14,CHI3L1,DIAPH1,EZH2,EZR,GBP1,GCLC,GCLM,GDF15,GSPT1,GSR,GSS,HMOX1,HNRNPA1,HNRNPA2B1,HSP90B1,IQGAP1,MMP9,MYH11,NQO1,PAK2,PDHA1,PEA15,PLAU,POSTN,PPIA,PPP1CA,PPP1CC,PRKAR1A,PSMB1,PSMB7,PXN,RDX,SIRT6,SLC7A11,SRSF1,STAT3,TGFB1,TMED10,VAV3,VCL,VIM",45 (11),8,47hr_PROT_causal,True,
398,Gpcr, ,group,"EGFR,ERK1/2,Gpcr",2,Inhibited,-2.53,4.5299999999999997e-05,0.0127,"AKT1,ARRB1,C3,CCL4,CHI3L1,CLEC11A,COL3A1,EZR,FKBP5,FN1,GBP1,HLA-A,HNRNPA1,HNRNPA2B1,HSP90B1,IL1B,JUNB,JUND,KIF2A,MAP2K2,MKNK1,MMP2,PKM,PLAU,POSTN,PPIA,PRKAR1A,PSMB1,PSMB10,PSMB7,PSMB9,PTPRE,RAB4B,SDHB,SLC7A11,SRSF1,TAP2,TAPBP,UQCRC2,VIM",40 (3),2,47hr_PROT_causal,True,
399,GRP, ,growth factor,"EGFR,ERK1/2,GRP",2,Inhibited,-2.53,4.5299999999999997e-05,0.0131,"AKT1,ARRB1,C3,CCL4,CHI3L1,CLEC11A,COL3A1,EZR,FKBP5,FN1,GBP1,HLA-A,HNRNPA1,HNRNPA2B1,HSP90B1,IL1B,JUNB,JUND,KIF2A,MAP2K2,MKNK1,MMP2,PKM,PLAU,POSTN,PPIA,PRKAR1A,PSMB1,PSMB10,PSMB7,PSMB9,PTPRE,RAB4B,SDHB,SLC7A11,SRSF1,TAP2,TAPBP,UQCRC2,VIM",40 (3),2,47hr_PROT_causal,True,
400,HTATIP2,-0.041,transcription regulator,"EGFR,ERK1/2,HTATIP2",2,Activated,2.53,4.5299999999999997e-05,0.0125,"AKT1,ARRB1,C3,CCL4,CHI3L1,CLEC11A,COL3A1,EZR,FKBP5,FN1,GBP1,HLA-A,HNRNPA1,HNRNPA2B1,HSP90B1,IL1B,JUNB,JUND,KIF2A,MAP2K2,MKNK1,MMP2,PKM,PLAU,POSTN,PPIA,PRKAR1A,PSMB1,PSMB10,PSMB7,PSMB9,PTPRE,RAB4B,SDHB,SLC7A11,SRSF1,TAP2,TAPBP,UQCRC2,VIM",40 (3),3,47hr_PROT_causal,True,
401,F7, ,peptidase,"AKT1,ERK1/2,F2R,F7,GSK3B,MAPK14,MAPK8,RPS6KB1",2,Inhibited,-2.064,4.6399999999999996e-05,0.0186,"ARRB1,ATG7,BAX,C3,CCL4,CD82,CLEC11A,COL3A1,DAB2,DHCR24,DIAPH1,EFEMP1,ELAVL1,EZR,FKBP5,FN1,FOSL1,GCLC,GCLM,GSR,GSS,HLA-A,HMOX1,IL1B,JUNB,JUND,KIF2A,MAP2K2,MKNK1,MMP2,MMP9,NQO1,PAPOLA,PKM,PLAUR,PLG,PSMB10,PSMB9,PTPRE,RAB4B,S100A4,SH3GLB1,SIRT6,SREBF2,TAP2,TAPBP",46 (8),8,47hr_PROT_causal,True,
416,SLC2A3, ,transporter,SLC2A3,1,Inhibited,-2.6460000000000004,7.53e-05,0.0008,"ALDOA,GAPDH,LDHA,PGAM1,PHGDH,PKM,TPI1",7 (1),1,47hr_PROT_causal,True,True
423,CA9, ,enzyme,CA9,1,Inhibited,-2.714,0.000109,0.0014,"ALDOA,ATP5F1A,ATP5F1C,ATP5MG,ATP5PO,CYC1,ENO1,LDHA,PGK1,SLC1A4,UQCRC2",11 (1),1,47hr_PROT_causal,True,True
436,G protein alphai, ,group,"ADCY,EGFR,ERK1/2,G protein alphai",2,Inhibited,-2.4019999999999997,0.000192,0.0282,"AKT1,ARRB1,C3,CCL4,CHI3L1,CLEC11A,COL3A1,EZR,FKBP5,FN1,GBP1,HLA-A,HNRNPA1,HNRNPA2B1,HSP90B1,JUNB,JUND,KIF2A,MAP2K2,MKNK1,MMP2,PKM,PLAU,POSTN,PPIA,PRKAR1A,PSMB1,PSMB10,PSMB7,PSMB9,PTPRE,RAB4B,SDHB,SLC7A11,SRSF1,TAP2,TAPBP,UQCRC2,VIM",39 (4),3,47hr_PROT_causal,True,
445,PGF, ,growth factor,"AKT1,ERK1/2,OCLN,PGF",2,Inhibited,-2.0580000000000003,0.00031,0.0371,"ARRB1,C3,CASP1,CCL4,CDK1,CLEC11A,COL3A1,DIAPH1,EZR,FKBP5,FN1,GCLC,GCLM,GSR,GSS,HLA-A,HMOX1,IL1B,JUNB,JUND,KIF2A,MAP2K2,MKNK1,MMP9,NQO1,PKM,PLG,PSMB10,PSMB9,PTPRE,RAB4B,SIRT6,TAP2,TAPBP",34 (4),4,47hr_PROT_causal,True,
471,DSG2, ,other,"DSG2,ERK1/2,MAPK14,SMAD1/5",2,Inhibited,-2.556,0.000789,0.0487,"ARPC3,ARRB1,BAX,C3,CCL4,CLEC11A,COL3A1,DAB2,DIAPH1,EFEMP1,ELAVL1,EZR,FKBP5,FN1,HLA-A,IL1B,JUNB,JUND,KIF2A,MAP2K2,MKNK1,MMP2,PKM,PLAUR,PSMB10,PSMB9,PTPRE,RAB4B,TAP2,TAPBP",30 (4),4,47hr_PROT_causal,True,
496,IRF2,-0.911,transcription regulator,IRF2,1,Inhibited,-2.673,0.00305,0.0351,"ARCN1,CD14,CES1,CLIC1,FGA,IDH1,NAMPT,PTGR1,RRBP1,SRGN,SUPT16H,TPM1,TXNRD1,UBE2L6",14 (1),1,47hr_PROT_causal,True,True
502,GNA12, ,enzyme,GNA12,1,Inhibited,-2.309,0.00374,0.0417,"ARPC5,EZR,IQGAP1,MYH11,PAK2,PPP1CA,PPP1CC,PXN,RDX,VAV3,VCL,VIM",12 (1),1,47hr_PROT_causal,True,True
