yourlist:M20210831A084FC58F6BBA219896F365D15F2EB441669B00	Entry	Entry name	Protein names	Gene names	Gene ontology (biological process)	Gene ontology (molecular function)	Gene ontology (cellular component)
A0A024QZP7	A0A024QZP7	A0A024QZP7_HUMAN	Cell division cycle 2, G1 to S and G2 to M, isoform CRA_a (Cyclin-dependent kinase 1)	CDK1 CDC2 hCG_40242	animal organ regeneration [GO:0031100]; cell aging [GO:0007569]; cell division [GO:0051301]; cell population proliferation [GO:0008283]; cellular response to hydrogen peroxide [GO:0070301]; chromosome condensation [GO:0030261]; Golgi disassembly [GO:0090166]; mitotic cell cycle phase transition [GO:0044772]; mitotic G2 DNA damage checkpoint [GO:0007095]; negative regulation of gene expression [GO:0010629]; peptidyl-serine phosphorylation [GO:0018105]; positive regulation of cardiac muscle cell proliferation [GO:0060045]; positive regulation of DNA replication [GO:0045740]; positive regulation of gene expression [GO:0010628]; positive regulation of mitotic cell cycle [GO:0045931]; positive regulation of protein import into nucleus [GO:0042307]; protein-containing complex assembly [GO:0065003]; response to activity [GO:0014823]; response to amine [GO:0014075]; response to axon injury [GO:0048678]; response to cadmium ion [GO:0046686]; response to copper ion [GO:0046688]; response to drug [GO:0042493]; response to ethanol [GO:0045471]; response to organic cyclic compound [GO:0014070]; response to toxic substance [GO:0009636]; ventricular cardiac muscle cell development [GO:0055015]	ATP binding [GO:0005524]; chromatin binding [GO:0003682]; cyclin binding [GO:0030332]; cyclin-dependent protein serine/threonine kinase activity [GO:0004693]; histone kinase activity [GO:0035173]; Hsp70 protein binding [GO:0030544]	cytosol [GO:0005829]; mitochondrial matrix [GO:0005759]; nucleoplasm [GO:0005654]
A0A024R571	A0A024R571	A0A024R571_HUMAN	EH domain-containing protein 1 (EH-domain containing 1, isoform CRA_a)	EHD1 hCG_23386	cellular response to nerve growth factor stimulus [GO:1990090]; cholesterol homeostasis [GO:0042632]; cilium assembly [GO:0060271]; endocytic recycling [GO:0032456]; endocytosis [GO:0006897]; low-density lipoprotein particle clearance [GO:0034383]; neuron projection development [GO:0031175]; positive regulation of cholesterol storage [GO:0010886]; positive regulation of endocytic recycling [GO:2001137]; positive regulation of myoblast fusion [GO:1901741]; positive regulation of neuron projection development [GO:0010976]; protein transport [GO:0015031]	ATP binding [GO:0005524]; calcium ion binding [GO:0005509]; GTP binding [GO:0005525]	ciliary membrane [GO:0060170]; early endosome [GO:0005769]; endocytic vesicle [GO:0030139]; lipid droplet [GO:0005811]; perinuclear region of cytoplasm [GO:0048471]; plasma membrane [GO:0005886]; platelet dense tubular network membrane [GO:0031095]; recycling endosome membrane [GO:0055038]
A0A075B7F8	A8CG34	P121C_HUMAN	Nuclear envelope pore membrane protein POM 121C (Nuclear pore membrane protein 121-2) (POM121-2) (Pore membrane protein of 121 kDa C)	POM121C	intracellular transport of virus [GO:0075733]; mRNA export from nucleus [GO:0006406]; protein import into nucleus [GO:0006606]; protein sumoylation [GO:0016925]; regulation of cellular response to heat [GO:1900034]; regulation of gene silencing by miRNA [GO:0060964]; regulation of glycolytic process [GO:0006110]; RNA export from nucleus [GO:0006405]; tRNA export from nucleus [GO:0006409]; viral life cycle [GO:0019058]; viral process [GO:0016032]; viral transcription [GO:0019083]	nuclear localization sequence binding [GO:0008139]; structural constituent of nuclear pore [GO:0017056]	endoplasmic reticulum membrane [GO:0005789]; host cell [GO:0043657]; integral component of membrane [GO:0016021]; nuclear envelope [GO:0005635]; nuclear membrane [GO:0031965]; nuclear pore [GO:0005643]
A0A087WUT6	A0A087WUT6	A0A087WUT6_HUMAN	Eukaryotic translation initiation factor 5B (Translation initiation factor IF-2)	EIF5B		GTPase activity [GO:0003924]; GTP binding [GO:0005525]; translation initiation factor activity [GO:0003743]	
A0A087WXI0	Q7Z6P3	RAB44_HUMAN	Ras-related protein Rab-44	RAB44	neutrophil degranulation [GO:0043312]	calcium ion binding [GO:0005509]; GTPase activity [GO:0003924]; GTP binding [GO:0005525]	azurophil granule membrane [GO:0035577]; plasma membrane [GO:0005886]; specific granule membrane [GO:0035579]
A0A087WZV0	A0A087WZV0	A0A087WZV0_HUMAN	Inositol hexakisphosphate and diphosphoinositol-pentakisphosphate kinase (EC 2.7.4.21) (EC 2.7.4.24)	PPIP5K2		5-diphosphoinositol pentakisphosphate 3-kinase activity [GO:0102092]; ATP binding [GO:0005524]; diphosphoinositol-pentakisphosphate kinase activity [GO:0033857]; inositol-1,3,4,5,6-pentakisphosphate kinase activity [GO:0000827]; inositol heptakisphosphate kinase activity [GO:0000829]; inositol hexakisphosphate 1-kinase activity [GO:0052723]; inositol hexakisphosphate 3-kinase activity [GO:0052724]; inositol hexakisphosphate 5-kinase activity [GO:0000832]	cytosol [GO:0005829]
A0A087X0H9	A0A087X0H9	A0A087X0H9_HUMAN	RNA-binding protein 26	RBM26	mRNA processing [GO:0006397]	metal ion binding [GO:0046872]; RNA binding [GO:0003723]	
A0A087X188	A0A087X188	A0A087X188_HUMAN	Deleted.				
A0A087X256	A0A087X256	A0A087X256_HUMAN	WASH complex subunit 4	WASHC4	endosomal transport [GO:0016197]		endosome [GO:0005768]; nucleoplasm [GO:0005654]; WASH complex [GO:0071203]
A0A096LP25	A0A096LP25	A0A096LP25_HUMAN	AP2-associated protein kinase 1	AAK1			
A0A0A0MR66	P98175	RBM10_HUMAN	RNA-binding protein 10 (G patch domain-containing protein 9) (RNA-binding motif protein 10) (RNA-binding protein S1-1) (S1-1)	RBM10 DXS8237E GPATC9 GPATCH9 KIAA0122	3'-UTR-mediated mRNA stabilization [GO:0070935]; mRNA splicing, via spliceosome [GO:0000398]; negative regulation of cell population proliferation [GO:0008285]; negative regulation of mRNA splicing, via spliceosome [GO:0048025]; negative regulation of transcription by RNA polymerase II [GO:0000122]; positive regulation of smooth muscle cell apoptotic process [GO:0034393]; regulation of alternative mRNA splicing, via spliceosome [GO:0000381]	identical protein binding [GO:0042802]; metal ion binding [GO:0046872]; miRNA binding [GO:0035198]; RNA binding [GO:0003723]	nuclear speck [GO:0016607]; nucleus [GO:0005634]; protein-containing complex [GO:0032991]
A0A0A0MT22	P08575	PTPRC_HUMAN	Receptor-type tyrosine-protein phosphatase C (EC 3.1.3.48) (Leukocyte common antigen) (L-CA) (T200) (CD antigen CD45)	PTPRC CD45	activation of MAPK activity [GO:0000187]; B cell differentiation [GO:0030183]; B cell proliferation [GO:0042100]; B cell receptor signaling pathway [GO:0050853]; bone marrow development [GO:0048539]; calcium-mediated signaling using intracellular calcium source [GO:0035584]; cell cycle phase transition [GO:0044770]; cell surface receptor signaling pathway [GO:0007166]; cellular response to extracellular stimulus [GO:0031668]; defense response to virus [GO:0051607]; dephosphorylation [GO:0016311]; DN2 thymocyte differentiation [GO:1904155]; hematopoietic progenitor cell differentiation [GO:0002244]; heterotypic cell-cell adhesion [GO:0034113]; leukocyte cell-cell adhesion [GO:0007159]; natural killer cell differentiation [GO:0001779]; negative regulation of cell adhesion involved in substrate-bound cell migration [GO:0006933]; negative regulation of cytokine-mediated signaling pathway [GO:0001960]; negative regulation of ERK1 and ERK2 cascade [GO:0070373]; negative regulation of interleukin-2 production [GO:0032703]; negative regulation of microglial cell activation [GO:1903979]; negative regulation of protein autophosphorylation [GO:0031953]; negative regulation of protein kinase activity [GO:0006469]; negative regulation of protein tyrosine kinase activity [GO:0061099]; negative regulation of T cell mediated cytotoxicity [GO:0001915]; negative thymic T cell selection [GO:0045060]; neutrophil degranulation [GO:0043312]; plasma membrane raft distribution [GO:0044855]; positive regulation of alpha-beta T cell proliferation [GO:0046641]; positive regulation of antigen receptor-mediated signaling pathway [GO:0050857]; positive regulation of B cell proliferation [GO:0030890]; positive regulation of ERK1 and ERK2 cascade [GO:0070374]; positive regulation of extrinsic apoptotic signaling pathway [GO:2001238]; positive regulation of Fc-gamma receptor signaling pathway involved in phagocytosis [GO:1905451]; positive regulation of gamma-delta T cell differentiation [GO:0045588]; positive regulation of hematopoietic stem cell migration [GO:2000473]; positive regulation of humoral immune response mediated by circulating immunoglobulin [GO:0002925]; positive regulation of immunoglobulin production [GO:0002639]; positive regulation of interleukin-2 production [GO:0032743]; positive regulation of isotype switching to IgG isotypes [GO:0048304]; positive regulation of MAPK cascade [GO:0043410]; positive regulation of peptidyl-tyrosine phosphorylation [GO:0050731]; positive regulation of protein kinase activity [GO:0045860]; positive regulation of protein tyrosine phosphatase activity [GO:1903615]; positive regulation of stem cell proliferation [GO:2000648]; positive regulation of T cell mediated cytotoxicity [GO:0001916]; positive regulation of T cell proliferation [GO:0042102]; positive regulation of tumor necrosis factor production [GO:0032760]; positive thymic T cell selection [GO:0045059]; protein dephosphorylation [GO:0006470]; regulation of cell cycle [GO:0051726]; regulation of gene expression [GO:0010468]; regulation of interleukin-8 production [GO:0032677]; regulation of phagocytosis [GO:0050764]; regulation of protein tyrosine kinase activity [GO:0061097]; regulation of receptor signaling pathway via JAK-STAT [GO:0046425]; release of sequestered calcium ion into cytosol [GO:0051209]; response to gamma radiation [GO:0010332]; stem cell development [GO:0048864]; T cell activation [GO:0042110]; T cell differentiation [GO:0030217]; T cell proliferation [GO:0042098]; T cell receptor signaling pathway [GO:0050852]; viral process [GO:0016032]	ankyrin binding [GO:0030506]; heparan sulfate proteoglycan binding [GO:0043395]; heparin binding [GO:0008201]; protein kinase binding [GO:0019901]; protein tyrosine phosphatase activity [GO:0004725]; signaling receptor binding [GO:0005102]; spectrin binding [GO:0030507]; transmembrane receptor protein tyrosine phosphatase activity [GO:0005001]	bleb [GO:0032059]; cell surface [GO:0009986]; cytoplasmic side of plasma membrane [GO:0009898]; external side of plasma membrane [GO:0009897]; extracellular exosome [GO:0070062]; focal adhesion [GO:0005925]; integral component of membrane [GO:0016021]; integral component of plasma membrane [GO:0005887]; membrane [GO:0016020]; membrane microdomain [GO:0098857]; membrane raft [GO:0045121]; plasma membrane [GO:0005886]; secretory granule membrane [GO:0030667]
A0A0A0MT49	A0A0A0MT49	A0A0A0MT49_HUMAN	Transcription activator BRG1	SMARCA4	ATP-dependent chromatin remodeling [GO:0043044]; regulation of transcription, DNA-templated [GO:0006355]	ATP binding [GO:0005524]; helicase activity [GO:0004386]; histone binding [GO:0042393]; hydrolase activity [GO:0016787]; nucleosome-dependent ATPase activity [GO:0070615]	SWI/SNF complex [GO:0016514]
A0A0A0MT60	A0A0A0MT60	A0A0A0MT60_HUMAN	Deleted.				
A0A0B4J1S8	A0A0B4J1S8	A0A0B4J1S8_HUMAN	Phosphatidylinositol 4-kinase beta	PI4KB	phosphatidylinositol-mediated signaling [GO:0048015]; phosphatidylinositol phosphorylation [GO:0046854]	kinase activity [GO:0016301]	
A0A0B4J1W0	A0A0B4J1W0	A0A0B4J1W0_HUMAN	Mediator complex subunit 24 (Mediator of RNA polymerase II transcription subunit 24)	MED24 THRAP4 hCG_30017		histone acetyltransferase activity [GO:0004402]; protein-containing complex binding [GO:0044877]; transcription coactivator activity [GO:0003713]; ubiquitin protein ligase activity [GO:0061630]	mediator complex [GO:0016592]; ubiquitin ligase complex [GO:0000151]
A0A0G2JH68	A0A0G2JH68	A0A0G2JH68_HUMAN	Protein diaphanous homolog 1	DIAPH1	actin filament polymerization [GO:0030041]; positive regulation of cell migration [GO:0030335]	actin binding [GO:0003779]; small GTPase binding [GO:0031267]	
A0A0G2JML1	A0A0G2JML1	A0A0G2JML1_HUMAN	Leukocyte immunoglobulin-like receptor subfamily B member 4	LILRB4			integral component of membrane [GO:0016021]
A0A0U1RQK7	A0A0U1RQK7	A0A0U1RQK7_HUMAN	Eukaryotic translation initiation factor 4 gamma 3	EIF4G3		RNA cap binding [GO:0000339]; translation initiation factor activity [GO:0003743]	
A0A140T913	A0A140T913	A0A140T913_HUMAN	HLA class I histocompatibility antigen, A alpha chain	HLA-A	antigen processing and presentation [GO:0019882]; immune response [GO:0006955]		integral component of membrane [GO:0016021]; plasma membrane [GO:0005886]
A0A1B0GTU4	A0A1B0GTU4	A0A1B0GTU4_HUMAN	Paxillin	PXN	cell-matrix adhesion [GO:0007160]	metal ion binding [GO:0046872]	cell cortex [GO:0005938]; cytoskeleton [GO:0005856]; cytosol [GO:0005829]; focal adhesion [GO:0005925]
A0A1C7CYX1	A0A1C7CYX1	A0A1C7CYX1_HUMAN	Mitotic deacetylase-associated SANT domain protein	MIDEAS			nucleoplasm [GO:0005654]
A0JLT2	A0JLT2	MED19_HUMAN	Mediator of RNA polymerase II transcription subunit 19 (Lung cancer metastasis-related protein 1) (Mediator complex subunit 19)	MED19 LCMR1	positive regulation of transcription by RNA polymerase II [GO:0045944]	transcription coregulator activity [GO:0003712]; transcription factor binding [GO:0008134]	mediator complex [GO:0016592]
A1X283	A1X283	SPD2B_HUMAN	SH3 and PX domain-containing protein 2B (Adapter protein HOFI) (Factor for adipocyte differentiation 49) (Tyrosine kinase substrate with four SH3 domains)	SH3PXD2B FAD49 KIAA1295 TKS4	adipose tissue development [GO:0060612]; bone development [GO:0060348]; cell differentiation [GO:0030154]; extracellular matrix disassembly [GO:0022617]; eye development [GO:0001654]; heart development [GO:0007507]; podosome assembly [GO:0071800]; protein localization to membrane [GO:0072657]; skeletal system development [GO:0001501]; superoxide metabolic process [GO:0006801]	molecular adaptor activity [GO:0060090]; phosphatidylinositol-3,5-bisphosphate binding [GO:0080025]; phosphatidylinositol-3-phosphate binding [GO:0032266]; phosphatidylinositol-5-phosphate binding [GO:0010314]; SH2 domain binding [GO:0042169]; superoxide-generating NADPH oxidase activator activity [GO:0016176]	cell junction [GO:0030054]; cell projection [GO:0042995]; cytoplasm [GO:0005737]; podosome [GO:0002102]
A2RUF3	O75044	SRGP2_HUMAN	SLIT-ROBO Rho GTPase-activating protein 2 (srGAP2) (Formin-binding protein 2) (Rho GTPase-activating protein 34)	SRGAP2 ARHGAP34 FNBP2 KIAA0456 SRGAP2A	actin filament severing [GO:0051014]; dendritic spine development [GO:0060996]; extension of a leading process involved in cell motility in cerebral cortex radial glia guided migration [GO:0021816]; filopodium assembly [GO:0046847]; lamellipodium assembly involved in ameboidal cell migration [GO:0003363]; negative regulation of cell migration [GO:0030336]; negative regulation of neuron migration [GO:2001223]; neuron projection morphogenesis [GO:0048812]; positive regulation of GTPase activity [GO:0043547]; regulation of small GTPase mediated signal transduction [GO:0051056]; signal transduction [GO:0007165]; substrate adhesion-dependent cell spreading [GO:0034446]	GTPase activator activity [GO:0005096]; identical protein binding [GO:0042802]; protein homodimerization activity [GO:0042803]; small GTPase binding [GO:0031267]	cytoplasm [GO:0005737]; cytosol [GO:0005829]; dendritic spine head [GO:0044327]; lamellipodium [GO:0030027]; nucleoplasm [GO:0005654]; phagocytic vesicle [GO:0045335]; plasma membrane [GO:0005886]; postsynaptic density [GO:0014069]; postsynaptic membrane [GO:0045211]
A6NC98	A6NC98	CC88B_HUMAN	Coiled-coil domain-containing protein 88B (Brain leucine zipper domain-containing protein) (Gipie) (Hook-related protein 3) (HkRP3)	CCDC88B BRLZ	cytoplasmic microtubule organization [GO:0031122]; cytoskeleton-dependent intracellular transport [GO:0030705]; defense response to protozoan [GO:0042832]; positive regulation of cytokine production [GO:0001819]; positive regulation of T cell activation [GO:0050870]; positive regulation of T cell proliferation [GO:0042102]	dynein light intermediate chain binding [GO:0051959]; microtubule binding [GO:0008017]	centrosome [GO:0005813]; cytoplasm [GO:0005737]; endoplasmic reticulum [GO:0005783]; Golgi apparatus [GO:0005794]; membrane [GO:0016020]
A6NFI3	A6NFI3	ZN316_HUMAN	Zinc finger protein 316	ZNF316	regulation of transcription by RNA polymerase II [GO:0006357]	DNA-binding transcription factor activity, RNA polymerase II-specific [GO:0000981]; metal ion binding [GO:0046872]; sequence-specific DNA binding [GO:0043565]	nucleus [GO:0005634]
A6NHB5	A6NHB5	A6NHB5_HUMAN	Zinc finger MYM-type protein 3	ZMYM3		zinc ion binding [GO:0008270]	nucleoplasm [GO:0005654]
A6NIW2	A6NIW2	A6NIW2_HUMAN	Dedicator of cytokinesis protein 11	DOCK11	small GTPase mediated signal transduction [GO:0007264]	guanyl-nucleotide exchange factor activity [GO:0005085]	
A8K727	A8K727	A8K727_HUMAN	Pleckstrin homology domain-containing family A member 2 (cDNA FLJ75843, highly similar to Homo sapiens pleckstrin homology domain containing, family A (phosphoinositide binding specific) member 2 (PLEKHA2), mRNA)	PLEKHA2		PDZ domain binding [GO:0030165]; phosphatidylinositol-3,4-bisphosphate binding [GO:0043325]	
A8MXP9	A8MXP9	A8MXP9_HUMAN	Matrin-3	MATR3		RNA binding [GO:0003723]; zinc ion binding [GO:0008270]	nucleus [GO:0005634]
A9Z1X7	A9Z1X7	A9Z1X7_HUMAN	Serine/arginine repetitive matrix protein 1	SRRM1	mRNA processing [GO:0006397]		nuclear speck [GO:0016607]
B1AKJ5	B1AKJ5	B1AKJ5_HUMAN	Deleted.				
B5ME19	B5ME19	EIFCL_HUMAN	Eukaryotic translation initiation factor 3 subunit C-like protein	EIF3CL	formation of cytoplasmic translation initiation complex [GO:0001732]; translational initiation [GO:0006413]	translation initiation factor activity [GO:0003743]; translation initiation factor binding [GO:0031369]	eukaryotic 43S preinitiation complex [GO:0016282]; eukaryotic 48S preinitiation complex [GO:0033290]; eukaryotic translation initiation factor 3 complex [GO:0005852]
C9JFV4	C9JFV4	C9JFV4_HUMAN	Modulator of non-genomic activity of estrogen receptor (Proline-, glutamic acid- and leucine-rich protein 1)	PELP1			cytoplasm [GO:0005737]; nucleolus [GO:0005730]; nucleoplasm [GO:0005654]
D3DTX6	Q96SB3	NEB2_HUMAN	Neurabin-2 (Neurabin-II) (Protein phosphatase 1 regulatory subunit 9B) (Spinophilin)	PPP1R9B PPP1R6	actin filament depolymerization [GO:0030042]; actin filament organization [GO:0007015]; aging [GO:0007568]; calcium-mediated signaling [GO:0019722]; cell cycle arrest [GO:0007050]; cell migration [GO:0016477]; cellular response to drug [GO:0035690]; cellular response to epidermal growth factor stimulus [GO:0071364]; cellular response to estradiol stimulus [GO:0071392]; cellular response to morphine [GO:0071315]; cellular response to peptide [GO:1901653]; cerebral cortex development [GO:0021987]; dendrite development [GO:0016358]; developmental process involved in reproduction [GO:0003006]; filopodium assembly [GO:0046847]; hippocampus development [GO:0021766]; learning [GO:0007612]; male mating behavior [GO:0060179]; modulation of chemical synaptic transmission [GO:0050804]; negative regulation of cell growth [GO:0030308]; neuron projection development [GO:0031175]; positive regulation of protein localization to actin cortical patch [GO:1904372]; positive regulation of protein localization to plasma membrane [GO:1903078]; protein localization to actin cytoskeleton [GO:1903119]; protein localization to cell periphery [GO:1990778]; regulation of cell growth by extracellular stimulus [GO:0001560]; regulation of cell population proliferation [GO:0042127]; regulation of exit from mitosis [GO:0007096]; regulation of opioid receptor signaling pathway [GO:2000474]; regulation of protein phosphorylation [GO:0001932]; reproductive system development [GO:0061458]; response to amphetamine [GO:0001975]; response to clozapine [GO:0097338]; response to immobilization stress [GO:0035902]; response to kainic acid [GO:1904373]; response to L-phenylalanine derivative [GO:1904386]; response to nicotine [GO:0035094]; response to prostaglandin E [GO:0034695]; response to steroid hormone [GO:0048545]; RNA splicing [GO:0008380]	actin filament binding [GO:0051015]; D2 dopamine receptor binding [GO:0031749]; ion channel binding [GO:0044325]; kinase binding [GO:0019900]; protein C-terminus binding [GO:0008022]; protein kinase activity [GO:0004672]; protein phosphatase 1 binding [GO:0008157]; protein phosphatase inhibitor activity [GO:0004864]	actin cytoskeleton [GO:0015629]; adherens junction [GO:0005912]; cortical actin cytoskeleton [GO:0030864]; cytoplasm [GO:0005737]; cytoplasmic side of dendritic spine plasma membrane [GO:1990780]; dendrite [GO:0030425]; dendritic spine head [GO:0044327]; dendritic spine neck [GO:0044326]; filopodium [GO:0030175]; growth cone [GO:0030426]; lamellipodium [GO:0030027]; neuronal cell body [GO:0043025]; nucleoplasm [GO:0005654]; plasma membrane [GO:0005886]; postsynaptic density [GO:0014069]; protein phosphatase type 1 complex [GO:0000164]; ruffle membrane [GO:0032587]
D6REX3	D6REX3	D6REX3_HUMAN	Protein transport protein Sec31A	SEC31A	endoplasmic reticulum to Golgi vesicle-mediated transport [GO:0006888]		COPII-coated ER to Golgi transport vesicle [GO:0030134]; cytosol [GO:0005829]; endoplasmic reticulum exit site [GO:0070971]; endoplasmic reticulum membrane [GO:0005789]; intracellular membrane-bounded organelle [GO:0043231]
E7EPK1	E7EPK1	E7EPK1_HUMAN	Septin	SEPTIN7	spermatogenesis [GO:0007283]	GTP binding [GO:0005525]	cleavage furrow [GO:0032154]; condensed chromosome kinetochore [GO:0000777]; midbody [GO:0030496]; motile cilium [GO:0031514]; septin complex [GO:0031105]; spindle [GO:0005819]
E7ERS3	E7ERS3	E7ERS3_HUMAN	Zinc finger CCCH domain-containing protein 18	ZC3H18			nuclear speck [GO:0016607]
E7EVA0	E7EVA0	E7EVA0_HUMAN	Microtubule-associated protein	MAP4	microtubule cytoskeleton organization [GO:0000226]	microtubule binding [GO:0008017]	cytosol [GO:0005829]; microtubule [GO:0005874]; microtubule cytoskeleton [GO:0015630]; plasma membrane [GO:0005886]
E7EWR4	E7EWR4	E7EWR4_HUMAN	Cleavage stimulation factor subunit 2	CSTF2	cellular response to nerve growth factor stimulus [GO:1990090]; mRNA polyadenylation [GO:0006378]	RNA binding [GO:0003723]	mRNA cleavage and polyadenylation specificity factor complex [GO:0005847]; nuclear body [GO:0016604]; nucleoplasm [GO:0005654]
E7EX17	E7EX17	E7EX17_HUMAN	Eukaryotic translation initiation factor 4B	EIF4B	eukaryotic translation initiation factor 4F complex assembly [GO:0097010]	RNA strand annealing activity [GO:0033592]	cytosol [GO:0005829]; dendrite [GO:0030425]; neuronal cell body [GO:0043025]; postsynapse [GO:0098794]
E9PAU2	E9PAU2	E9PAU2_HUMAN	Ribonucleoprotein PTB-binding 1	RAVER1		RNA binding [GO:0003723]	
E9PAV3	E9PAV3	NACAM_HUMAN	Nascent polypeptide-associated complex subunit alpha, muscle-specific form (Alpha-NAC, muscle-specific form) (skNAC)	NACA	protein targeting to membrane [GO:0006612]	DNA binding [GO:0003677]; unfolded protein binding [GO:0051082]	cytoplasm [GO:0005737]; nascent polypeptide-associated complex [GO:0005854]; nucleus [GO:0005634]
E9PB61	E9PB61	E9PB61_HUMAN	THO complex subunit 4	ALYREF		RNA binding [GO:0003723]	nuclear speck [GO:0016607]
E9PF32	E9PF32	E9PF32_HUMAN	DENN domain-containing protein 3	DENND3	cellular protein catabolic process [GO:0044257]; endosome to lysosome transport [GO:0008333]	guanyl-nucleotide exchange factor activity [GO:0005085]	
E9PRY8	E9PRY8	E9PRY8_HUMAN	Elongation factor 1-delta	EEF1D		translation elongation factor activity [GO:0003746]	cytosol [GO:0005829]; eukaryotic translation elongation factor 1 complex [GO:0005853]; fibrillar center [GO:0001650]; nucleoplasm [GO:0005654]
F1T0I1	F1T0I1	F1T0I1_HUMAN	Protein transport protein sec16	SEC16A	autophagy [GO:0006914]; COPII vesicle coating [GO:0048208]; protein transport [GO:0015031]		endoplasmic reticulum membrane [GO:0005789]; Golgi membrane [GO:0000139]
F2Z2W7	F2Z2W7	F2Z2W7_HUMAN	tRNA (uracil-5-)-methyltransferase homolog A	TRMT2A	RNA processing [GO:0006396]	RNA binding [GO:0003723]; RNA methyltransferase activity [GO:0008173]	
F5H5P2	F5H5P2	F5H5P2_HUMAN	2-oxoisovalerate dehydrogenase subunit alpha (EC 1.2.4.4) (Branched-chain alpha-keto acid dehydrogenase E1 component alpha chain)		branched-chain amino acid catabolic process [GO:0009083]	3-methyl-2-oxobutanoate dehydrogenase (2-methylpropanoyl-transferring) activity [GO:0003863]; alpha-ketoacid dehydrogenase activity [GO:0003826]	
F8W930	F8W930	F8W930_HUMAN	Insulin-like growth factor 2 mRNA-binding protein 2	IGF2BP2	mRNA transport [GO:0051028]	mRNA binding [GO:0003729]	nucleus [GO:0005634]
G8JLB6	G8JLB6	G8JLB6_HUMAN	Heterogeneous nuclear ribonucleoprotein H	HNRNPH1		RNA binding [GO:0003723]	cytosol [GO:0005829]; nucleoplasm [GO:0005654]
H0YL70	H0YL70	H0YL70_HUMAN	Transducin-like enhancer protein 3	TLE3	regulation of transcription, DNA-templated [GO:0006355]; Wnt signaling pathway [GO:0016055]		nucleoplasm [GO:0005654]
H3BQK9	H3BQK9	H3BQK9_HUMAN	Microtubule-actin cross-linking factor 1, isoforms 1/2/3/5	MACF1	intermediate filament cytoskeleton organization [GO:0045104]	actin binding [GO:0003779]; calcium ion binding [GO:0005509]; microtubule binding [GO:0008017]	cell projection [GO:0042995]; cytoplasm [GO:0005737]; membrane [GO:0016020]; microtubule [GO:0005874]
I3L0A0	I3L0A0	I3L0A0_HUMAN	HCG2044781 (PEDS1-UBE2V1 readthrough)	PEDS1-UBE2V1 hCG_2044781	fatty acid metabolic process [GO:0006631]		integral component of membrane [GO:0016021]; nucleoplasm [GO:0005654]
I3L0E3	I3L0E3	I3L0E3_HUMAN	HCG1984214, isoform CRA_a	hCG_1984214	regulation of transcription, DNA-templated [GO:0006355]; translation [GO:0006412]	structural constituent of ribosome [GO:0003735]	mitochondrial small ribosomal subunit [GO:0005763]
I3L1Q2	I3L1Q2	I3L1Q2_HUMAN	B-cell CLL/lymphoma 7 protein family member C (Fragment)	BCL7C			
I3L4Q0	I3L4Q0	I3L4Q0_HUMAN	HCG1818442, isoform CRA_a (Mapk-regulated corepressor-interacting protein 1)	MCRIP1 hCG_1818442			cytoplasmic stress granule [GO:0010494]; nucleus [GO:0005634]
J3KMZ8	J3KMZ8	J3KMZ8_HUMAN	Zinc finger protein ubi-d4	DPF2		metal ion binding [GO:0046872]	centrosome [GO:0005813]; cytosol [GO:0005829]; intracellular membrane-bounded organelle [GO:0043231]; nucleoplasm [GO:0005654]
J3KNN5	J3KNN5	J3KNN5_HUMAN	Deleted.				
J3KTL2	J3KTL2	J3KTL2_HUMAN	Serine/arginine-rich splicing factor 1 (Splicing factor, arginine/serine-rich 1)	SRSF1 SFRS1 hCG_1774411	alternative mRNA splicing, via spliceosome [GO:0000380]; liver regeneration [GO:0097421]; oligodendrocyte differentiation [GO:0048709]; positive regulation of RNA splicing [GO:0033120]	protein kinase B binding [GO:0043422]; RNA binding [GO:0003723]	cytoplasm [GO:0005737]; nucleus [GO:0005634]
J3QR44	P21127	CD11B_HUMAN	Cyclin-dependent kinase 11B (EC 2.7.11.22) (Cell division cycle 2-like protein kinase 1) (CLK-1) (Cell division protein kinase 11B) (Galactosyltransferase-associated protein kinase p58/GTA) (PITSLRE serine/threonine-protein kinase CDC2L1) (p58 CLK-1)	CDK11B CDC2L1 CDK11 PITSLREA PK58	apoptotic process [GO:0006915]; mitotic cell cycle [GO:0000278]; protein phosphorylation [GO:0006468]; regulation of cell growth [GO:0001558]; regulation of mitotic cell cycle [GO:0007346]; regulation of mRNA processing [GO:0050684]; regulation of transcription, DNA-templated [GO:0006355]	ATP binding [GO:0005524]; cyclin-dependent protein serine/threonine kinase activity [GO:0004693]; protein kinase activity [GO:0004672]; protein serine/threonine kinase activity [GO:0004674]; protein serine kinase activity [GO:0106310]; protein threonine kinase activity [GO:0106311]; RNA binding [GO:0003723]	cytoplasm [GO:0005737]; nucleus [GO:0005634]
J3QRS3	J3QRS3	J3QRS3_HUMAN	Myosin regulatory light chain 12A (Myosin regulatory light chain MRCL3, isoform CRA_b)	MYL12A MRCL3 hCG_2045956		calcium ion binding [GO:0005509]	
J3QS41	J3QS41	J3QS41_HUMAN	Probable helicase with zinc finger domain	HELZ		helicase activity [GO:0004386]; metal ion binding [GO:0046872]	
L7N2F9	L7N2F9	L7N2F9_HUMAN	Synaptobrevin-2 (Vesicle-associated membrane protein 2) (Fragment)		SNARE complex assembly [GO:0035493]; vesicle fusion [GO:0006906]	SNAP receptor activity [GO:0005484]; syntaxin-1 binding [GO:0017075]; syntaxin binding [GO:0019905]	integral component of membrane [GO:0016021]; plasma membrane [GO:0005886]; SNARE complex [GO:0031201]; synaptic vesicle membrane [GO:0030672]
M0QZR4	M0QZR4	M0QZR4_HUMAN	Rho guanine nucleotide exchange factor 1	ARHGEF1	G protein-coupled receptor signaling pathway [GO:0007186]; positive regulation of GTPase activity [GO:0043547]	G protein-coupled receptor binding [GO:0001664]; guanyl-nucleotide exchange factor activity [GO:0005085]	cytosol [GO:0005829]; plasma membrane [GO:0005886]
M0R0P8	M0R0P8	M0R0P8_HUMAN	Unconventional myosin-IXb	MYO9B	actin filament-based movement [GO:0030048]; positive regulation of GTPase activity [GO:0043547]; Rho protein signal transduction [GO:0007266]	actin binding [GO:0003779]; ATP binding [GO:0005524]; GTPase activator activity [GO:0005096]; metal ion binding [GO:0046872]; microfilament motor activity [GO:0000146]	cytosol [GO:0005829]; myosin complex [GO:0016459]
M0R2Z9	M0R2Z9	M0R2Z9_HUMAN	SURP and G-patch domain-containing protein 2	SUGP2	mRNA processing [GO:0006397]; RNA splicing [GO:0008380]	RNA binding [GO:0003723]	nuclear body [GO:0016604]; nucleoplasm [GO:0005654]
O00160	O00160	MYO1F_HUMAN	Unconventional myosin-If (Myosin-Ie)	MYO1F	actin filament organization [GO:0007015]; vesicle transport along actin filament [GO:0030050]	actin binding [GO:0003779]; actin-dependent ATPase activity [GO:0030898]; actin filament binding [GO:0051015]; ATP binding [GO:0005524]; calmodulin binding [GO:0005516]; microfilament motor activity [GO:0000146]	actin cytoskeleton [GO:0015629]; cytoplasm [GO:0005737]; cytosol [GO:0005829]; microvillus [GO:0005902]; plasma membrane [GO:0005886]; unconventional myosin complex [GO:0016461]; vesicle [GO:0031982]
O00193	O00193	SMAP_HUMAN	Small acidic protein	SMAP C11orf58			
O00264	O00264	PGRC1_HUMAN	Membrane-associated progesterone receptor component 1 (mPR) (Dap1) (IZA)	PGRMC1 HPR6.6 PGRMC	heme biosynthetic process [GO:0006783]; neutrophil degranulation [GO:0043312]	amyloid-beta binding [GO:0001540]; heme binding [GO:0020037]; metal ion binding [GO:0046872]; protein homodimerization activity [GO:0042803]; steroid binding [GO:0005496]	cell body [GO:0044297]; endomembrane system [GO:0012505]; endoplasmic reticulum [GO:0005783]; integral component of plasma membrane [GO:0005887]; membrane [GO:0016020]; mitochondrial outer membrane [GO:0005741]; neuronal cell body [GO:0043025]; neuron projection [GO:0043005]; plasma membrane [GO:0005886]; smooth endoplasmic reticulum membrane [GO:0030868]; specific granule membrane [GO:0035579]; synapse [GO:0045202]
O00267	O00267	SPT5H_HUMAN	Transcription elongation factor SPT5 (hSPT5) (DRB sensitivity-inducing factor 160 kDa subunit) (DSIF p160) (DRB sensitivity-inducing factor large subunit) (DSIF large subunit) (Tat-cotransactivator 1 protein) (Tat-CT1 protein)	SUPT5H SPT5 SPT5H	7-methylguanosine mRNA capping [GO:0006370]; negative regulation of DNA-templated transcription, elongation [GO:0032785]; negative regulation of mRNA polyadenylation [GO:1900364]; negative regulation of transcription by RNA polymerase II [GO:0000122]; positive regulation of DNA-templated transcription, elongation [GO:0032786]; positive regulation of macroautophagy [GO:0016239]; positive regulation of transcription by RNA polymerase II [GO:0045944]; positive regulation of viral transcription [GO:0050434]; regulation of transcription by RNA polymerase II [GO:0006357]; transcription by RNA polymerase II [GO:0006366]; transcription elongation from RNA polymerase II promoter [GO:0006368]	chromatin binding [GO:0003682]; enzyme binding [GO:0019899]; mRNA binding [GO:0003729]; protein heterodimerization activity [GO:0046982]; RNA binding [GO:0003723]	DSIF complex [GO:0032044]; nucleoplasm [GO:0005654]; nucleus [GO:0005634]
O00429	O00429	DNM1L_HUMAN	Dynamin-1-like protein (EC 3.6.5.5) (Dnm1p/Vps1p-like protein) (DVLP) (Dynamin family member proline-rich carboxyl-terminal domain less) (Dymple) (Dynamin-like protein) (Dynamin-like protein 4) (Dynamin-like protein IV) (HdynIV) (Dynamin-related protein 1)	DNM1L DLP1 DRP1	calcium ion transport [GO:0006816]; cellular response to oxygen-glucose deprivation [GO:0090650]; cellular response to thapsigargin [GO:1904579]; dynamin family protein polymerization involved in mitochondrial fission [GO:0003374]; execution phase of apoptosis [GO:0097194]; heart contraction [GO:0060047]; intracellular distribution of mitochondria [GO:0048312]; membrane fusion [GO:0061025]; mitochondrial fission [GO:0000266]; mitochondrial fragmentation involved in apoptotic process [GO:0043653]; mitochondrial membrane fission [GO:0090149]; mitochondrion morphogenesis [GO:0070584]; mitochondrion organization [GO:0007005]; necroptotic process [GO:0070266]; negative regulation of mitochondrial fusion [GO:0010637]; peroxisome fission [GO:0016559]; positive regulation of apoptotic process [GO:0043065]; positive regulation of dendritic spine morphogenesis [GO:0061003]; positive regulation of intrinsic apoptotic signaling pathway [GO:2001244]; positive regulation of mitochondrial fission [GO:0090141]; positive regulation of neutrophil chemotaxis [GO:0090023]; positive regulation of protein secretion [GO:0050714]; positive regulation of release of cytochrome c from mitochondria [GO:0090200]; positive regulation of synaptic vesicle endocytosis [GO:1900244]; positive regulation of synaptic vesicle exocytosis [GO:2000302]; protein complex oligomerization [GO:0051259]; protein-containing complex assembly [GO:0065003]; protein localization to mitochondrion [GO:0070585]; regulation of ATP metabolic process [GO:1903578]; regulation of autophagy of mitochondrion [GO:1903146]; regulation of gene expression [GO:0010468]; regulation of mitochondrion organization [GO:0010821]; regulation of peroxisome organization [GO:1900063]; regulation of ubiquitin protein ligase activity [GO:1904666]; release of cytochrome c from mitochondria [GO:0001836]; response to flavonoid [GO:1905395]; response to hypobaric hypoxia [GO:1990910]; rhythmic process [GO:0048511]; synaptic vesicle endocytosis [GO:0048488]; synaptic vesicle recycling via endosome [GO:0036466]	BH2 domain binding [GO:0051433]; clathrin binding [GO:0030276]; GTPase activator activity [GO:0005096]; GTPase activity [GO:0003924]; GTP binding [GO:0005525]; GTP-dependent protein binding [GO:0030742]; identical protein binding [GO:0042802]; lipid binding [GO:0008289]; microtubule binding [GO:0008017]; protein-containing complex binding [GO:0044877]; protein homodimerization activity [GO:0042803]; small GTPase binding [GO:0031267]; ubiquitin protein ligase binding [GO:0031625]	brush border [GO:0005903]; clathrin-coated pit [GO:0005905]; cytoplasm [GO:0005737]; cytosol [GO:0005829]; endoplasmic reticulum [GO:0005783]; endoplasmic reticulum membrane [GO:0005789]; Golgi apparatus [GO:0005794]; Golgi membrane [GO:0000139]; intracellular membrane-bounded organelle [GO:0043231]; membrane [GO:0016020]; microtubule [GO:0005874]; mitochondrial membrane [GO:0031966]; mitochondrial outer membrane [GO:0005741]; mitochondrion [GO:0005739]; perinuclear region of cytoplasm [GO:0048471]; peroxisome [GO:0005777]; presynaptic endocytic zone membrane [GO:0098835]; protein-containing complex [GO:0032991]; synaptic vesicle membrane [GO:0030672]
O00559	O00559	RCAS1_HUMAN	Receptor-binding cancer antigen expressed on SiSo cells (Cancer-associated surface antigen RCAS1) (Estrogen receptor-binding fragment-associated gene 9 protein)	EBAG9 RCAS1	regulation of cell growth [GO:0001558]	peptidase activator activity involved in apoptotic process [GO:0016505]	Golgi membrane [GO:0000139]; integral component of membrane [GO:0016021]; secretory granule [GO:0030141]
O00567	O00567	NOP56_HUMAN	Nucleolar protein 56 (Nucleolar protein 5A)	NOP56 NOL5A	rRNA processing [GO:0006364]	cadherin binding [GO:0045296]; histone methyltransferase binding [GO:1990226]; RNA binding [GO:0003723]; snoRNA binding [GO:0030515]	box C/D RNP complex [GO:0031428]; cytoplasm [GO:0005737]; fibrillar center [GO:0001650]; membrane [GO:0016020]; nucleolus [GO:0005730]; nucleoplasm [GO:0005654]; pre-snoRNP complex [GO:0070761]; small-subunit processome [GO:0032040]; sno(s)RNA-containing ribonucleoprotein complex [GO:0005732]
O14497	O14497	ARI1A_HUMAN	AT-rich interactive domain-containing protein 1A (ARID domain-containing protein 1A) (B120) (BRG1-associated factor 250) (BAF250) (BRG1-associated factor 250a) (BAF250A) (Osa homolog 1) (hOSA1) (SWI-like protein) (SWI/SNF complex protein p270) (SWI/SNF-related, matrix-associated, actin-dependent regulator of chromatin subfamily F member 1) (hELD)	ARID1A BAF250 BAF250A C1orf4 OSA1 SMARCF1	androgen receptor signaling pathway [GO:0030521]; ATP-dependent chromatin remodeling [GO:0043044]; chromatin-mediated maintenance of transcription [GO:0048096]; chromatin remodeling [GO:0006338]; glucocorticoid receptor signaling pathway [GO:0042921]; intracellular estrogen receptor signaling pathway [GO:0030520]; nervous system development [GO:0007399]; nucleosome disassembly [GO:0006337]; nucleosome mobilization [GO:0042766]; positive regulation of transcription, DNA-templated [GO:0045893]; regulation of transcription by RNA polymerase II [GO:0006357]	DNA binding [GO:0003677]; nuclear receptor binding [GO:0016922]; transcription coactivator activity [GO:0003713]	brahma complex [GO:0035060]; chromatin [GO:0000785]; nBAF complex [GO:0071565]; npBAF complex [GO:0071564]; nucleoplasm [GO:0005654]; nucleus [GO:0005634]; SWI/SNF complex [GO:0016514]
O14646	O14646	CHD1_HUMAN	Chromodomain-helicase-DNA-binding protein 1 (CHD-1) (EC 3.6.4.12) (ATP-dependent helicase CHD1)	CHD1	covalent chromatin modification [GO:0016569]; positive regulation by host of viral transcription [GO:0043923]; regulation of transcription by RNA polymerase II [GO:0006357]	ATP binding [GO:0005524]; DNA binding [GO:0003677]; DNA helicase activity [GO:0003678]; methylated histone binding [GO:0035064]; nucleosome-dependent ATPase activity [GO:0070615]	cytoplasm [GO:0005737]; nucleoplasm [GO:0005654]; nucleus [GO:0005634]
O14647	O14647	CHD2_HUMAN	Chromodomain-helicase-DNA-binding protein 2 (CHD-2) (EC 3.6.4.12) (ATP-dependent helicase CHD2)	CHD2	chromatin organization [GO:0006325]; muscle organ development [GO:0007517]; regulation of transcription by RNA polymerase II [GO:0006357]	ATP binding [GO:0005524]; DNA binding [GO:0003677]; DNA helicase activity [GO:0003678]; histone binding [GO:0042393]; nucleosome-dependent ATPase activity [GO:0070615]; RNA binding [GO:0003723]; RNA polymerase II cis-regulatory region sequence-specific DNA binding [GO:0000978]	nucleus [GO:0005634]
O14874	O14874	BCKD_HUMAN	[3-methyl-2-oxobutanoate dehydrogenase [lipoamide]] kinase, mitochondrial (EC 2.7.11.4) (Branched-chain alpha-ketoacid dehydrogenase kinase) (BCKD-kinase) (BCKDHKIN)	BCKDK	branched-chain amino acid catabolic process [GO:0009083]; cellular amino acid catabolic process [GO:0009063]; isoleucine catabolic process [GO:0006550]; leucine catabolic process [GO:0006552]; negative regulation of cellular amino acid metabolic process [GO:0045763]; phosphorylation [GO:0016310]; protein phosphorylation [GO:0006468]; regulation of glucose metabolic process [GO:0010906]; spermatogenesis [GO:0007283]; valine catabolic process [GO:0006574]	[3-methyl-2-oxobutanoate dehydrogenase (acetyl-transferring)] kinase activity [GO:0047323]; ATP binding [GO:0005524]; kinase activity [GO:0016301]; protein serine/threonine kinase activity [GO:0004674]; pyruvate dehydrogenase (acetyl-transferring) kinase activity [GO:0004740]	mitochondrial alpha-ketoglutarate dehydrogenase complex [GO:0005947]; mitochondrial matrix [GO:0005759]; mitochondrion [GO:0005739]
O14920	O14920	IKKB_HUMAN	Inhibitor of nuclear factor kappa-B kinase subunit beta (I-kappa-B-kinase beta) (IKK-B) (IKK-beta) (IkBKB) (EC 2.7.11.10) (I-kappa-B kinase 2) (IKK2) (Nuclear factor NF-kappa-B inhibitor kinase beta) (NFKBIKB) (Serine/threonine protein kinase IKBKB) (EC 2.7.11.1)	IKBKB IKKB	antigen processing and presentation of exogenous peptide antigen via MHC class I, TAP-dependent [GO:0002479]; cellular response to tumor necrosis factor [GO:0071356]; cortical actin cytoskeleton organization [GO:0030866]; Fc-epsilon receptor signaling pathway [GO:0038095]; I-kappaB kinase/NF-kappaB signaling [GO:0007249]; inflammatory response [GO:0006954]; innate immune response [GO:0045087]; interleukin-1-mediated signaling pathway [GO:0070498]; MyD88-independent toll-like receptor signaling pathway [GO:0002756]; negative regulation of apoptotic process [GO:0043066]; negative regulation of bicellular tight junction assembly [GO:1903347]; negative regulation of myosin-light-chain-phosphatase activity [GO:0035509]; peptidyl-serine phosphorylation [GO:0018105]; positive regulation of I-kappaB kinase/NF-kappaB signaling [GO:0043123]; positive regulation of NF-kappaB transcription factor activity [GO:0051092]; positive regulation of transcription, DNA-templated [GO:0045893]; positive regulation of transcription by RNA polymerase II [GO:0045944]; protein localization to plasma membrane [GO:0072659]; protein phosphorylation [GO:0006468]; regulation of establishment of endothelial barrier [GO:1903140]; regulation of phosphorylation [GO:0042325]; regulation of tumor necrosis factor-mediated signaling pathway [GO:0010803]; response to virus [GO:0009615]; stimulatory C-type lectin receptor signaling pathway [GO:0002223]; stress-activated MAPK cascade [GO:0051403]; T cell receptor signaling pathway [GO:0050852]; TRIF-dependent toll-like receptor signaling pathway [GO:0035666]; tumor necrosis factor-mediated signaling pathway [GO:0033209]; viral process [GO:0016032]	ATP binding [GO:0005524]; identical protein binding [GO:0042802]; IkappaB kinase activity [GO:0008384]; protein heterodimerization activity [GO:0046982]; protein homodimerization activity [GO:0042803]; protein kinase activity [GO:0004672]; protein kinase binding [GO:0019901]; protein serine/threonine kinase activity [GO:0004674]; protein serine kinase activity [GO:0106310]; protein threonine kinase activity [GO:0106311]; scaffold protein binding [GO:0097110]; transferrin receptor binding [GO:1990459]	CD40 receptor complex [GO:0035631]; cytoplasm [GO:0005737]; cytoplasmic side of plasma membrane [GO:0009898]; cytosol [GO:0005829]; IkappaB kinase complex [GO:0008385]; membrane raft [GO:0045121]; nucleus [GO:0005634]
O14974	O14974	MYPT1_HUMAN	Protein phosphatase 1 regulatory subunit 12A (Myosin phosphatase-targeting subunit 1) (Myosin phosphatase target subunit 1) (Protein phosphatase myosin-binding subunit)	PPP1R12A MBS MYPT1	cellular response to drug [GO:0035690]; centrosome cycle [GO:0007098]; G2/M transition of mitotic cell cycle [GO:0000086]; mitotic cell cycle [GO:0000278]; negative regulation of catalytic activity [GO:0043086]; positive regulation of myosin-light-chain-phosphatase activity [GO:0035508]; positive regulation of transcription by RNA polymerase II [GO:0045944]; protein dephosphorylation [GO:0006470]; regulation of cell adhesion [GO:0030155]; regulation of myosin-light-chain-phosphatase activity [GO:0035507]; regulation of nucleocytoplasmic transport [GO:0046822]; signal transduction [GO:0007165]	14-3-3 protein binding [GO:0071889]; enzyme inhibitor activity [GO:0004857]; phosphatase regulator activity [GO:0019208]; protein kinase binding [GO:0019901]	A band [GO:0031672]; actin cytoskeleton [GO:0015629]; centrosome [GO:0005813]; contractile fiber [GO:0043292]; cytoplasm [GO:0005737]; cytosol [GO:0005829]; focal adhesion [GO:0005925]; kinetochore [GO:0000776]; nucleolus [GO:0005730]; nucleoplasm [GO:0005654]; plasma membrane [GO:0005886]; PTW/PP1 phosphatase complex [GO:0072357]; Z disc [GO:0030018]
O15116	O15116	LSM1_HUMAN	U6 snRNA-associated Sm-like protein LSm1 (Cancer-associated Sm-like) (Small nuclear ribonuclear CaSm)	LSM1 CASM	deadenylation-dependent decapping of nuclear-transcribed mRNA [GO:0000290]; exonucleolytic catabolism of deadenylated mRNA [GO:0043928]; histone mRNA catabolic process [GO:0071044]; mRNA processing [GO:0006397]; negative regulation of neuron differentiation [GO:0045665]; RNA metabolic process [GO:0016070]; RNA splicing [GO:0008380]; RNA splicing, via transesterification reactions [GO:0000375]; stem cell population maintenance [GO:0019827]	mRNA binding [GO:0003729]; pre-mRNA binding [GO:0036002]; RNA binding [GO:0003723]; RNA cap binding [GO:0000339]	axon [GO:0030424]; cytoplasm [GO:0005737]; cytosol [GO:0005829]; dendrite [GO:0030425]; Lsm1-7-Pat1 complex [GO:1990726]; messenger ribonucleoprotein complex [GO:1990124]; neuronal cell body [GO:0043025]; nucleus [GO:0005634]; P-body [GO:0000932]
O15117	O15117	FYB1_HUMAN	FYN-binding protein 1 (Adhesion and degranulation promoting adaptor protein) (ADAP) (FYB-120/130) (p120/p130) (FYN-T-binding protein) (SLAP-130) (SLP-76-associated phosphoprotein)	FYB1 FYB SLAP130	immune response [GO:0006955]; integrin-mediated signaling pathway [GO:0007229]; protein localization to plasma membrane [GO:0072659]; T cell receptor signaling pathway [GO:0050852]	lipid binding [GO:0008289]; protein-containing complex binding [GO:0044877]; signaling receptor binding [GO:0005102]	actin cytoskeleton [GO:0015629]; cell junction [GO:0030054]; cytosol [GO:0005829]; nucleus [GO:0005634]; plasma membrane [GO:0005886]; protein-containing complex [GO:0032991]
O15173	O15173	PGRC2_HUMAN	Membrane-associated progesterone receptor component 2 (Progesterone membrane-binding protein) (Steroid receptor protein DG6)	PGRMC2 DG6 PMBP	adipose tissue development [GO:0060612]	heme binding [GO:0020037]; heme transmembrane transporter activity [GO:0015232]; steroid binding [GO:0005496]; steroid hormone receptor activity [GO:0003707]	endomembrane system [GO:0012505]; endoplasmic reticulum [GO:0005783]; integral component of membrane [GO:0016021]; membrane [GO:0016020]; nuclear envelope [GO:0005635]
O15258	O15258	RER1_HUMAN	Protein RER1	RER1	positive regulation of protein localization to plasma membrane [GO:1903078]; protein retention in ER lumen [GO:0006621]; retrograde vesicle-mediated transport, Golgi to endoplasmic reticulum [GO:0006890]; skeletal muscle acetylcholine-gated channel clustering [GO:0071340]	acetylcholine receptor binding [GO:0033130]	cell surface [GO:0009986]; endoplasmic reticulum [GO:0005783]; endoplasmic reticulum-Golgi intermediate compartment [GO:0005793]; Golgi apparatus [GO:0005794]; integral component of Golgi membrane [GO:0030173]; plasma membrane [GO:0005886]
O15400	O15400	STX7_HUMAN	Syntaxin-7	STX7	intracellular protein transport [GO:0006886]; organelle assembly [GO:0070925]; organelle localization [GO:0051640]; positive regulation of receptor localization to synapse [GO:1902685]; positive regulation of T cell mediated cytotoxicity [GO:0001916]; regulation of protein localization to plasma membrane [GO:1903076]; vesicle docking [GO:0048278]; vesicle fusion [GO:0006906]	chloride channel inhibitor activity [GO:0019869]; SNAP receptor activity [GO:0005484]; SNARE binding [GO:0000149]; syntaxin binding [GO:0019905]	azurophil granule [GO:0042582]; early endosome [GO:0005769]; early endosome membrane [GO:0031901]; endocytic vesicle [GO:0030139]; endomembrane system [GO:0012505]; endosome [GO:0005768]; extracellular exosome [GO:0070062]; immunological synapse [GO:0001772]; integral component of membrane [GO:0016021]; late endosome [GO:0005770]; lysosomal membrane [GO:0005765]; lysosome [GO:0005764]; perinuclear region of cytoplasm [GO:0048471]; plasma membrane [GO:0005886]; recycling endosome [GO:0055037]; SNARE complex [GO:0031201]; synaptic vesicle [GO:0008021]; tertiary granule [GO:0070820]; vesicle [GO:0031982]
O15427	O15427	MOT4_HUMAN	Monocarboxylate transporter 4 (MCT 4) (Solute carrier family 16 member 3)	SLC16A3 MCT4	leukocyte migration [GO:0050900]; monocarboxylic acid transport [GO:0015718]; plasma membrane lactate transport [GO:0035879]; pyruvate metabolic process [GO:0006090]	lactate transmembrane transporter activity [GO:0015129]; monocarboxylic acid transmembrane transporter activity [GO:0008028]; RNA binding [GO:0003723]; symporter activity [GO:0015293]	apical plasma membrane [GO:0016324]; basolateral plasma membrane [GO:0016323]; integral component of membrane [GO:0016021]; integral component of plasma membrane [GO:0005887]; integral component of postsynaptic density membrane [GO:0099061]; lateral plasma membrane [GO:0016328]; membrane [GO:0016020]; nuclear membrane [GO:0031965]; parallel fiber to Purkinje cell synapse [GO:0098688]; plasma membrane [GO:0005886]
O15553	O15553	MEFV_HUMAN	Pyrin (Marenostrin)	MEFV MEF TRIM20	inflammatory response [GO:0006954]; innate immune response [GO:0045087]; negative regulation of cytokine production involved in inflammatory response [GO:1900016]; negative regulation of inflammatory response [GO:0050728]; negative regulation of interleukin-12 production [GO:0032695]; negative regulation of interleukin-1 beta production [GO:0032691]; negative regulation of macrophage inflammatory protein 1 alpha production [GO:0071641]; negative regulation of NLRP3 inflammasome complex assembly [GO:1900226]; positive regulation of autophagy [GO:0010508]; positive regulation of cysteine-type endopeptidase activity [GO:2001056]; protein ubiquitination [GO:0016567]; purinergic nucleotide receptor signaling pathway [GO:0035590]; pyroptosome complex assembly [GO:1904270]; regulation of gene expression [GO:0010468]; regulation of interleukin-1 beta production [GO:0032651]; response to interferon-gamma [GO:0034341]	actin binding [GO:0003779]; identical protein binding [GO:0042802]; ubiquitin protein ligase activity [GO:0061630]; zinc ion binding [GO:0008270]	autophagosome [GO:0005776]; cytoplasm [GO:0005737]; cytoplasmic vesicle [GO:0031410]; cytosol [GO:0005829]; lamellipodium [GO:0030027]; microtubule [GO:0005874]; microtubule associated complex [GO:0005875]; nucleoplasm [GO:0005654]; nucleus [GO:0005634]; ruffle [GO:0001726]
O43159	O43159	RRP8_HUMAN	Ribosomal RNA-processing protein 8 (EC 2.1.1.-) (Cerebral protein 1) (Nucleomethylin)	RRP8 KIAA0409 NML hucep-1	cellular response to glucose starvation [GO:0042149]; intrinsic apoptotic signaling pathway by p53 class mediator [GO:0072332]; methylation [GO:0032259]; positive regulation of cell cycle arrest [GO:0071158]; rDNA heterochromatin assembly [GO:0000183]; regulation of transcription by glucose [GO:0046015]; rRNA processing [GO:0006364]	methylated histone binding [GO:0035064]; RNA binding [GO:0003723]; S-adenosylmethionine-dependent methyltransferase activity [GO:0008757]	chromatin silencing complex [GO:0005677]; cytosol [GO:0005829]; nucleolus [GO:0005730]; nucleoplasm [GO:0005654]; plasma membrane [GO:0005886]; rDNA heterochromatin [GO:0033553]
O43312	O43312	MTSS1_HUMAN	Protein MTSS 1 (Metastasis suppressor YGL-1) (Metastasis suppressor protein 1) (Missing in metastasis protein)	MTSS1 KIAA0429 MIM	actin cytoskeleton organization [GO:0030036]; cell adhesion [GO:0007155]; cellular response to fluid shear stress [GO:0071498]; epithelial cell proliferation involved in renal tubule morphogenesis [GO:2001013]; glomerulus morphogenesis [GO:0072102]; microspike assembly [GO:0030035]; negative regulation of epithelial cell proliferation [GO:0050680]; nephron tubule epithelial cell differentiation [GO:0072160]; plasma membrane organization [GO:0007009]; renal tubule morphogenesis [GO:0061333]; transmembrane receptor protein tyrosine kinase signaling pathway [GO:0007169]	actin monomer binding [GO:0003785]; identical protein binding [GO:0042802]; signaling receptor binding [GO:0005102]	actin cytoskeleton [GO:0015629]; cytoplasm [GO:0005737]; endocytic vesicle [GO:0030139]; ruffle [GO:0001726]
O43399	O43399	TPD54_HUMAN	Tumor protein D54 (hD54) (Tumor protein D52-like 2)	TPD52L2	carbohydrate metabolic process [GO:0005975]; regulation of cell population proliferation [GO:0042127]	protein homodimerization activity [GO:0042803]; RNA binding [GO:0003723]	cytoplasm [GO:0005737]; perinuclear region of cytoplasm [GO:0048471]
O43491	O43491	E41L2_HUMAN	Band 4.1-like protein 2 (Erythrocyte membrane protein band 4.1-like 2) (Generally expressed protein 4.1) (4.1G)	EPB41L2	actomyosin structure organization [GO:0031032]; cell cycle [GO:0007049]; cell division [GO:0051301]; cortical actin cytoskeleton organization [GO:0030866]; positive regulation of protein localization to cell cortex [GO:1904778]	actin binding [GO:0003779]; PH domain binding [GO:0042731]; spectrin binding [GO:0030507]; structural molecule activity [GO:0005198]	cell cortex region [GO:0099738]; cell junction [GO:0030054]; cytoskeleton [GO:0005856]; cytosol [GO:0005829]; extracellular exosome [GO:0070062]; focal adhesion [GO:0005925]; nucleoplasm [GO:0005654]; plasma membrane [GO:0005886]; spectrin [GO:0008091]
O43493	O43493	TGON2_HUMAN	Trans-Golgi network integral membrane protein 2 (Trans-Golgi network glycoprotein 46) (TGN38 homolog) (hTGN46) (Trans-Golgi network glycoprotein 48) (hTGN48) (Trans-Golgi network glycoprotein 51) (hTGN51) (Trans-Golgi network protein 2)	TGOLN2 TGN46 TGN51	cellular protein metabolic process [GO:0044267]; membrane organization [GO:0061024]; post-translational protein modification [GO:0043687]		clathrin-coated endocytic vesicle membrane [GO:0030669]; endoplasmic reticulum lumen [GO:0005788]; endosome [GO:0005768]; Golgi apparatus [GO:0005794]; integral component of membrane [GO:0016021]; nucleoplasm [GO:0005654]; plasma membrane [GO:0005886]; trans-Golgi network [GO:0005802]; trans-Golgi network transport vesicle [GO:0030140]; transport vesicle [GO:0030133]
O43815	O43815	STRN_HUMAN	Striatin	STRN	bicellular tight junction assembly [GO:0070830]; dendrite development [GO:0016358]; locomotory behavior [GO:0007626]; negative regulation of cell population proliferation [GO:0008285]; positive regulation of protein kinase B signaling [GO:0051897]; Wnt signaling pathway [GO:0016055]	armadillo repeat domain binding [GO:0070016]; calmodulin binding [GO:0005516]; estrogen receptor binding [GO:0030331]; protein-containing complex binding [GO:0044877]; protein phosphatase 2A binding [GO:0051721]	bicellular tight junction [GO:0005923]; cytosol [GO:0005829]; dendrite [GO:0030425]; dendritic spine [GO:0043197]; FAR/SIN/STRIPAK complex [GO:0090443]; membrane [GO:0016020]; neuronal cell body [GO:0043025]; postsynaptic density [GO:0014069]; postsynaptic membrane [GO:0045211]
O60244	O60244	MED14_HUMAN	Mediator of RNA polymerase II transcription subunit 14 (Activator-recruited cofactor 150 kDa component) (ARC150) (Cofactor required for Sp1 transcriptional activation subunit 2) (CRSP complex subunit 2) (Mediator complex subunit 14) (RGR1 homolog) (hRGR1) (Thyroid hormone receptor-associated protein complex 170 kDa component) (Trap170) (Transcriptional coactivator CRSP150) (Vitamin D3 receptor-interacting protein complex 150 kDa component) (DRIP150)	MED14 ARC150 CRSP2 CXorf4 DRIP150 EXLM1 RGR1 TRAP170	positive regulation of transcription, DNA-templated [GO:0045893]; positive regulation of transcription by RNA polymerase II [GO:0045944]; positive regulation of transcription initiation from RNA polymerase II promoter [GO:0060261]; regulation of transcription by RNA polymerase II [GO:0006357]; regulation of transcription initiation from RNA polymerase II promoter [GO:0060260]; stem cell population maintenance [GO:0019827]	nuclear receptor coactivator activity [GO:0030374]; transcription coactivator activity [GO:0003713]; transcription coregulator activity [GO:0003712]; vitamin D receptor binding [GO:0042809]	core mediator complex [GO:0070847]; mediator complex [GO:0016592]; membrane [GO:0016020]; nucleoplasm [GO:0005654]; nucleus [GO:0005634]
O60256	O60256	KPRB_HUMAN	Phosphoribosyl pyrophosphate synthase-associated protein 2 (PRPP synthase-associated protein 2) (41 kDa phosphoribosypyrophosphate synthetase-associated protein) (PAP41)	PRPSAP2	5-phosphoribose 1-diphosphate biosynthetic process [GO:0006015]; nucleobase-containing compound metabolic process [GO:0006139]; nucleoside metabolic process [GO:0009116]; purine nucleotide biosynthetic process [GO:0006164]	enzyme inhibitor activity [GO:0004857]; identical protein binding [GO:0042802]; magnesium ion binding [GO:0000287]; ribose phosphate diphosphokinase activity [GO:0004749]	cytoplasm [GO:0005737]; ribose phosphate diphosphokinase complex [GO:0002189]
O60264	O60264	SMCA5_HUMAN	SWI/SNF-related matrix-associated actin-dependent regulator of chromatin subfamily A member 5 (SWI/SNF-related matrix-associated actin-dependent regulator of chromatin A5) (EC 3.6.4.-) (Sucrose nonfermenting protein 2 homolog) (hSNF2H)	SMARCA5 SNF2H WCRF135	ATP-dependent chromatin remodeling [GO:0043044]; cellular response to leukemia inhibitory factor [GO:1990830]; CENP-A containing nucleosome assembly [GO:0034080]; chromatin remodeling [GO:0006338]; DNA-templated transcription, initiation [GO:0006352]; double-strand break repair [GO:0006302]; nucleosome assembly [GO:0006334]; nucleosome positioning [GO:0016584]; positive regulation of gene expression, epigenetic [GO:0045815]; positive regulation of transcription by RNA polymerase II [GO:0045944]; rDNA heterochromatin assembly [GO:0000183]; regulation of transcription by RNA polymerase II [GO:0006357]	ATPase activity [GO:0016887]; ATPase activity, acting on DNA [GO:0008094]; ATP binding [GO:0005524]; DNA binding [GO:0003677]; helicase activity [GO:0004386]; nucleosome binding [GO:0031491]; nucleosome-dependent ATPase activity [GO:0070615]	chromatin silencing complex [GO:0005677]; condensed chromosome [GO:0000793]; cytosol [GO:0005829]; fibrillar center [GO:0001650]; intracellular membrane-bounded organelle [GO:0043231]; nucleoplasm [GO:0005654]; nucleus [GO:0005634]; NURF complex [GO:0016589]; RSF complex [GO:0031213]
O60318	O60318	GANP_HUMAN	Germinal-center associated nuclear protein (GANP) (EC 2.3.1.48) (80 kDa MCM3-associated protein) (MCM3 acetylating protein) (MCM3AP) (EC 2.3.1.-) (MCM3 acetyltransferase)	MCM3AP GANP KIAA0572 MAP80	mRNA export from nucleus [GO:0006406]; nucleosome organization [GO:0034728]; poly(A)+ mRNA export from nucleus [GO:0016973]; somatic hypermutation of immunoglobulin genes [GO:0016446]	chromatin binding [GO:0003682]; H3 histone acetyltransferase activity [GO:0010484]; histone acetyltransferase activity [GO:0004402]; histone binding [GO:0042393]; nucleic acid binding [GO:0003676]	chromosome [GO:0005694]; cytoplasm [GO:0005737]; cytosol [GO:0005829]; nuclear membrane [GO:0031965]; nuclear pore nuclear basket [GO:0044615]; nucleoplasm [GO:0005654]; nucleus [GO:0005634]; transcription export complex 2 [GO:0070390]
O60524	O60524	NEMF_HUMAN	Nuclear export mediator factor NEMF (Antigen NY-CO-1) (Serologically defined colon cancer antigen 1)	NEMF SDCCAG1	nuclear export [GO:0051168]; rescue of stalled ribosome [GO:0072344]; ribosome-associated ubiquitin-dependent protein catabolic process [GO:1990116]	ribosomal large subunit binding [GO:0043023]; tRNA binding [GO:0000049]	nucleus [GO:0005634]; RQC complex [GO:1990112]
O60711	O60711	LPXN_HUMAN	Leupaxin	LPXN LDLP	cell adhesion [GO:0007155]; endothelial cell migration [GO:0043542]; negative regulation of B cell receptor signaling pathway [GO:0050859]; negative regulation of cell adhesion [GO:0007162]; protein-containing complex assembly [GO:0065003]; regulation of cell adhesion mediated by integrin [GO:0033628]; signal transduction [GO:0007165]; substrate adhesion-dependent cell spreading [GO:0034446]; transforming growth factor beta receptor signaling pathway [GO:0007179]	metal ion binding [GO:0046872]; transcription coregulator activity [GO:0003712]	cell projection [GO:0042995]; cytoplasm [GO:0005737]; cytosol [GO:0005829]; focal adhesion [GO:0005925]; membrane [GO:0016020]; nuclear speck [GO:0016607]; nucleus [GO:0005634]; perinuclear region of cytoplasm [GO:0048471]; plasma membrane [GO:0005886]; podosome [GO:0002102]
O60749	O60749	SNX2_HUMAN	Sorting nexin-2 (Transformation-related gene 9 protein) (TRG-9)	SNX2 TRG9	early endosome to Golgi transport [GO:0034498]; endocytosis [GO:0006897]; intracellular protein transport [GO:0006886]; lamellipodium morphogenesis [GO:0072673]; retrograde transport, endosome to Golgi [GO:0042147]	cadherin binding [GO:0045296]; epidermal growth factor receptor binding [GO:0005154]; identical protein binding [GO:0042802]; insulin receptor binding [GO:0005158]; leptin receptor binding [GO:1990460]; phosphatidylinositol binding [GO:0035091]; protein heterodimerization activity [GO:0046982]; protein homodimerization activity [GO:0042803]; transferrin receptor binding [GO:1990459]	cytoplasm [GO:0005737]; cytosol [GO:0005829]; early endosome membrane [GO:0031901]; endosome [GO:0005768]; endosome membrane [GO:0010008]; lamellipodium [GO:0030027]; lysosome [GO:0005764]; membrane [GO:0016020]; protein-containing complex [GO:0032991]; retromer, tubulation complex [GO:0030905]; retromer complex [GO:0030904]
O60832	O60832	DKC1_HUMAN	H/ACA ribonucleoprotein complex subunit DKC1 (EC 5.4.99.-) (CBF5 homolog) (Dyskerin) (Nopp140-associated protein of 57 kDa) (Nucleolar protein NAP57) (Nucleolar protein family A member 4) (snoRNP protein DKC1)	DKC1 NOLA4	box H/ACA RNA 3'-end processing [GO:0000495]; enzyme-directed rRNA pseudouridine synthesis [GO:0000455]; mRNA pseudouridine synthesis [GO:1990481]; positive regulation of establishment of protein localization to telomere [GO:1904851]; positive regulation of protein localization to Cajal body [GO:1904871]; positive regulation of telomerase activity [GO:0051973]; positive regulation of telomerase RNA localization to Cajal body [GO:1904874]; positive regulation of telomere maintenance via telomerase [GO:0032212]; regulation of telomerase RNA localization to Cajal body [GO:1904872]; RNA processing [GO:0006396]; rRNA processing [GO:0006364]; rRNA pseudouridine synthesis [GO:0031118]; scaRNA localization to Cajal body [GO:0090666]; snRNA pseudouridine synthesis [GO:0031120]; telomerase RNA stabilization [GO:0090669]; telomere maintenance via telomerase [GO:0007004]	box H/ACA snoRNA binding [GO:0034513]; pseudouridine synthase activity [GO:0009982]; RNA binding [GO:0003723]; telomerase activity [GO:0003720]; telomerase RNA binding [GO:0070034]	box H/ACA scaRNP complex [GO:0072589]; box H/ACA snoRNP complex [GO:0031429]; box H/ACA telomerase RNP complex [GO:0090661]; cytoplasm [GO:0005737]; fibrillar center [GO:0001650]; nucleolus [GO:0005730]; nucleoplasm [GO:0005654]; nucleus [GO:0005634]; telomerase holoenzyme complex [GO:0005697]
O75122	O75122	CLAP2_HUMAN	CLIP-associating protein 2 (Cytoplasmic linker-associated protein 2) (Protein Orbit homolog 2) (hOrbit2)	CLASP2 KIAA0627	cell division [GO:0051301]; establishment of mitotic spindle localization [GO:0040001]; establishment or maintenance of cell polarity [GO:0007163]; exit from mitosis [GO:0010458]; Golgi organization [GO:0007030]; microtubule anchoring [GO:0034453]; microtubule cytoskeleton organization [GO:0000226]; microtubule nucleation [GO:0007020]; microtubule organizing center organization [GO:0031023]; mitotic spindle assembly [GO:0090307]; mitotic spindle organization [GO:0007052]; negative regulation of focal adhesion assembly [GO:0051895]; negative regulation of microtubule depolymerization [GO:0007026]; negative regulation of stress fiber assembly [GO:0051497]; negative regulation of wound healing, spreading of epidermal cells [GO:1903690]; platelet-derived growth factor receptor-beta signaling pathway [GO:0035791]; positive regulation of basement membrane assembly involved in embryonic body morphogenesis [GO:1904261]; positive regulation of epithelial cell migration [GO:0010634]; positive regulation of exocytosis [GO:0045921]; positive regulation of extracellular matrix disassembly [GO:0090091]; protein localization to plasma membrane [GO:0072659]; regulation of actin cytoskeleton organization [GO:0032956]; regulation of axon extension [GO:0030516]; regulation of epithelial to mesenchymal transition [GO:0010717]; regulation of gastrulation [GO:0010470]; regulation of microtubule-based process [GO:0032886]; regulation of microtubule polymerization [GO:0031113]; regulation of microtubule polymerization or depolymerization [GO:0031110]; vesicle targeting [GO:0006903]	actin filament binding [GO:0051015]; dystroglycan binding [GO:0002162]; microtubule binding [GO:0008017]; microtubule plus-end binding [GO:0051010]; protein tyrosine kinase binding [GO:1990782]	axonal growth cone [GO:0044295]; basal cortex [GO:0045180]; cell cortex [GO:0005938]; cell leading edge [GO:0031252]; condensed chromosome kinetochore [GO:0000777]; cortical microtubule plus-end [GO:1903754]; cytoplasm [GO:0005737]; cytoplasmic microtubule [GO:0005881]; cytosol [GO:0005829]; Golgi apparatus [GO:0005794]; kinetochore microtubule [GO:0005828]; membrane [GO:0016020]; microtubule [GO:0005874]; microtubule organizing center [GO:0005815]; plasma membrane [GO:0005886]; ruffle membrane [GO:0032587]; spindle microtubule [GO:0005876]; trans-Golgi network [GO:0005802]
O75151	O75151	PHF2_HUMAN	Lysine-specific demethylase PHF2 (EC 1.14.11.-) (GRC5) (PHD finger protein 2)	PHF2 CENP-35 KIAA0662	liver development [GO:0001889]; negative regulation of ribosomal DNA heterochromatin assembly [GO:0061188]; protein demethylation [GO:0006482]; regulation of transcription by RNA polymerase II [GO:0006357]	dioxygenase activity [GO:0051213]; histone demethylase activity (H3-K9 specific) [GO:0032454]; iron ion binding [GO:0005506]; methylated histone binding [GO:0035064]; transcription coactivator activity [GO:0003713]; transcription coregulator activity [GO:0003712]; zinc ion binding [GO:0008270]	condensed chromosome kinetochore [GO:0000777]; kinetochore [GO:0000776]; nucleolus [GO:0005730]; nucleoplasm [GO:0005654]; nucleus [GO:0005634]
O75367	O75367	H2AY_HUMAN	Core histone macro-H2A.1 (Histone macroH2A1) (mH2A1) (Histone H2A.y) (H2A/y) (Medulloblastoma antigen MU-MB-50.205)	MACROH2A1 H2AFY	chromatin silencing [GO:0006342]; dosage compensation [GO:0007549]; establishment of protein localization to chromatin [GO:0071169]; negative regulation of cell cycle G2/M phase transition [GO:1902750]; negative regulation of gene expression, epigenetic [GO:0045814]; negative regulation of histone H3-K27 methylation [GO:0061086]; negative regulation of histone H3-K4 methylation [GO:0051572]; negative regulation of histone phosphorylation [GO:0033128]; negative regulation of protein localization to chromosome, telomeric region [GO:1904815]; negative regulation of protein serine/threonine kinase activity [GO:0071901]; negative regulation of response to oxidative stress [GO:1902883]; negative regulation of transcription by RNA polymerase II [GO:0000122]; negative regulation of transcription of nucleolar large rRNA by RNA polymerase I [GO:1901837]; nucleosome assembly [GO:0006334]; positive regulation of endodermal cell differentiation [GO:1903226]; positive regulation of gene expression, epigenetic [GO:0045815]; positive regulation of keratinocyte differentiation [GO:0045618]; positive regulation of maintenance of mitotic sister chromatid cohesion [GO:0034184]; positive regulation of response to oxidative stress [GO:1902884]; regulation of gene expression, epigenetic [GO:0040029]; regulation of lipid metabolic process [GO:0019216]; regulation of response to oxidative stress [GO:1902882]	chromatin DNA binding [GO:0031490]; DNA binding [GO:0003677]; double-stranded methylated DNA binding [GO:0010385]; enzyme binding [GO:0019899]; nucleosomal DNA binding [GO:0031492]; promoter-specific chromatin binding [GO:1990841]; protein heterodimerization activity [GO:0046982]; protein kinase binding [GO:0019901]; protein serine/threonine kinase inhibitor activity [GO:0030291]; rDNA binding [GO:0000182]; RNA polymerase II core promoter sequence-specific DNA binding [GO:0000979]; RNA polymerase II transcription regulatory region sequence-specific DNA binding [GO:0000977]; transcription regulatory region sequence-specific DNA binding [GO:0000976]	Barr body [GO:0001740]; chromatin [GO:0000785]; chromosome, telomeric region [GO:0000781]; condensed chromosome [GO:0000793]; extracellular exosome [GO:0070062]; nuclear chromosome [GO:0000228]; nucleolus [GO:0005730]; nucleoplasm [GO:0005654]; nucleosome [GO:0000786]; nucleus [GO:0005634]; pericentric heterochromatin [GO:0005721]; sex chromatin [GO:0001739]
O75376	O75376	NCOR1_HUMAN	Nuclear receptor corepressor 1 (N-CoR) (N-CoR1)	NCOR1 KIAA1047	chromatin organization [GO:0006325]; circadian rhythm [GO:0007623]; intracellular receptor signaling pathway [GO:0030522]; locomotor rhythm [GO:0045475]; negative regulation of androgen receptor signaling pathway [GO:0060766]; negative regulation of fatty acid metabolic process [GO:0045922]; negative regulation of glycolytic process [GO:0045820]; negative regulation of JNK cascade [GO:0046329]; negative regulation of production of miRNAs involved in gene silencing by miRNA [GO:1903799]; negative regulation of transcription, DNA-templated [GO:0045892]; negative regulation of transcription by RNA polymerase II [GO:0000122]; regulation of lipid metabolic process [GO:0019216]; spindle assembly [GO:0051225]; transcription initiation from RNA polymerase II promoter [GO:0006367]	histone deacetylase binding [GO:0042826]; nuclear hormone receptor binding [GO:0035257]; RNA polymerase II activating transcription factor binding [GO:0001102]; thyroid hormone receptor binding [GO:0046966]; transcription corepressor activity [GO:0003714]; transcription regulatory region sequence-specific DNA binding [GO:0000976]	chromatin [GO:0000785]; cytosol [GO:0005829]; histone deacetylase complex [GO:0000118]; membrane [GO:0016020]; mitotic spindle [GO:0072686]; nucleoplasm [GO:0005654]; nucleus [GO:0005634]; transcription repressor complex [GO:0017053]
O75396	O75396	SC22B_HUMAN	Vesicle-trafficking protein SEC22b (ER-Golgi SNARE of 24 kDa) (ERS-24) (ERS24) (SEC22 vesicle-trafficking protein homolog B) (SEC22 vesicle-trafficking protein-like 1)	SEC22B SEC22L1	antigen processing and presentation of exogenous peptide antigen via MHC class I, TAP-dependent [GO:0002479]; COPII vesicle coating [GO:0048208]; endoplasmic reticulum to Golgi vesicle-mediated transport [GO:0006888]; negative regulation of autophagosome assembly [GO:1902902]; positive regulation of protein catabolic process [GO:0045732]; protein transport [GO:0015031]; retrograde vesicle-mediated transport, Golgi to endoplasmic reticulum [GO:0006890]; vesicle fusion with endoplasmic reticulum-Golgi intermediate compartment (ERGIC) membrane [GO:1990668]; vesicle fusion with Golgi apparatus [GO:0048280]	SNAP receptor activity [GO:0005484]; syntaxin binding [GO:0019905]	COPI-coated vesicle [GO:0030137]; endoplasmic reticulum-Golgi intermediate compartment [GO:0005793]; endoplasmic reticulum-Golgi intermediate compartment membrane [GO:0033116]; endoplasmic reticulum membrane [GO:0005789]; ER to Golgi transport vesicle membrane [GO:0012507]; Golgi membrane [GO:0000139]; integral component of membrane [GO:0016021]; melanosome [GO:0042470]; phagocytic vesicle membrane [GO:0030670]; SNARE complex [GO:0031201]; synaptic vesicle [GO:0008021]; transport vesicle [GO:0030133]
O75427	O75427	LRCH4_HUMAN	Leucine-rich repeat and calponin homology domain-containing protein 4 (Leucine-rich repeat neuronal protein 4) (Leucine-rich neuronal protein)	LRCH4 LRN LRRN1 LRRN4	nervous system development [GO:0007399]		PML body [GO:0016605]
O75475	O75475	PSIP1_HUMAN	PC4 and SFRS1-interacting protein (CLL-associated antigen KW-7) (Dense fine speckles 70 kDa protein) (DFS 70) (Lens epithelium-derived growth factor) (Transcriptional coactivator p75/p52)	PSIP1 DFS70 LEDGF PSIP2	establishment of integrated proviral latency [GO:0075713]; mRNA 5'-splice site recognition [GO:0000395]; nuclear transport [GO:0051169]; positive regulation of transcription by RNA polymerase II [GO:0045944]; regulation of transcription by RNA polymerase II [GO:0006357]; response to heat [GO:0009408]; response to oxidative stress [GO:0006979]	activating transcription factor binding [GO:0033613]; chromatin binding [GO:0003682]; double-stranded DNA binding [GO:0003690]; RNA binding [GO:0003723]; supercoiled DNA binding [GO:0097100]; transcription coactivator activity [GO:0003713]; transcription coregulator activity [GO:0003712]	cytosol [GO:0005829]; heterochromatin [GO:0000792]; nuclear periphery [GO:0034399]; nucleoplasm [GO:0005654]; nucleus [GO:0005634]; transcriptionally active chromatin [GO:0035327]
O75533	O75533	SF3B1_HUMAN	Splicing factor 3B subunit 1 (Pre-mRNA-splicing factor SF3b 155 kDa subunit) (SF3b155) (Spliceosome-associated protein 155) (SAP 155)	SF3B1 SAP155	mRNA splicing, via spliceosome [GO:0000398]; positive regulation of gene expression, epigenetic [GO:0045815]; RNA splicing [GO:0008380]; RNA splicing, via transesterification reactions [GO:0000375]; spliceosomal complex assembly [GO:0000245]	mRNA binding [GO:0003729]; RNA binding [GO:0003723]; splicing factor binding [GO:1990935]	catalytic step 2 spliceosome [GO:0071013]; nuclear speck [GO:0016607]; nucleoplasm [GO:0005654]; nucleus [GO:0005634]; spliceosomal complex [GO:0005681]; U11/U12 snRNP [GO:0034693]; U12-type spliceosomal complex [GO:0005689]; U2 snRNP [GO:0005686]; U2-type precatalytic spliceosome [GO:0071005]; U2-type prespliceosome [GO:0071004]
O75592	O75592	MYCB2_HUMAN	E3 ubiquitin-protein ligase MYCBP2 (EC 2.3.2.33) (Myc-binding protein 2) (Protein associated with Myc)	MYCBP2 KIAA0916 PAM	branchiomotor neuron axon guidance [GO:0021785]; central nervous system projection neuron axonogenesis [GO:0021952]; circadian regulation of gene expression [GO:0032922]; negative regulation of protein catabolic process [GO:0042177]; neuromuscular process [GO:0050905]; positive regulation of protein ubiquitination [GO:0031398]; protein ubiquitination [GO:0016567]; regulation of axon guidance [GO:1902667]; regulation of cytoskeleton organization [GO:0051493]; regulation of protein localization [GO:0032880]	guanyl-nucleotide exchange factor activity [GO:0005085]; identical protein binding [GO:0042802]; small GTPase binding [GO:0031267]; ubiquitin protein ligase activity [GO:0061630]; zinc ion binding [GO:0008270]	axon [GO:0030424]; cytoplasm [GO:0005737]; intracellular membrane-bounded organelle [GO:0043231]; membrane [GO:0016020]; microtubule cytoskeleton [GO:0015630]; nucleoplasm [GO:0005654]; nucleus [GO:0005634]
O75683	O75683	SURF6_HUMAN	Surfeit locus protein 6	SURF6 SURF-6	ribosomal large subunit biogenesis [GO:0042273]; ribosomal small subunit biogenesis [GO:0042274]	DNA binding [GO:0003677]; RNA binding [GO:0003723]	chromosome [GO:0005694]; granular component [GO:0001652]; nucleolus [GO:0005730]; nucleoplasm [GO:0005654]
O75717	O75717	WDHD1_HUMAN	WD repeat and HMG-box DNA-binding protein 1 (Acidic nucleoplasmic DNA-binding protein 1) (And-1)	WDHD1 AND1	DNA-dependent DNA replication [GO:0006261]; DNA repair [GO:0006281]; mitotic cell cycle [GO:0000278]	chromatin binding [GO:0003682]; DNA binding [GO:0003677]	cytoplasm [GO:0005737]; nuclear replication fork [GO:0043596]; nucleoplasm [GO:0005654]
O75995	O75995	SASH3_HUMAN	SAM and SH3 domain-containing protein 3 (SH3 protein expressed in lymphocytes homolog)	SASH3 CXorf9 SLY	homeostasis of number of cells within a tissue [GO:0048873]; positive regulation of adaptive immune response [GO:0002821]; positive regulation of B cell proliferation [GO:0030890]; positive regulation of CD4-positive, alpha-beta T cell differentiation [GO:0043372]; positive regulation of immunoglobulin production [GO:0002639]; positive regulation of interferon-gamma production [GO:0032729]; positive regulation of interleukin-10 production [GO:0032733]; positive regulation of interleukin-2 production [GO:0032743]; positive regulation of interleukin-4 production [GO:0032753]; positive regulation of organ growth [GO:0046622]; positive regulation of T cell cytokine production [GO:0002726]; positive regulation of T cell proliferation [GO:0042102]; positive regulation of tumor necrosis factor production [GO:0032760]		cytoplasm [GO:0005737]; nucleus [GO:0005634]
O76021	O76021	RL1D1_HUMAN	Ribosomal L1 domain-containing protein 1 (CATX-11) (Cellular senescence-inhibited gene protein) (Protein PBK1)	RSL1D1 CATX11 CSIG PBK1 L12	maturation of LSU-rRNA [GO:0000470]; osteoblast differentiation [GO:0001649]; regulation of apoptotic process [GO:0042981]; regulation of cellular senescence [GO:2000772]; regulation of protein localization [GO:0032880]	cadherin binding [GO:0045296]; mRNA 3'-UTR binding [GO:0003730]; mRNA 5'-UTR binding [GO:0048027]; RNA binding [GO:0003723]	90S preribosome [GO:0030686]; chromosome [GO:0005694]; membrane [GO:0016020]; nucleolus [GO:0005730]
O76094	O76094	SRP72_HUMAN	Signal recognition particle subunit SRP72 (SRP72) (Signal recognition particle 72 kDa protein)	SRP72	SRP-dependent cotranslational protein targeting to membrane [GO:0006614]	7S RNA binding [GO:0008312]; RNA binding [GO:0003723]; signal recognition particle binding [GO:0005047]; TPR domain binding [GO:0030911]	cytosol [GO:0005829]; endoplasmic reticulum [GO:0005783]; signal recognition particle [GO:0048500]; signal recognition particle, endoplasmic reticulum targeting [GO:0005786]
O94776	O94776	MTA2_HUMAN	Metastasis-associated protein MTA2 (Metastasis-associated 1-like 1) (MTA1-L1 protein) (p53 target protein in deacetylase complex)	MTA2 MTA1L1 PID	ATP-dependent chromatin remodeling [GO:0043044]; chromatin assembly or disassembly [GO:0006333]; DNA methylation [GO:0006306]; histone deacetylation [GO:0016575]; negative regulation of transcription by RNA polymerase II [GO:0000122]; positive regulation of transcription by RNA polymerase II [GO:0045944]; regulation of fibroblast migration [GO:0010762]; regulation of signal transduction by p53 class mediator [GO:1901796]	chromatin binding [GO:0003682]; histone deacetylase activity [GO:0004407]; histone deacetylase binding [GO:0042826]; RNA polymerase II repressing transcription factor binding [GO:0001103]; RNA polymerase II transcription factor binding [GO:0001085]; sequence-specific DNA binding [GO:0043565]; transcription coactivator activity [GO:0003713]; transcription corepressor activity [GO:0003714]; zinc ion binding [GO:0008270]	chromatin [GO:0000785]; histone deacetylase complex [GO:0000118]; membrane [GO:0016020]; nucleoplasm [GO:0005654]; NuRD complex [GO:0016581]; protein-containing complex [GO:0032991]; transcription regulator complex [GO:0005667]
O94804	O94804	STK10_HUMAN	Serine/threonine-protein kinase 10 (EC 2.7.11.1) (Lymphocyte-oriented kinase)	STK10 LOK	cell cycle [GO:0007049]; lymphocyte aggregation [GO:0071593]; neutrophil degranulation [GO:0043312]; protein autophosphorylation [GO:0046777]; protein phosphorylation [GO:0006468]; regulation of lymphocyte migration [GO:2000401]	ATP binding [GO:0005524]; identical protein binding [GO:0042802]; protein homodimerization activity [GO:0042803]; protein serine/threonine kinase activity [GO:0004674]; protein serine kinase activity [GO:0106310]; protein threonine kinase activity [GO:0106311]	extracellular exosome [GO:0070062]; plasma membrane [GO:0005886]; specific granule membrane [GO:0035579]
O94826	O94826	TOM70_HUMAN	Mitochondrial import receptor subunit TOM70 (Mitochondrial precursor proteins import receptor) (Translocase of outer membrane 70 kDa subunit) (Translocase of outer mitochondrial membrane protein 70)	TOMM70 KIAA0719 TOM70 TOMM70A	activation of innate immune response [GO:0002218]; cellular response to virus [GO:0098586]; macroautophagy [GO:0016236]; positive regulation of defense response to virus by host [GO:0002230]; positive regulation of interferon-beta production [GO:0032728]; protein import into mitochondrial matrix [GO:0030150]; protein insertion into mitochondrial inner membrane [GO:0045039]; protein targeting to mitochondrion [GO:0006626]; regulation of apoptotic process [GO:0042981]	mitochondrion targeting sequence binding [GO:0030943]; protein transmembrane transporter activity [GO:0008320]	extracellular exosome [GO:0070062]; integral component of membrane [GO:0016021]; membrane [GO:0016020]; mitochondrial outer membrane [GO:0005741]; mitochondrial outer membrane translocase complex [GO:0005742]; mitochondrion [GO:0005739]
O94885	O94885	SASH1_HUMAN	SAM and SH3 domain-containing protein 1 (Proline-glutamate repeat-containing protein)	SASH1 KIAA0790 PEPE1	positive regulation of angiogenesis [GO:0045766]; positive regulation of endothelial cell migration [GO:0010595]; positive regulation of JUN kinase activity [GO:0043507]; positive regulation of lipopolysaccharide-mediated signaling pathway [GO:0031666]; positive regulation of NIK/NF-kappaB signaling [GO:1901224]; positive regulation of p38MAPK cascade [GO:1900745]; protein polyubiquitination [GO:0000209]; regulation of epithelial cell migration [GO:0010632]; regulation of protein autoubiquitination [GO:1902498]; regulation of protein K63-linked ubiquitination [GO:1900044]	G-protein alpha-subunit binding [GO:0001965]; mitogen-activated protein kinase kinase kinase binding [GO:0031435]; molecular adaptor activity [GO:0060090]; protein C-terminus binding [GO:0008022]; protein kinase binding [GO:0019901]	cytoplasm [GO:0005737]; protein-containing complex [GO:0032991]
O94913	O94913	PCF11_HUMAN	Pre-mRNA cleavage complex 2 protein Pcf11 (Pre-mRNA cleavage complex II protein Pcf11)	PCF11 KIAA0824	mRNA 3'-end processing [GO:0031124]; mRNA cleavage [GO:0006379]; mRNA polyadenylation [GO:0006378]; mRNA splicing, via spliceosome [GO:0000398]; termination of RNA polymerase II transcription [GO:0006369]	mRNA binding [GO:0003729]; RNA polymerase II complex binding [GO:0000993]	cytoplasm [GO:0005737]; mitochondrion [GO:0005739]; mRNA cleavage factor complex [GO:0005849]; nucleoplasm [GO:0005654]
O95071	O95071	UBR5_HUMAN	E3 ubiquitin-protein ligase UBR5 (EC 2.3.2.26) (E3 ubiquitin-protein ligase, HECT domain-containing 1) (HECT-type E3 ubiquitin transferase UBR5) (Hyperplastic discs protein homolog) (hHYD) (Progestin-induced protein)	UBR5 EDD EDD1 HYD KIAA0896	cellular response to DNA damage stimulus [GO:0006974]; DNA repair [GO:0006281]; negative regulation of double-strand break repair [GO:2000780]; negative regulation of histone H2A K63-linked ubiquitination [GO:1901315]; positive regulation of canonical Wnt signaling pathway [GO:0090263]; positive regulation of gene expression [GO:0010628]; positive regulation of protein import into nucleus [GO:0042307]; progesterone receptor signaling pathway [GO:0050847]; protein K48-linked ubiquitination [GO:0070936]; protein polyubiquitination [GO:0000209]; regulation of double-strand break repair [GO:2000779]; viral process [GO:0016032]	RNA binding [GO:0003723]; ubiquitin binding [GO:0043130]; ubiquitin protein ligase activity [GO:0061630]; ubiquitin-ubiquitin ligase activity [GO:0034450]; zinc ion binding [GO:0008270]	cytosol [GO:0005829]; membrane [GO:0016020]; nucleoplasm [GO:0005654]; nucleus [GO:0005634]; perinuclear region of cytoplasm [GO:0048471]; protein-containing complex [GO:0032991]
O95155	O95155	UBE4B_HUMAN	Ubiquitin conjugation factor E4 B (EC 2.3.2.27) (Homozygously deleted in neuroblastoma 1) (RING-type E3 ubiquitin transferase E4 B) (Ubiquitin fusion degradation protein 2)	UBE4B HDNB1 KIAA0684 UFD2	granzyme-mediated apoptotic signaling pathway [GO:0008626]; proteasome-mediated ubiquitin-dependent protein catabolic process [GO:0043161]; protein polyubiquitination [GO:0000209]; response to UV [GO:0009411]; ubiquitin-dependent ERAD pathway [GO:0030433]; ubiquitin-dependent protein catabolic process [GO:0006511]	ATPase binding [GO:0051117]; enzyme binding [GO:0019899]; ubiquitin-ubiquitin ligase activity [GO:0034450]	cytoplasm [GO:0005737]; nucleus [GO:0005634]; ubiquitin ligase complex [GO:0000151]
O95365	O95365	ZBT7A_HUMAN	Zinc finger and BTB domain-containing protein 7A (Factor binding IST protein 1) (FBI-1) (Factor that binds to inducer of short transcripts protein 1) (HIV-1 1st-binding protein 1) (Leukemia/lymphoma-related factor) (POZ and Krueppel erythroid myeloid ontogenic factor) (POK erythroid myeloid ontogenic factor) (Pokemon) (Pokemon 1) (TTF-I-interacting peptide 21) (TIP21) (Zinc finger protein 857A)	ZBTB7A FBI1 LRF ZBTB7 ZNF857A	B cell differentiation [GO:0030183]; chromatin organization [GO:0006325]; chromatin remodeling [GO:0006338]; double-strand break repair via classical nonhomologous end joining [GO:0097680]; erythrocyte maturation [GO:0043249]; fat cell differentiation [GO:0045444]; negative regulation of androgen receptor signaling pathway [GO:0060766]; negative regulation of Notch signaling pathway [GO:0045746]; negative regulation of transcription, DNA-templated [GO:0045892]; negative regulation of transcription by RNA polymerase II [GO:0000122]; negative regulation of transforming growth factor beta receptor signaling pathway [GO:0030512]; positive regulation of NF-kappaB transcription factor activity [GO:0051092]; protein localization to nucleus [GO:0034504]; regulation of alternative mRNA splicing, via spliceosome [GO:0000381]; regulation of apoptotic process [GO:0042981]; regulation of DNA-binding transcription factor activity [GO:0051090]; regulation of glycolytic process [GO:0006110]; regulation of transcription by RNA polymerase II [GO:0006357]; regulation of transcription regulatory region DNA binding [GO:2000677]; transcription, DNA-templated [GO:0006351]	activating transcription factor binding [GO:0033613]; androgen receptor binding [GO:0050681]; DNA binding [GO:0003677]; DNA-binding transcription factor activity [GO:0003700]; DNA-binding transcription factor activity, RNA polymerase II-specific [GO:0000981]; DNA-binding transcription repressor activity, RNA polymerase II-specific [GO:0001227]; histone acetyltransferase binding [GO:0035035]; metal ion binding [GO:0046872]; RNA polymerase II cis-regulatory region sequence-specific DNA binding [GO:0000978]; sequence-specific double-stranded DNA binding [GO:1990837]; SMAD binding [GO:0046332]; transcription corepressor binding [GO:0001222]	cytoplasm [GO:0005737]; DNA-dependent protein kinase complex [GO:0070418]; nucleus [GO:0005634]; site of double-strand break [GO:0035861]
O95394	O95394	AGM1_HUMAN	Phosphoacetylglucosamine mutase (PAGM) (EC 5.4.2.3) (Acetylglucosamine phosphomutase) (N-acetylglucosamine-phosphate mutase) (Phosphoglucomutase-3) (PGM 3)	PGM3 AGM1	carbohydrate metabolic process [GO:0005975]; glucosamine metabolic process [GO:0006041]; glucose 1-phosphate metabolic process [GO:0019255]; hemopoiesis [GO:0030097]; protein N-linked glycosylation [GO:0006487]; protein O-linked glycosylation [GO:0006493]; spermatogenesis [GO:0007283]; UDP-N-acetylglucosamine biosynthetic process [GO:0006048]	magnesium ion binding [GO:0000287]; phosphoacetylglucosamine mutase activity [GO:0004610]; phosphoglucomutase activity [GO:0004614]	cytosol [GO:0005829]
O95466	O95466	FMNL1_HUMAN	Formin-like protein 1 (CLL-associated antigen KW-13) (Leukocyte formin)	FMNL1 C17orf1 C17orf1B FMNL FRL1	actin filament severing [GO:0051014]; cell migration [GO:0016477]; cortical actin cytoskeleton organization [GO:0030866]; regulation of cell shape [GO:0008360]	actin filament binding [GO:0051015]; GTPase activating protein binding [GO:0032794]; small GTPase binding [GO:0031267]	bleb [GO:0032059]; cell cortex [GO:0005938]; cytosol [GO:0005829]; extracellular exosome [GO:0070062]; membrane [GO:0016020]; phagocytic vesicle [GO:0045335]; plasma membrane [GO:0005886]
O95487	O95487	SC24B_HUMAN	Protein transport protein Sec24B (SEC24-related protein B)	SEC24B	antigen processing and presentation of exogenous peptide antigen via MHC class II [GO:0019886]; antigen processing and presentation of peptide antigen via MHC class I [GO:0002474]; aorta morphogenesis [GO:0035909]; auditory receptor cell stereocilium organization [GO:0060088]; cochlear nucleus development [GO:0021747]; COPII-coated vesicle cargo loading [GO:0090110]; COPII vesicle coating [GO:0048208]; coronary artery morphogenesis [GO:0060982]; endoplasmic reticulum to Golgi vesicle-mediated transport [GO:0006888]; intracellular protein transport [GO:0006886]; lung lobe morphogenesis [GO:0060463]; neural tube closure [GO:0001843]; outflow tract morphogenesis [GO:0003151]; pulmonary artery morphogenesis [GO:0061156]; regulation of cargo loading into COPII-coated vesicle [GO:1901301]; regulation of establishment of planar polarity involved in neural tube closure [GO:0090178]	SNARE binding [GO:0000149]; zinc ion binding [GO:0008270]	COPII vesicle coat [GO:0030127]; cytosol [GO:0005829]; endoplasmic reticulum exit site [GO:0070971]; endoplasmic reticulum membrane [GO:0005789]; ER to Golgi transport vesicle membrane [GO:0012507]
O95613	O95613	PCNT_HUMAN	Pericentrin (Kendrin) (Pericentrin-B)	PCNT KIAA0402 PCNT2	aggrephagy [GO:0035973]; ciliary basal body-plasma membrane docking [GO:0097711]; cilium assembly [GO:0060271]; G2/M transition of mitotic cell cycle [GO:0000086]; microtubule cytoskeleton organization [GO:0000226]; mitotic spindle organization [GO:0007052]; positive regulation of intracellular protein transport [GO:0090316]; regulation of G2/M transition of mitotic cell cycle [GO:0010389]; signal transduction [GO:0007165]	calmodulin binding [GO:0005516]; molecular adaptor activity [GO:0060090]	centriolar satellite [GO:0034451]; centriole [GO:0005814]; centrosome [GO:0005813]; cytosol [GO:0005829]; membrane [GO:0016020]; microtubule [GO:0005874]
P02545	P02545	LMNA_HUMAN	Prelamin-A/C [Cleaved into: Lamin-A/C (70 kDa lamin) (Renal carcinoma antigen NY-REN-32)]	LMNA LMN1	cellular protein localization [GO:0034613]; cellular response to hypoxia [GO:0071456]; DNA double-strand break attachment to nuclear envelope [GO:1990683]; establishment or maintenance of microtubule cytoskeleton polarity [GO:0030951]; IRE1-mediated unfolded protein response [GO:0036498]; mitotic nuclear envelope reassembly [GO:0007084]; muscle organ development [GO:0007517]; negative regulation of cardiac muscle hypertrophy in response to stress [GO:1903243]; negative regulation of cell population proliferation [GO:0008285]; nuclear envelope organization [GO:0006998]; positive regulation of cell aging [GO:0090343]; protein localization to nucleus [GO:0034504]; regulation of cell migration [GO:0030334]; regulation of telomere maintenance [GO:0032204]	identical protein binding [GO:0042802]; structural molecule activity [GO:0005198]	cytosol [GO:0005829]; intermediate filament [GO:0005882]; lamin filament [GO:0005638]; nuclear body [GO:0016604]; nuclear envelope [GO:0005635]; nuclear lamina [GO:0005652]; nuclear matrix [GO:0016363]; nuclear membrane [GO:0031965]; nuclear speck [GO:0016607]; nucleoplasm [GO:0005654]; nucleus [GO:0005634]; perinuclear region of cytoplasm [GO:0048471]; site of double-strand break [GO:0035861]
P02765	P02765	FETUA_HUMAN	Alpha-2-HS-glycoprotein (Alpha-2-Z-globulin) (Ba-alpha-2-glycoprotein) (Fetuin-A) [Cleaved into: Alpha-2-HS-glycoprotein chain A; Alpha-2-HS-glycoprotein chain B]	AHSG FETUA PRO2743	acute-phase response [GO:0006953]; cellular protein metabolic process [GO:0044267]; negative regulation of bone mineralization [GO:0030502]; negative regulation of endopeptidase activity [GO:0010951]; negative regulation of insulin receptor signaling pathway [GO:0046627]; neutrophil degranulation [GO:0043312]; pinocytosis [GO:0006907]; platelet degranulation [GO:0002576]; positive regulation of phagocytosis [GO:0050766]; post-translational protein modification [GO:0043687]; regulation of bone mineralization [GO:0030500]; regulation of inflammatory response [GO:0050727]; skeletal system development [GO:0001501]	cysteine-type endopeptidase inhibitor activity [GO:0004869]; endopeptidase inhibitor activity [GO:0004866]; kinase inhibitor activity [GO:0019210]	blood microparticle [GO:0072562]; collagen-containing extracellular matrix [GO:0062023]; endoplasmic reticulum lumen [GO:0005788]; extracellular exosome [GO:0070062]; extracellular matrix [GO:0031012]; extracellular region [GO:0005576]; extracellular space [GO:0005615]; Golgi apparatus [GO:0005794]; platelet alpha granule lumen [GO:0031093]; secretory granule lumen [GO:0034774]
P04049	P04049	RAF1_HUMAN	RAF proto-oncogene serine/threonine-protein kinase (EC 2.7.11.1) (Proto-oncogene c-RAF) (cRaf) (Raf-1)	RAF1 RAF	activation of adenylate cyclase activity [GO:0007190]; activation of MAPKK activity [GO:0000186]; adaptive immune response [GO:0002250]; apoptotic process [GO:0006915]; cell differentiation [GO:0030154]; death-inducing signaling complex assembly [GO:0071550]; face development [GO:0060324]; heart development [GO:0007507]; insulin secretion involved in cellular response to glucose stimulus [GO:0035773]; intermediate filament cytoskeleton organization [GO:0045104]; ion transmembrane transport [GO:0034220]; MAPK cascade [GO:0000165]; negative regulation of apoptotic process [GO:0043066]; negative regulation of cell population proliferation [GO:0008285]; negative regulation of cysteine-type endopeptidase activity involved in apoptotic process [GO:0043154]; negative regulation of extrinsic apoptotic signaling pathway via death domain receptors [GO:1902042]; negative regulation of protein-containing complex assembly [GO:0031333]; neurotrophin TRK receptor signaling pathway [GO:0048011]; platelet activation [GO:0030168]; positive regulation of peptidyl-serine phosphorylation [GO:0033138]; positive regulation of transcription by RNA polymerase II [GO:0045944]; protein phosphorylation [GO:0006468]; regulation of apoptotic process [GO:0042981]; regulation of cell differentiation [GO:0045595]; regulation of cell motility [GO:2000145]; regulation of Rho protein signal transduction [GO:0035023]; response to hypoxia [GO:0001666]; response to muscle stretch [GO:0035994]; signal transduction [GO:0007165]; somatic stem cell population maintenance [GO:0035019]; stimulatory C-type lectin receptor signaling pathway [GO:0002223]; thymus development [GO:0048538]; thyroid gland development [GO:0030878]; wound healing [GO:0042060]	adenylate cyclase activator activity [GO:0010856]; adenylate cyclase binding [GO:0008179]; ATP binding [GO:0005524]; enzyme binding [GO:0019899]; identical protein binding [GO:0042802]; MAP kinase kinase kinase activity [GO:0004709]; metal ion binding [GO:0046872]; mitogen-activated protein kinase kinase binding [GO:0031434]; protein-containing complex binding [GO:0044877]; protein kinase activity [GO:0004672]; protein serine/threonine kinase activity [GO:0004674]; protein serine kinase activity [GO:0106310]; protein threonine kinase activity [GO:0106311]	cytoplasm [GO:0005737]; cytosol [GO:0005829]; Golgi apparatus [GO:0005794]; mitochondrial outer membrane [GO:0005741]; mitochondrion [GO:0005739]; nuclear speck [GO:0016607]; plasma membrane [GO:0005886]; pseudopodium [GO:0031143]
P04792	P04792	HSPB1_HUMAN	Heat shock protein beta-1 (HspB1) (28 kDa heat shock protein) (Estrogen-regulated 24 kDa protein) (Heat shock 27 kDa protein) (HSP 27) (Stress-responsive protein 27) (SRP27)	HSPB1 HSP27 HSP28	anterograde axonal protein transport [GO:0099641]; cellular response to vascular endothelial growth factor stimulus [GO:0035924]; chaperone-mediated protein folding [GO:0061077]; intracellular signal transduction [GO:0035556]; negative regulation of apoptotic process [GO:0043066]; negative regulation of oxidative stress-induced intrinsic apoptotic signaling pathway [GO:1902176]; negative regulation of protein kinase activity [GO:0006469]; platelet aggregation [GO:0070527]; positive regulation of angiogenesis [GO:0045766]; positive regulation of blood vessel endothelial cell migration [GO:0043536]; positive regulation of endothelial cell chemotaxis [GO:2001028]; positive regulation of endothelial cell chemotaxis by VEGF-activated vascular endothelial growth factor receptor signaling pathway [GO:0038033]; positive regulation of interleukin-1 beta production [GO:0032731]; positive regulation of tumor necrosis factor production [GO:0032760]; regulation of autophagy [GO:0010506]; regulation of I-kappaB kinase/NF-kappaB signaling [GO:0043122]; regulation of mRNA stability [GO:0043488]; regulation of protein phosphorylation [GO:0001932]; regulation of translational initiation [GO:0006446]; response to unfolded protein [GO:0006986]; response to virus [GO:0009615]; retina homeostasis [GO:0001895]; viral process [GO:0016032]	identical protein binding [GO:0042802]; protein folding chaperone [GO:0044183]; protein homodimerization activity [GO:0042803]; protein kinase binding [GO:0019901]; protein kinase C binding [GO:0005080]; protein kinase C inhibitor activity [GO:0008426]; RNA binding [GO:0003723]; RNA polymerase II-specific DNA-binding transcription factor binding [GO:0061629]; ubiquitin binding [GO:0043130]	axon cytoplasm [GO:1904115]; cytoplasm [GO:0005737]; cytoskeleton [GO:0005856]; cytosol [GO:0005829]; extracellular exosome [GO:0070062]; extracellular space [GO:0005615]; focal adhesion [GO:0005925]; nucleus [GO:0005634]; proteasome complex [GO:0000502]; spindle [GO:0005819]
P04899	P04899	GNAI2_HUMAN	Guanine nucleotide-binding protein G(i) subunit alpha-2 (Adenylate cyclase-inhibiting G alpha protein)	GNAI2 GNAI2B	adenylate cyclase-activating G protein-coupled receptor signaling pathway [GO:0007189]; adenylate cyclase-inhibiting G protein-coupled receptor signaling pathway [GO:0007193]; adenylate cyclase-modulating G protein-coupled receptor signaling pathway [GO:0007188]; cell cycle [GO:0007049]; cell division [GO:0051301]; cell population proliferation [GO:0008283]; gamma-aminobutyric acid signaling pathway [GO:0007214]; G protein-coupled acetylcholine receptor signaling pathway [GO:0007213]; G protein-coupled adenosine receptor signaling pathway [GO:0001973]; G protein-coupled receptor signaling pathway [GO:0007186]; negative regulation of adenylate cyclase-activating adrenergic receptor signaling pathway involved in heart process [GO:0140199]; negative regulation of adenylate cyclase activity [GO:0007194]; negative regulation of apoptotic signaling pathway [GO:2001234]; negative regulation of calcium ion-dependent exocytosis [GO:0045955]; negative regulation of protein tyrosine phosphatase activity [GO:1903614]; negative regulation of synaptic transmission [GO:0050805]; platelet activation [GO:0030168]; positive regulation of cell migration [GO:0030335]; positive regulation of cell population proliferation [GO:0008284]; positive regulation of ERK1 and ERK2 cascade [GO:0070374]; positive regulation of insulin receptor signaling pathway [GO:0046628]; positive regulation of NAD(P)H oxidase activity [GO:0033864]; positive regulation of neural precursor cell proliferation [GO:2000179]; positive regulation of renal sodium excretion [GO:0035815]; positive regulation of superoxide anion generation [GO:0032930]; positive regulation of urine volume [GO:0035810]; positive regulation of vascular associated smooth muscle cell proliferation [GO:1904707]; protein folding [GO:0006457]; regulation of calcium ion transport [GO:0051924]; response to nutrient [GO:0007584]; signal transduction [GO:0007165]	G-protein beta/gamma-subunit complex binding [GO:0031683]; G protein-coupled receptor binding [GO:0001664]; GTPase activity [GO:0003924]; GTP binding [GO:0005525]; metal ion binding [GO:0046872]	cell body [GO:0044297]; centrosome [GO:0005813]; cytoplasm [GO:0005737]; cytosol [GO:0005829]; dendrite [GO:0030425]; extracellular exosome [GO:0070062]; extracellular vesicle [GO:1903561]; heterotrimeric G-protein complex [GO:0005834]; membrane [GO:0016020]; membrane raft [GO:0045121]; midbody [GO:0030496]; nucleoplasm [GO:0005654]; plasma membrane [GO:0005886]; synapse [GO:0045202]
P05114	P05114	HMGN1_HUMAN	Non-histone chromosomal protein HMG-14 (High mobility group nucleosome-binding domain-containing protein 1)	HMGN1 HMG14	chromatin organization [GO:0006325]; positive regulation of DNA-templated transcription, elongation [GO:0032786]; transcription-coupled nucleotide-excision repair [GO:0006283]	chromatin binding [GO:0003682]; DNA binding [GO:0003677]; nucleosomal DNA binding [GO:0031492]	chromatin [GO:0000785]; cytoplasm [GO:0005737]; nucleoplasm [GO:0005654]; nucleus [GO:0005634]
P05387	P05387	RLA2_HUMAN	60S acidic ribosomal protein P2 (Large ribosomal subunit protein P2) (Renal carcinoma antigen NY-REN-44)	RPLP2 D11S2243E RPP2	cytoplasmic translational elongation [GO:0002182]; nuclear-transcribed mRNA catabolic process, nonsense-mediated decay [GO:0000184]; rRNA processing [GO:0006364]; SRP-dependent cotranslational protein targeting to membrane [GO:0006614]; translation [GO:0006412]; translational initiation [GO:0006413]; viral transcription [GO:0019083]	structural constituent of ribosome [GO:0003735]	cytosol [GO:0005829]; cytosolic large ribosomal subunit [GO:0022625]; extracellular exosome [GO:0070062]; focal adhesion [GO:0005925]; membrane [GO:0016020]
P05412	P05412	JUN_HUMAN	Transcription factor AP-1 (Activator protein 1) (AP1) (Proto-oncogene c-Jun) (V-jun avian sarcoma virus 17 oncogene homolog) (p39)	JUN	aging [GO:0007568]; angiogenesis [GO:0001525]; cellular response to cadmium ion [GO:0071276]; cellular response to potassium ion starvation [GO:0051365]; cellular response to reactive oxygen species [GO:0034614]; circadian rhythm [GO:0007623]; Fc-epsilon receptor signaling pathway [GO:0038095]; learning [GO:0007612]; membrane depolarization [GO:0051899]; negative regulation by host of viral transcription [GO:0043922]; negative regulation of DNA binding [GO:0043392]; negative regulation of transcription, DNA-templated [GO:0045892]; negative regulation of transcription by RNA polymerase II [GO:0000122]; negative regulation of transcription from RNA polymerase II promoter in response to endoplasmic reticulum stress [GO:1990441]; positive regulation by host of viral transcription [GO:0043923]; positive regulation of apoptotic process [GO:0043065]; positive regulation of DNA replication [GO:0045740]; positive regulation of DNA-templated transcription, initiation [GO:2000144]; positive regulation of monocyte differentiation [GO:0045657]; positive regulation of neuron apoptotic process [GO:0043525]; positive regulation of pri-miRNA transcription by RNA polymerase II [GO:1902895]; positive regulation of transcription, DNA-templated [GO:0045893]; positive regulation of transcription by RNA polymerase II [GO:0045944]; positive regulation of vascular associated smooth muscle cell proliferation [GO:1904707]; Ras protein signal transduction [GO:0007265]; regulation of cell cycle [GO:0051726]; regulation of cell population proliferation [GO:0042127]; regulation of DNA-binding transcription factor activity [GO:0051090]; regulation of transcription by RNA polymerase II [GO:0006357]; release of cytochrome c from mitochondria [GO:0001836]; response to cAMP [GO:0051591]; response to cytokine [GO:0034097]; response to drug [GO:0042493]; response to hydrogen peroxide [GO:0042542]; response to lipopolysaccharide [GO:0032496]; response to mechanical stimulus [GO:0009612]; response to radiation [GO:0009314]; SMAD protein signal transduction [GO:0060395]; transcription by RNA polymerase II [GO:0006366]; transforming growth factor beta receptor signaling pathway [GO:0007179]	cAMP response element binding [GO:0035497]; DNA binding [GO:0003677]; DNA-binding transcription activator activity, RNA polymerase II-specific [GO:0001228]; DNA-binding transcription factor activity [GO:0003700]; DNA-binding transcription factor activity, RNA polymerase II-specific [GO:0000981]; DNA-binding transcription repressor activity, RNA polymerase II-specific [GO:0001227]; enzyme binding [GO:0019899]; GTPase activator activity [GO:0005096]; HMG box domain binding [GO:0071837]; identical protein binding [GO:0042802]; protein-containing complex binding [GO:0044877]; RNA binding [GO:0003723]; RNA polymerase II activating transcription factor binding [GO:0001102]; RNA polymerase II cis-regulatory region sequence-specific DNA binding [GO:0000978]; R-SMAD binding [GO:0070412]; sequence-specific double-stranded DNA binding [GO:1990837]; transcription factor binding [GO:0008134]; transcription regulatory region sequence-specific DNA binding [GO:0000976]; ubiquitin-like protein ligase binding [GO:0044389]; ubiquitin protein ligase binding [GO:0031625]	chromatin [GO:0000785]; cytosol [GO:0005829]; euchromatin [GO:0000791]; nuclear chromosome [GO:0000228]; nucleoplasm [GO:0005654]; nucleus [GO:0005634]; plasma membrane [GO:0005886]; transcription factor AP-1 complex [GO:0035976]; transcription regulator complex [GO:0005667]
P05455	P05455	LA_HUMAN	Lupus La protein (La autoantigen) (La ribonucleoprotein) (Sjoegren syndrome type B antigen) (SS-B)	SSB	histone mRNA metabolic process [GO:0008334]; IRES-dependent viral translational initiation [GO:0075522]; nuclear histone mRNA catabolic process [GO:0071045]; protein localization to cytoplasmic stress granule [GO:1903608]; tRNA 3'-end processing [GO:0042780]; tRNA 5'-leader removal [GO:0001682]; tRNA export from nucleus [GO:0006409]; tRNA modification [GO:0006400]; tRNA processing [GO:0008033]	mRNA binding [GO:0003729]; poly(U) RNA binding [GO:0008266]; RNA binding [GO:0003723]; sequence-specific mRNA binding [GO:1990825]; tRNA binding [GO:0000049]	chromosome, telomeric region [GO:0000781]; cytoplasm [GO:0005737]; nucleus [GO:0005634]; ribonucleoprotein complex [GO:1990904]
P05771	P05771	KPCB_HUMAN	Protein kinase C beta type (PKC-B) (PKC-beta) (EC 2.7.11.13)	PRKCB PKCB PRKCB1	adaptive immune response [GO:0002250]; apoptotic process [GO:0006915]; B cell activation [GO:0042113]; B cell receptor signaling pathway [GO:0050853]; calcium ion transport [GO:0006816]; cellular calcium ion homeostasis [GO:0006874]; cellular response to carbohydrate stimulus [GO:0071322]; histone H3-T6 phosphorylation [GO:0035408]; intracellular signal transduction [GO:0035556]; lipoprotein transport [GO:0042953]; mitotic nuclear envelope disassembly [GO:0007077]; negative regulation of glucose transmembrane transport [GO:0010829]; negative regulation of insulin receptor signaling pathway [GO:0046627]; peptidyl-serine phosphorylation [GO:0018105]; platelet activation [GO:0030168]; positive regulation of angiogenesis [GO:0045766]; positive regulation of B cell receptor signaling pathway [GO:0050861]; positive regulation of I-kappaB kinase/NF-kappaB signaling [GO:0043123]; positive regulation of NF-kappaB transcription factor activity [GO:0051092]; positive regulation of vascular endothelial growth factor receptor signaling pathway [GO:0030949]; presynaptic modulation of chemical synaptic transmission [GO:0099171]; protein phosphorylation [GO:0006468]; regulation of glucose transmembrane transport [GO:0010827]; regulation of myeloid cell differentiation [GO:0045637]; regulation of synaptic vesicle exocytosis [GO:2000300]; regulation of transcription by RNA polymerase II [GO:0006357]; signal transduction [GO:0007165]	androgen receptor binding [GO:0050681]; ATP binding [GO:0005524]; calcium channel regulator activity [GO:0005246]; calcium-dependent protein kinase C activity [GO:0004698]; chromatin binding [GO:0003682]; histone binding [GO:0042393]; histone kinase activity (H3-T6 specific) [GO:0035403]; nuclear receptor coactivator activity [GO:0030374]; protein kinase C activity [GO:0004697]; protein kinase C binding [GO:0005080]; protein serine/threonine kinase activity [GO:0004674]; protein serine kinase activity [GO:0106310]; protein threonine kinase activity [GO:0106311]; zinc ion binding [GO:0008270]	calyx of Held [GO:0044305]; cytoplasm [GO:0005737]; cytosol [GO:0005829]; extracellular exosome [GO:0070062]; nucleoplasm [GO:0005654]; nucleus [GO:0005634]; plasma membrane [GO:0005886]; presynaptic cytosol [GO:0099523]; spectrin [GO:0008091]
P06702	P06702	S10A9_HUMAN	Protein S100-A9 (Calgranulin-B) (Calprotectin L1H subunit) (Leukocyte L1 complex heavy chain) (Migration inhibitory factor-related protein 14) (MRP-14) (p14) (S100 calcium-binding protein A9)	S100A9 CAGB CFAG MRP14	activation of cysteine-type endopeptidase activity involved in apoptotic process [GO:0006919]; antimicrobial humoral immune response mediated by antimicrobial peptide [GO:0061844]; antimicrobial humoral response [GO:0019730]; apoptotic process [GO:0006915]; astrocyte development [GO:0014002]; autocrine signaling [GO:0035425]; autophagy [GO:0006914]; cell-cell signaling [GO:0007267]; chronic inflammatory response [GO:0002544]; defense response to bacterium [GO:0042742]; defense response to fungus [GO:0050832]; inflammatory response [GO:0006954]; innate immune response [GO:0045087]; leukocyte migration involved in inflammatory response [GO:0002523]; modulation of process of other organism [GO:0035821]; neutrophil aggregation [GO:0070488]; neutrophil chemotaxis [GO:0030593]; neutrophil degranulation [GO:0043312]; peptidyl-cysteine S-nitrosylation [GO:0018119]; peptidyl-cysteine S-trans-nitrosylation [GO:0035606]; positive regulation of cell growth [GO:0030307]; positive regulation of inflammatory response [GO:0050729]; positive regulation of intrinsic apoptotic signaling pathway [GO:2001244]; positive regulation of neuron projection development [GO:0010976]; positive regulation of NF-kappaB transcription factor activity [GO:0051092]; regulation of cytoskeleton organization [GO:0051493]; regulation of integrin biosynthetic process [GO:0045113]; response to lipopolysaccharide [GO:0032496]; sequestering of zinc ion [GO:0032119]; toll-like receptor signaling pathway [GO:0002224]	antioxidant activity [GO:0016209]; arachidonic acid binding [GO:0050544]; calcium-dependent protein binding [GO:0048306]; calcium ion binding [GO:0005509]; microtubule binding [GO:0008017]; RAGE receptor binding [GO:0050786]; Toll-like receptor 4 binding [GO:0035662]; zinc ion binding [GO:0008270]	cell junction [GO:0030054]; collagen-containing extracellular matrix [GO:0062023]; cytoplasm [GO:0005737]; cytoskeleton [GO:0005856]; cytosol [GO:0005829]; extracellular exosome [GO:0070062]; extracellular region [GO:0005576]; extracellular space [GO:0005615]; nucleoplasm [GO:0005654]; nucleus [GO:0005634]; plasma membrane [GO:0005886]; secretory granule lumen [GO:0034774]
P06748	P06748	NPM_HUMAN	Nucleophosmin (NPM) (Nucleolar phosphoprotein B23) (Nucleolar protein NO38) (Numatrin)	NPM1 NPM	cell aging [GO:0007569]; cellular response to UV [GO:0034644]; CENP-A containing nucleosome assembly [GO:0034080]; centrosome cycle [GO:0007098]; chromatin remodeling [GO:0006338]; DNA repair [GO:0006281]; intracellular protein transport [GO:0006886]; negative regulation of apoptotic process [GO:0043066]; negative regulation of cell population proliferation [GO:0008285]; negative regulation of centrosome duplication [GO:0010826]; negative regulation of protein kinase activity by regulation of protein phosphorylation [GO:0044387]; nucleocytoplasmic transport [GO:0006913]; nucleosome assembly [GO:0006334]; positive regulation of cell cycle G2/M phase transition [GO:1902751]; positive regulation of cell population proliferation [GO:0008284]; positive regulation of NF-kappaB transcription factor activity [GO:0051092]; positive regulation of transcription, DNA-templated [GO:0045893]; positive regulation of transcription by RNA polymerase II [GO:0045944]; positive regulation of translation [GO:0045727]; protein localization [GO:0008104]; regulation of centriole replication [GO:0046599]; regulation of centrosome duplication [GO:0010824]; regulation of eIF2 alpha phosphorylation by dsRNA [GO:0060735]; regulation of endodeoxyribonuclease activity [GO:0032071]; regulation of endoribonuclease activity [GO:0060699]; regulation of mRNA stability involved in cellular response to UV [GO:1902629]; regulation of transcription by RNA polymerase II [GO:0006357]; ribosomal large subunit biogenesis [GO:0042273]; ribosomal large subunit export from nucleus [GO:0000055]; ribosomal small subunit biogenesis [GO:0042274]; ribosomal small subunit export from nucleus [GO:0000056]; ribosome assembly [GO:0042255]; rRNA export from nucleus [GO:0006407]; signal transduction [GO:0007165]; viral process [GO:0016032]	activating transcription factor binding [GO:0033613]; chromatin binding [GO:0003682]; core promoter sequence-specific DNA binding [GO:0001046]; histone binding [GO:0042393]; NF-kappaB binding [GO:0051059]; protein homodimerization activity [GO:0042803]; protein kinase binding [GO:0019901]; protein kinase inhibitor activity [GO:0004860]; ribosomal large subunit binding [GO:0043023]; ribosomal small subunit binding [GO:0043024]; RNA binding [GO:0003723]; Tat protein binding [GO:0030957]; transcription coactivator activity [GO:0003713]; transcription factor binding [GO:0008134]; unfolded protein binding [GO:0051082]	centrosome [GO:0005813]; cytoplasm [GO:0005737]; cytosol [GO:0005829]; focal adhesion [GO:0005925]; membrane [GO:0016020]; nucleolus [GO:0005730]; nucleoplasm [GO:0005654]; nucleus [GO:0005634]; protein-containing complex [GO:0032991]; protein-DNA complex [GO:0032993]; ribonucleoprotein complex [GO:1990904]; spindle pole centrosome [GO:0031616]
P07814	P07814	SYEP_HUMAN	Bifunctional glutamate/proline--tRNA ligase (Bifunctional aminoacyl-tRNA synthetase) (Cell proliferation-inducing gene 32 protein) (Glutamatyl-prolyl-tRNA synthetase) [Includes: Glutamate--tRNA ligase (EC 6.1.1.17) (Glutamyl-tRNA synthetase) (GluRS); Proline--tRNA ligase (EC 6.1.1.15) (Prolyl-tRNA synthetase)]	EPRS1 EPRS GLNS PARS QARS QPRS PIG32	cellular response to insulin stimulus [GO:0032869]; cellular response to interferon-gamma [GO:0071346]; glutamyl-tRNA aminoacylation [GO:0006424]; negative regulation of translation [GO:0017148]; prolyl-tRNA aminoacylation [GO:0006433]; protein-containing complex assembly [GO:0065003]; regulation of long-chain fatty acid import into cell [GO:0140212]; tRNA aminoacylation for protein translation [GO:0006418]	ATP binding [GO:0005524]; glutamate-tRNA ligase activity [GO:0004818]; GTPase binding [GO:0051020]; identical protein binding [GO:0042802]; proline-tRNA ligase activity [GO:0004827]; protein homodimerization activity [GO:0042803]; RNA stem-loop binding [GO:0035613]; zinc ion binding [GO:0008270]	aminoacyl-tRNA synthetase multienzyme complex [GO:0017101]; cytoplasm [GO:0005737]; cytosol [GO:0005829]; GAIT complex [GO:0097452]; membrane [GO:0016020]; plasma membrane [GO:0005886]; ribonucleoprotein complex [GO:1990904]
P07910	P07910	HNRPC_HUMAN	Heterogeneous nuclear ribonucleoproteins C1/C2 (hnRNP C1/C2)	HNRNPC HNRPC	3'-UTR-mediated mRNA stabilization [GO:0070935]; ATP-dependent chromatin remodeling [GO:0043044]; mRNA splicing, via spliceosome [GO:0000398]; negative regulation of telomere maintenance via telomerase [GO:0032211]; osteoblast differentiation [GO:0001649]; RNA metabolic process [GO:0016070]; RNA splicing [GO:0008380]	identical protein binding [GO:0042802]; mRNA 3'-UTR binding [GO:0003730]; N6-methyladenosine-containing RNA binding [GO:1990247]; nucleosomal DNA binding [GO:0031492]; poly(U) RNA binding [GO:0008266]; RNA binding [GO:0003723]; telomerase RNA binding [GO:0070034]	actin cytoskeleton [GO:0015629]; catalytic step 2 spliceosome [GO:0071013]; chromatin [GO:0000785]; cytosol [GO:0005829]; extracellular exosome [GO:0070062]; extracellular region [GO:0005576]; membrane [GO:0016020]; nucleoplasm [GO:0005654]; nucleus [GO:0005634]; protein-containing complex [GO:0032991]; spliceosomal complex [GO:0005681]; telomerase holoenzyme complex [GO:0005697]
P07948	P07948	LYN_HUMAN	Tyrosine-protein kinase Lyn (EC 2.7.10.2) (Lck/Yes-related novel protein tyrosine kinase) (V-yes-1 Yamaguchi sarcoma viral related oncogene homolog) (p53Lyn) (p56Lyn)	LYN JTK8	adaptive immune response [GO:0002250]; B cell homeostasis [GO:0001782]; B cell receptor signaling pathway [GO:0050853]; blood coagulation [GO:0007596]; cell differentiation [GO:0030154]; cellular response to DNA damage stimulus [GO:0006974]; cellular response to extracellular stimulus [GO:0031668]; cellular response to heat [GO:0034605]; cellular response to retinoic acid [GO:0071300]; dendritic cell differentiation [GO:0097028]; ephrin receptor signaling pathway [GO:0048013]; erythrocyte differentiation [GO:0030218]; Fc-epsilon receptor signaling pathway [GO:0038095]; Fc-gamma receptor signaling pathway involved in phagocytosis [GO:0038096]; Fc receptor mediated inhibitory signaling pathway [GO:0002774]; Fc receptor mediated stimulatory signaling pathway [GO:0002431]; growth hormone receptor signaling pathway via JAK-STAT [GO:0060397]; histamine secretion by mast cell [GO:0002553]; immune response-regulating cell surface receptor signaling pathway [GO:0002768]; innate immune response [GO:0045087]; intracellular signal transduction [GO:0035556]; leukocyte migration [GO:0050900]; lipopolysaccharide-mediated signaling pathway [GO:0031663]; negative regulation of B cell proliferation [GO:0030889]; negative regulation of cell population proliferation [GO:0008285]; negative regulation of ERK1 and ERK2 cascade [GO:0070373]; negative regulation of immune response [GO:0050777]; negative regulation of inflammatory response to antigenic stimulus [GO:0002862]; negative regulation of intracellular signal transduction [GO:1902532]; negative regulation of MAP kinase activity [GO:0043407]; negative regulation of mast cell proliferation [GO:0070667]; negative regulation of myeloid leukocyte differentiation [GO:0002762]; negative regulation of protein phosphorylation [GO:0001933]; negative regulation of toll-like receptor 2 signaling pathway [GO:0034136]; negative regulation of toll-like receptor 4 signaling pathway [GO:0034144]; neuron projection development [GO:0031175]; oligodendrocyte development [GO:0014003]; peptidyl-tyrosine phosphorylation [GO:0018108]; platelet activation [GO:0030168]; platelet degranulation [GO:0002576]; positive regulation of aspartic-type endopeptidase activity involved in amyloid precursor protein catabolic process [GO:1902961]; positive regulation of cell migration [GO:0030335]; positive regulation of cell population proliferation [GO:0008284]; positive regulation of cellular component movement [GO:0051272]; positive regulation of dendritic cell apoptotic process [GO:2000670]; positive regulation of Fc receptor mediated stimulatory signaling pathway [GO:0060369]; positive regulation of glial cell proliferation [GO:0060252]; positive regulation of mast cell proliferation [GO:0070668]; positive regulation of neuron projection development [GO:0010976]; positive regulation of oligodendrocyte progenitor proliferation [GO:0070447]; positive regulation of phosphatidylinositol 3-kinase activity [GO:0043552]; positive regulation of phosphatidylinositol 3-kinase signaling [GO:0014068]; positive regulation of protein phosphorylation [GO:0001934]; positive regulation of Ras protein signal transduction [GO:0046579]; positive regulation of stress-activated protein kinase signaling cascade [GO:0070304]; positive regulation of tyrosine phosphorylation of STAT protein [GO:0042531]; protein autophosphorylation [GO:0046777]; protein phosphorylation [GO:0006468]; regulation of B cell apoptotic process [GO:0002902]; regulation of B cell receptor signaling pathway [GO:0050855]; regulation of cell adhesion mediated by integrin [GO:0033628]; regulation of cytokine production [GO:0001817]; regulation of ERK1 and ERK2 cascade [GO:0070372]; regulation of erythrocyte differentiation [GO:0045646]; regulation of mast cell activation [GO:0033003]; regulation of mast cell degranulation [GO:0043304]; regulation of monocyte chemotaxis [GO:0090025]; regulation of platelet aggregation [GO:0090330]; regulation of protein phosphorylation [GO:0001932]; regulation of release of sequestered calcium ion into cytosol [GO:0051279]; response to amino acid [GO:0043200]; response to axon injury [GO:0048678]; response to carbohydrate [GO:0009743]; response to drug [GO:0042493]; response to hormone [GO:0009725]; response to insulin [GO:0032868]; response to organic cyclic compound [GO:0014070]; response to sterol depletion [GO:0006991]; response to toxic substance [GO:0009636]; signal transduction [GO:0007165]; stimulatory C-type lectin receptor signaling pathway [GO:0002223]; T cell costimulation [GO:0031295]; tolerance induction to self antigen [GO:0002513]; toll-like receptor 4 signaling pathway [GO:0034142]; transmembrane receptor protein tyrosine kinase signaling pathway [GO:0007169]; viral process [GO:0016032]	ATP binding [GO:0005524]; enzyme binding [GO:0019899]; ephrin receptor binding [GO:0046875]; gamma-tubulin binding [GO:0043015]; glycosphingolipid binding [GO:0043208]; integrin binding [GO:0005178]; ion channel binding [GO:0044325]; kinase activity [GO:0016301]; non-membrane spanning protein tyrosine kinase activity [GO:0004715]; phosphoprotein binding [GO:0051219]; phosphorylation-dependent protein binding [GO:0140031]; platelet-derived growth factor receptor binding [GO:0005161]; protein tyrosine kinase activity [GO:0004713]; SH3 domain binding [GO:0017124]; signaling receptor binding [GO:0005102]; transmembrane receptor protein tyrosine kinase activity [GO:0004714]; ubiquitin protein ligase binding [GO:0031625]	adherens junction [GO:0005912]; cytoplasm [GO:0005737]; cytosol [GO:0005829]; extracellular exosome [GO:0070062]; extrinsic component of cytoplasmic side of plasma membrane [GO:0031234]; glutamatergic synapse [GO:0098978]; Golgi apparatus [GO:0005794]; integrin alpha2-beta1 complex [GO:0034666]; intracellular membrane-bounded organelle [GO:0043231]; membrane raft [GO:0045121]; mitochondrial crista [GO:0030061]; mitochondrial intermembrane space [GO:0005758]; nucleus [GO:0005634]; perinuclear region of cytoplasm [GO:0048471]; plasma membrane [GO:0005886]; postsynaptic density [GO:0014069]; postsynaptic specialization, intracellular component [GO:0099091]
P08240	P08240	SRPRA_HUMAN	Signal recognition particle receptor subunit alpha (SR-alpha) (Docking protein alpha) (DP-alpha)	SRPRA SRPR	cotranslational protein targeting to membrane [GO:0006613]; IRE1-mediated unfolded protein response [GO:0036498]; protein targeting [GO:0006605]; protein targeting to ER [GO:0045047]; SRP-dependent cotranslational protein targeting to membrane [GO:0006614]	GTPase activity [GO:0003924]; GTP binding [GO:0005525]; RNA binding [GO:0003723]; signal recognition particle binding [GO:0005047]	endoplasmic reticulum membrane [GO:0005789]; extracellular exosome [GO:0070062]; membrane [GO:0016020]; signal recognition particle receptor complex [GO:0005785]
P08621	P08621	RU17_HUMAN	U1 small nuclear ribonucleoprotein 70 kDa (U1 snRNP 70 kDa) (U1-70K) (snRNP70)	SNRNP70 RNPU1Z RPU1 SNRP70 U1AP1	mRNA splicing, via spliceosome [GO:0000398]; negative regulation of chaperone-mediated autophagy [GO:1904715]; negative regulation of protein refolding [GO:0061084]; positive regulation of mRNA splicing, via spliceosome [GO:0048026]; regulation of ATPase activity [GO:0043462]; regulation of RNA splicing [GO:0043484]	mRNA binding [GO:0003729]; RNA binding [GO:0003723]; snRNA binding [GO:0017069]; U1 snRNA binding [GO:0030619]	nuclear speck [GO:0016607]; nucleoplasm [GO:0005654]; nucleus [GO:0005634]; spliceosomal complex [GO:0005681]; U1 snRNP [GO:0005685]; U2-type prespliceosome [GO:0071004]
P08648	P08648	ITA5_HUMAN	Integrin alpha-5 (CD49 antigen-like family member E) (Fibronectin receptor subunit alpha) (Integrin alpha-F) (VLA-5) (CD antigen CD49e) [Cleaved into: Integrin alpha-5 heavy chain; Integrin alpha-5 light chain]	ITGA5 FNRA	angiogenesis [GO:0001525]; CD40 signaling pathway [GO:0023035]; cell adhesion [GO:0007155]; cell adhesion mediated by integrin [GO:0033627]; cell-cell adhesion mediated by integrin [GO:0033631]; cell-substrate adhesion [GO:0031589]; cell-substrate junction assembly [GO:0007044]; endodermal cell differentiation [GO:0035987]; extracellular matrix organization [GO:0030198]; female pregnancy [GO:0007565]; heterophilic cell-cell adhesion via plasma membrane cell adhesion molecules [GO:0007157]; heterotypic cell-cell adhesion [GO:0034113]; integrin-mediated signaling pathway [GO:0007229]; leukocyte cell-cell adhesion [GO:0007159]; leukocyte migration [GO:0050900]; memory [GO:0007613]; negative regulation of anoikis [GO:2000811]; positive regulation of cell migration [GO:0030335]; positive regulation of cell-substrate adhesion [GO:0010811]; positive regulation of peptidyl-tyrosine phosphorylation [GO:0050731]; positive regulation of sprouting angiogenesis [GO:1903672]; positive regulation of vascular endothelial growth factor receptor signaling pathway [GO:0030949]; wound healing, spreading of epidermal cells [GO:0035313]	epidermal growth factor receptor binding [GO:0005154]; integrin binding [GO:0005178]; metal ion binding [GO:0046872]; platelet-derived growth factor receptor binding [GO:0005161]; vascular endothelial growth factor receptor 2 binding [GO:0043184]; virus receptor activity [GO:0001618]	alphav-beta3 integrin-vitronectin complex [GO:0071062]; cell surface [GO:0009986]; cytoplasmic vesicle [GO:0031410]; endoplasmic reticulum [GO:0005783]; external side of plasma membrane [GO:0009897]; focal adhesion [GO:0005925]; Golgi apparatus [GO:0005794]; integrin alpha5-beta1 complex [GO:0034674]; integrin complex [GO:0008305]; plasma membrane [GO:0005886]; ruffle [GO:0001726]; synapse [GO:0045202]
P08670	P08670	VIME_HUMAN	Vimentin	VIM	aggrephagy [GO:0035973]; astrocyte development [GO:0014002]; Bergmann glial cell differentiation [GO:0060020]; cellular response to interferon-gamma [GO:0071346]; cellular response to lipopolysaccharide [GO:0071222]; cellular response to muramyl dipeptide [GO:0071225]; cytokine-mediated signaling pathway [GO:0019221]; intermediate filament organization [GO:0045109]; lens fiber cell development [GO:0070307]; muscle filament sliding [GO:0030049]; negative regulation of neuron projection development [GO:0010977]; positive regulation of collagen biosynthetic process [GO:0032967]; positive regulation of translation [GO:0045727]; regulation of mRNA stability [GO:0043488]; SMAD protein signal transduction [GO:0060395]; viral process [GO:0016032]	double-stranded RNA binding [GO:0003725]; identical protein binding [GO:0042802]; keratin filament binding [GO:1990254]; protein domain specific binding [GO:0019904]; scaffold protein binding [GO:0097110]; structural constituent of cytoskeleton [GO:0005200]; structural constituent of eye lens [GO:0005212]	cell leading edge [GO:0031252]; cytoplasm [GO:0005737]; cytoskeleton [GO:0005856]; cytosol [GO:0005829]; extracellular exosome [GO:0070062]; focal adhesion [GO:0005925]; intermediate filament [GO:0005882]; intermediate filament cytoskeleton [GO:0045111]; microtubule organizing center [GO:0005815]; neuron projection [GO:0043005]; nuclear matrix [GO:0016363]; peroxisome [GO:0005777]; phagocytic vesicle [GO:0045335]; plasma membrane [GO:0005886]; polysome [GO:0005844]; ribonucleoprotein complex [GO:1990904]
P09601	P09601	HMOX1_HUMAN	Heme oxygenase 1 (HO-1) (EC 1.14.14.18)	HMOX1 HO HO1	angiogenesis [GO:0001525]; cell death [GO:0008219]; cellular iron ion homeostasis [GO:0006879]; cellular response to arsenic-containing substance [GO:0071243]; cellular response to cadmium ion [GO:0071276]; cellular response to cisplatin [GO:0072719]; cellular response to heat [GO:0034605]; cellular response to hypoxia [GO:0071456]; cellular response to nutrient [GO:0031670]; cytokine-mediated signaling pathway [GO:0019221]; endothelial cell proliferation [GO:0001935]; erythrocyte homeostasis [GO:0034101]; excretion [GO:0007588]; heme catabolic process [GO:0042167]; heme oxidation [GO:0006788]; intracellular signal transduction [GO:0035556]; intrinsic apoptotic signaling pathway in response to DNA damage [GO:0008630]; iron ion homeostasis [GO:0055072]; liver regeneration [GO:0097421]; low-density lipoprotein particle clearance [GO:0034383]; negative regulation of DNA binding [GO:0043392]; negative regulation of DNA-binding transcription factor activity [GO:0043433]; negative regulation of epithelial cell apoptotic process [GO:1904036]; negative regulation of extrinsic apoptotic signaling pathway via death domain receptors [GO:1902042]; negative regulation of leukocyte migration [GO:0002686]; negative regulation of macroautophagy [GO:0016242]; negative regulation of mast cell cytokine production [GO:0032764]; negative regulation of mast cell degranulation [GO:0043305]; negative regulation of muscle cell apoptotic process [GO:0010656]; negative regulation of neuron apoptotic process [GO:0043524]; negative regulation of smooth muscle cell proliferation [GO:0048662]; negative regulation of vascular associated smooth muscle cell proliferation [GO:1904706]; positive regulation of angiogenesis [GO:0045766]; positive regulation of apoptotic process [GO:0043065]; positive regulation of blood vessel endothelial cell proliferation involved in sprouting angiogenesis [GO:1903589]; positive regulation of cell migration involved in sprouting angiogenesis [GO:0090050]; positive regulation of chemokine production [GO:0032722]; positive regulation of I-kappaB kinase/NF-kappaB signaling [GO:0043123]; positive regulation of macroautophagy [GO:0016239]; positive regulation of smooth muscle cell proliferation [GO:0048661]; protein insertion into ER membrane [GO:0045048]; regulation of angiogenesis [GO:0045765]; regulation of blood pressure [GO:0008217]; regulation of DNA-binding transcription factor activity [GO:0051090]; regulation of transcription from RNA polymerase II promoter in response to iron [GO:0034395]; regulation of transcription from RNA polymerase II promoter in response to oxidative stress [GO:0043619]; response to drug [GO:0042493]; response to estrogen [GO:0043627]; response to hydrogen peroxide [GO:0042542]; response to nicotine [GO:0035094]; response to oxidative stress [GO:0006979]; small GTPase mediated signal transduction [GO:0007264]; smooth muscle hyperplasia [GO:0014806]; wound healing involved in inflammatory response [GO:0002246]	enzyme binding [GO:0019899]; heme binding [GO:0020037]; heme oxygenase (decyclizing) activity [GO:0004392]; identical protein binding [GO:0042802]; metal ion binding [GO:0046872]; phospholipase D activity [GO:0004630]; protein homodimerization activity [GO:0042803]; structural molecule activity [GO:0005198]	caveola [GO:0005901]; cytosol [GO:0005829]; endoplasmic reticulum [GO:0005783]; endoplasmic reticulum membrane [GO:0005789]; extracellular space [GO:0005615]; membrane [GO:0016020]; nucleolus [GO:0005730]; nucleus [GO:0005634]; perinuclear region of cytoplasm [GO:0048471]
P09651	P09651	ROA1_HUMAN	Heterogeneous nuclear ribonucleoprotein A1 (hnRNP A1) (Helix-destabilizing protein) (Single-strand RNA-binding protein) (hnRNP core protein A1) [Cleaved into: Heterogeneous nuclear ribonucleoprotein A1, N-terminally processed]	HNRNPA1 HNRPA1	cellular response to glucose starvation [GO:0042149]; cellular response to sodium arsenite [GO:1903936]; fibroblast growth factor receptor signaling pathway [GO:0008543]; import into nucleus [GO:0051170]; mRNA splicing, via spliceosome [GO:0000398]; mRNA transport [GO:0051028]; negative regulation of telomere maintenance via telomerase [GO:0032211]; nuclear export [GO:0051168]; positive regulation of telomere maintenance via telomerase [GO:0032212]; regulation of alternative mRNA splicing, via spliceosome [GO:0000381]; RNA export from nucleus [GO:0006405]; RNA metabolic process [GO:0016070]; viral process [GO:0016032]	G-rich strand telomeric DNA binding [GO:0098505]; identical protein binding [GO:0042802]; miRNA binding [GO:0035198]; pre-mRNA binding [GO:0036002]; protein domain specific binding [GO:0019904]; RNA binding [GO:0003723]; single-stranded DNA binding [GO:0003697]; single-stranded RNA binding [GO:0003727]; telomeric repeat-containing RNA binding [GO:0061752]	catalytic step 2 spliceosome [GO:0071013]; cytoplasm [GO:0005737]; extracellular exosome [GO:0070062]; membrane [GO:0016020]; nucleoplasm [GO:0005654]; nucleus [GO:0005634]; ribonucleoprotein complex [GO:1990904]; spliceosomal complex [GO:0005681]
P09874	P09874	PARP1_HUMAN	Poly [ADP-ribose] polymerase 1 (PARP-1) (EC 2.4.2.30) (ADP-ribosyltransferase diphtheria toxin-like 1) (ARTD1) (DNA ADP-ribosyltransferase PARP1) (EC 2.4.2.-) (NAD(+) ADP-ribosyltransferase 1) (ADPRT 1) (Poly[ADP-ribose] synthase 1) (Protein poly-ADP-ribosyltransferase PARP1) (EC 2.4.2.-)	PARP1 ADPRT PPOL	apoptotic process [GO:0006915]; ATP generation from poly-ADP-D-ribose [GO:1990966]; base-excision repair, gap-filling [GO:0006287]; cellular response to amyloid-beta [GO:1904646]; cellular response to DNA damage stimulus [GO:0006974]; cellular response to insulin stimulus [GO:0032869]; cellular response to oxidative stress [GO:0034599]; cellular response to UV [GO:0034644]; cellular response to zinc ion [GO:0071294]; DNA ADP-ribosylation [GO:0030592]; DNA damage response, detection of DNA damage [GO:0042769]; DNA repair [GO:0006281]; double-strand break repair [GO:0006302]; double-strand break repair via homologous recombination [GO:0000724]; global genome nucleotide-excision repair [GO:0070911]; macrophage differentiation [GO:0030225]; mitochondrial DNA metabolic process [GO:0032042]; mitochondrial DNA repair [GO:0043504]; mitochondrion organization [GO:0007005]; negative regulation of ATP biosynthetic process [GO:2001170]; negative regulation of telomere maintenance via telomere lengthening [GO:1904357]; negative regulation of transcription by RNA polymerase II [GO:0000122]; nucleotide-excision repair, DNA damage recognition [GO:0000715]; nucleotide-excision repair, DNA duplex unwinding [GO:0000717]; nucleotide-excision repair, DNA incision [GO:0033683]; nucleotide-excision repair, DNA incision, 3'-to lesion [GO:0006295]; nucleotide-excision repair, DNA incision, 5'-to lesion [GO:0006296]; nucleotide-excision repair, preincision complex assembly [GO:0006294]; nucleotide-excision repair, preincision complex stabilization [GO:0006293]; peptidyl-glutamic acid poly-ADP-ribosylation [GO:0018424]; peptidyl-serine ADP-ribosylation [GO:0018312]; positive regulation of cardiac muscle hypertrophy [GO:0010613]; positive regulation of double-strand break repair via homologous recombination [GO:1905168]; positive regulation of intracellular estrogen receptor signaling pathway [GO:0033148]; positive regulation of mitochondrial depolarization [GO:0051901]; positive regulation of myofibroblast differentiation [GO:1904762]; positive regulation of neuron death [GO:1901216]; positive regulation of protein localization to nucleus [GO:1900182]; positive regulation of single strand break repair [GO:1903518]; positive regulation of SMAD protein signal transduction [GO:0060391]; positive regulation of transcription by RNA polymerase II [GO:0045944]; positive regulation of transcription regulatory region DNA binding [GO:2000679]; protein ADP-ribosylation [GO:0006471]; protein auto-ADP-ribosylation [GO:0070213]; protein autoprocessing [GO:0016540]; protein modification process [GO:0036211]; protein poly-ADP-ribosylation [GO:0070212]; regulation of catalytic activity [GO:0050790]; regulation of cellular protein localization [GO:1903827]; regulation of DNA methylation [GO:0044030]; regulation of oxidative stress-induced neuron intrinsic apoptotic signaling pathway [GO:1903376]; regulation of SMAD protein complex assembly [GO:0010990]; response to aldosterone [GO:1904044]; response to gamma radiation [GO:0010332]; signal transduction involved in regulation of gene expression [GO:0023019]; telomere maintenance [GO:0000723]; transcription by RNA polymerase II [GO:0006366]; transforming growth factor beta receptor signaling pathway [GO:0007179]	DNA binding [GO:0003677]; enzyme binding [GO:0019899]; estrogen receptor binding [GO:0030331]; histone deacetylase binding [GO:0042826]; identical protein binding [GO:0042802]; NAD+ ADP-ribosyltransferase activity [GO:0003950]; NAD binding [GO:0051287]; NAD DNA ADP-ribosyltransferase activity [GO:0140294]; protein ADP-ribosylase activity [GO:1990404]; protein kinase binding [GO:0019901]; protein N-terminus binding [GO:0047485]; RNA binding [GO:0003723]; R-SMAD binding [GO:0070412]; transcription factor binding [GO:0008134]; zinc ion binding [GO:0008270]	chromosome, telomeric region [GO:0000781]; membrane [GO:0016020]; mitochondrion [GO:0005739]; nuclear body [GO:0016604]; nuclear envelope [GO:0005635]; nucleolus [GO:0005730]; nucleoplasm [GO:0005654]; nucleus [GO:0005634]; protein-containing complex [GO:0032991]; protein-DNA complex [GO:0032993]; site of DNA damage [GO:0090734]; site of double-strand break [GO:0035861]; transcription regulator complex [GO:0005667]
P10412	P10412	H14_HUMAN	Histone H1.4 (Histone H1b) (Histone H1s-4)	H1-4 H1F4 HIST1H1E	chromosome condensation [GO:0030261]; negative regulation of chromatin silencing [GO:0031936]; negative regulation of DNA recombination [GO:0045910]; nucleosome assembly [GO:0006334]; nucleosome positioning [GO:0016584]	ADP binding [GO:0043531]; AMP binding [GO:0016208]; ATP binding [GO:0005524]; calcium ion binding [GO:0005509]; chromatin DNA binding [GO:0031490]; dATP binding [GO:0032564]; double-stranded DNA binding [GO:0003690]; GTP binding [GO:0005525]; nucleosomal DNA binding [GO:0031492]; RNA binding [GO:0003723]	heterochromatin [GO:0000792]; nucleosome [GO:0000786]; nucleus [GO:0005634]
P10644	P10644	KAP0_HUMAN	cAMP-dependent protein kinase type I-alpha regulatory subunit (Tissue-specific extinguisher 1) (TSE1)	PRKAR1A PKR1 PRKAR1 TSE1	activation of protein kinase A activity [GO:0034199]; blood coagulation [GO:0007596]; cardiac muscle cell proliferation [GO:0060038]; cellular response to glucagon stimulus [GO:0071377]; chemical synaptic transmission [GO:0007268]; female meiotic nuclear division [GO:0007143]; intracellular signal transduction [GO:0035556]; mesoderm formation [GO:0001707]; negative regulation of activated T cell proliferation [GO:0046007]; negative regulation of cAMP-dependent protein kinase activity [GO:2000480]; negative regulation of inflammatory response to antigenic stimulus [GO:0002862]; negative regulation of meiotic nuclear division [GO:0045835]; regulation of cAMP-mediated signaling [GO:0043949]; regulation of protein kinase A signaling [GO:0010738]; regulation of transcription by RNA polymerase II [GO:0006357]; renal water homeostasis [GO:0003091]; sarcomere organization [GO:0045214]	cAMP binding [GO:0030552]; cAMP-dependent protein kinase inhibitor activity [GO:0004862]; cAMP-dependent protein kinase regulator activity [GO:0008603]; protein domain specific binding [GO:0019904]; protein kinase A catalytic subunit binding [GO:0034236]; ubiquitin protein ligase binding [GO:0031625]	cAMP-dependent protein kinase complex [GO:0005952]; centrosome [GO:0005813]; ciliary base [GO:0097546]; cytoplasm [GO:0005737]; cytosol [GO:0005829]; glutamatergic synapse [GO:0098978]; membrane [GO:0016020]; multivesicular body [GO:0005771]; neuromuscular junction [GO:0031594]; nucleotide-activated protein kinase complex [GO:0031588]; plasma membrane raft [GO:0044853]; protein-containing complex [GO:0032991]; sperm connecting piece [GO:0097224]
P11387	P11387	TOP1_HUMAN	DNA topoisomerase 1 (EC 5.6.2.1) (DNA topoisomerase I)	TOP1	chromatin remodeling [GO:0006338]; chromosome segregation [GO:0007059]; circadian regulation of gene expression [GO:0032922]; circadian rhythm [GO:0007623]; DNA replication [GO:0006260]; DNA topological change [GO:0006265]; embryonic cleavage [GO:0040016]; peptidyl-serine phosphorylation [GO:0018105]; phosphorylation [GO:0016310]; programmed cell death [GO:0012501]; response to drug [GO:0042493]; viral process [GO:0016032]	ATP binding [GO:0005524]; chromatin binding [GO:0003682]; DNA binding [GO:0003677]; DNA topoisomerase type I (single strand cut, ATP-independent) activity [GO:0003917]; double-stranded DNA binding [GO:0003690]; protein domain specific binding [GO:0019904]; protein serine/threonine kinase activity [GO:0004674]; RNA binding [GO:0003723]; RNA polymerase II cis-regulatory region sequence-specific DNA binding [GO:0000978]; single-stranded DNA binding [GO:0003697]; supercoiled DNA binding [GO:0097100]	chromosome [GO:0005694]; fibrillar center [GO:0001650]; nucleolus [GO:0005730]; nucleoplasm [GO:0005654]; nucleus [GO:0005634]; P-body [GO:0000932]; perikaryon [GO:0043204]; protein-DNA complex [GO:0032993]
P11388	P11388	TOP2A_HUMAN	DNA topoisomerase 2-alpha (EC 5.6.2.2) (DNA topoisomerase II, alpha isozyme)	TOP2A TOP2	apoptotic chromosome condensation [GO:0030263]; cellular response to DNA damage stimulus [GO:0006974]; chromosome segregation [GO:0007059]; DNA ligation [GO:0006266]; DNA topological change [GO:0006265]; embryonic cleavage [GO:0040016]; female meiotic nuclear division [GO:0007143]; hematopoietic progenitor cell differentiation [GO:0002244]; negative regulation of DNA duplex unwinding [GO:1905463]; positive regulation of apoptotic process [GO:0043065]; positive regulation of single stranded viral RNA replication via double stranded DNA intermediate [GO:0045870]; positive regulation of transcription by RNA polymerase II [GO:0045944]; regulation of circadian rhythm [GO:0042752]; resolution of meiotic recombination intermediates [GO:0000712]; rhythmic process [GO:0048511]; sister chromatid segregation [GO:0000819]	ATPase activity, acting on DNA [GO:0008094]; ATP binding [GO:0005524]; chromatin binding [GO:0003682]; DNA binding [GO:0003677]; DNA binding, bending [GO:0008301]; DNA topoisomerase type II (double strand cut, ATP-hydrolyzing) activity [GO:0003918]; enzyme binding [GO:0019899]; histone deacetylase binding [GO:0042826]; magnesium ion binding [GO:0000287]; protein C-terminus binding [GO:0008022]; protein heterodimerization activity [GO:0046982]; protein homodimerization activity [GO:0042803]; protein kinase C binding [GO:0005080]; RNA binding [GO:0003723]; ubiquitin binding [GO:0043130]	chromosome, centromeric region [GO:0000775]; condensed chromosome [GO:0000793]; cytoplasm [GO:0005737]; DNA topoisomerase type II (double strand cut, ATP-hydrolyzing) complex [GO:0009330]; nucleolus [GO:0005730]; nucleoplasm [GO:0005654]; nucleus [GO:0005634]; protein-containing complex [GO:0032991]; ribonucleoprotein complex [GO:1990904]
P12270	P12270	TPR_HUMAN	Nucleoprotein TPR (Megator) (NPC-associated intranuclear protein) (Translocated promoter region protein)	TPR	cell division [GO:0051301]; cellular response to heat [GO:0034605]; cellular response to interferon-alpha [GO:0035457]; intracellular transport of virus [GO:0075733]; mitotic spindle assembly checkpoint [GO:0007094]; mRNA export from nucleus [GO:0006406]; mRNA export from nucleus in response to heat stress [GO:0031990]; negative regulation of RNA export from nucleus [GO:0046832]; negative regulation of transcription by RNA polymerase II [GO:0000122]; negative regulation of translational initiation [GO:0045947]; nuclear pore organization [GO:0006999]; positive regulation of heterochromatin assembly [GO:0031453]; positive regulation of intracellular protein transport [GO:0090316]; positive regulation of mitotic cell cycle spindle assembly checkpoint [GO:0090267]; positive regulation of protein export from nucleus [GO:0046827]; positive regulation of protein import into nucleus [GO:0042307]; protein import into nucleus [GO:0006606]; protein sumoylation [GO:0016925]; regulation of cellular response to heat [GO:1900034]; regulation of gene silencing by miRNA [GO:0060964]; regulation of glycolytic process [GO:0006110]; regulation of mitotic sister chromatid separation [GO:0010965]; regulation of mitotic spindle assembly [GO:1901673]; regulation of protein localization [GO:0032880]; response to epidermal growth factor [GO:0070849]; RNA export from nucleus [GO:0006405]; RNA import into nucleus [GO:0006404]; tRNA export from nucleus [GO:0006409]; viral life cycle [GO:0019058]; viral process [GO:0016032]; viral transcription [GO:0019083]	chromatin binding [GO:0003682]; dynein complex binding [GO:0070840]; heat shock protein binding [GO:0031072]; mitogen-activated protein kinase binding [GO:0051019]; mRNA binding [GO:0003729]; protein homodimerization activity [GO:0042803]; RNA binding [GO:0003723]; structural constituent of nuclear pore [GO:0017056]; tubulin binding [GO:0015631]	cytoplasm [GO:0005737]; cytoplasmic dynein complex [GO:0005868]; extrinsic component of membrane [GO:0019898]; host cell [GO:0043657]; kinetochore [GO:0000776]; mitotic spindle [GO:0072686]; nuclear envelope [GO:0005635]; nuclear inclusion body [GO:0042405]; nuclear membrane [GO:0031965]; nuclear periphery [GO:0034399]; nuclear pore [GO:0005643]; nuclear pore nuclear basket [GO:0044615]; nucleoplasm [GO:0005654]; nucleus [GO:0005634]
P12314	P12314	FCGR1_HUMAN	High affinity immunoglobulin gamma Fc receptor I (IgG Fc receptor I) (Fc-gamma RI) (FcRI) (Fc-gamma RIA) (FcgammaRIa) (CD antigen CD64)	FCGR1A FCG1 FCGR1 IGFR1	antigen processing and presentation of exogenous peptide antigen via MHC class I, TAP-dependent [GO:0002479]; cell surface receptor signaling pathway [GO:0007166]; Fc-gamma receptor signaling pathway involved in phagocytosis [GO:0038096]; immune response [GO:0006955]; interferon-gamma-mediated signaling pathway [GO:0060333]; negative regulation of inflammatory response to antigenic stimulus [GO:0002862]; phagocytosis, engulfment [GO:0006911]; positive regulation of protein tyrosine kinase activity [GO:0061098]; receptor-mediated endocytosis [GO:0006898]; regulation of immune response [GO:0050776]; signal transduction [GO:0007165]	IgG binding [GO:0019864]; transmembrane signaling receptor activity [GO:0004888]	clathrin-coated endocytic vesicle membrane [GO:0030669]; early endosome membrane [GO:0031901]; integral component of plasma membrane [GO:0005887]; plasma membrane [GO:0005886]
P13498	P13498	CY24A_HUMAN	Cytochrome b-245 light chain (Cytochrome b(558) alpha chain) (Cytochrome b558 subunit alpha) (Neutrophil cytochrome b 22 kDa polypeptide) (Superoxide-generating NADPH oxidase light chain subunit) (p22 phagocyte B-cytochrome) (p22-phox) (p22phox)	CYBA	antigen processing and presentation of exogenous peptide antigen via MHC class I, TAP-dependent [GO:0002479]; cell redox homeostasis [GO:0045454]; cellular response to oxidative stress [GO:0034599]; cytochrome complex assembly [GO:0017004]; hydrogen peroxide biosynthetic process [GO:0050665]; inflammatory response [GO:0006954]; innate immune response [GO:0045087]; neutrophil degranulation [GO:0043312]; positive regulation of cell killing [GO:0031343]; positive regulation of defense response to bacterium [GO:1900426]; positive regulation of interleukin-6 production [GO:0032755]; positive regulation of phagocytosis [GO:0050766]; positive regulation of reactive oxygen species biosynthetic process [GO:1903428]; positive regulation of toll-like receptor 2 signaling pathway [GO:0034137]; positive regulation of tumor necrosis factor production [GO:0032760]; respiratory burst [GO:0045730]; smooth muscle hypertrophy [GO:0014895]; superoxide anion generation [GO:0042554]; superoxide metabolic process [GO:0006801]; vascular endothelial growth factor receptor signaling pathway [GO:0048010]	electron transfer activity [GO:0009055]; heme binding [GO:0020037]; metal ion binding [GO:0046872]; protein heterodimerization activity [GO:0046982]; SH3 domain binding [GO:0017124]	endoplasmic reticulum membrane [GO:0005789]; membrane [GO:0016020]; NADPH oxidase complex [GO:0043020]; phagocytic vesicle membrane [GO:0030670]; plasma membrane [GO:0005886]; secretory granule [GO:0030141]; specific granule membrane [GO:0035579]; tertiary granule membrane [GO:0070821]
P13612	P13612	ITA4_HUMAN	Integrin alpha-4 (CD49 antigen-like family member D) (Integrin alpha-IV) (VLA-4 subunit alpha) (CD antigen CD49d)	ITGA4 CD49D	axonogenesis involved in innervation [GO:0060385]; B cell differentiation [GO:0030183]; cell-cell adhesion in response to extracellular stimulus [GO:0140039]; cell-cell adhesion mediated by integrin [GO:0033631]; cell-matrix adhesion [GO:0007160]; cell-matrix adhesion involved in ameboidal cell migration [GO:0003366]; cellular response to amyloid-beta [GO:1904646]; cellular response to cytokine stimulus [GO:0071345]; clathrin-dependent extracellular exosome endocytosis [GO:1990771]; diapedesis [GO:0050904]; endodermal cell differentiation [GO:0035987]; extracellular matrix organization [GO:0030198]; heterotypic cell-cell adhesion [GO:0034113]; import into cell [GO:0098657]; integrin-mediated signaling pathway [GO:0007229]; leukocyte cell-cell adhesion [GO:0007159]; leukocyte migration [GO:0050900]; leukocyte tethering or rolling [GO:0050901]; negative regulation of protein homodimerization activity [GO:0090074]; neuron projection extension [GO:1990138]; positive regulation of endothelial cell apoptotic process [GO:2000353]; positive regulation of leukocyte tethering or rolling [GO:1903238]; positive regulation of T cell migration [GO:2000406]; positive regulation of vascular endothelial cell proliferation [GO:1905564]; receptor clustering [GO:0043113]; regulation of immune response [GO:0050776]; substrate adhesion-dependent cell spreading [GO:0034446]	cell adhesion molecule binding [GO:0050839]; coreceptor activity [GO:0015026]; fibronectin binding [GO:0001968]; integrin binding [GO:0005178]; metal ion binding [GO:0046872]; protein antigen binding [GO:1990405]	cell surface [GO:0009986]; extracellular exosome [GO:0070062]; focal adhesion [GO:0005925]; growth cone [GO:0030426]; integrin alpha4-beta1 complex [GO:0034668]; integrin alpha4-beta7 complex [GO:0034669]; membrane [GO:0016020]; neuronal cell body [GO:0043025]; plasma membrane [GO:0005886]
P13807	P13807	GYS1_HUMAN	Glycogen [starch] synthase, muscle (EC 2.4.1.11)	GYS1 GYS	glycogen biosynthetic process [GO:0005978]; heart development [GO:0007507]	glucose binding [GO:0005536]; glycogen (starch) synthase activity [GO:0004373]; glycogen synthase activity, transferring glucose-1-phosphate [GO:0061547]; protein kinase binding [GO:0019901]	cytoplasm [GO:0005737]; cytosol [GO:0005829]; inclusion body [GO:0016234]; membrane [GO:0016020]
P13861	P13861	KAP2_HUMAN	cAMP-dependent protein kinase type II-alpha regulatory subunit	PRKAR2A PKR2 PRKAR2	activation of protein kinase A activity [GO:0034199]; blood coagulation [GO:0007596]; cellular response to glucagon stimulus [GO:0071377]; chemical synaptic transmission [GO:0007268]; intracellular signal transduction [GO:0035556]; negative regulation of cAMP-dependent protein kinase activity [GO:2000480]; negative regulation of inflammatory response to antigenic stimulus [GO:0002862]; regulation of cAMP-mediated signaling [GO:0043949]; regulation of protein kinase A signaling [GO:0010738]; renal water homeostasis [GO:0003091]	cAMP binding [GO:0030552]; cAMP-dependent protein kinase inhibitor activity [GO:0004862]; cAMP-dependent protein kinase regulator activity [GO:0008603]; protein domain specific binding [GO:0019904]; protein kinase A catalytic subunit binding [GO:0034236]; ubiquitin protein ligase binding [GO:0031625]	cAMP-dependent protein kinase complex [GO:0005952]; centrosome [GO:0005813]; ciliary base [GO:0097546]; cytoplasm [GO:0005737]; cytosol [GO:0005829]; extracellular exosome [GO:0070062]; focal adhesion [GO:0005925]; membrane [GO:0016020]; nucleotide-activated protein kinase complex [GO:0031588]; plasma membrane [GO:0005886]; plasma membrane raft [GO:0044853]; protein-containing complex [GO:0032991]; synapse [GO:0045202]
P14317	P14317	HCLS1_HUMAN	Hematopoietic lineage cell-specific protein (Hematopoietic cell-specific LYN substrate 1) (LckBP1) (p75)	HCLS1 HS1	actin filament polymerization [GO:0030041]; cellular response to cytokine stimulus [GO:0071345]; erythrocyte differentiation [GO:0030218]; intracellular signal transduction [GO:0035556]; negative regulation of leukocyte apoptotic process [GO:2000107]; negative regulation of transcription by RNA polymerase II [GO:0000122]; positive regulation of actin cytoskeleton reorganization [GO:2000251]; positive regulation of cell population proliferation [GO:0008284]; positive regulation of DNA-binding transcription factor activity [GO:0051091]; positive regulation of granulocyte differentiation [GO:0030854]; positive regulation of macrophage differentiation [GO:0045651]; positive regulation of peptidyl-serine phosphorylation [GO:0033138]; positive regulation of peptidyl-tyrosine phosphorylation [GO:0050731]; positive regulation of phosphatidylinositol 3-kinase signaling [GO:0014068]; positive regulation of protein import into nucleus [GO:0042307]; positive regulation of protein kinase B signaling [GO:0051897]; positive regulation of transcription by RNA polymerase II [GO:0045944]; positive regulation of tyrosine phosphorylation of STAT protein [GO:0042531]; regulation of actin filament polymerization [GO:0030833]; regulation of transcription, DNA-templated [GO:0006355]; response to hormone [GO:0009725]	actin filament binding [GO:0051015]; protein kinase binding [GO:0019901]; RNA polymerase II transcription factor binding [GO:0001085]; SH3 domain binding [GO:0017124]	cortical actin cytoskeleton [GO:0030864]; cytoplasm [GO:0005737]; cytosol [GO:0005829]; mitochondrion [GO:0005739]; nucleus [GO:0005634]; plasma membrane [GO:0005886]; site of polarized growth [GO:0030427]; transcription regulator complex [GO:0005667]
P16070	P16070	CD44_HUMAN	CD44 antigen (CDw44) (Epican) (Extracellular matrix receptor III) (ECMR-III) (GP90 lymphocyte homing/adhesion receptor) (HUTCH-I) (Heparan sulfate proteoglycan) (Hermes antigen) (Hyaluronate receptor) (Phagocytic glycoprotein 1) (PGP-1) (Phagocytic glycoprotein I) (PGP-I) (CD antigen CD44)	CD44 LHR MDU2 MDU3 MIC4	cartilage development [GO:0051216]; cell adhesion [GO:0007155]; cell-cell adhesion [GO:0098609]; cell-matrix adhesion [GO:0007160]; cell migration [GO:0016477]; cellular response to fibroblast growth factor stimulus [GO:0044344]; extracellular matrix disassembly [GO:0022617]; extracellular matrix organization [GO:0030198]; hyaluronan catabolic process [GO:0030214]; inflammatory response [GO:0006954]; interferon-gamma-mediated signaling pathway [GO:0060333]; leukocyte migration [GO:0050900]; monocyte aggregation [GO:0070487]; negative regulation of apoptotic process [GO:0043066]; negative regulation of cysteine-type endopeptidase activity involved in apoptotic process [GO:0043154]; negative regulation of DNA damage response, signal transduction by p53 class mediator [GO:0043518]; negative regulation of intrinsic apoptotic signaling pathway in response to DNA damage by p53 class mediator [GO:1902166]; neutrophil degranulation [GO:0043312]; positive regulation of ERK1 and ERK2 cascade [GO:0070374]; positive regulation of heterotypic cell-cell adhesion [GO:0034116]; positive regulation of monocyte aggregation [GO:1900625]; positive regulation of peptidyl-serine phosphorylation [GO:0033138]; positive regulation of peptidyl-tyrosine phosphorylation [GO:0050731]; regulation of lamellipodium morphogenesis [GO:2000392]; T cell activation [GO:0042110]; wound healing, spreading of cells [GO:0044319]	collagen binding [GO:0005518]; hyaluronic acid binding [GO:0005540]; transmembrane signaling receptor activity [GO:0004888]	apical plasma membrane [GO:0016324]; basolateral plasma membrane [GO:0016323]; cell projection [GO:0042995]; cell surface [GO:0009986]; cytosol [GO:0005829]; extracellular exosome [GO:0070062]; focal adhesion [GO:0005925]; Golgi apparatus [GO:0005794]; integral component of plasma membrane [GO:0005887]; lamellipodium membrane [GO:0031258]; macrophage migration inhibitory factor receptor complex [GO:0035692]; microvillus [GO:0005902]; plasma membrane [GO:0005886]; secretory granule membrane [GO:0030667]
P16150	P16150	LEUK_HUMAN	Leukosialin (GPL115) (Galactoglycoprotein) (GALGP) (Leukocyte sialoglycoprotein) (Sialophorin) (CD antigen CD43) [Cleaved into: CD43 cytoplasmic tail (CD43-ct) (CD43ct)]	SPN CD43	cell surface receptor signaling pathway [GO:0007166]; cellular defense response [GO:0006968]; chemotaxis [GO:0006935]; defense response to bacterium [GO:0042742]; establishment or maintenance of cell polarity [GO:0007163]; immune response [GO:0006955]; leukocyte migration [GO:0050900]; leukocyte tethering or rolling [GO:0050901]; negative regulation of cell adhesion [GO:0007162]; negative regulation of T cell proliferation [GO:0042130]; positive regulation of T cell migration [GO:2000406]; positive regulation of tumor necrosis factor production [GO:0032760]; regulation of immune response [GO:0050776]; regulation of T cell migration [GO:2000404]; signal transduction [GO:0007165]; T-helper 1 cell lineage commitment [GO:0002296]	heat shock protein binding [GO:0031072]; Hsp70 protein binding [GO:0030544]; transmembrane signaling receptor activity [GO:0004888]	cell surface [GO:0009986]; external side of plasma membrane [GO:0009897]; extracellular exosome [GO:0070062]; extracellular space [GO:0005615]; integral component of plasma membrane [GO:0005887]; membrane [GO:0016020]; microvillus [GO:0005902]; plasma membrane [GO:0005886]; PML body [GO:0016605]; uropod [GO:0001931]
P16949	P16949	STMN1_HUMAN	Stathmin (Leukemia-associated phosphoprotein p18) (Metablastin) (Oncoprotein 18) (Op18) (Phosphoprotein p19) (pp19) (Prosolin) (Protein Pr22) (pp17)	STMN1 C1orf215 LAP18 OP18	axonogenesis [GO:0007409]; brain development [GO:0007420]; establishment of skin barrier [GO:0061436]; hepatocyte growth factor receptor signaling pathway [GO:0048012]; intracellular signal transduction [GO:0035556]; microtubule depolymerization [GO:0007019]; mitotic cytokinesis [GO:0000281]; mitotic spindle organization [GO:0007052]; negative regulation of guanyl-nucleotide exchange factor activity [GO:1905098]; negative regulation of microtubule polymerization [GO:0031115]; negative regulation of Rho protein signal transduction [GO:0035024]; negative regulation of stress fiber assembly [GO:0051497]; negative regulation of thrombin-activated receptor signaling pathway [GO:0070495]; neuron projection development [GO:0031175]; positive regulation of cellular component movement [GO:0051272]; regulation of microtubule polymerization or depolymerization [GO:0031110]; response to virus [GO:0009615]; signal transduction [GO:0007165]	tubulin binding [GO:0015631]	cytoplasm [GO:0005737]; cytosol [GO:0005829]; extracellular exosome [GO:0070062]; membrane [GO:0016020]; microtubule [GO:0005874]; neuron projection [GO:0043005]
P17096	P17096	HMGA1_HUMAN	High mobility group protein HMG-I/HMG-Y (HMG-I(Y)) (High mobility group AT-hook protein 1) (High mobility group protein A1) (High mobility group protein R)	HMGA1 HMGIY	base-excision repair [GO:0006284]; DNA unwinding involved in DNA replication [GO:0006268]; establishment of integrated proviral latency [GO:0075713]; negative regulation of cell population proliferation [GO:0008285]; negative regulation of chromatin silencing [GO:0031936]; negative regulation of transcription, DNA-templated [GO:0045892]; nuclear transport [GO:0051169]; nucleosome disassembly [GO:0006337]; oncogene-induced cell senescence [GO:0090402]; positive regulation of cellular senescence [GO:2000774]; positive regulation of transcription, DNA-templated [GO:0045893]; positive regulation of transcription by RNA polymerase II [GO:0045944]; regulation of transcription, DNA-templated [GO:0006355]; response to virus [GO:0009615]; senescence-associated heterochromatin focus assembly [GO:0035986]	5'-deoxyribose-5-phosphate lyase activity [GO:0051575]; chromatin binding [GO:0003682]; cis-regulatory region sequence-specific DNA binding [GO:0000987]; DNA-(apurinic or apyrimidinic site) endonuclease activity [GO:0003906]; DNA binding [GO:0003677]; enzyme binding [GO:0019899]; minor groove of adenine-thymine-rich DNA binding [GO:0003680]; nuclear receptor coactivator activity [GO:0030374]; peroxisome proliferator activated receptor binding [GO:0042975]; retinoic acid receptor binding [GO:0042974]; retinoid X receptor binding [GO:0046965]; structural constituent of chromatin [GO:0030527]; transcription coactivator activity [GO:0003713]; transcription coregulator activity [GO:0003712]; transcription factor binding [GO:0008134]	cytosol [GO:0005829]; focal adhesion [GO:0005925]; nucleoplasm [GO:0005654]; nucleus [GO:0005634]; RNA polymerase II transcription regulator complex [GO:0090575]; senescence-associated heterochromatin focus [GO:0035985]; transcription regulator complex [GO:0005667]
P17612	P17612	KAPCA_HUMAN	cAMP-dependent protein kinase catalytic subunit alpha (PKA C-alpha) (EC 2.7.11.11)	PRKACA PKACA	activation of protein kinase A activity [GO:0034199]; adaptive immune response [GO:0002250]; blood coagulation [GO:0007596]; calcium-mediated signaling using intracellular calcium source [GO:0035584]; cell communication by electrical coupling involved in cardiac conduction [GO:0086064]; cellular response to epinephrine stimulus [GO:0071872]; cellular response to glucagon stimulus [GO:0071377]; cellular response to glucose stimulus [GO:0071333]; cellular response to heat [GO:0034605]; cellular response to parathyroid hormone stimulus [GO:0071374]; chemical synaptic transmission [GO:0007268]; ciliary basal body-plasma membrane docking [GO:0097711]; cytokine-mediated signaling pathway [GO:0019221]; G2/M transition of mitotic cell cycle [GO:0000086]; high-density lipoprotein particle assembly [GO:0034380]; mesoderm formation [GO:0001707]; modulation of chemical synaptic transmission [GO:0050804]; mRNA processing [GO:0006397]; negative regulation of inflammatory response to antigenic stimulus [GO:0002862]; negative regulation of smoothened signaling pathway involved in dorsal/ventral neural tube patterning [GO:1901621]; neural tube closure [GO:0001843]; peptidyl-serine phosphorylation [GO:0018105]; peptidyl-threonine phosphorylation [GO:0018107]; positive regulation of cell cycle arrest [GO:0071158]; positive regulation of protein export from nucleus [GO:0046827]; protein autophosphorylation [GO:0046777]; protein kinase A signaling [GO:0010737]; protein phosphorylation [GO:0006468]; regulation of bicellular tight junction assembly [GO:2000810]; regulation of cardiac conduction [GO:1903779]; regulation of cardiac muscle contraction [GO:0055117]; regulation of cardiac muscle contraction by regulation of the release of sequestered calcium ion [GO:0010881]; regulation of cytosolic calcium ion concentration [GO:0051480]; regulation of G2/M transition of mitotic cell cycle [GO:0010389]; regulation of heart rate [GO:0002027]; regulation of macroautophagy [GO:0016241]; regulation of osteoblast differentiation [GO:0045667]; regulation of proteasomal protein catabolic process [GO:0061136]; regulation of protein binding [GO:0043393]; regulation of protein processing [GO:0070613]; regulation of ryanodine-sensitive calcium-release channel activity [GO:0060314]; renal water homeostasis [GO:0003091]; sperm capacitation [GO:0048240]; stimulatory C-type lectin receptor signaling pathway [GO:0002223]	AMP-activated protein kinase activity [GO:0004679]; ATP binding [GO:0005524]; cAMP-dependent protein kinase activity [GO:0004691]; magnesium ion binding [GO:0000287]; manganese ion binding [GO:0030145]; protein domain specific binding [GO:0019904]; protein kinase activity [GO:0004672]; protein kinase A regulatory subunit binding [GO:0034237]; protein kinase binding [GO:0019901]; protein serine/threonine/tyrosine kinase activity [GO:0004712]; protein serine/threonine kinase activity [GO:0004674]; protein serine kinase activity [GO:0106310]; protein threonine kinase activity [GO:0106311]; ubiquitin protein ligase binding [GO:0031625]	acrosomal vesicle [GO:0001669]; calcium channel complex [GO:0034704]; cAMP-dependent protein kinase complex [GO:0005952]; centrosome [GO:0005813]; ciliary base [GO:0097546]; cytoplasm [GO:0005737]; cytosol [GO:0005829]; dendritic spine [GO:0043197]; extracellular exosome [GO:0070062]; membrane [GO:0016020]; mitochondrion [GO:0005739]; neuromuscular junction [GO:0031594]; nuclear speck [GO:0016607]; nucleoplasm [GO:0005654]; nucleotide-activated protein kinase complex [GO:0031588]; nucleus [GO:0005634]; perinuclear region of cytoplasm [GO:0048471]; plasma membrane raft [GO:0044853]; sperm flagellum [GO:0036126]; sperm midpiece [GO:0097225]
P17812	P17812	PYRG1_HUMAN	CTP synthase 1 (EC 6.3.4.2) (CTP synthetase 1) (UTP--ammonia ligase 1)	CTPS1 CTPS	'de novo' CTP biosynthetic process [GO:0044210]; B cell proliferation [GO:0042100]; CTP biosynthetic process [GO:0006241]; glutamine metabolic process [GO:0006541]; nucleobase-containing compound metabolic process [GO:0006139]; nucleobase-containing small molecule interconversion [GO:0015949]; pyrimidine nucleobase biosynthetic process [GO:0019856]; response to drug [GO:0042493]; T cell proliferation [GO:0042098]	ATP binding [GO:0005524]; CTP synthase activity [GO:0003883]; identical protein binding [GO:0042802]	cytoophidium [GO:0097268]; cytoplasm [GO:0005737]; cytosol [GO:0005829]; membrane [GO:0016020]
P18754	P18754	RCC1_HUMAN	Regulator of chromosome condensation (Cell cycle regulatory protein) (Chromosome condensation protein 1)	RCC1 CHC1	cell division [GO:0051301]; chromosome segregation [GO:0007059]; G1/S transition of mitotic cell cycle [GO:0000082]; mitotic nuclear envelope reassembly [GO:0007084]; mitotic spindle organization [GO:0007052]; Ran protein signal transduction [GO:0031291]; regulation of mitotic nuclear division [GO:0007088]; regulation of mitotic spindle assembly [GO:1901673]; spindle assembly [GO:0051225]; viral process [GO:0016032]	chromatin binding [GO:0003682]; guanyl-nucleotide exchange factor activity [GO:0005085]; histone binding [GO:0042393]; nucleosomal DNA binding [GO:0031492]; nucleosome binding [GO:0031491]; protein heterodimerization activity [GO:0046982]; small GTPase binding [GO:0031267]; sulfate binding [GO:0043199]	chromatin [GO:0000785]; chromosome [GO:0005694]; condensed nuclear chromosome [GO:0000794]; cytoplasm [GO:0005737]; nuclear membrane [GO:0031965]; nucleoplasm [GO:0005654]; nucleus [GO:0005634]; protein-containing complex [GO:0032991]
P18887	P18887	XRCC1_HUMAN	DNA repair protein XRCC1 (X-ray repair cross-complementing protein 1)	XRCC1	base-excision repair [GO:0006284]; base-excision repair, DNA ligation [GO:0006288]; base-excision repair, gap-filling [GO:0006287]; cerebellum morphogenesis [GO:0021587]; double-strand break repair via homologous recombination [GO:0000724]; double-strand break repair via nonhomologous end joining [GO:0006303]; hippocampus development [GO:0021766]; negative regulation of protection from non-homologous end joining at telomere [GO:1905765]; negative regulation of protein ADP-ribosylation [GO:0010836]; nucleotide-excision repair, DNA gap filling [GO:0006297]; positive regulation of DNA ligase activity [GO:1904877]; positive regulation of single strand break repair [GO:1903518]; replication-born double-strand break repair via sister chromatid exchange [GO:1990414]; response to drug [GO:0042493]; response to hydroperoxide [GO:0033194]; response to hypoxia [GO:0001666]; response to organic substance [GO:0010033]; single strand break repair [GO:0000012]; telomeric DNA-containing double minutes formation [GO:0061819]; transcription-coupled nucleotide-excision repair [GO:0006283]; voluntary musculoskeletal movement [GO:0050882]	3' overhang single-stranded DNA endodeoxyribonuclease activity [GO:1990599]; enzyme binding [GO:0019899]; oxidized DNA binding [GO:0032356]	chromatin [GO:0000785]; chromosome, telomeric region [GO:0000781]; ERCC4-ERCC1 complex [GO:0070522]; nucleolus [GO:0005730]; nucleoplasm [GO:0005654]; nucleus [GO:0005634]
P19338	P19338	NUCL_HUMAN	Nucleolin (Protein C23)	NCL	angiogenesis [GO:0001525]; negative regulation of translation [GO:0017148]; positive regulation of mRNA splicing, via spliceosome [GO:0048026]; positive regulation of transcription of nucleolar large rRNA by RNA polymerase I [GO:1901838]	DNA topoisomerase binding [GO:0044547]; identical protein binding [GO:0042802]; mRNA 5'-UTR binding [GO:0048027]; protein C-terminus binding [GO:0008022]; RNA binding [GO:0003723]; telomeric DNA binding [GO:0042162]	cell cortex [GO:0005938]; chromosome [GO:0005694]; cytoplasmic ribonucleoprotein granule [GO:0036464]; extracellular exosome [GO:0070062]; membrane [GO:0016020]; nucleolus [GO:0005730]; nucleoplasm [GO:0005654]; nucleus [GO:0005634]; ribonucleoprotein complex [GO:1990904]; spliceosomal complex [GO:0005681]
P20020	P20020	AT2B1_HUMAN	Plasma membrane calcium-transporting ATPase 1 (EC 7.2.2.10) (Plasma membrane calcium ATPase isoform 1) (PMCA1) (Plasma membrane calcium pump isoform 1)	ATP2B1 PMCA1	aging [GO:0007568]; brain development [GO:0007420]; calcium ion export across plasma membrane [GO:1990034]; cellular calcium ion homeostasis [GO:0006874]; cellular response to corticosterone stimulus [GO:0071386]; cellular response to vitamin D [GO:0071305]; ion transmembrane transport [GO:0034220]; negative regulation of cytokine production [GO:0001818]; negative regulation of cytosolic calcium ion concentration [GO:0051481]; neural retina development [GO:0003407]; positive regulation of bone mineralization [GO:0030501]; positive regulation of calcium ion transport [GO:0051928]; regulation of blood pressure [GO:0008217]; regulation of cardiac conduction [GO:1903779]; regulation of cellular response to insulin stimulus [GO:1900076]; regulation of cytosolic calcium ion concentration [GO:0051480]; regulation of vascular associated smooth muscle contraction [GO:0003056]; response to cold [GO:0009409]	ATPase activity [GO:0016887]; ATPase-coupled cation transmembrane transporter activity [GO:0019829]; ATP binding [GO:0005524]; calcium ion transmembrane transporter activity [GO:0015085]; calmodulin binding [GO:0005516]; metal ion binding [GO:0046872]; PDZ domain binding [GO:0030165]; P-type calcium transporter activity [GO:0005388]; P-type calcium transporter activity involved in regulation of presynaptic cytosolic calcium ion concentration [GO:1905056]	apical plasma membrane [GO:0016324]; basolateral plasma membrane [GO:0016323]; cytoplasmic side of plasma membrane [GO:0009898]; dendritic spine membrane [GO:0032591]; extracellular exosome [GO:0070062]; GABA-ergic synapse [GO:0098982]; glutamatergic synapse [GO:0098978]; immunological synapse [GO:0001772]; integral component of plasma membrane [GO:0005887]; integral component of presynaptic active zone membrane [GO:0099059]; intracellular membrane-bounded organelle [GO:0043231]; membrane [GO:0016020]; membrane raft [GO:0045121]; neuronal cell body membrane [GO:0032809]; nucleoplasm [GO:0005654]; plasma membrane [GO:0005886]
P20138	P20138	CD33_HUMAN	Myeloid cell surface antigen CD33 (Sialic acid-binding Ig-like lectin 3) (Siglec-3) (gp67) (CD antigen CD33)	CD33 SIGLEC3	cell adhesion [GO:0007155]; cell-cell adhesion [GO:0098609]; cell-cell signaling [GO:0007267]; immune response-inhibiting signal transduction [GO:0002765]; negative regulation of calcium ion transport [GO:0051926]; negative regulation of cell population proliferation [GO:0008285]; negative regulation of interleukin-1 beta production [GO:0032691]; negative regulation of interleukin-8 production [GO:0032717]; negative regulation of monocyte activation [GO:0150102]; negative regulation of tumor necrosis factor production [GO:0032720]; neutrophil degranulation [GO:0043312]; positive regulation of protein secretion [GO:0050714]; positive regulation of protein tyrosine phosphatase activity [GO:1903615]; regulation of immune response [GO:0050776]; signal transduction [GO:0007165]	carbohydrate binding [GO:0030246]; protein phosphatase binding [GO:0019903]; sialic acid binding [GO:0033691]; signaling receptor activity [GO:0038023]	cell surface [GO:0009986]; external side of plasma membrane [GO:0009897]; Golgi apparatus [GO:0005794]; integral component of plasma membrane [GO:0005887]; nucleoplasm [GO:0005654]; peroxisome [GO:0005777]; plasma membrane [GO:0005886]; specific granule membrane [GO:0035579]; tertiary granule membrane [GO:0070821]
P21291	P21291	CSRP1_HUMAN	Cysteine and glycine-rich protein 1 (Cysteine-rich protein 1) (CRP) (CRP1) (Epididymis luminal protein 141) (HEL-141)	CSRP1 CSRP CYRP	actin cytoskeleton organization [GO:0030036]; muscle tissue development [GO:0060537]; platelet aggregation [GO:0070527]; sarcomere organization [GO:0045214]	actinin binding [GO:0042805]; RNA binding [GO:0003723]; structural constituent of muscle [GO:0008307]; zinc ion binding [GO:0008270]	cytoplasm [GO:0005737]; extracellular exosome [GO:0070062]; focal adhesion [GO:0005925]; nucleus [GO:0005634]; Z disc [GO:0030018]
P21580	P21580	TNAP3_HUMAN	Tumor necrosis factor alpha-induced protein 3 (TNF alpha-induced protein 3) (EC 2.3.2.-) (EC 3.4.19.12) (OTU domain-containing protein 7C) (Putative DNA-binding protein A20) (Zinc finger protein A20) [Cleaved into: A20p50; A20p37]	TNFAIP3 OTUD7C	apoptotic process [GO:0006915]; B-1 B cell homeostasis [GO:0001922]; cell migration [GO:0016477]; cellular response to hydrogen peroxide [GO:0070301]; cellular response to lipopolysaccharide [GO:0071222]; cytoskeleton organization [GO:0007010]; establishment of protein localization to vacuole [GO:0072666]; inflammatory response [GO:0006954]; negative regulation of B cell activation [GO:0050869]; negative regulation of bone resorption [GO:0045779]; negative regulation of CD40 signaling pathway [GO:2000349]; negative regulation of chronic inflammatory response [GO:0002677]; negative regulation of cyclin-dependent protein serine/threonine kinase activity [GO:0045736]; negative regulation of endothelial cell apoptotic process [GO:2000352]; negative regulation of extrinsic apoptotic signaling pathway via death domain receptors [GO:1902042]; negative regulation of I-kappaB kinase/NF-kappaB signaling [GO:0043124]; negative regulation of inflammatory response [GO:0050728]; negative regulation of innate immune response [GO:0045824]; negative regulation of interleukin-1 beta production [GO:0032691]; negative regulation of interleukin-2 production [GO:0032703]; negative regulation of interleukin-6 production [GO:0032715]; negative regulation of NF-kappaB transcription factor activity [GO:0032088]; negative regulation of nucleotide-binding oligomerization domain containing 1 signaling pathway [GO:0070429]; negative regulation of nucleotide-binding oligomerization domain containing 2 signaling pathway [GO:0070433]; negative regulation of osteoclast proliferation [GO:0090291]; negative regulation of protein ubiquitination [GO:0031397]; negative regulation of smooth muscle cell proliferation [GO:0048662]; negative regulation of toll-like receptor 2 signaling pathway [GO:0034136]; negative regulation of toll-like receptor 3 signaling pathway [GO:0034140]; negative regulation of toll-like receptor 4 signaling pathway [GO:0034144]; negative regulation of toll-like receptor 5 signaling pathway [GO:0034148]; negative regulation of tumor necrosis factor production [GO:0032720]; negative regulation of type I interferon production [GO:0032480]; nucleotide-binding oligomerization domain containing signaling pathway [GO:0070423]; positive regulation of cellular protein catabolic process [GO:1903364]; positive regulation of hepatocyte proliferation [GO:2000347]; positive regulation of protein catabolic process [GO:0045732]; positive regulation of Wnt signaling pathway [GO:0030177]; protein deubiquitination [GO:0016579]; protein deubiquitination involved in ubiquitin-dependent protein catabolic process [GO:0071947]; protein K11-linked deubiquitination [GO:0035871]; protein K29-linked deubiquitination [GO:0035523]; protein K33-linked deubiquitination [GO:1990168]; protein K48-linked deubiquitination [GO:0071108]; protein K48-linked ubiquitination [GO:0070936]; protein K63-linked deubiquitination [GO:0070536]; regulation of defense response to virus by host [GO:0050691]; regulation of germinal center formation [GO:0002634]; regulation of tumor necrosis factor-mediated signaling pathway [GO:0010803]; regulation of vascular wound healing [GO:0061043]; response to molecule of bacterial origin [GO:0002237]; response to muramyl dipeptide [GO:0032495]; tolerance induction to lipopolysaccharide [GO:0072573]	DNA binding [GO:0003677]; identical protein binding [GO:0042802]; K63-linked polyubiquitin modification-dependent protein binding [GO:0070530]; kinase binding [GO:0019900]; Lys63-specific deubiquitinase activity [GO:0061578]; protease binding [GO:0002020]; protein C-terminus binding [GO:0008022]; protein self-association [GO:0043621]; thiol-dependent deubiquitinase [GO:0004843]; ubiquitin binding [GO:0043130]; ubiquitin-protein transferase activity [GO:0004842]; zinc ion binding [GO:0008270]	cytoplasm [GO:0005737]; cytosol [GO:0005829]; extracellular exosome [GO:0070062]; lysosome [GO:0005764]; nucleus [GO:0005634]
P22059	P22059	OSBP1_HUMAN	Oxysterol-binding protein 1	OSBP OSBP1	bile acid biosynthetic process [GO:0006699]; intracellular cholesterol transport [GO:0032367]; positive regulation of insulin secretion involved in cellular response to glucose stimulus [GO:0035774]; positive regulation of secretory granule organization [GO:1904411]; positive regulation of tyrosine phosphorylation of STAT protein [GO:0042531]; sterol transport [GO:0015918]	oxysterol binding [GO:0008142]; phosphatidylinositol-4-phosphate binding [GO:0070273]; protein domain specific binding [GO:0019904]; sterol binding [GO:0032934]; sterol transfer activity [GO:0120015]; sterol transporter activity [GO:0015248]	cell junction [GO:0030054]; cytoplasm [GO:0005737]; cytosol [GO:0005829]; endoplasmic reticulum membrane [GO:0005789]; Golgi apparatus [GO:0005794]; Golgi membrane [GO:0000139]; intracellular membrane-bounded organelle [GO:0043231]; membrane [GO:0016020]; nucleolus [GO:0005730]; nucleoplasm [GO:0005654]; perinuclear endoplasmic reticulum [GO:0097038]; perinuclear region of cytoplasm [GO:0048471]; plasma membrane [GO:0005886]; trans-Golgi network [GO:0005802]
P22087	P22087	FBRL_HUMAN	rRNA 2'-O-methyltransferase fibrillarin (EC 2.1.1.-) (34 kDa nucleolar scleroderma antigen) (Histone-glutamine methyltransferase) (U6 snRNA 2'-O-methyltransferase fibrillarin)	FBL FIB1 FLRN	box C/D RNA 3'-end processing [GO:0000494]; histone glutamine methylation [GO:1990258]; osteoblast differentiation [GO:0001649]; rRNA methylation [GO:0031167]; rRNA processing [GO:0006364]; snoRNA localization [GO:0048254]	ATPase binding [GO:0051117]; histone-glutamine methyltransferase activity [GO:1990259]; RNA binding [GO:0003723]; rRNA methyltransferase activity [GO:0008649]; TFIID-class transcription factor complex binding [GO:0001094]	box C/D RNP complex [GO:0031428]; Cajal body [GO:0015030]; chromosome [GO:0005694]; dense fibrillar component [GO:0001651]; extracellular exosome [GO:0070062]; fibrillar center [GO:0001650]; membrane [GO:0016020]; nucleolus [GO:0005730]; nucleoplasm [GO:0005654]; nucleus [GO:0005634]; small-subunit processome [GO:0032040]
P22626	P22626	ROA2_HUMAN	Heterogeneous nuclear ribonucleoproteins A2/B1 (hnRNP A2/B1)	HNRNPA2B1 HNRPA2B1	G-quadruplex DNA unwinding [GO:0044806]; interleukin-12-mediated signaling pathway [GO:0035722]; miRNA transport [GO:1990428]; mRNA export from nucleus [GO:0006406]; mRNA processing [GO:0006397]; mRNA splicing, via spliceosome [GO:0000398]; negative regulation of mRNA splicing, via spliceosome [GO:0048025]; negative regulation of transcription by RNA polymerase II [GO:0000122]; positive regulation of telomerase RNA reverse transcriptase activity [GO:1905663]; positive regulation of telomere maintenance via telomere lengthening [GO:1904358]; primary miRNA processing [GO:0031053]; RNA metabolic process [GO:0016070]; RNA transport [GO:0050658]; viral process [GO:0016032]	G-rich strand telomeric DNA binding [GO:0098505]; identical protein binding [GO:0042802]; miRNA binding [GO:0035198]; mRNA 3'-UTR binding [GO:0003730]; N6-methyladenosine-containing RNA binding [GO:1990247]; pre-mRNA intronic binding [GO:0097157]; RNA binding [GO:0003723]; single-stranded telomeric DNA binding [GO:0043047]	Cajal body [GO:0015030]; catalytic step 2 spliceosome [GO:0071013]; chromosome, telomeric region [GO:0000781]; cytoplasm [GO:0005737]; extracellular exosome [GO:0070062]; membrane [GO:0016020]; nuclear matrix [GO:0016363]; nucleoplasm [GO:0005654]; nucleus [GO:0005634]; ribonucleoprotein complex [GO:1990904]; spliceosomal complex [GO:0005681]
P23193	P23193	TCEA1_HUMAN	Transcription elongation factor A protein 1 (Transcription elongation factor S-II protein 1) (Transcription elongation factor TFIIS.o)	TCEA1 GTF2S TFIIS	positive regulation of exoribonuclease activity [GO:1901919]; positive regulation of transcription by RNA polymerase II [GO:0045944]; transcription by RNA polymerase II [GO:0006366]; transcription-coupled nucleotide-excision repair [GO:0006283]; transcription elongation from RNA polymerase II promoter [GO:0006368]	DNA binding [GO:0003677]; zinc ion binding [GO:0008270]	nucleolus [GO:0005730]; nucleoplasm [GO:0005654]; transcription factor TFIID complex [GO:0005669]
P23634	P23634	AT2B4_HUMAN	Plasma membrane calcium-transporting ATPase 4 (PMCA4) (EC 7.2.2.10) (Matrix-remodeling-associated protein 1) (Plasma membrane calcium ATPase isoform 4) (Plasma membrane calcium pump isoform 4)	ATP2B4 ATP2B2 MXRA1	calcium ion export [GO:1901660]; calcium ion import across plasma membrane [GO:0098703]; calcium ion transmembrane import into cytosol [GO:0097553]; calcium ion transmembrane transport [GO:0070588]; cellular calcium ion homeostasis [GO:0006874]; cellular response to acetylcholine [GO:1905145]; cellular response to epinephrine stimulus [GO:0071872]; flagellated sperm motility [GO:0030317]; hippocampus development [GO:0021766]; ion transmembrane transport [GO:0034220]; negative regulation of adenylate cyclase-activating adrenergic receptor signaling pathway involved in heart process [GO:0140199]; negative regulation of angiogenesis [GO:0016525]; negative regulation of arginine catabolic process [GO:1900082]; negative regulation of blood vessel endothelial cell migration [GO:0043537]; negative regulation of calcineurin-NFAT signaling cascade [GO:0070885]; negative regulation of cardiac muscle hypertrophy in response to stress [GO:1903243]; negative regulation of cellular response to vascular endothelial growth factor stimulus [GO:1902548]; negative regulation of citrulline biosynthetic process [GO:1903249]; negative regulation of gene expression [GO:0010629]; negative regulation of nitric oxide biosynthetic process [GO:0045019]; negative regulation of nitric oxide mediated signal transduction [GO:0010751]; negative regulation of nitric-oxide synthase activity [GO:0051001]; negative regulation of peptidyl-cysteine S-nitrosylation [GO:1902083]; negative regulation of the force of heart contraction [GO:0098736]; neural retina development [GO:0003407]; positive regulation of cAMP-dependent protein kinase activity [GO:2000481]; positive regulation of peptidyl-serine phosphorylation [GO:0033138]; positive regulation of protein localization to plasma membrane [GO:1903078]; regulation of cardiac conduction [GO:1903779]; regulation of cell cycle G1/S phase transition [GO:1902806]; regulation of cytosolic calcium ion concentration [GO:0051480]; regulation of sodium ion transmembrane transport [GO:1902305]; regulation of transcription by RNA polymerase II [GO:0006357]; response to hydrostatic pressure [GO:0051599]; spermatogenesis [GO:0007283]; transport across blood-brain barrier [GO:0150104]; urinary bladder smooth muscle contraction [GO:0014832]	ATPase-coupled cation transmembrane transporter activity [GO:0019829]; ATP binding [GO:0005524]; calcium-dependent protein binding [GO:0048306]; calcium ion transmembrane transporter activity [GO:0015085]; calmodulin binding [GO:0005516]; metal ion binding [GO:0046872]; nitric-oxide synthase binding [GO:0050998]; nitric-oxide synthase inhibitor activity [GO:0036487]; PDZ domain binding [GO:0030165]; protein kinase binding [GO:0019901]; protein phosphatase 2B binding [GO:0030346]; P-type calcium transporter activity [GO:0005388]; scaffold protein binding [GO:0097110]; sodium channel regulator activity [GO:0017080]	basolateral plasma membrane [GO:0016323]; caveola [GO:0005901]; glutamatergic synapse [GO:0098978]; integral component of plasma membrane [GO:0005887]; integral component of presynaptic active zone membrane [GO:0099059]; intracellular membrane-bounded organelle [GO:0043231]; membrane [GO:0016020]; membrane raft [GO:0045121]; neuron projection [GO:0043005]; plasma membrane [GO:0005886]; protein-containing complex [GO:0032991]; sperm flagellum [GO:0036126]; sperm principal piece [GO:0097228]; T-tubule [GO:0030315]; Z disc [GO:0030018]
P24534	P24534	EF1B_HUMAN	Elongation factor 1-beta (EF-1-beta)	EEF1B2 EEF1B EF1B	translational elongation [GO:0006414]	guanyl-nucleotide exchange factor activity [GO:0005085]; translation elongation factor activity [GO:0003746]	cytoplasm [GO:0005737]; cytosol [GO:0005829]; eukaryotic translation elongation factor 1 complex [GO:0005853]
P24928	P24928	RPB1_HUMAN	DNA-directed RNA polymerase II subunit RPB1 (RNA polymerase II subunit B1) (EC 2.7.7.6) (DNA-directed RNA polymerase II subunit A) (DNA-directed RNA polymerase III largest subunit) (RNA-directed RNA polymerase II subunit RPB1) (EC 2.7.7.48)	POLR2A POLR2	7-methylguanosine mRNA capping [GO:0006370]; DNA-templated transcription, termination [GO:0006353]; fibroblast growth factor receptor signaling pathway [GO:0008543]; mRNA splicing, via spliceosome [GO:0000398]; negative regulation of DNA recombination at telomere [GO:0048239]; positive regulation of RNA splicing [GO:0033120]; positive regulation of viral transcription [GO:0050434]; regulation of gene silencing by miRNA [GO:0060964]; regulation of transcription, DNA-templated [GO:0006355]; RNA metabolic process [GO:0016070]; snRNA transcription by RNA polymerase II [GO:0042795]; transcription, DNA-templated [GO:0006351]; transcription by RNA polymerase II [GO:0006366]; transcription-coupled nucleotide-excision repair [GO:0006283]; transcription elongation from RNA polymerase II promoter [GO:0006368]; transcription initiation from RNA polymerase II promoter [GO:0006367]; viral process [GO:0016032]	DNA binding [GO:0003677]; DNA-directed 5'-3' RNA polymerase activity [GO:0003899]; kinase binding [GO:0019900]; metal ion binding [GO:0046872]; promoter-specific chromatin binding [GO:1990841]; protein C-terminus binding [GO:0008022]; RNA binding [GO:0003723]; RNA-directed 5'-3' RNA polymerase activity [GO:0003968]; ubiquitin protein ligase binding [GO:0031625]	chromosome [GO:0005694]; cytoplasm [GO:0005737]; nucleoplasm [GO:0005654]; nucleus [GO:0005634]; RNA polymerase II, core complex [GO:0005665]
P25098	P25098	ARBK1_HUMAN	Beta-adrenergic receptor kinase 1 (Beta-ARK-1) (EC 2.7.11.15) (G-protein coupled receptor kinase 2)	GRK2 ADRBK1 BARK BARK1	cardiac muscle contraction [GO:0060048]; desensitization of G protein-coupled receptor signaling pathway [GO:0002029]; G protein-coupled acetylcholine receptor signaling pathway [GO:0007213]; G protein-coupled receptor signaling pathway [GO:0007186]; heart development [GO:0007507]; negative regulation of relaxation of smooth muscle [GO:1901081]; negative regulation of striated muscle contraction [GO:0045988]; negative regulation of the force of heart contraction by chemical signal [GO:0003108]; peptidyl-serine phosphorylation [GO:0018105]; peptidyl-threonine phosphorylation [GO:0018107]; positive regulation of catecholamine secretion [GO:0033605]; receptor internalization [GO:0031623]; tachykinin receptor signaling pathway [GO:0007217]; viral entry into host cell [GO:0046718]; viral genome replication [GO:0019079]	alpha-2A adrenergic receptor binding [GO:0031694]; ATP binding [GO:0005524]; beta-adrenergic receptor kinase activity [GO:0047696]; Edg-2 lysophosphatidic acid receptor binding [GO:0031755]; G protein-coupled receptor kinase activity [GO:0004703]; protein kinase activity [GO:0004672]	cilium [GO:0005929]; cytoplasm [GO:0005737]; cytosol [GO:0005829]; membrane [GO:0016020]; plasma membrane [GO:0005886]; synapse [GO:0045202]
P25205	P25205	MCM3_HUMAN	DNA replication licensing factor MCM3 (EC 3.6.4.12) (DNA polymerase alpha holoenzyme-associated protein P1) (P1-MCM3) (RLF subunit beta) (p102)	MCM3	DNA replication [GO:0006260]; DNA replication initiation [GO:0006270]; DNA strand elongation involved in DNA replication [GO:0006271]; double-strand break repair via break-induced replication [GO:0000727]; mitotic DNA replication initiation [GO:1902975]; pre-replicative complex assembly [GO:0036388]; pre-replicative complex assembly involved in nuclear cell cycle DNA replication [GO:0006267]	ATP binding [GO:0005524]; DNA binding [GO:0003677]; DNA helicase activity [GO:0003678]; DNA replication origin binding [GO:0003688]; hydrolase activity [GO:0016787]; single-stranded DNA binding [GO:0003697]	alpha DNA polymerase:primase complex [GO:0005658]; centrosome [GO:0005813]; chromosome, telomeric region [GO:0000781]; CMG complex [GO:0071162]; MCM complex [GO:0042555]; membrane [GO:0016020]; nucleoplasm [GO:0005654]; nucleus [GO:0005634]; perinuclear region of cytoplasm [GO:0048471]
P25788	P25788	PSA3_HUMAN	Proteasome subunit alpha type-3 (Macropain subunit C8) (Multicatalytic endopeptidase complex subunit C8) (Proteasome component C8)	PSMA3 HC8 PSC8	anaphase-promoting complex-dependent catabolic process [GO:0031145]; antigen processing and presentation of exogenous peptide antigen via MHC class I, TAP-dependent [GO:0002479]; Fc-epsilon receptor signaling pathway [GO:0038095]; interleukin-1-mediated signaling pathway [GO:0070498]; MAPK cascade [GO:0000165]; negative regulation of canonical Wnt signaling pathway [GO:0090090]; negative regulation of G2/M transition of mitotic cell cycle [GO:0010972]; NIK/NF-kappaB signaling [GO:0038061]; positive regulation of canonical Wnt signaling pathway [GO:0090263]; post-translational protein modification [GO:0043687]; pre-replicative complex assembly [GO:0036388]; proteasomal ubiquitin-independent protein catabolic process [GO:0010499]; proteasome-mediated ubiquitin-dependent protein catabolic process [GO:0043161]; protein deubiquitination [GO:0016579]; protein polyubiquitination [GO:0000209]; regulation of cellular amino acid metabolic process [GO:0006521]; regulation of endopeptidase activity [GO:0052548]; regulation of hematopoietic stem cell differentiation [GO:1902036]; regulation of mitotic cell cycle phase transition [GO:1901990]; regulation of mRNA stability [GO:0043488]; regulation of transcription from RNA polymerase II promoter in response to hypoxia [GO:0061418]; SCF-dependent proteasomal ubiquitin-dependent protein catabolic process [GO:0031146]; stimulatory C-type lectin receptor signaling pathway [GO:0002223]; T cell receptor signaling pathway [GO:0050852]; transmembrane transport [GO:0055085]; tumor necrosis factor-mediated signaling pathway [GO:0033209]; viral process [GO:0016032]; Wnt signaling pathway, planar cell polarity pathway [GO:0060071]	endopeptidase activity [GO:0004175]; ubiquitin protein ligase binding [GO:0031625]	cytoplasm [GO:0005737]; cytosol [GO:0005829]; extracellular exosome [GO:0070062]; nucleoplasm [GO:0005654]; nucleus [GO:0005634]; proteasome complex [GO:0000502]; proteasome core complex [GO:0005839]; proteasome core complex, alpha-subunit complex [GO:0019773]; synapse [GO:0045202]
P26368	P26368	U2AF2_HUMAN	Splicing factor U2AF 65 kDa subunit (U2 auxiliary factor 65 kDa subunit) (hU2AF(65)) (hU2AF65) (U2 snRNP auxiliary factor large subunit)	U2AF2 U2AF65	mRNA 3'-end processing [GO:0031124]; mRNA export from nucleus [GO:0006406]; mRNA processing [GO:0006397]; mRNA splicing, via spliceosome [GO:0000398]; negative regulation of mRNA splicing, via spliceosome [GO:0048025]; negative regulation of protein ubiquitination [GO:0031397]; positive regulation of RNA splicing [GO:0033120]; RNA export from nucleus [GO:0006405]	C2H2 zinc finger domain binding [GO:0070742]; enzyme binding [GO:0019899]; poly-pyrimidine tract binding [GO:0008187]; pre-mRNA 3'-splice site binding [GO:0030628]; RNA binding [GO:0003723]	commitment complex [GO:0000243]; nuclear speck [GO:0016607]; nucleoplasm [GO:0005654]; nucleus [GO:0005634]; spliceosomal complex [GO:0005681]; U2AF complex [GO:0089701]; U2-type prespliceosome [GO:0071004]
P27105	P27105	STOM_HUMAN	Stomatin (Erythrocyte band 7 integral membrane protein) (Erythrocyte membrane protein band 7.2) (Protein 7.2b)	STOM BND7 EPB72	neutrophil degranulation [GO:0043312]; positive regulation by host of viral genome replication [GO:0044829]; positive regulation of protein targeting to membrane [GO:0090314]; positive regulation of viral process [GO:0048524]; regulation of acid-sensing ion channel activity [GO:1901585]	identical protein binding [GO:0042802]; protein homodimerization activity [GO:0042803]; RNA polymerase binding [GO:0070063]	azurophil granule membrane [GO:0035577]; blood microparticle [GO:0072562]; cytoskeleton [GO:0005856]; endoplasmic reticulum [GO:0005783]; extracellular exosome [GO:0070062]; extracellular space [GO:0005615]; integral component of plasma membrane [GO:0005887]; melanosome [GO:0042470]; membrane [GO:0016020]; membrane raft [GO:0045121]; mitochondrion [GO:0005739]; perinuclear region of cytoplasm [GO:0048471]; plasma membrane [GO:0005886]; specific granule membrane [GO:0035579]; tertiary granule membrane [GO:0070821]; vesicle [GO:0031982]
P27708	P27708	PYR1_HUMAN	CAD protein [Includes: Glutamine-dependent carbamoyl-phosphate synthase (EC 6.3.5.5); Aspartate carbamoyltransferase (EC 2.1.3.2); Dihydroorotase (EC 3.5.2.3)]	CAD	'de novo' pyrimidine nucleobase biosynthetic process [GO:0006207]; 'de novo' UMP biosynthetic process [GO:0044205]; animal organ regeneration [GO:0031100]; cellular response to drug [GO:0035690]; cellular response to epidermal growth factor stimulus [GO:0071364]; citrulline biosynthetic process [GO:0019240]; drug metabolic process [GO:0017144]; female pregnancy [GO:0007565]; glutamine metabolic process [GO:0006541]; heart development [GO:0007507]; lactation [GO:0007595]; liver development [GO:0001889]; nitrogen compound metabolic process [GO:0006807]; peptidyl-threonine phosphorylation [GO:0018107]; protein autophosphorylation [GO:0046777]; pyrimidine nucleoside biosynthetic process [GO:0046134]; response to amine [GO:0014075]; response to caffeine [GO:0031000]; response to cortisol [GO:0051414]; response to insulin [GO:0032868]; response to starvation [GO:0042594]; response to testosterone [GO:0033574]; UTP biosynthetic process [GO:0006228]	aspartate binding [GO:0070335]; aspartate carbamoyltransferase activity [GO:0004070]; ATP binding [GO:0005524]; carbamoyl-phosphate synthase (glutamine-hydrolyzing) activity [GO:0004088]; dihydroorotase activity [GO:0004151]; enzyme binding [GO:0019899]; identical protein binding [GO:0042802]; protein kinase activity [GO:0004672]; zinc ion binding [GO:0008270]	cell projection [GO:0042995]; cytoplasm [GO:0005737]; cytosol [GO:0005829]; extracellular exosome [GO:0070062]; membrane [GO:0016020]; neuronal cell body [GO:0043025]; nuclear matrix [GO:0016363]; nucleoplasm [GO:0005654]; nucleus [GO:0005634]; protein-containing complex [GO:0032991]; terminal bouton [GO:0043195]
P27824	P27824	CALX_HUMAN	Calnexin (IP90) (Major histocompatibility complex class I antigen-binding protein p88) (p90)	CANX	antigen processing and presentation of exogenous peptide antigen via MHC class II [GO:0019886]; antigen processing and presentation of peptide antigen via MHC class I [GO:0002474]; clathrin-dependent endocytosis [GO:0072583]; endoplasmic reticulum unfolded protein response [GO:0030968]; interleukin-27-mediated signaling pathway [GO:0070106]; interleukin-35-mediated signaling pathway [GO:0070757]; protein folding [GO:0006457]; protein folding in endoplasmic reticulum [GO:0034975]; protein secretion [GO:0009306]; synaptic vesicle endocytosis [GO:0048488]; viral protein processing [GO:0019082]	calcium ion binding [GO:0005509]; carbohydrate binding [GO:0030246]; RNA binding [GO:0003723]; unfolded protein binding [GO:0051082]	endoplasmic reticulum [GO:0005783]; endoplasmic reticulum lumen [GO:0005788]; endoplasmic reticulum membrane [GO:0005789]; extracellular exosome [GO:0070062]; integral component of lumenal side of endoplasmic reticulum membrane [GO:0071556]; melanosome [GO:0042470]; membrane [GO:0016020]; mitochondria-associated endoplasmic reticulum membrane [GO:0044233]; presynapse [GO:0098793]
P28290	P28290	ITPI2_HUMAN	Protein ITPRID2 (Cleavage signal-1 protein) (CS-1) (ITPR-interacting domain-containing protein 2) (Ki-ras-induced actin-interacting protein) (Sperm-specific antigen 2)	ITPRID2 CS1 KIAA1927 KRAP SSFA2		actin filament binding [GO:0051015]; signaling receptor binding [GO:0005102]	cytosol [GO:0005829]; nucleoplasm [GO:0005654]; plasma membrane [GO:0005886]
P29350	P29350	PTN6_HUMAN	Tyrosine-protein phosphatase non-receptor type 6 (EC 3.1.3.48) (Hematopoietic cell protein-tyrosine phosphatase) (Protein-tyrosine phosphatase 1C) (PTP-1C) (Protein-tyrosine phosphatase SHP-1) (SH-PTP1)	PTPN6 HCP PTP1C	abortive mitotic cell cycle [GO:0033277]; B cell receptor signaling pathway [GO:0050853]; cell differentiation [GO:0030154]; cellular response to cytokine stimulus [GO:0071345]; cytokine-mediated signaling pathway [GO:0019221]; epididymis development [GO:1905867]; G protein-coupled receptor signaling pathway [GO:0007186]; hematopoietic progenitor cell differentiation [GO:0002244]; intracellular signal transduction [GO:0035556]; leukocyte migration [GO:0050900]; megakaryocyte development [GO:0035855]; natural killer cell mediated cytotoxicity [GO:0042267]; negative regulation of cell population proliferation [GO:0008285]; negative regulation of humoral immune response mediated by circulating immunoglobulin [GO:0002924]; negative regulation of interleukin-6 production [GO:0032715]; negative regulation of MAP kinase activity [GO:0043407]; negative regulation of peptidyl-tyrosine phosphorylation [GO:0050732]; negative regulation of T cell proliferation [GO:0042130]; negative regulation of T cell receptor signaling pathway [GO:0050860]; negative regulation of tumor necrosis factor production [GO:0032720]; neutrophil degranulation [GO:0043312]; peptidyl-tyrosine dephosphorylation [GO:0035335]; peptidyl-tyrosine phosphorylation [GO:0018108]; platelet activation [GO:0030168]; platelet aggregation [GO:0070527]; platelet formation [GO:0030220]; positive regulation of cell adhesion mediated by integrin [GO:0033630]; positive regulation of cell population proliferation [GO:0008284]; positive regulation of phosphatidylinositol 3-kinase signaling [GO:0014068]; protein dephosphorylation [GO:0006470]; regulation of apoptotic process [GO:0042981]; regulation of B cell differentiation [GO:0045577]; regulation of ERK1 and ERK2 cascade [GO:0070372]; regulation of G1/S transition of mitotic cell cycle [GO:2000045]; regulation of release of sequestered calcium ion into cytosol [GO:0051279]; regulation of type I interferon-mediated signaling pathway [GO:0060338]; T cell costimulation [GO:0031295]	cell adhesion molecule binding [GO:0050839]; phosphorylation-dependent protein binding [GO:0140031]; phosphotyrosine residue binding [GO:0001784]; protein kinase binding [GO:0019901]; protein tyrosine phosphatase activity [GO:0004725]; SH2 domain binding [GO:0042169]; SH3 domain binding [GO:0017124]; transmembrane receptor protein tyrosine phosphatase activity [GO:0005001]	alpha-beta T cell receptor complex [GO:0042105]; cell-cell junction [GO:0005911]; cytoplasm [GO:0005737]; cytosol [GO:0005829]; extracellular exosome [GO:0070062]; extracellular region [GO:0005576]; membrane [GO:0016020]; nucleolus [GO:0005730]; nucleoplasm [GO:0005654]; nucleus [GO:0005634]; protein-containing complex [GO:0032991]; specific granule lumen [GO:0035580]; tertiary granule lumen [GO:1904724]
P29590	P29590	PML_HUMAN	Protein PML (E3 SUMO-protein ligase PML) (EC 2.3.2.-) (Promyelocytic leukemia protein) (RING finger protein 71) (RING-type E3 SUMO transferase PML) (Tripartite motif-containing protein 19) (TRIM19)	PML MYL PP8675 RNF71 TRIM19	activation of cysteine-type endopeptidase activity involved in apoptotic process [GO:0006919]; apoptotic process [GO:0006915]; branching involved in mammary gland duct morphogenesis [GO:0060444]; cell cycle arrest [GO:0007050]; cell fate commitment [GO:0045165]; cellular response to interleukin-4 [GO:0071353]; cellular response to leukemia inhibitory factor [GO:1990830]; cellular senescence [GO:0090398]; circadian regulation of gene expression [GO:0032922]; common-partner SMAD protein phosphorylation [GO:0007182]; defense response to virus [GO:0051607]; DNA damage response, signal transduction by p53 class mediator resulting in cell cycle arrest [GO:0006977]; endoplasmic reticulum calcium ion homeostasis [GO:0032469]; entrainment of circadian clock by photoperiod [GO:0043153]; extrinsic apoptotic signaling pathway [GO:0097191]; fibroblast migration [GO:0010761]; granulocyte differentiation [GO:0030851]; innate immune response [GO:0045087]; interferon-gamma-mediated signaling pathway [GO:0060333]; intrinsic apoptotic signaling pathway in response to DNA damage [GO:0008630]; intrinsic apoptotic signaling pathway in response to DNA damage by p53 class mediator [GO:0042771]; intrinsic apoptotic signaling pathway in response to endoplasmic reticulum stress [GO:0070059]; intrinsic apoptotic signaling pathway in response to oxidative stress [GO:0008631]; maintenance of protein location in nucleus [GO:0051457]; negative regulation of angiogenesis [GO:0016525]; negative regulation of cell growth [GO:0030308]; negative regulation of cell population proliferation [GO:0008285]; negative regulation of interleukin-1 beta production [GO:0032691]; negative regulation of mitotic cell cycle [GO:0045930]; negative regulation of telomerase activity [GO:0051974]; negative regulation of telomere maintenance via telomerase [GO:0032211]; negative regulation of transcription, DNA-templated [GO:0045892]; negative regulation of translation in response to oxidative stress [GO:0032938]; negative regulation of ubiquitin-dependent protein catabolic process [GO:2000059]; negative regulation of viral release from host cell [GO:1902187]; PML body organization [GO:0030578]; positive regulation of apoptotic process involved in mammary gland involution [GO:0060058]; positive regulation of defense response to virus by host [GO:0002230]; positive regulation of extrinsic apoptotic signaling pathway [GO:2001238]; positive regulation of fibroblast proliferation [GO:0048146]; positive regulation of histone deacetylation [GO:0031065]; positive regulation of protein localization to chromosome, telomeric region [GO:1904816]; positive regulation of telomere maintenance [GO:0032206]; positive regulation of transcription, DNA-templated [GO:0045893]; proteasome-mediated ubiquitin-dependent protein catabolic process [GO:0043161]; protein-containing complex assembly [GO:0065003]; protein import into nucleus [GO:0006606]; protein stabilization [GO:0050821]; protein targeting [GO:0006605]; regulation of calcium ion transport into cytosol [GO:0010522]; regulation of cell adhesion [GO:0030155]; regulation of circadian rhythm [GO:0042752]; regulation of double-strand break repair [GO:2000779]; regulation of protein phosphorylation [GO:0001932]; regulation of signal transduction by p53 class mediator [GO:1901796]; regulation of transcription, DNA-templated [GO:0006355]; response to cytokine [GO:0034097]; response to gamma radiation [GO:0010332]; response to hypoxia [GO:0001666]; response to UV [GO:0009411]; retinoic acid receptor signaling pathway [GO:0048384]; transforming growth factor beta receptor signaling pathway [GO:0007179]; viral life cycle [GO:0019058]	cobalt ion binding [GO:0050897]; DNA binding [GO:0003677]; identical protein binding [GO:0042802]; protein heterodimerization activity [GO:0046982]; protein homodimerization activity [GO:0042803]; SMAD binding [GO:0046332]; SUMO binding [GO:0032183]; sumo-dependent protein binding [GO:0140037]; transcription coactivator activity [GO:0003713]; ubiquitin protein ligase binding [GO:0031625]; ubiquitin-protein transferase activity [GO:0004842]; zinc ion binding [GO:0008270]	chromatin [GO:0000785]; chromosome, telomeric region [GO:0000781]; cytoplasm [GO:0005737]; cytosol [GO:0005829]; early endosome membrane [GO:0031901]; extrinsic component of endoplasmic reticulum membrane [GO:0042406]; heterochromatin [GO:0000792]; nuclear matrix [GO:0016363]; nuclear membrane [GO:0031965]; nucleolus [GO:0005730]; nucleoplasm [GO:0005654]; nucleus [GO:0005634]; PML body [GO:0016605]
P29966	P29966	MARCS_HUMAN	Myristoylated alanine-rich C-kinase substrate (MARCKS) (Protein kinase C substrate, 80 kDa protein, light chain) (80K-L protein) (PKCSL)	MARCKS MACS PRKCSL	actin crosslink formation [GO:0051764]; actin filament bundle assembly [GO:0051017]; actin filament organization [GO:0007015]; central nervous system development [GO:0007417]	actin filament binding [GO:0051015]; calmodulin binding [GO:0005516]; identical protein binding [GO:0042802]; protein kinase C binding [GO:0005080]	actin cytoskeleton [GO:0015629]; actin filament bundle [GO:0032432]; cell cortex [GO:0005938]; centrosome [GO:0005813]; cytoplasm [GO:0005737]; extracellular exosome [GO:0070062]; focal adhesion [GO:0005925]; germinal vesicle [GO:0042585]; plasma membrane [GO:0005886]
P30273	P30273	FCERG_HUMAN	High affinity immunoglobulin epsilon receptor subunit gamma (Fc receptor gamma-chain) (FcRgamma) (Fc-epsilon RI-gamma) (IgE Fc receptor subunit gamma) (FceRI gamma)	FCER1G	antigen processing and presentation of exogenous peptide antigen via MHC class I [GO:0042590]; antigen processing and presentation of exogenous peptide antigen via MHC class II [GO:0019886]; blood coagulation [GO:0007596]; cellular response to low-density lipoprotein particle stimulus [GO:0071404]; defense response to bacterium [GO:0042742]; Fc-epsilon receptor signaling pathway [GO:0038095]; Fc-gamma receptor signaling pathway [GO:0038094]; Fc receptor mediated stimulatory signaling pathway [GO:0002431]; immunoglobulin mediated immune response [GO:0016064]; innate immune response [GO:0045087]; interleukin-3-mediated signaling pathway [GO:0038156]; leukocyte migration [GO:0050900]; neutrophil activation involved in immune response [GO:0002283]; neutrophil chemotaxis [GO:0030593]; neutrophil degranulation [GO:0043312]; platelet activation [GO:0030168]; positive regulation of interleukin-4 production [GO:0032753]; positive regulation of phagocytosis [GO:0050766]; receptor internalization [GO:0031623]; regulation of platelet activation [GO:0010543]; stimulatory C-type lectin receptor signaling pathway [GO:0002223]; T cell differentiation involved in immune response [GO:0002292]	identical protein binding [GO:0042802]; IgE binding [GO:0019863]; IgE receptor activity [GO:0019767]; IgG binding [GO:0019864]	cell surface [GO:0009986]; external side of plasma membrane [GO:0009897]; Fc-epsilon receptor I complex [GO:0032998]; ficolin-1-rich granule membrane [GO:0101003]; integral component of plasma membrane [GO:0005887]; plasma membrane [GO:0005886]; tertiary granule membrane [GO:0070821]
P30419	P30419	NMT1_HUMAN	Glycylpeptide N-tetradecanoyltransferase 1 (EC 2.3.1.97) (Myristoyl-CoA:protein N-myristoyltransferase 1) (NMT 1) (Type I N-myristoyltransferase) (Peptide N-myristoyltransferase 1)	NMT1 NMT	cellular ketone metabolic process [GO:0042180]; in utero embryonic development [GO:0001701]; N-terminal peptidyl-glycine N-myristoylation [GO:0018008]; N-terminal protein myristoylation [GO:0006499]; positive regulation of protein insertion into mitochondrial membrane involved in apoptotic signaling pathway [GO:1900740]; regulation of rhodopsin mediated signaling pathway [GO:0022400]	glycylpeptide N-tetradecanoyltransferase activity [GO:0004379]; myristoyltransferase activity [GO:0019107]	cytoplasm [GO:0005737]; cytosol [GO:0005829]; extrinsic component of membrane [GO:0019898]; mitochondrion [GO:0005739]; plasma membrane [GO:0005886]
P30622	P30622	CLIP1_HUMAN	CAP-Gly domain-containing linker protein 1 (Cytoplasmic linker protein 1) (Cytoplasmic linker protein 170 alpha-2) (CLIP-170) (Reed-Sternberg intermediate filament-associated protein) (Restin)	CLIP1 CYLN1 RSN	cytoplasmic microtubule organization [GO:0031122]; microtubule bundle formation [GO:0001578]; mitotic cell cycle [GO:0000278]; mitotic spindle organization [GO:0007052]; positive regulation of microtubule polymerization [GO:0031116]	identical protein binding [GO:0042802]; microtubule binding [GO:0008017]; microtubule plus-end binding [GO:0051010]; tubulin binding [GO:0015631]; zinc ion binding [GO:0008270]	centrosome [GO:0005813]; cytoplasm [GO:0005737]; cytoplasmic vesicle membrane [GO:0030659]; cytosol [GO:0005829]; intermediate filament [GO:0005882]; kinetochore [GO:0000776]; microtubule [GO:0005874]; microtubule cytoskeleton [GO:0015630]; nucleus [GO:0005634]; ruffle [GO:0001726]
P31749	P31749	AKT1_HUMAN	RAC-alpha serine/threonine-protein kinase (EC 2.7.11.1) (Protein kinase B) (PKB) (Protein kinase B alpha) (PKB alpha) (Proto-oncogene c-Akt) (RAC-PK-alpha)	AKT1 PKB RAC	activation-induced cell death of T cells [GO:0006924]; activation of protein kinase B activity [GO:0032148]; aging [GO:0007568]; anoikis [GO:0043276]; apoptotic mitochondrial changes [GO:0008637]; carbohydrate transport [GO:0008643]; cell differentiation [GO:0030154]; cell migration involved in sprouting angiogenesis [GO:0002042]; cell population proliferation [GO:0008283]; cell projection organization [GO:0030030]; cellular response to cadmium ion [GO:0071276]; cellular response to DNA damage stimulus [GO:0006974]; cellular response to epidermal growth factor stimulus [GO:0071364]; cellular response to granulocyte macrophage colony-stimulating factor stimulus [GO:0097011]; cellular response to hypoxia [GO:0071456]; cellular response to insulin stimulus [GO:0032869]; cellular response to mechanical stimulus [GO:0071260]; cellular response to nerve growth factor stimulus [GO:1990090]; cellular response to organic cyclic compound [GO:0071407]; cellular response to oxidised low-density lipoprotein particle stimulus [GO:0140052]; cellular response to prostaglandin E stimulus [GO:0071380]; cellular response to reactive oxygen species [GO:0034614]; cellular response to tumor necrosis factor [GO:0071356]; cellular response to vascular endothelial growth factor stimulus [GO:0035924]; cytokine-mediated signaling pathway [GO:0019221]; epidermal growth factor receptor signaling pathway [GO:0007173]; establishment of protein localization to mitochondrion [GO:0072655]; excitatory postsynaptic potential [GO:0060079]; execution phase of apoptosis [GO:0097194]; fibroblast migration [GO:0010761]; germ cell development [GO:0007281]; glucose homeostasis [GO:0042593]; glucose metabolic process [GO:0006006]; glycogen biosynthetic process [GO:0005978]; glycogen cell differentiation involved in embryonic placenta development [GO:0060709]; G protein-coupled receptor signaling pathway [GO:0007186]; hyaluronan metabolic process [GO:0030212]; I-kappaB kinase/NF-kappaB signaling [GO:0007249]; inflammatory response [GO:0006954]; insulin-like growth factor receptor signaling pathway [GO:0048009]; insulin receptor signaling pathway [GO:0008286]; interleukin-18-mediated signaling pathway [GO:0035655]; intracellular signal transduction [GO:0035556]; labyrinthine layer blood vessel development [GO:0060716]; lipopolysaccharide-mediated signaling pathway [GO:0031663]; maintenance of protein location in mitochondrion [GO:0072656]; mammary gland epithelial cell differentiation [GO:0060644]; maternal placenta development [GO:0001893]; negative regulation of apoptotic process [GO:0043066]; negative regulation of autophagy [GO:0010507]; negative regulation of calcium import into the mitochondrion [GO:0110099]; negative regulation of cell size [GO:0045792]; negative regulation of cysteine-type endopeptidase activity involved in apoptotic process [GO:0043154]; negative regulation of endopeptidase activity [GO:0010951]; negative regulation of extrinsic apoptotic signaling pathway in absence of ligand [GO:2001240]; negative regulation of fatty acid beta-oxidation [GO:0031999]; negative regulation of gene expression [GO:0010629]; negative regulation of JNK cascade [GO:0046329]; negative regulation of leukocyte cell-cell adhesion [GO:1903038]; negative regulation of long-chain fatty acid import across plasma membrane [GO:0010748]; negative regulation of lymphocyte migration [GO:2000402]; negative regulation of macroautophagy [GO:0016242]; negative regulation of neuron death [GO:1901215]; negative regulation of Notch signaling pathway [GO:0045746]; negative regulation of oxidative stress-induced intrinsic apoptotic signaling pathway [GO:1902176]; negative regulation of protein binding [GO:0032091]; negative regulation of protein kinase activity [GO:0006469]; negative regulation of protein kinase activity by protein phosphorylation [GO:0100002]; negative regulation of protein kinase B signaling [GO:0051898]; negative regulation of protein serine/threonine kinase activity [GO:0071901]; negative regulation of protein ubiquitination [GO:0031397]; negative regulation of proteolysis [GO:0045861]; negative regulation of release of cytochrome c from mitochondria [GO:0090201]; negative regulation of superoxide anion generation [GO:0032929]; NIK/NF-kappaB signaling [GO:0038061]; nitric oxide biosynthetic process [GO:0006809]; osteoblast differentiation [GO:0001649]; peptidyl-serine phosphorylation [GO:0018105]; peptidyl-threonine phosphorylation [GO:0018107]; peripheral nervous system myelin maintenance [GO:0032287]; phosphatidylinositol 3-kinase signaling [GO:0014065]; phosphorylation [GO:0016310]; positive regulation of apoptotic process [GO:0043065]; positive regulation of blood vessel endothelial cell migration [GO:0043536]; positive regulation of cell growth [GO:0030307]; positive regulation of cell population proliferation [GO:0008284]; positive regulation of cellular protein metabolic process [GO:0032270]; positive regulation of cyclin-dependent protein serine/threonine kinase activity [GO:0045737]; positive regulation of DNA-binding transcription factor activity [GO:0051091]; positive regulation of endodeoxyribonuclease activity [GO:0032079]; positive regulation of endothelial cell migration [GO:0010595]; positive regulation of endothelial cell proliferation [GO:0001938]; positive regulation of epidermal growth factor receptor signaling pathway [GO:0045742]; positive regulation of fat cell differentiation [GO:0045600]; positive regulation of fibroblast migration [GO:0010763]; positive regulation of G1/S transition of mitotic cell cycle [GO:1900087]; positive regulation of gene expression [GO:0010628]; positive regulation of glucose import [GO:0046326]; positive regulation of glucose metabolic process [GO:0010907]; positive regulation of glycogen biosynthetic process [GO:0045725]; positive regulation of I-kappaB phosphorylation [GO:1903721]; positive regulation of lipid biosynthetic process [GO:0046889]; positive regulation of mitochondrial membrane potential [GO:0010918]; positive regulation of nitric oxide biosynthetic process [GO:0045429]; positive regulation of nitric-oxide synthase activity [GO:0051000]; positive regulation of organ growth [GO:0046622]; positive regulation of peptidyl-serine phosphorylation [GO:0033138]; positive regulation of proteasomal ubiquitin-dependent protein catabolic process [GO:0032436]; positive regulation of protein localization to cell surface [GO:2000010]; positive regulation of protein localization to nucleus [GO:1900182]; positive regulation of protein localization to plasma membrane [GO:1903078]; positive regulation of protein phosphorylation [GO:0001934]; positive regulation of smooth muscle cell proliferation [GO:0048661]; positive regulation of sodium ion transport [GO:0010765]; positive regulation of transcription, DNA-templated [GO:0045893]; positive regulation of transcription by RNA polymerase II [GO:0045944]; positive regulation of vasoconstriction [GO:0045907]; protein autophosphorylation [GO:0046777]; protein catabolic process [GO:0030163]; protein import into nucleus [GO:0006606]; protein kinase B signaling [GO:0043491]; protein phosphorylation [GO:0006468]; protein ubiquitination [GO:0016567]; regulation of aerobic respiration [GO:1903715]; regulation of apoptotic process [GO:0042981]; regulation of cell migration [GO:0030334]; regulation of glycogen biosynthetic process [GO:0005979]; regulation of mRNA stability [GO:0043488]; regulation of myelination [GO:0031641]; regulation of neuron projection development [GO:0010975]; regulation of nitric-oxide synthase activity [GO:0050999]; regulation of signal transduction by p53 class mediator [GO:1901796]; regulation of translation [GO:0006417]; regulation of type B pancreatic cell development [GO:2000074]; response to fluid shear stress [GO:0034405]; response to food [GO:0032094]; response to growth factor [GO:0070848]; response to growth hormone [GO:0060416]; response to heat [GO:0009408]; response to insulin-like growth factor stimulus [GO:1990418]; response to ischemia [GO:0002931]; response to oxidative stress [GO:0006979]; response to UV-A [GO:0070141]; signal transduction [GO:0007165]; sphingosine-1-phosphate receptor signaling pathway [GO:0003376]; spinal cord development [GO:0021510]; striated muscle cell differentiation [GO:0051146]; T cell costimulation [GO:0031295]; tetrahydrobiopterin metabolic process [GO:0046146]; TOR signaling [GO:0031929]; translation [GO:0006412]	14-3-3 protein binding [GO:0071889]; ATP binding [GO:0005524]; calmodulin binding [GO:0005516]; enzyme binding [GO:0019899]; GTPase activating protein binding [GO:0032794]; identical protein binding [GO:0042802]; kinase activity [GO:0016301]; nitric-oxide synthase regulator activity [GO:0030235]; phosphatidylinositol-3,4,5-trisphosphate binding [GO:0005547]; phosphatidylinositol-3,4-bisphosphate binding [GO:0043325]; potassium channel activator activity [GO:0099104]; protein homodimerization activity [GO:0042803]; protein kinase activity [GO:0004672]; protein kinase C binding [GO:0005080]; protein phosphatase 2A binding [GO:0051721]; protein serine/threonine/tyrosine kinase activity [GO:0004712]; protein serine/threonine kinase activity [GO:0004674]; protein serine kinase activity [GO:0106310]; protein threonine kinase activity [GO:0106311]	cell-cell junction [GO:0005911]; ciliary basal body [GO:0036064]; cytoplasm [GO:0005737]; cytosol [GO:0005829]; extrinsic component of cytoplasmic side of plasma membrane [GO:0031234]; lamellipodium [GO:0030027]; microtubule cytoskeleton [GO:0015630]; mitochondrion [GO:0005739]; nucleoplasm [GO:0005654]; nucleus [GO:0005634]; plasma membrane [GO:0005886]; postsynapse [GO:0098794]; protein-containing complex [GO:0032991]; spindle [GO:0005819]; vesicle [GO:0031982]
P31948	P31948	STIP1_HUMAN	Stress-induced-phosphoprotein 1 (STI1) (Hsc70/Hsp90-organizing protein) (Hop) (Renal carcinoma antigen NY-REN-11) (Transformation-sensitive protein IEF SSP 3521)	STIP1	cellular response to interleukin-7 [GO:0098761]	chaperone binding [GO:0051087]; Hsp70 protein binding [GO:0030544]; Hsp90 protein binding [GO:0051879]; protein C-terminus binding [GO:0008022]; RNA binding [GO:0003723]	chaperone complex [GO:0101031]; cytosol [GO:0005829]; dynein axonemal particle [GO:0120293]; Golgi apparatus [GO:0005794]; nucleus [GO:0005634]; protein-containing complex [GO:0032991]
P32519	P32519	ELF1_HUMAN	ETS-related transcription factor Elf-1 (E74-like factor 1)	ELF1	cell differentiation [GO:0030154]; positive regulation of transcription, DNA-templated [GO:0045893]; positive regulation of transcription by RNA polymerase II [GO:0045944]; regulation of B cell receptor signaling pathway [GO:0050855]; regulation of cytokine-mediated signaling pathway [GO:0001959]; regulation of transcription by RNA polymerase II [GO:0006357]	DNA-binding transcription activator activity, RNA polymerase II-specific [GO:0001228]; DNA-binding transcription factor activity [GO:0003700]; DNA-binding transcription factor activity, RNA polymerase II-specific [GO:0000981]; RNA polymerase II cis-regulatory region sequence-specific DNA binding [GO:0000978]; sequence-specific double-stranded DNA binding [GO:1990837]	chromatin [GO:0000785]; nucleoplasm [GO:0005654]; nucleus [GO:0005634]
P33241	P33241	LSP1_HUMAN	Lymphocyte-specific protein 1 (47 kDa actin-binding protein) (52 kDa phosphoprotein) (pp52) (Lymphocyte-specific antigen WP34)	LSP1 WP34	cellular defense response [GO:0006968]; signal transduction [GO:0007165]	actin binding [GO:0003779]	actin cytoskeleton [GO:0015629]; extracellular exosome [GO:0070062]; membrane [GO:0016020]; plasma membrane [GO:0005886]
P33993	P33993	MCM7_HUMAN	DNA replication licensing factor MCM7 (EC 3.6.4.12) (CDC47 homolog) (P1.1-MCM3)	MCM7 CDC47 MCM2	cell population proliferation [GO:0008283]; cellular response to DNA damage stimulus [GO:0006974]; cellular response to epidermal growth factor stimulus [GO:0071364]; cellular response to xenobiotic stimulus [GO:0071466]; DNA replication [GO:0006260]; DNA replication initiation [GO:0006270]; DNA strand elongation involved in DNA replication [GO:0006271]; DNA unwinding involved in DNA replication [GO:0006268]; double-strand break repair via break-induced replication [GO:0000727]; pre-replicative complex assembly [GO:0036388]; pre-replicative complex assembly involved in nuclear cell cycle DNA replication [GO:0006267]; regulation of phosphorylation [GO:0042325]; response to drug [GO:0042493]	ATP binding [GO:0005524]; DNA helicase activity [GO:0003678]; DNA replication origin binding [GO:0003688]; hydrolase activity [GO:0016787]; single-stranded DNA binding [GO:0003697]	chromatin [GO:0000785]; chromosome, telomeric region [GO:0000781]; CMG complex [GO:0071162]; cytosol [GO:0005829]; MCM complex [GO:0042555]; membrane [GO:0016020]; nucleoplasm [GO:0005654]; nucleus [GO:0005634]
P35236	P35236	PTN7_HUMAN	Tyrosine-protein phosphatase non-receptor type 7 (EC 3.1.3.48) (Hematopoietic protein-tyrosine phosphatase) (HEPTP) (Protein-tyrosine phosphatase LC-PTP)	PTPN7	cellular response to cytokine stimulus [GO:0071345]; MAPK cascade [GO:0000165]; protein dephosphorylation [GO:0006470]	protein tyrosine phosphatase activity [GO:0004725]	cytoplasm [GO:0005737]; cytoplasmic side of plasma membrane [GO:0009898]; cytosol [GO:0005829]; microtubule cytoskeleton [GO:0015630]; mitotic spindle [GO:0072686]; nucleoplasm [GO:0005654]
P35269	P35269	T2FA_HUMAN	General transcription factor IIF subunit 1 (General transcription factor IIF 74 kDa subunit) (Transcription initiation factor IIF subunit alpha) (TFIIF-alpha) (Transcription initiation factor RAP74)	GTF2F1 RAP74	7-methylguanosine mRNA capping [GO:0006370]; fibroblast growth factor receptor signaling pathway [GO:0008543]; mRNA splicing, via spliceosome [GO:0000398]; negative regulation of protein binding [GO:0032091]; positive regulation of transcription by RNA polymerase II [GO:0045944]; positive regulation of transcription elongation from RNA polymerase II promoter [GO:0032968]; positive regulation of viral transcription [GO:0050434]; response to virus [GO:0009615]; RNA metabolic process [GO:0016070]; snRNA transcription by RNA polymerase II [GO:0042795]; transcription by RNA polymerase II [GO:0006366]; transcription elongation from RNA polymerase II promoter [GO:0006368]; transcription initiation from RNA polymerase II promoter [GO:0006367]	DNA binding [GO:0003677]; phosphatase activator activity [GO:0019211]; promoter-specific chromatin binding [GO:1990841]; protein domain specific binding [GO:0019904]; protein phosphatase binding [GO:0019903]; RNA binding [GO:0003723]; RNA polymerase II general transcription initiation factor activity [GO:0016251]; TFIIF-class transcription factor complex binding [GO:0001096]; transcription factor binding [GO:0008134]	cell junction [GO:0030054]; intracellular membrane-bounded organelle [GO:0043231]; nucleoplasm [GO:0005654]; nucleus [GO:0005634]; protein-containing complex [GO:0032991]; transcription factor TFIID complex [GO:0005669]; transcription factor TFIIF complex [GO:0005674]
P35579	P35579	MYH9_HUMAN	Myosin-9 (Cellular myosin heavy chain, type A) (Myosin heavy chain 9) (Myosin heavy chain, non-muscle IIa) (Non-muscle myosin heavy chain A) (NMMHC-A) (Non-muscle myosin heavy chain IIa) (NMMHC II-a) (NMMHC-IIA)	MYH9	actin cytoskeleton reorganization [GO:0031532]; actin filament-based movement [GO:0030048]; actomyosin structure organization [GO:0031032]; angiogenesis [GO:0001525]; blood vessel endothelial cell migration [GO:0043534]; cortical granule exocytosis [GO:0060471]; cytokinetic process [GO:0032506]; establishment of meiotic spindle localization [GO:0051295]; establishment of T cell polarity [GO:0001768]; integrin-mediated signaling pathway [GO:0007229]; in utero embryonic development [GO:0001701]; leukocyte migration [GO:0050900]; lysosome localization [GO:0032418]; meiotic spindle organization [GO:0000212]; membrane protein ectodomain proteolysis [GO:0006509]; monocyte differentiation [GO:0030224]; myoblast fusion [GO:0007520]; negative regulation of actin filament severing [GO:1903919]; negative regulation of inflammatory response to antigenic stimulus [GO:0002862]; phagocytosis, engulfment [GO:0006911]; plasma membrane repair [GO:0001778]; platelet aggregation [GO:0070527]; platelet formation [GO:0030220]; positive regulation of protein processing in phagocytic vesicle [GO:1903923]; protein transport [GO:0015031]; regulated exocytosis [GO:0045055]; regulation of cell shape [GO:0008360]; regulation of plasma membrane repair [GO:1905684]; uropod organization [GO:0032796]	actin binding [GO:0003779]; actin-dependent ATPase activity [GO:0030898]; actin filament binding [GO:0051015]; ADP binding [GO:0043531]; ATPase activity [GO:0016887]; ATP binding [GO:0005524]; cadherin binding [GO:0045296]; calmodulin binding [GO:0005516]; identical protein binding [GO:0042802]; integrin binding [GO:0005178]; microfilament motor activity [GO:0000146]; motor activity [GO:0003774]; protein domain specific binding [GO:0019904]; protein homodimerization activity [GO:0042803]; protein-membrane adaptor activity [GO:0043495]; RNA binding [GO:0003723]	actin cytoskeleton [GO:0015629]; actomyosin [GO:0042641]; actomyosin contractile ring [GO:0005826]; adherens junction [GO:0005912]; brush border [GO:0005903]; cell leading edge [GO:0031252]; cleavage furrow [GO:0032154]; cortical granule [GO:0060473]; cytoplasm [GO:0005737]; cytoplasmic side of plasma membrane [GO:0009898]; cytosol [GO:0005829]; extracellular exosome [GO:0070062]; focal adhesion [GO:0005925]; immunological synapse [GO:0001772]; membrane [GO:0016020]; myosin II complex [GO:0016460]; myosin II filament [GO:0097513]; neuromuscular junction [GO:0031594]; nucleus [GO:0005634]; plasma membrane [GO:0005886]; protein-containing complex [GO:0032991]; ruffle [GO:0001726]; spindle [GO:0005819]; stress fiber [GO:0001725]; uropod [GO:0001931]
P35580	P35580	MYH10_HUMAN	Myosin-10 (Cellular myosin heavy chain, type B) (Myosin heavy chain 10) (Myosin heavy chain, non-muscle IIb) (Non-muscle myosin heavy chain B) (NMMHC-B) (Non-muscle myosin heavy chain IIb) (NMMHC II-b) (NMMHC-IIB)	MYH10	actin filament-based movement [GO:0030048]; actomyosin structure organization [GO:0031032]; cell adhesion [GO:0007155]; mitotic cytokinesis [GO:0000281]; modification of postsynaptic actin cytoskeleton [GO:0098885]; positive regulation of protein secretion [GO:0050714]; regulation of cell shape [GO:0008360]	actin binding [GO:0003779]; actin-dependent ATPase activity [GO:0030898]; actin filament binding [GO:0051015]; ADP binding [GO:0043531]; ATPase activity [GO:0016887]; ATP binding [GO:0005524]; calmodulin binding [GO:0005516]; microfilament motor activity [GO:0000146]; mRNA 5'-UTR binding [GO:0048027]; RNA stem-loop binding [GO:0035613]	actomyosin [GO:0042641]; cell cortex [GO:0005938]; cleavage furrow [GO:0032154]; cytoplasm [GO:0005737]; cytosol [GO:0005829]; extracellular exosome [GO:0070062]; lamellipodium [GO:0030027]; midbody [GO:0030496]; myosin complex [GO:0016459]; myosin II complex [GO:0016460]; myosin II filament [GO:0097513]; nucleus [GO:0005634]; polysome [GO:0005844]; stress fiber [GO:0001725]
P35606	P35606	COPB2_HUMAN	Coatomer subunit beta' (Beta'-coat protein) (Beta'-COP) (p102)	COPB2	endoplasmic reticulum to Golgi vesicle-mediated transport [GO:0006888]; intracellular protein transport [GO:0006886]; intra-Golgi vesicle-mediated transport [GO:0006891]; retrograde vesicle-mediated transport, Golgi to endoplasmic reticulum [GO:0006890]; toxin transport [GO:1901998]	structural molecule activity [GO:0005198]	COPI vesicle coat [GO:0030126]; cytosol [GO:0005829]; endoplasmic reticulum membrane [GO:0005789]; Golgi membrane [GO:0000139]; transport vesicle [GO:0030133]
P35611	P35611	ADDA_HUMAN	Alpha-adducin (Erythrocyte adducin subunit alpha)	ADD1 ADDA	actin cytoskeleton organization [GO:0030036]; actin filament bundle assembly [GO:0051017]; barbed-end actin filament capping [GO:0051016]; cell morphogenesis [GO:0000902]; cellular response to calcium ion [GO:0071277]; cell volume homeostasis [GO:0006884]; erythrocyte differentiation [GO:0030218]; hemoglobin metabolic process [GO:0020027]; homeostasis of number of cells within a tissue [GO:0048873]; in utero embryonic development [GO:0001701]; IRE1-mediated unfolded protein response [GO:0036498]; multicellular organism growth [GO:0035264]; positive regulation of adherens junction organization [GO:1903393]; positive regulation of establishment of endothelial barrier [GO:1903142]; positive regulation of protein binding [GO:0032092]; transmembrane transport [GO:0055085]	actin binding [GO:0003779]; actin filament binding [GO:0051015]; cadherin binding [GO:0045296]; calmodulin binding [GO:0005516]; protein heterodimerization activity [GO:0046982]; protein homodimerization activity [GO:0042803]; RNA binding [GO:0003723]; spectrin binding [GO:0030507]; structural constituent of cytoskeleton [GO:0005200]; transcription factor binding [GO:0008134]	adherens junction [GO:0005912]; cytoplasm [GO:0005737]; cytoskeleton [GO:0005856]; cytosol [GO:0005829]; F-actin capping protein complex [GO:0008290]; focal adhesion [GO:0005925]; nuclear body [GO:0016604]; nucleoplasm [GO:0005654]; nucleus [GO:0005634]; plasma membrane [GO:0005886]; postsynaptic density [GO:0014069]
P35613	P35613	BASI_HUMAN	Basigin (5F7) (Collagenase stimulatory factor) (Extracellular matrix metalloproteinase inducer) (EMMPRIN) (Hepatoma-associated antigen) (HAb18G) (Leukocyte activation antigen M6) (OK blood group antigen) (Tumor cell-derived collagenase stimulatory factor) (TCSF) (CD antigen CD147)	BSG UNQ6505/PRO21383	angiogenesis [GO:0001525]; axon guidance [GO:0007411]; cell surface receptor signaling pathway [GO:0007166]; decidualization [GO:0046697]; dendrite self-avoidance [GO:0070593]; embryo implantation [GO:0007566]; endothelial tube morphogenesis [GO:0061154]; extracellular matrix disassembly [GO:0022617]; extracellular matrix organization [GO:0030198]; homophilic cell adhesion via plasma membrane adhesion molecules [GO:0007156]; leukocyte migration [GO:0050900]; neural retina development [GO:0003407]; neutrophil chemotaxis [GO:0030593]; odontogenesis of dentin-containing tooth [GO:0042475]; photoreceptor cell maintenance [GO:0045494]; positive regulation of endothelial cell migration [GO:0010595]; positive regulation of interleukin-6 production [GO:0032755]; positive regulation of matrix metallopeptidase secretion [GO:1904466]; positive regulation of vascular endothelial growth factor production [GO:0010575]; positive regulation of viral entry into host cell [GO:0046598]; protein localization to plasma membrane [GO:0072659]; pyruvate metabolic process [GO:0006090]; response to cAMP [GO:0051591]; response to mercury ion [GO:0046689]; response to peptide hormone [GO:0043434]	cadherin binding [GO:0045296]; cell-cell adhesion mediator activity [GO:0098632]; mannose binding [GO:0005537]; signaling receptor activity [GO:0038023]; virus receptor activity [GO:0001618]	acrosomal membrane [GO:0002080]; axon [GO:0030424]; basolateral plasma membrane [GO:0016323]; endoplasmic reticulum membrane [GO:0005789]; endosome [GO:0005768]; extracellular exosome [GO:0070062]; focal adhesion [GO:0005925]; Golgi membrane [GO:0000139]; integral component of plasma membrane [GO:0005887]; intracellular membrane-bounded organelle [GO:0043231]; melanosome [GO:0042470]; membrane [GO:0016020]; membrane raft [GO:0045121]; mitochondrion [GO:0005739]; photoreceptor inner segment [GO:0001917]; photoreceptor outer segment [GO:0001750]; plasma membrane [GO:0005886]; sarcolemma [GO:0042383]
P38159	P38159	RBMX_HUMAN	RNA-binding motif protein, X chromosome (Glycoprotein p43) (Heterogeneous nuclear ribonucleoprotein G) (hnRNP G) [Cleaved into: RNA-binding motif protein, X chromosome, N-terminally processed]	RBMX HNRPG RBMXP1	cellular response to interleukin-1 [GO:0071347]; membrane protein ectodomain proteolysis [GO:0006509]; mRNA splice site selection [GO:0006376]; mRNA splicing, via spliceosome [GO:0000398]; negative regulation of mRNA splicing, via spliceosome [GO:0048025]; osteoblast differentiation [GO:0001649]; positive regulation of mRNA splicing, via spliceosome [GO:0048026]; positive regulation of transcription by RNA polymerase II [GO:0045944]; protein homooligomerization [GO:0051260]; regulation of alternative mRNA splicing, via spliceosome [GO:0000381]; RNA metabolic process [GO:0016070]; transcription by RNA polymerase II [GO:0006366]	chromatin binding [GO:0003682]; identical protein binding [GO:0042802]; mRNA binding [GO:0003729]; protein domain specific binding [GO:0019904]; RNA binding [GO:0003723]; RNA polymerase II cis-regulatory region sequence-specific DNA binding [GO:0000978]; single-stranded RNA binding [GO:0003727]	catalytic step 2 spliceosome [GO:0071013]; euchromatin [GO:0000791]; extracellular exosome [GO:0070062]; extracellular space [GO:0005615]; membrane [GO:0016020]; nucleoplasm [GO:0005654]; nucleus [GO:0005634]; protein-containing complex [GO:0032991]; ribonucleoprotein complex [GO:1990904]; spliceosomal complex [GO:0005681]; supraspliceosomal complex [GO:0044530]
P38432	P38432	COIL_HUMAN	Coilin (p80-coilin)	COIL CLN80	spliceosomal snRNP assembly [GO:0000387]	identical protein binding [GO:0042802]; protein C-terminus binding [GO:0008022]; U1 snRNA binding [GO:0030619]; U2 snRNA binding [GO:0030620]	Cajal body [GO:0015030]; fibrillar center [GO:0001650]; membrane [GO:0016020]; nuclear body [GO:0016604]; nucleolus [GO:0005730]; nucleoplasm [GO:0005654]; nucleus [GO:0005634]
P40222	P40222	TXLNA_HUMAN	Alpha-taxilin	TXLNA TXLN	B cell activation [GO:0042113]; cytokine-mediated signaling pathway [GO:0019221]; exocytosis [GO:0006887]	syntaxin binding [GO:0019905]	cytoplasm [GO:0005737]; cytosol [GO:0005829]; extracellular region [GO:0005576]; membrane [GO:0016020]
P40818	P40818	UBP8_HUMAN	Ubiquitin carboxyl-terminal hydrolase 8 (EC 3.4.19.12) (Deubiquitinating enzyme 8) (Ubiquitin isopeptidase Y) (hUBPy) (Ubiquitin thioesterase 8) (Ubiquitin-specific-processing protease 8)	USP8 KIAA0055 UBPY	cellular response to dexamethasone stimulus [GO:0071549]; cellular response to nerve growth factor stimulus [GO:1990090]; endosome organization [GO:0007032]; mitotic cytokinesis [GO:0000281]; positive regulation of canonical Wnt signaling pathway [GO:0090263]; protein deubiquitination [GO:0016579]; protein K48-linked deubiquitination [GO:0071108]; protein K63-linked deubiquitination [GO:0070536]; Ras protein signal transduction [GO:0007265]; regulation of protein catabolic process at postsynapse, modulating synaptic transmission [GO:0099576]; regulation of protein localization [GO:0032880]; regulation of protein stability [GO:0031647]; ubiquitin-dependent protein catabolic process [GO:0006511]	cadherin binding [GO:0045296]; cysteine-type endopeptidase activity [GO:0004197]; SH3 domain binding [GO:0017124]; thiol-dependent deubiquitinase [GO:0004843]	cytoplasm [GO:0005737]; cytosol [GO:0005829]; dendritic spine [GO:0043197]; early endosome [GO:0005769]; extrinsic component of endosome membrane [GO:0031313]; extrinsic component of plasma membrane [GO:0019897]; glutamatergic synapse [GO:0098978]; midbody [GO:0030496]; nucleus [GO:0005634]; postsynaptic density [GO:0014069]
P41212	P41212	ETV6_HUMAN	Transcription factor ETV6 (ETS translocation variant 6) (ETS-related protein Tel1) (Tel)	ETV6 TEL TEL1	cell differentiation [GO:0030154]; hematopoietic stem cell proliferation [GO:0071425]; mesenchymal cell apoptotic process [GO:0097152]; negative regulation of transcription by RNA polymerase II [GO:0000122]; neurogenesis [GO:0022008]; regulation of transcription by RNA polymerase II [GO:0006357]; vitellogenesis [GO:0007296]	DNA-binding transcription activator activity, RNA polymerase II-specific [GO:0001228]; DNA-binding transcription factor activity [GO:0003700]; DNA-binding transcription factor activity, RNA polymerase II-specific [GO:0000981]; DNA-binding transcription repressor activity, RNA polymerase II-specific [GO:0001227]; protein domain specific binding [GO:0019904]; RNA polymerase II cis-regulatory region sequence-specific DNA binding [GO:0000978]; RNA polymerase II transcription regulatory region sequence-specific DNA binding [GO:0000977]	chromatin [GO:0000785]; cytosol [GO:0005829]; nucleolus [GO:0005730]; nucleus [GO:0005634]; plasma membrane [GO:0005886]
P42167	P42167	LAP2B_HUMAN	Lamina-associated polypeptide 2, isoforms beta/gamma (Thymopoietin, isoforms beta/gamma) (TP beta/gamma) (Thymopoietin-related peptide isoforms beta/gamma) (TPRP isoforms beta/gamma) [Cleaved into: Thymopoietin (TP) (Splenin); Thymopentin (TP5)]	TMPO LAP2		DNA binding [GO:0003677]; lamin binding [GO:0005521]	cytoplasm [GO:0005737]; integral component of membrane [GO:0016021]; membrane [GO:0016020]; nuclear envelope [GO:0005635]; nuclear inner membrane [GO:0005637]; nuclear membrane [GO:0031965]; nucleus [GO:0005634]
P42331	P42331	RHG25_HUMAN	Rho GTPase-activating protein 25 (Rho-type GTPase-activating protein 25)	ARHGAP25 KIAA0053	actin filament organization [GO:0007015]; activation of GTPase activity [GO:0090630]; negative regulation of small GTPase mediated signal transduction [GO:0051058]; phagocytosis, engulfment [GO:0006911]; regulation of small GTPase mediated signal transduction [GO:0051056]; signal transduction [GO:0007165]	GTPase activator activity [GO:0005096]	cytosol [GO:0005829]; phagocytic cup [GO:0001891]
P42345	P42345	MTOR_HUMAN	Serine/threonine-protein kinase mTOR (EC 2.7.11.1) (FK506-binding protein 12-rapamycin complex-associated protein 1) (FKBP12-rapamycin complex-associated protein) (Mammalian target of rapamycin) (mTOR) (Mechanistic target of rapamycin) (Rapamycin and FKBP12 target 1) (Rapamycin target protein 1)	MTOR FRAP FRAP1 FRAP2 RAFT1 RAPT1	'de novo' pyrimidine nucleobase biosynthetic process [GO:0006207]; activation of protein kinase B activity [GO:0032148]; anoikis [GO:0043276]; brain development [GO:0007420]; cardiac muscle cell development [GO:0055013]; cardiac muscle contraction [GO:0060048]; cell aging [GO:0007569]; cell cycle arrest [GO:0007050]; cellular response to amino acid starvation [GO:0034198]; cellular response to amino acid stimulus [GO:0071230]; cellular response to hypoxia [GO:0071456]; cellular response to leucine [GO:0071233]; cellular response to leucine starvation [GO:1990253]; cellular response to nutrient levels [GO:0031669]; cellular response to starvation [GO:0009267]; energy reserve metabolic process [GO:0006112]; germ cell development [GO:0007281]; heart morphogenesis [GO:0003007]; heart valve morphogenesis [GO:0003179]; long-term memory [GO:0007616]; lysosome organization [GO:0007040]; maternal process involved in female pregnancy [GO:0060135]; mRNA stabilization [GO:0048255]; multicellular organism growth [GO:0035264]; negative regulation of autophagy [GO:0010507]; negative regulation of calcineurin-NFAT signaling cascade [GO:0070885]; negative regulation of cell size [GO:0045792]; negative regulation of cholangiocyte apoptotic process [GO:1904193]; negative regulation of iodide transmembrane transport [GO:1904213]; negative regulation of macroautophagy [GO:0016242]; negative regulation of muscle atrophy [GO:0014736]; negative regulation of protein phosphorylation [GO:0001933]; negative regulation of protein ubiquitination [GO:0031397]; nucleus localization [GO:0051647]; peptidyl-serine phosphorylation [GO:0018105]; peptidyl-threonine phosphorylation [GO:0018107]; phosphorylation [GO:0016310]; positive regulation of actin filament polymerization [GO:0030838]; positive regulation of cell growth involved in cardiac muscle cell development [GO:0061051]; positive regulation of cholangiocyte proliferation [GO:1904056]; positive regulation of cytoplasmic translational initiation [GO:1904690]; positive regulation of dendritic spine development [GO:0060999]; positive regulation of eating behavior [GO:1904000]; positive regulation of endothelial cell proliferation [GO:0001938]; positive regulation of epithelial to mesenchymal transition [GO:0010718]; positive regulation of gene expression [GO:0010628]; positive regulation of glial cell proliferation [GO:0060252]; positive regulation of granulosa cell proliferation [GO:1904197]; positive regulation of keratinocyte migration [GO:0051549]; positive regulation of lamellipodium assembly [GO:0010592]; positive regulation of lipid biosynthetic process [GO:0046889]; positive regulation of myotube differentiation [GO:0010831]; positive regulation of neuron death [GO:1901216]; positive regulation of neuron maturation [GO:0014042]; positive regulation of neuron projection development [GO:0010976]; positive regulation of nitric oxide biosynthetic process [GO:0045429]; positive regulation of oligodendrocyte differentiation [GO:0048714]; positive regulation of peptidyl-tyrosine phosphorylation [GO:0050731]; positive regulation of phosphoprotein phosphatase activity [GO:0032516]; positive regulation of protein kinase B signaling [GO:0051897]; positive regulation of sensory perception of pain [GO:1904058]; positive regulation of skeletal muscle hypertrophy [GO:1904206]; positive regulation of smooth muscle cell proliferation [GO:0048661]; positive regulation of stress fiber assembly [GO:0051496]; positive regulation of transcription by RNA polymerase III [GO:0045945]; positive regulation of transcription of nucleolar large rRNA by RNA polymerase I [GO:1901838]; positive regulation of translation [GO:0045727]; positive regulation of wound healing, spreading of epidermal cells [GO:1903691]; post-embryonic development [GO:0009791]; protein autophosphorylation [GO:0046777]; protein catabolic process [GO:0030163]; protein phosphorylation [GO:0006468]; regulation of actin cytoskeleton organization [GO:0032956]; regulation of brown fat cell differentiation [GO:0090335]; regulation of carbohydrate utilization [GO:0043610]; regulation of cell growth [GO:0001558]; regulation of cell size [GO:0008361]; regulation of cellular response to heat [GO:1900034]; regulation of circadian rhythm [GO:0042752]; regulation of fatty acid beta-oxidation [GO:0031998]; regulation of glycogen biosynthetic process [GO:0005979]; regulation of GTPase activity [GO:0043087]; regulation of locomotor rhythm [GO:1904059]; regulation of macroautophagy [GO:0016241]; regulation of membrane permeability [GO:0090559]; regulation of myelination [GO:0031641]; regulation of osteoclast differentiation [GO:0045670]; regulation of response to food [GO:0032095]; regulation of signal transduction by p53 class mediator [GO:1901796]; regulation of translation at synapse, modulating synaptic transmission [GO:0099547]; response to activity [GO:0014823]; response to amino acid [GO:0043200]; response to cocaine [GO:0042220]; response to insulin [GO:0032868]; response to morphine [GO:0043278]; response to nutrient [GO:0007584]; response to nutrient levels [GO:0031667]; rhythmic process [GO:0048511]; ruffle organization [GO:0031529]; social behavior [GO:0035176]; spinal cord development [GO:0021510]; T-helper 1 cell lineage commitment [GO:0002296]; TORC1 signaling [GO:0038202]; TOR signaling [GO:0031929]; visual learning [GO:0008542]; voluntary musculoskeletal movement [GO:0050882]; wound healing [GO:0042060]	ATP binding [GO:0005524]; identical protein binding [GO:0042802]; kinase activity [GO:0016301]; phosphoprotein binding [GO:0051219]; protein domain specific binding [GO:0019904]; protein kinase activity [GO:0004672]; protein kinase binding [GO:0019901]; protein serine/threonine kinase activity [GO:0004674]; protein serine kinase activity [GO:0106310]; protein threonine kinase activity [GO:0106311]; ribosome binding [GO:0043022]; RNA polymerase III type 1 promoter sequence-specific DNA binding [GO:0001002]; RNA polymerase III type 2 promoter sequence-specific DNA binding [GO:0001003]; RNA polymerase III type 3 promoter sequence-specific DNA binding [GO:0001006]; TFIIIC-class transcription factor complex binding [GO:0001156]; translation regulator activity [GO:0045182]	cytoplasm [GO:0005737]; cytosol [GO:0005829]; dendrite [GO:0030425]; endomembrane system [GO:0012505]; endoplasmic reticulum membrane [GO:0005789]; glutamatergic synapse [GO:0098978]; Golgi membrane [GO:0000139]; lysosomal membrane [GO:0005765]; lysosome [GO:0005764]; membrane [GO:0016020]; mitochondrial outer membrane [GO:0005741]; neuronal cell body [GO:0043025]; nuclear envelope [GO:0005635]; nucleoplasm [GO:0005654]; nucleus [GO:0005634]; phagocytic vesicle [GO:0045335]; PML body [GO:0016605]; postsynaptic cytosol [GO:0099524]; TORC1 complex [GO:0031931]; TORC2 complex [GO:0031932]
P42356	P42356	PI4KA_HUMAN	Phosphatidylinositol 4-kinase alpha (PI4-kinase alpha) (PI4K-alpha) (PtdIns-4-kinase alpha) (EC 2.7.1.67) (Phosphatidylinositol 4-Kinase III alpha)	PI4KA PIK4 PIK4CA	multi-organism membrane organization [GO:0044803]; phosphatidylinositol biosynthetic process [GO:0006661]; phosphatidylinositol-mediated signaling [GO:0048015]; phosphatidylinositol phosphorylation [GO:0046854]; phosphorylation [GO:0016310]; signal transduction [GO:0007165]; viral replication complex formation and maintenance [GO:0046786]; viral RNA genome replication [GO:0039694]	1-phosphatidylinositol 4-kinase activity [GO:0004430]; ATP binding [GO:0005524]; cadherin binding [GO:0045296]; kinase activity [GO:0016301]; phosphatidylinositol kinase activity [GO:0052742]	cytoplasm [GO:0005737]; cytosol [GO:0005829]; extracellular exosome [GO:0070062]; focal adhesion [GO:0005925]; Golgi-associated vesicle membrane [GO:0030660]; membrane [GO:0016020]; plasma membrane [GO:0005886]
P42677	P42677	RS27_HUMAN	40S ribosomal protein S27 (Metallopan-stimulin 1) (MPS-1) (Small ribosomal subunit protein eS27)	RPS27 MPS1	cytoplasmic translation [GO:0002181]; mitotic spindle organization [GO:0007052]; nuclear-transcribed mRNA catabolic process, nonsense-mediated decay [GO:0000184]; ribosomal small subunit assembly [GO:0000028]; rRNA processing [GO:0006364]; SRP-dependent cotranslational protein targeting to membrane [GO:0006614]; translation [GO:0006412]; translational initiation [GO:0006413]; viral transcription [GO:0019083]	DNA binding [GO:0003677]; RNA binding [GO:0003723]; structural constituent of ribosome [GO:0003735]; zinc ion binding [GO:0008270]	cytosol [GO:0005829]; cytosolic ribosome [GO:0022626]; cytosolic small ribosomal subunit [GO:0022627]; GABA-ergic synapse [GO:0098982]; glutamatergic synapse [GO:0098978]; nucleoplasm [GO:0005654]; nucleus [GO:0005634]; postsynaptic density [GO:0014069]; presynapse [GO:0098793]; ribosome [GO:0005840]
P46013	P46013	KI67_HUMAN	Proliferation marker protein Ki-67 (Antigen identified by monoclonal antibody Ki-67) (Antigen KI-67) (Antigen Ki67)	MKI67	cell cycle [GO:0007049]; cell population proliferation [GO:0008283]; regulation of chromatin organization [GO:1902275]; regulation of chromosome segregation [GO:0051983]; regulation of mitotic nuclear division [GO:0007088]	ATP binding [GO:0005524]; DNA binding [GO:0003677]; protein C-terminus binding [GO:0008022]; RNA binding [GO:0003723]	chromosome [GO:0005694]; membrane [GO:0016020]; nuclear body [GO:0016604]; nucleolus [GO:0005730]; nucleoplasm [GO:0005654]; nucleus [GO:0005634]
P46087	P46087	NOP2_HUMAN	Probable 28S rRNA (cytosine(4447)-C(5))-methyltransferase (EC 2.1.1.-) (Nucleolar protein 1) (Nucleolar protein 2 homolog) (Proliferating-cell nucleolar antigen p120) (Proliferation-associated nucleolar protein p120)	NOP2 NOL1 NSUN1	maturation of LSU-rRNA [GO:0000470]; positive regulation of cell population proliferation [GO:0008284]; regulation of signal transduction by p53 class mediator [GO:1901796]; regulation of transcription by RNA polymerase II [GO:0006357]; ribosomal large subunit assembly [GO:0000027]; RNA methylation [GO:0001510]; rRNA base methylation [GO:0070475]	RNA binding [GO:0003723]; rRNA (cytosine-C5-)-methyltransferase activity [GO:0009383]	nucleolus [GO:0005730]; nucleoplasm [GO:0005654]
P46100	P46100	ATRX_HUMAN	Transcriptional regulator ATRX (EC 3.6.4.12) (ATP-dependent helicase ATRX) (X-linked helicase II) (X-linked nuclear protein) (XNP) (Znf-HX)	ATRX RAD54L XH2	cellular response to hydroxyurea [GO:0072711]; chromatin remodeling [GO:0006338]; chromosome organization involved in meiotic cell cycle [GO:0070192]; DNA damage response, signal transduction by p53 class mediator [GO:0030330]; DNA methylation [GO:0006306]; DNA repair [GO:0006281]; DNA replication-independent nucleosome assembly [GO:0006336]; forebrain development [GO:0030900]; meiotic spindle organization [GO:0000212]; multicellular organism growth [GO:0035264]; negative regulation of DNA recombination at telomere [GO:0048239]; negative regulation of maintenance of mitotic sister chromatid cohesion, telomeric [GO:1904908]; negative regulation of telomeric RNA transcription from RNA pol II promoter [GO:1901581]; nucleosome assembly [GO:0006334]; positive regulation of histone exchange [GO:1900051]; positive regulation of nuclear cell cycle DNA replication [GO:0010571]; positive regulation of telomere maintenance [GO:0032206]; positive regulation of telomeric RNA transcription from RNA pol II promoter [GO:1901582]; positive regulation of transcription by RNA polymerase II [GO:0045944]; post-embryonic forelimb morphogenesis [GO:0035128]; protein localization to chromosome, telomeric region [GO:0070198]; regulation of histone H3-K9 trimethylation [GO:1900112]; regulation of transcription, DNA-templated [GO:0006355]; replication fork processing [GO:0031297]; seminiferous tubule development [GO:0072520]; Sertoli cell development [GO:0060009]; spermatogenesis [GO:0007283]	ATP binding [GO:0005524]; chromatin binding [GO:0003682]; chromo shadow domain binding [GO:0070087]; DNA binding [GO:0003677]; DNA helicase activity [GO:0003678]; DNA translocase activity [GO:0015616]; histone binding [GO:0042393]; metal ion binding [GO:0046872]; methylated histone binding [GO:0035064]; nucleosome-dependent ATPase activity [GO:0070615]	chromosome, subtelomeric region [GO:0099115]; chromosome, telomeric region [GO:0000781]; condensed chromosome, centromeric region [GO:0000779]; heterochromatin [GO:0000792]; nuclear body [GO:0016604]; nuclear chromosome [GO:0000228]; nucleoplasm [GO:0005654]; nucleus [GO:0005634]; pericentric heterochromatin [GO:0005721]; PML body [GO:0016605]
P46940	P46940	IQGA1_HUMAN	Ras GTPase-activating-like protein IQGAP1 (p195)	IQGAP1 KIAA0051	cell migration [GO:0016477]; cellular response to calcium ion [GO:0071277]; cellular response to epidermal growth factor stimulus [GO:0071364]; epidermal growth factor receptor signaling pathway [GO:0007173]; glomerular visceral epithelial cell development [GO:0072015]; neuron projection extension [GO:1990138]; neutrophil degranulation [GO:0043312]; positive regulation of cellular protein localization [GO:1903829]; positive regulation of dendrite development [GO:1900006]; positive regulation of focal adhesion assembly [GO:0051894]; positive regulation of MAPK cascade [GO:0043410]; positive regulation of MAP kinase activity [GO:0043406]; positive regulation of peptidyl-tyrosine autophosphorylation [GO:1900086]; positive regulation of protein kinase activity [GO:0045860]; positive regulation of vascular associated smooth muscle cell migration [GO:1904754]; regulation of actin cytoskeleton organization [GO:0032956]; regulation of mitotic cell cycle [GO:0007346]; response to angiotensin [GO:1990776]; signal transduction [GO:0007165]; viral process [GO:0016032]	actin filament binding [GO:0051015]; cadherin binding [GO:0045296]; calcium ion binding [GO:0005509]; calmodulin binding [GO:0005516]; GTPase activator activity [GO:0005096]; GTPase inhibitor activity [GO:0005095]; MAP-kinase scaffold activity [GO:0005078]; mitogen-activated protein kinase binding [GO:0051019]; molecular adaptor activity [GO:0060090]; phosphatidylinositol-3,4,5-trisphosphate binding [GO:0005547]; protein domain specific binding [GO:0019904]; protein kinase binding [GO:0019901]; protein phosphatase binding [GO:0019903]; protein serine/threonine kinase activator activity [GO:0043539]; S100 protein binding [GO:0044548]; small GTPase binding [GO:0031267]	actin filament [GO:0005884]; axon [GO:0030424]; cytoplasm [GO:0005737]; cytoplasmic ribonucleoprotein granule [GO:0036464]; cytosol [GO:0005829]; extracellular exosome [GO:0070062]; extrinsic component of cytoplasmic side of plasma membrane [GO:0031234]; focal adhesion [GO:0005925]; growth cone [GO:0030426]; membrane raft [GO:0045121]; microtubule [GO:0005874]; midbody [GO:0030496]; neuron projection [GO:0043005]; nucleus [GO:0005634]; plasma membrane [GO:0005886]; protein-containing complex [GO:0032991]; ruffle [GO:0001726]; secretory granule membrane [GO:0030667]; slit diaphragm [GO:0036057]
P48634	P48634	PRC2A_HUMAN	Protein PRRC2A (HLA-B-associated transcript 2) (Large proline-rich protein BAT2) (Proline-rich and coiled-coil-containing protein 2A) (Protein G2)	PRRC2A BAT2 G2	cell differentiation [GO:0030154]	RNA binding [GO:0003723]	cytosol [GO:0005829]; extracellular exosome [GO:0070062]; membrane [GO:0016020]; nucleoplasm [GO:0005654]; plasma membrane [GO:0005886]
P48651	P48651	PTSS1_HUMAN	Phosphatidylserine synthase 1 (PSS-1) (PtdSer synthase 1) (EC 2.7.8.29) (Serine-exchange enzyme I)	PTDSS1 KIAA0024 PSSA	phosphatidylserine biosynthetic process [GO:0006659]	L-serine-phosphatidylcholine phosphatidyltransferase activity [GO:0106258]; L-serine-phosphatidylethanolamine phosphatidyltransferase activity [GO:0106245]	endoplasmic reticulum membrane [GO:0005789]; integral component of membrane [GO:0016021]; membrane [GO:0016020]
P49407	P49407	ARRB1_HUMAN	Beta-arrestin-1 (Arrestin beta-1) (Non-visual arrestin-2)	ARRB1 ARR1	activation of MAPK activity [GO:0000187]; follicle-stimulating hormone signaling pathway [GO:0042699]; G protein-coupled receptor internalization [GO:0002031]; G protein-coupled receptor signaling pathway [GO:0007186]; histone acetylation [GO:0016573]; membrane organization [GO:0061024]; negative regulation of ERK1 and ERK2 cascade [GO:0070373]; negative regulation of GTPase activity [GO:0034260]; negative regulation of interleukin-6 production [GO:0032715]; negative regulation of interleukin-8 production [GO:0032717]; negative regulation of neuron apoptotic process [GO:0043524]; negative regulation of NF-kappaB transcription factor activity [GO:0032088]; negative regulation of Notch signaling pathway [GO:0045746]; negative regulation of protein phosphorylation [GO:0001933]; negative regulation of protein ubiquitination [GO:0031397]; platelet activation [GO:0030168]; positive regulation of cell population proliferation [GO:0008284]; positive regulation of cysteine-type endopeptidase activity involved in apoptotic process [GO:0043280]; positive regulation of ERK1 and ERK2 cascade [GO:0070374]; positive regulation of histone acetylation [GO:0035066]; positive regulation of histone H4 acetylation [GO:0090240]; positive regulation of protein phosphorylation [GO:0001934]; positive regulation of protein ubiquitination [GO:0031398]; positive regulation of receptor internalization [GO:0002092]; positive regulation of Rho protein signal transduction [GO:0035025]; positive regulation of smooth muscle cell apoptotic process [GO:0034393]; positive regulation of transcription by RNA polymerase II [GO:0045944]; post-Golgi vesicle-mediated transport [GO:0006892]; proteasome-mediated ubiquitin-dependent protein catabolic process [GO:0043161]; protein transport [GO:0015031]; protein ubiquitination [GO:0016567]; regulation of transcription by RNA polymerase II [GO:0006357]; response to drug [GO:0042493]; stress fiber assembly [GO:0043149]; ubiquitin-dependent protein catabolic process [GO:0006511]	alpha-1A adrenergic receptor binding [GO:0031691]; alpha-1B adrenergic receptor binding [GO:0031692]; angiotensin receptor binding [GO:0031701]; AP-2 adaptor complex binding [GO:0035612]; arrestin family protein binding [GO:1990763]; clathrin adaptor activity [GO:0035615]; enzyme inhibitor activity [GO:0004857]; estrogen receptor binding [GO:0030331]; follicle-stimulating hormone receptor binding [GO:0031762]; G protein-coupled receptor binding [GO:0001664]; GTPase activator activity [GO:0005096]; insulin-like growth factor receptor binding [GO:0005159]; ion channel binding [GO:0044325]; protein phosphorylated amino acid binding [GO:0045309]; transcription coactivator activity [GO:0003713]; transcription factor binding [GO:0008134]; ubiquitin protein ligase binding [GO:0031625]; V2 vasopressin receptor binding [GO:0031896]	basolateral plasma membrane [GO:0016323]; chromatin [GO:0000785]; clathrin-coated pit [GO:0005905]; cytoplasm [GO:0005737]; cytoplasmic vesicle [GO:0031410]; cytoplasmic vesicle membrane [GO:0030659]; cytosol [GO:0005829]; dendritic spine [GO:0043197]; endosome [GO:0005768]; Golgi membrane [GO:0000139]; lysosomal membrane [GO:0005765]; nuclear body [GO:0016604]; nucleoplasm [GO:0005654]; nucleus [GO:0005634]; plasma membrane [GO:0005886]; postsynaptic density [GO:0014069]; postsynaptic membrane [GO:0045211]; pseudopodium [GO:0031143]
P49590	P49590	SYHM_HUMAN	Histidine--tRNA ligase, mitochondrial (EC 6.1.1.21) (Histidine--tRNA ligase-like) (Histidyl-tRNA synthetase) (HisRS)	HARS2 HARSL HARSR HO3	histidyl-tRNA aminoacylation [GO:0006427]; translation [GO:0006412]; tRNA aminoacylation for protein translation [GO:0006418]	ATP binding [GO:0005524]; histidine-tRNA ligase activity [GO:0004821]; identical protein binding [GO:0042802]; RNA binding [GO:0003723]	cytosol [GO:0005829]; mitochondrial matrix [GO:0005759]; mitochondrion [GO:0005739]
P49736	P49736	MCM2_HUMAN	DNA replication licensing factor MCM2 (EC 3.6.4.12) (Minichromosome maintenance protein 2 homolog) (Nuclear protein BM28)	MCM2 BM28 CCNL1 CDCL1 KIAA0030	apoptotic process [GO:0006915]; cellular response to interleukin-4 [GO:0071353]; cochlea development [GO:0090102]; DNA replication [GO:0006260]; DNA replication initiation [GO:0006270]; DNA unwinding involved in DNA replication [GO:0006268]; double-strand break repair via break-induced replication [GO:0000727]; mitotic DNA replication initiation [GO:1902975]; negative regulation of DNA helicase activity [GO:1905775]; nucleosome assembly [GO:0006334]; pre-replicative complex assembly [GO:0036388]; pre-replicative complex assembly involved in nuclear cell cycle DNA replication [GO:0006267]	ATP binding [GO:0005524]; DNA binding [GO:0003677]; DNA helicase activity [GO:0003678]; DNA replication origin binding [GO:0003688]; enzyme binding [GO:0019899]; histone binding [GO:0042393]; hydrolase activity [GO:0016787]; metal ion binding [GO:0046872]; single-stranded DNA binding [GO:0003697]	chromatin [GO:0000785]; chromosome, telomeric region [GO:0000781]; CMG complex [GO:0071162]; cytoplasm [GO:0005737]; MCM complex [GO:0042555]; nuclear origin of replication recognition complex [GO:0005664]; nucleoplasm [GO:0005654]; nucleus [GO:0005634]
P49756	P49756	RBM25_HUMAN	RNA-binding protein 25 (Arg/Glu/Asp-rich protein of 120 kDa) (RED120) (Protein S164) (RNA-binding motif protein 25) (RNA-binding region-containing protein 7)	RBM25 RNPC7	mRNA processing [GO:0006397]; regulation of alternative mRNA splicing, via spliceosome [GO:0000381]; regulation of apoptotic process [GO:0042981]; RNA splicing [GO:0008380]	mRNA binding [GO:0003729]; RNA binding [GO:0003723]	cytoplasm [GO:0005737]; nuclear speck [GO:0016607]
P49757	P49757	NUMB_HUMAN	Protein numb homolog (h-Numb) (Protein S171)	NUMB C14orf41	adherens junction organization [GO:0034332]; axonogenesis [GO:0007409]; lateral ventricle development [GO:0021670]; negative regulation of protein localization to plasma membrane [GO:1903077]; neuroblast division in subventricular zone [GO:0021849]; positive regulation of cell migration [GO:0030335]; positive regulation of neurogenesis [GO:0050769]; regulation of postsynaptic neurotransmitter receptor internalization [GO:0099149]	alpha-catenin binding [GO:0045294]; beta-catenin binding [GO:0008013]; cadherin binding [GO:0045296]	apical part of cell [GO:0045177]; basolateral plasma membrane [GO:0016323]; clathrin-coated pit [GO:0005905]; clathrin-coated vesicle [GO:0030136]; cytoplasm [GO:0005737]; early endosome [GO:0005769]; endosome membrane [GO:0010008]; extrinsic component of plasma membrane [GO:0019897]; focal adhesion [GO:0005925]; glutamatergic synapse [GO:0098978]; nucleus [GO:0005634]; plasma membrane [GO:0005886]
P49768	P49768	PSN1_HUMAN	Presenilin-1 (PS-1) (EC 3.4.23.-) (Protein S182) [Cleaved into: Presenilin-1 NTF subunit; Presenilin-1 CTF subunit; Presenilin-1 CTF12 (PS1-CTF12)]	PSEN1 AD3 PS1 PSNL1	activation of MAPKK activity [GO:0000186]; amyloid-beta formation [GO:0034205]; amyloid-beta metabolic process [GO:0050435]; amyloid precursor protein catabolic process [GO:0042987]; amyloid precursor protein metabolic process [GO:0042982]; astrocyte activation [GO:0048143]; astrocyte activation involved in immune response [GO:0002265]; autophagosome assembly [GO:0000045]; blood vessel development [GO:0001568]; brain morphogenesis [GO:0048854]; Cajal-Retzius cell differentiation [GO:0021870]; calcium ion transport [GO:0006816]; cell-cell adhesion [GO:0098609]; cell fate specification [GO:0001708]; cellular response to amyloid-beta [GO:1904646]; cellular response to DNA damage stimulus [GO:0006974]; cerebellum development [GO:0021549]; cerebral cortex cell migration [GO:0021795]; choline transport [GO:0015871]; dorsal/ventral neural tube patterning [GO:0021904]; embryonic limb morphogenesis [GO:0030326]; endoplasmic reticulum calcium ion homeostasis [GO:0032469]; ephrin receptor signaling pathway [GO:0048013]; epithelial cell proliferation [GO:0050673]; heart looping [GO:0001947]; hematopoietic progenitor cell differentiation [GO:0002244]; intracellular signal transduction [GO:0035556]; learning or memory [GO:0007611]; L-glutamate import across plasma membrane [GO:0098712]; membrane protein ectodomain proteolysis [GO:0006509]; membrane protein intracellular domain proteolysis [GO:0031293]; memory [GO:0007613]; mitochondrial transport [GO:0006839]; modulation of age-related behavioral decline [GO:0090647]; myeloid dendritic cell differentiation [GO:0043011]; negative regulation of apoptotic process [GO:0043066]; negative regulation of apoptotic signaling pathway [GO:2001234]; negative regulation of axonogenesis [GO:0050771]; negative regulation of core promoter binding [GO:1904797]; negative regulation of epidermal growth factor-activated receptor activity [GO:0007175]; negative regulation of gene expression [GO:0010629]; negative regulation of neuron apoptotic process [GO:0043524]; negative regulation of transcription by RNA polymerase II [GO:0000122]; negative regulation of ubiquitin-dependent protein catabolic process [GO:2000059]; negative regulation of ubiquitin-protein transferase activity [GO:0051444]; neural retina development [GO:0003407]; neuron apoptotic process [GO:0051402]; neuron development [GO:0048666]; neuron migration [GO:0001764]; neuron projection maintenance [GO:1990535]; neutrophil degranulation [GO:0043312]; Notch receptor processing [GO:0007220]; Notch receptor processing, ligand-dependent [GO:0035333]; positive regulation of amyloid fibril formation [GO:1905908]; positive regulation of apoptotic process [GO:0043065]; positive regulation of catalytic activity [GO:0043085]; positive regulation of coagulation [GO:0050820]; positive regulation of dendritic spine development [GO:0060999]; positive regulation of gene expression [GO:0010628]; positive regulation of glycolytic process [GO:0045821]; positive regulation of L-glutamate import across plasma membrane [GO:0002038]; positive regulation of MAP kinase activity [GO:0043406]; positive regulation of phosphorylation [GO:0042327]; positive regulation of proteasomal ubiquitin-dependent protein catabolic process [GO:0032436]; positive regulation of protein binding [GO:0032092]; positive regulation of protein import into nucleus [GO:0042307]; positive regulation of receptor recycling [GO:0001921]; positive regulation of transcription, DNA-templated [GO:0045893]; positive regulation of tumor necrosis factor production [GO:0032760]; post-embryonic development [GO:0009791]; protein glycosylation [GO:0006486]; protein processing [GO:0016485]; protein transport [GO:0015031]; regulation of canonical Wnt signaling pathway [GO:0060828]; regulation of gene expression [GO:0010468]; regulation of neuron projection development [GO:0010975]; regulation of phosphorylation [GO:0042325]; regulation of resting membrane potential [GO:0060075]; regulation of synaptic plasticity [GO:0048167]; regulation of synaptic transmission, glutamatergic [GO:0051966]; response to oxidative stress [GO:0006979]; sequestering of calcium ion [GO:0051208]; skeletal system morphogenesis [GO:0048705]; skin morphogenesis [GO:0043589]; smooth endoplasmic reticulum calcium ion homeostasis [GO:0051563]; somitogenesis [GO:0001756]; synapse organization [GO:0050808]; synaptic vesicle targeting [GO:0016080]; T cell activation involved in immune response [GO:0002286]; T cell receptor signaling pathway [GO:0050852]; thymus development [GO:0048538]	aspartic endopeptidase activity, intramembrane cleaving [GO:0042500]; aspartic-type endopeptidase activity [GO:0004190]; ATPase binding [GO:0051117]; beta-catenin binding [GO:0008013]; cadherin binding [GO:0045296]; calcium channel activity [GO:0005262]; endopeptidase activity [GO:0004175]; growth factor receptor binding [GO:0070851]; PDZ domain binding [GO:0030165]	aggresome [GO:0016235]; apical plasma membrane [GO:0016324]; azurophil granule membrane [GO:0035577]; cell cortex [GO:0005938]; cell junction [GO:0030054]; cell surface [GO:0009986]; centrosome [GO:0005813]; ciliary rootlet [GO:0035253]; dendritic shaft [GO:0043198]; early endosome membrane [GO:0031901]; endoplasmic reticulum [GO:0005783]; endoplasmic reticulum membrane [GO:0005789]; gamma-secretase complex [GO:0070765]; Golgi apparatus [GO:0005794]; Golgi membrane [GO:0000139]; growth cone [GO:0030426]; integral component of membrane [GO:0016021]; integral component of plasma membrane [GO:0005887]; integral component of presynaptic membrane [GO:0099056]; kinetochore [GO:0000776]; lysosomal membrane [GO:0005765]; membrane [GO:0016020]; membrane raft [GO:0045121]; mitochondrial inner membrane [GO:0005743]; mitochondrion [GO:0005739]; neuromuscular junction [GO:0031594]; neuronal cell body [GO:0043025]; neuron projection [GO:0043005]; nuclear membrane [GO:0031965]; nuclear outer membrane [GO:0005640]; nucleoplasm [GO:0005654]; nucleus [GO:0005634]; perinuclear region of cytoplasm [GO:0048471]; plasma membrane [GO:0005886]; protein-containing complex [GO:0032991]; rough endoplasmic reticulum [GO:0005791]; sarcolemma [GO:0042383]; smooth endoplasmic reticulum [GO:0005790]; synaptic vesicle [GO:0008021]; Z disc [GO:0030018]
P49792	P49792	RBP2_HUMAN	E3 SUMO-protein ligase RanBP2 (EC 2.3.2.-) (358 kDa nucleoporin) (Nuclear pore complex protein Nup358) (Nucleoporin Nup358) (Ran-binding protein 2) (RanBP2) (p270)	RANBP2 NUP358	centrosome localization [GO:0051642]; intracellular transport of virus [GO:0075733]; mitotic spindle organization [GO:0007052]; mRNA export from nucleus [GO:0006406]; NLS-bearing protein import into nucleus [GO:0006607]; positive regulation of glucokinase activity [GO:0033133]; positive regulation of GTPase activity [GO:0043547]; protein folding [GO:0006457]; protein peptidyl-prolyl isomerization [GO:0000413]; protein sumoylation [GO:0016925]; regulation of cellular response to heat [GO:1900034]; regulation of gene silencing by miRNA [GO:0060964]; regulation of gluconeogenesis [GO:0006111]; regulation of glycolytic process [GO:0006110]; response to amphetamine [GO:0001975]; tRNA export from nucleus [GO:0006409]; viral life cycle [GO:0019058]; viral process [GO:0016032]; viral transcription [GO:0019083]	metal ion binding [GO:0046872]; protein-containing complex binding [GO:0044877]; RNA binding [GO:0003723]; small GTPase binding [GO:0031267]; SUMO transferase activity [GO:0019789]	annulate lamellae [GO:0005642]; cytoplasm [GO:0005737]; cytoplasmic periphery of the nuclear pore complex [GO:1990723]; cytosol [GO:0005829]; host cell [GO:0043657]; intracellular membrane-bounded organelle [GO:0043231]; membrane [GO:0016020]; mitochondrion [GO:0005739]; nuclear envelope [GO:0005635]; nuclear inclusion body [GO:0042405]; nuclear membrane [GO:0031965]; nuclear pore [GO:0005643]; nuclear pore cytoplasmic filaments [GO:0044614]; nuclear pore nuclear basket [GO:0044615]; nucleoplasm [GO:0005654]
P49916	P49916	DNLI3_HUMAN	DNA ligase 3 (EC 6.5.1.1) (DNA ligase III) (Polydeoxyribonucleotide synthase [ATP] 3)	LIG3	base-excision repair, DNA ligation [GO:0006288]; base-excision repair, gap-filling [GO:0006287]; cell cycle [GO:0007049]; cell division [GO:0051301]; DNA biosynthetic process [GO:0071897]; DNA ligation [GO:0006266]; double-strand break repair [GO:0006302]; double-strand break repair via alternative nonhomologous end joining [GO:0097681]; double-strand break repair via homologous recombination [GO:0000724]; lagging strand elongation [GO:0006273]; mitochondrial DNA repair [GO:0043504]; mitochondrion organization [GO:0007005]; negative regulation of mitochondrial DNA replication [GO:0090298]; nucleotide-excision repair, DNA gap filling [GO:0006297]; transcription-coupled nucleotide-excision repair [GO:0006283]	ATP binding [GO:0005524]; DNA binding [GO:0003677]; DNA ligase (ATP) activity [GO:0003910]; DNA ligase activity [GO:0003909]; zinc ion binding [GO:0008270]	cytoplasm [GO:0005737]; DNA ligase III-XRCC1 complex [GO:0070421]; mitochondrion [GO:0005739]; nucleoplasm [GO:0005654]; nucleus [GO:0005634]
P49959	P49959	MRE11_HUMAN	Double-strand break repair protein MRE11 (EC 3.1.-.-) (Double-strand break repair protein MRE11A) (Meiotic recombination 11 homolog 1) (MRE11 homolog 1) (Meiotic recombination 11 homolog A) (MRE11 homolog A)	MRE11 HNGS1 MRE11A	cell population proliferation [GO:0008283]; cellular response to DNA damage stimulus [GO:0006974]; DNA double-strand break processing [GO:0000729]; DNA duplex unwinding [GO:0032508]; DNA recombination [GO:0006310]; DNA repair [GO:0006281]; DNA replication [GO:0006260]; DNA strand resection involved in replication fork processing [GO:0110025]; double-strand break repair [GO:0006302]; double-strand break repair via homologous recombination [GO:0000724]; double-strand break repair via nonhomologous end joining [GO:0006303]; homologous chromosome pairing at meiosis [GO:0007129]; intra-S DNA damage checkpoint [GO:0031573]; meiotic DNA double-strand break formation [GO:0042138]; mitochondrial double-strand break repair via homologous recombination [GO:0097552]; mitotic G2 DNA damage checkpoint [GO:0007095]; negative regulation of apoptotic process [GO:0043066]; positive regulation of kinase activity [GO:0033674]; positive regulation of protein autophosphorylation [GO:0031954]; positive regulation of telomere maintenance [GO:0032206]; positive regulation of type I interferon production [GO:0032481]; reciprocal meiotic recombination [GO:0007131]; regulation of mitotic recombination [GO:0000019]; regulation of signal transduction by p53 class mediator [GO:1901796]; sister chromatid cohesion [GO:0007062]; telomere maintenance [GO:0000723]; telomere maintenance via telomerase [GO:0007004]; telomeric 3' overhang formation [GO:0031860]; viral process [GO:0016032]	3'-5'-exodeoxyribonuclease activity [GO:0008296]; 3'-5' exonuclease activity [GO:0008408]; 5'-3' exonuclease activity [GO:0008409]; cadherin binding [GO:0045296]; double-stranded DNA binding [GO:0003690]; endodeoxyribonuclease activity [GO:0004520]; identical protein binding [GO:0042802]; manganese ion binding [GO:0030145]; nuclease activity [GO:0004518]; protein C-terminus binding [GO:0008022]; single-stranded DNA endodeoxyribonuclease activity [GO:0000014]	chromosome, telomeric region [GO:0000781]; cytoplasm [GO:0005737]; cytosol [GO:0005829]; Mre11 complex [GO:0030870]; nucleoplasm [GO:0005654]; nucleus [GO:0005634]; PML body [GO:0016605]; replication fork [GO:0005657]; site of double-strand break [GO:0035861]
P50552	P50552	VASP_HUMAN	Vasodilator-stimulated phosphoprotein (VASP)	VASP	actin cytoskeleton organization [GO:0030036]; actin polymerization or depolymerization [GO:0008154]; axon guidance [GO:0007411]; cell junction assembly [GO:0034329]; neural tube closure [GO:0001843]; positive regulation of actin filament polymerization [GO:0030838]; protein homotetramerization [GO:0051289]	actin binding [GO:0003779]; cadherin binding [GO:0045296]; profilin binding [GO:0005522]; SH3 domain binding [GO:0017124]	actin cytoskeleton [GO:0015629]; bicellular tight junction [GO:0005923]; cytosol [GO:0005829]; extracellular exosome [GO:0070062]; filopodium membrane [GO:0031527]; focal adhesion [GO:0005925]; lamellipodium membrane [GO:0031258]; plasma membrane [GO:0005886]
P50750	P50750	CDK9_HUMAN	Cyclin-dependent kinase 9 (EC 2.7.11.22) (EC 2.7.11.23) (C-2K) (Cell division cycle 2-like protein kinase 4) (Cell division protein kinase 9) (Serine/threonine-protein kinase PITALRE) (Tat-associated kinase complex catalytic subunit)	CDK9 CDC2L4 TAK	cell population proliferation [GO:0008283]; cellular response to cytokine stimulus [GO:0071345]; DNA repair [GO:0006281]; negative regulation of cell cycle arrest [GO:0071157]; negative regulation of mRNA polyadenylation [GO:1900364]; phosphorylation of RNA polymerase II C-terminal domain [GO:0070816]; positive regulation of cardiac muscle hypertrophy [GO:0010613]; positive regulation of histone H2B ubiquitination [GO:2001168]; positive regulation of histone phosphorylation [GO:0033129]; positive regulation of mRNA 3'-UTR binding [GO:1903839]; positive regulation of transcription by RNA polymerase II [GO:0045944]; positive regulation of viral transcription [GO:0050434]; protein phosphorylation [GO:0006468]; regulation of DNA repair [GO:0006282]; regulation of histone modification [GO:0031056]; regulation of muscle cell differentiation [GO:0051147]; replication fork processing [GO:0031297]; response to drug [GO:0042493]; snRNA transcription by RNA polymerase II [GO:0042795]; transcription by RNA polymerase II [GO:0006366]; transcription elongation from RNA polymerase II promoter [GO:0006368]; transcription initiation from RNA polymerase II promoter [GO:0006367]	7SK snRNA binding [GO:0097322]; ATP binding [GO:0005524]; chromatin binding [GO:0003682]; cyclin-dependent protein serine/threonine kinase activity [GO:0004693]; DNA binding [GO:0003677]; protein kinase activity [GO:0004672]; protein kinase binding [GO:0019901]; protein serine/threonine kinase activity [GO:0004674]; protein serine kinase activity [GO:0106310]; protein threonine kinase activity [GO:0106311]; RNA polymerase II cis-regulatory region sequence-specific DNA binding [GO:0000978]; RNA polymerase II CTD heptapeptide repeat kinase activity [GO:0008353]; transcription coactivator binding [GO:0001223]	cyclin/CDK positive transcription elongation factor complex [GO:0008024]; cytoplasmic ribonucleoprotein granule [GO:0036464]; mediator complex [GO:0016592]; membrane [GO:0016020]; nucleoplasm [GO:0005654]; nucleus [GO:0005634]; PML body [GO:0016605]; P-TEFb complex [GO:0070691]; transcription elongation factor complex [GO:0008023]
P51116	P51116	FXR2_HUMAN	Fragile X mental retardation syndrome-related protein 2	FXR2 FMR1L2	negative regulation of translation [GO:0017148]; positive regulation of protein phosphorylation [GO:0001934]; positive regulation of response to DNA damage stimulus [GO:2001022]; positive regulation of translation [GO:0045727]; regulation of alternative mRNA splicing, via spliceosome [GO:0000381]; regulation of filopodium assembly [GO:0051489]; regulation of mRNA stability [GO:0043488]	identical protein binding [GO:0042802]; mRNA 3'-UTR binding [GO:0003730]; protein heterodimerization activity [GO:0046982]; protein homodimerization activity [GO:0042803]; RNA binding [GO:0003723]; translation regulator activity [GO:0045182]	axon [GO:0030424]; cytoplasm [GO:0005737]; cytoplasmic ribonucleoprotein granule [GO:0036464]; cytosol [GO:0005829]; cytosolic large ribosomal subunit [GO:0022625]; dendritic filopodium [GO:1902737]; dendritic spine [GO:0043197]; dendritic spine neck [GO:0044326]; growth cone [GO:0030426]; membrane [GO:0016020]; neuronal cell body [GO:0043025]; nucleus [GO:0005634]; polysome [GO:0005844]; postsynaptic density [GO:0014069]; presynapse [GO:0098793]
P51397	P51397	DAP1_HUMAN	Death-associated protein 1 (DAP-1)	DAP DAP1	activation of cysteine-type endopeptidase activity involved in apoptotic process [GO:0006919]; apoptotic process [GO:0006915]; apoptotic signaling pathway [GO:0097190]; autophagy [GO:0006914]; cellular response to amino acid starvation [GO:0034198]; negative regulation of autophagy [GO:0010507]; negative regulation of NF-kappaB transcription factor activity [GO:0032088]; negative regulation of transcription, DNA-templated [GO:0045892]	death domain binding [GO:0070513]	
P51991	P51991	ROA3_HUMAN	Heterogeneous nuclear ribonucleoprotein A3 (hnRNP A3)	HNRNPA3 HNRPA3	mRNA splicing, via spliceosome [GO:0000398]; RNA metabolic process [GO:0016070]	RNA binding [GO:0003723]	catalytic step 2 spliceosome [GO:0071013]; nucleoplasm [GO:0005654]; nucleus [GO:0005634]; ribonucleoprotein complex [GO:1990904]
P52292	P52292	IMA1_HUMAN	Importin subunit alpha-1 (Karyopherin subunit alpha-2) (RAG cohort protein 1) (SRP1-alpha)	KPNA2 RCH1 SRP1	DNA metabolic process [GO:0006259]; double-strand break repair [GO:0006302]; entry of viral genome into host nucleus through nuclear pore complex via importin [GO:0075506]; modulation by virus of host cellular process [GO:0019054]; NLS-bearing protein import into nucleus [GO:0006607]; positive regulation of viral life cycle [GO:1903902]; postsynapse to nucleus signaling pathway [GO:0099527]; regulation of DNA recombination [GO:0000018]	histone deacetylase binding [GO:0042826]; nuclear import signal receptor activity [GO:0061608]; nuclear localization sequence binding [GO:0008139]; RNA binding [GO:0003723]	cytoplasm [GO:0005737]; cytosol [GO:0005829]; endoplasmic reticulum membrane [GO:0005789]; extrinsic component of postsynaptic specialization membrane [GO:0098892]; glutamatergic synapse [GO:0098978]; Golgi membrane [GO:0000139]; host cell [GO:0043657]; membrane [GO:0016020]; nucleoplasm [GO:0005654]; nucleus [GO:0005634]
P52756	P52756	RBM5_HUMAN	RNA-binding protein 5 (Protein G15) (Putative tumor suppressor LUCA15) (RNA-binding motif protein 5) (Renal carcinoma antigen NY-REN-9)	RBM5 H37 LUCA15	apoptotic process [GO:0006915]; mRNA splicing, via spliceosome [GO:0000398]; negative regulation of cell population proliferation [GO:0008285]; positive regulation of apoptotic process [GO:0043065]; regulation of alternative mRNA splicing, via spliceosome [GO:0000381]; RNA processing [GO:0006396]; spliceosomal complex assembly [GO:0000245]	DNA binding [GO:0003677]; metal ion binding [GO:0046872]; mRNA binding [GO:0003729]; RNA binding [GO:0003723]	nucleoplasm [GO:0005654]; nucleus [GO:0005634]; spliceosomal complex [GO:0005681]
P52948	P52948	NUP98_HUMAN	Nuclear pore complex protein Nup98-Nup96 (EC 3.4.21.-) [Cleaved into: Nuclear pore complex protein Nup98 (98 kDa nucleoporin) (Nucleoporin Nup98) (Nup98); Nuclear pore complex protein Nup96 (96 kDa nucleoporin) (Nucleoporin Nup96) (Nup96)]	NUP98 ADAR2	intracellular transport of virus [GO:0075733]; mitotic nuclear envelope reassembly [GO:0007084]; mitotic spindle organization [GO:0007052]; mRNA export from nucleus [GO:0006406]; nuclear pore complex assembly [GO:0051292]; nuclear pore organization [GO:0006999]; nucleocytoplasmic transport [GO:0006913]; positive regulation of mRNA splicing, via spliceosome [GO:0048026]; protein import into nucleus [GO:0006606]; protein sumoylation [GO:0016925]; regulation of cellular response to heat [GO:1900034]; regulation of gene silencing by miRNA [GO:0060964]; regulation of glycolytic process [GO:0006110]; tRNA export from nucleus [GO:0006409]; viral life cycle [GO:0019058]; viral process [GO:0016032]; viral transcription [GO:0019083]	mRNA binding [GO:0003729]; nuclear localization sequence binding [GO:0008139]; promoter-specific chromatin binding [GO:1990841]; serine-type peptidase activity [GO:0008236]; structural constituent of nuclear pore [GO:0017056]; transcription coactivator activity [GO:0003713]; transporter activity [GO:0005215]	cytosol [GO:0005829]; host cell [GO:0043657]; intracellular membrane-bounded organelle [GO:0043231]; nuclear body [GO:0016604]; nuclear envelope [GO:0005635]; nuclear inclusion body [GO:0042405]; nuclear membrane [GO:0031965]; nuclear periphery [GO:0034399]; nuclear pore [GO:0005643]; nuclear pore nuclear basket [GO:0044615]; nuclear pore outer ring [GO:0031080]; nucleoplasm [GO:0005654]; ribonucleoprotein complex [GO:1990904]
P53396	P53396	ACLY_HUMAN	ATP-citrate synthase (EC 2.3.3.8) (ATP-citrate (pro-S-)-lyase) (ACL) (Citrate cleavage enzyme)	ACLY	acetyl-CoA biosynthetic process [GO:0006085]; cholesterol biosynthetic process [GO:0006695]; citrate metabolic process [GO:0006101]; coenzyme A metabolic process [GO:0015936]; fatty acid biosynthetic process [GO:0006633]; fatty-acyl-CoA biosynthetic process [GO:0046949]; lipid biosynthetic process [GO:0008610]; neutrophil degranulation [GO:0043312]; oxaloacetate metabolic process [GO:0006107]; positive regulation of cellular metabolic process [GO:0031325]	ATP binding [GO:0005524]; ATP citrate synthase activity [GO:0003878]; metal ion binding [GO:0046872]	azurophil granule lumen [GO:0035578]; cytosol [GO:0005829]; extracellular exosome [GO:0070062]; extracellular region [GO:0005576]; ficolin-1-rich granule lumen [GO:1904813]; membrane [GO:0016020]; nucleoplasm [GO:0005654]; plasma membrane [GO:0005886]
P53602	P53602	MVD1_HUMAN	Diphosphomevalonate decarboxylase (EC 4.1.1.33) (Mevalonate (diphospho)decarboxylase) (MDDase) (Mevalonate pyrophosphate decarboxylase)	MVD MPD	cholesterol biosynthetic process [GO:0006695]; dolichyl diphosphate biosynthetic process [GO:0006489]; isopentenyl diphosphate biosynthetic process, mevalonate pathway [GO:0019287]; isoprenoid biosynthetic process [GO:0008299]; positive regulation of cell population proliferation [GO:0008284]; regulation of lipid metabolic process [GO:0019216]	ATP binding [GO:0005524]; diphosphomevalonate decarboxylase activity [GO:0004163]; Hsp70 protein binding [GO:0030544]; protein homodimerization activity [GO:0042803]	cytosol [GO:0005829]
P53985	P53985	MOT1_HUMAN	Monocarboxylate transporter 1 (MCT 1) (Solute carrier family 16 member 1)	SLC16A1 MCT1	behavioral response to nutrient [GO:0051780]; carboxylic acid transmembrane transport [GO:1905039]; cellular response to organic cyclic compound [GO:0071407]; centrosome cycle [GO:0007098]; glucose homeostasis [GO:0042593]; leukocyte migration [GO:0050900]; lipid metabolic process [GO:0006629]; mevalonate transport [GO:0015728]; monocarboxylic acid transport [GO:0015718]; plasma membrane lactate transport [GO:0035879]; pyruvate metabolic process [GO:0006090]; regulation of insulin secretion [GO:0050796]; response to food [GO:0032094]; transport across blood-brain barrier [GO:0150104]	carboxylic acid transmembrane transporter activity [GO:0046943]; identical protein binding [GO:0042802]; lactate transmembrane transporter activity [GO:0015129]; mevalonate transmembrane transporter activity [GO:0015130]; monocarboxylic acid transmembrane transporter activity [GO:0008028]; organic cyclic compound binding [GO:0097159]; symporter activity [GO:0015293]	apical plasma membrane [GO:0016324]; basal plasma membrane [GO:0009925]; basolateral plasma membrane [GO:0016323]; cell junction [GO:0030054]; centrosome [GO:0005813]; extracellular exosome [GO:0070062]; integral component of membrane [GO:0016021]; integral component of plasma membrane [GO:0005887]; intracellular membrane-bounded organelle [GO:0043231]; lateral plasma membrane [GO:0016328]; membrane [GO:0016020]; plasma membrane [GO:0005886]; synapse [GO:0045202]
P54727	P54727	RD23B_HUMAN	UV excision repair protein RAD23 homolog B (HR23B) (hHR23B) (XP-C repair-complementing complex 58 kDa protein) (p58)	RAD23B	cellular response to interleukin-7 [GO:0098761]; embryonic organ development [GO:0048568]; global genome nucleotide-excision repair [GO:0070911]; nucleotide-excision repair [GO:0006289]; nucleotide-excision repair, DNA damage recognition [GO:0000715]; nucleotide-excision repair, DNA duplex unwinding [GO:0000717]; nucleotide-excision repair, preincision complex assembly [GO:0006294]; proteasome-mediated ubiquitin-dependent protein catabolic process [GO:0043161]; protein deubiquitination [GO:0016579]; protein folding [GO:0006457]; regulation of proteasomal ubiquitin-dependent protein catabolic process [GO:0032434]; spermatogenesis [GO:0007283]	damaged DNA binding [GO:0003684]; polyubiquitin modification-dependent protein binding [GO:0031593]; proteasome binding [GO:0070628]; RNA polymerase II cis-regulatory region sequence-specific DNA binding [GO:0000978]; single-stranded DNA binding [GO:0003697]; ubiquitin binding [GO:0043130]	cytosol [GO:0005829]; nucleoplasm [GO:0005654]; nucleus [GO:0005634]; proteasome complex [GO:0000502]; XPC complex [GO:0071942]
P56181	P56181	NDUV3_HUMAN	NADH dehydrogenase [ubiquinone] flavoprotein 3, mitochondrial (Complex I-9kD) (CI-9kD) (NADH-ubiquinone oxidoreductase 9 kDa subunit) (Renal carcinoma antigen NY-REN-4)	NDUFV3	mitochondrial ATP synthesis coupled electron transport [GO:0042775]; mitochondrial electron transport, NADH to ubiquinone [GO:0006120]; mitochondrial respiratory chain complex I assembly [GO:0032981]	NADH dehydrogenase (ubiquinone) activity [GO:0008137]; RNA binding [GO:0003723]	mitochondrial inner membrane [GO:0005743]; mitochondrial respiratory chain complex I [GO:0005747]; mitochondrion [GO:0005739]
P57740	P57740	NU107_HUMAN	Nuclear pore complex protein Nup107 (107 kDa nucleoporin) (Nucleoporin Nup107)	NUP107	female gonad development [GO:0008585]; intracellular transport of virus [GO:0075733]; mitotic nuclear envelope reassembly [GO:0007084]; mitotic spindle organization [GO:0007052]; mRNA export from nucleus [GO:0006406]; nephron development [GO:0072006]; nuclear pore complex assembly [GO:0051292]; posttranscriptional tethering of RNA polymerase II gene DNA at nuclear periphery [GO:0000973]; protein import into nucleus [GO:0006606]; protein sumoylation [GO:0016925]; regulation of cellular response to heat [GO:1900034]; regulation of gene silencing by miRNA [GO:0060964]; regulation of glycolytic process [GO:0006110]; regulation of transcription, DNA-templated [GO:0006355]; tRNA export from nucleus [GO:0006409]; viral life cycle [GO:0019058]; viral process [GO:0016032]; viral transcription [GO:0019083]	structural constituent of nuclear pore [GO:0017056]	condensed chromosome kinetochore [GO:0000777]; cytosol [GO:0005829]; host cell [GO:0043657]; membrane [GO:0016020]; nuclear envelope [GO:0005635]; nuclear membrane [GO:0031965]; nuclear periphery [GO:0034399]; nuclear pore [GO:0005643]; nuclear pore outer ring [GO:0031080]
P60174	P60174	TPIS_HUMAN	Triosephosphate isomerase (TIM) (EC 5.3.1.1) (Methylglyoxal synthase) (EC 4.2.3.3) (Triose-phosphate isomerase)	TPI1 TPI	canonical glycolysis [GO:0061621]; gluconeogenesis [GO:0006094]; glyceraldehyde-3-phosphate biosynthetic process [GO:0046166]; glycerol catabolic process [GO:0019563]; glycolytic process [GO:0006096]; methylglyoxal biosynthetic process [GO:0019242]; multicellular organism development [GO:0007275]	methylglyoxal synthase activity [GO:0008929]; protein homodimerization activity [GO:0042803]; triose-phosphate isomerase activity [GO:0004807]; ubiquitin protein ligase binding [GO:0031625]	cytosol [GO:0005829]; extracellular exosome [GO:0070062]; extracellular space [GO:0005615]; nucleus [GO:0005634]
P62753	P62753	RS6_HUMAN	40S ribosomal protein S6 (Phosphoprotein NP33) (Small ribosomal subunit protein eS6)	RPS6 OK/SW-cl.2	activation-induced cell death of T cells [GO:0006924]; cytoplasmic translation [GO:0002181]; erythrocyte development [GO:0048821]; G1/S transition of mitotic cell cycle [GO:0000082]; gastrulation [GO:0007369]; glucose homeostasis [GO:0042593]; mammalian oogenesis stage [GO:0022605]; negative regulation of apoptotic process [GO:0043066]; nuclear-transcribed mRNA catabolic process, nonsense-mediated decay [GO:0000184]; placenta development [GO:0001890]; positive regulation of apoptotic process [GO:0043065]; positive regulation of cell population proliferation [GO:0008284]; ribosomal small subunit biogenesis [GO:0042274]; rRNA processing [GO:0006364]; SRP-dependent cotranslational protein targeting to membrane [GO:0006614]; T cell differentiation in thymus [GO:0033077]; T cell proliferation involved in immune response [GO:0002309]; TOR signaling [GO:0031929]; translation [GO:0006412]; translational initiation [GO:0006413]; viral transcription [GO:0019083]	protein kinase binding [GO:0019901]; RNA binding [GO:0003723]; structural constituent of ribosome [GO:0003735]	cell body [GO:0044297]; cytoplasmic ribonucleoprotein granule [GO:0036464]; cytosol [GO:0005829]; cytosolic ribosome [GO:0022626]; cytosolic small ribosomal subunit [GO:0022627]; dendrite [GO:0030425]; endoplasmic reticulum [GO:0005783]; membrane [GO:0016020]; nucleolus [GO:0005730]; nucleoplasm [GO:0005654]; nucleus [GO:0005634]; perinuclear region of cytoplasm [GO:0048471]; polysome [GO:0005844]; ribonucleoprotein complex [GO:1990904]; small ribosomal subunit [GO:0015935]
P62995	P62995	TRA2B_HUMAN	Transformer-2 protein homolog beta (TRA-2 beta) (TRA2-beta) (hTRA2-beta) (Splicing factor, arginine/serine-rich 10) (Transformer-2 protein homolog B)	TRA2B SFRS10	cellular response to glucose stimulus [GO:0071333]; cerebral cortex regionalization [GO:0021796]; embryonic brain development [GO:1990403]; mRNA splicing, via spliceosome [GO:0000398]; positive regulation of mRNA splicing, via spliceosome [GO:0048026]; regulation of alternative mRNA splicing, via spliceosome [GO:0000381]; regulation of RNA splicing [GO:0043484]; response to reactive oxygen species [GO:0000302]; RNA splicing, via transesterification reactions [GO:0000375]	identical protein binding [GO:0042802]; mRNA binding [GO:0003729]; pre-mRNA binding [GO:0036002]; protein domain specific binding [GO:0019904]; RNA binding [GO:0003723]	nuclear inner membrane [GO:0005637]; nucleoplasm [GO:0005654]; nucleus [GO:0005634]; perinuclear region of cytoplasm [GO:0048471]; protein-containing complex [GO:0032991]; spliceosomal complex [GO:0005681]
P67809	P67809	YBOX1_HUMAN	Y-box-binding protein 1 (YB-1) (CCAAT-binding transcription factor I subunit A) (CBF-A) (DNA-binding protein B) (DBPB) (Enhancer factor I subunit A) (EFI-A) (Nuclease-sensitive element-binding protein 1) (Y-box transcription factor)	YBX1 NSEP1 YB1	CRD-mediated mRNA stabilization [GO:0070934]; embryonic morphogenesis [GO:0048598]; epidermis development [GO:0008544]; miRNA transport [GO:1990428]; mRNA splicing, via spliceosome [GO:0000398]; mRNA stabilization [GO:0048255]; negative regulation of cellular senescence [GO:2000773]; negative regulation of translation [GO:0017148]; Notch signaling pathway [GO:0007219]; positive regulation of cell division [GO:0051781]; positive regulation of transcription by RNA polymerase II [GO:0045944]; protein localization to cytoplasmic stress granule [GO:1903608]; regulation of gene expression [GO:0010468]; regulation of transcription, DNA-templated [GO:0006355]; RNA transport [GO:0050658]; tRNA transport [GO:0051031]	C5-methylcytidine-containing RNA binding [GO:0062153]; DNA binding [GO:0003677]; double-stranded DNA binding [GO:0003690]; GTPase binding [GO:0051020]; miRNA binding [GO:0035198]; nucleic acid binding [GO:0003676]; RNA binding [GO:0003723]; sequence-specific double-stranded DNA binding [GO:1990837]	CRD-mediated mRNA stability complex [GO:0070937]; cytoplasm [GO:0005737]; cytoplasmic stress granule [GO:0010494]; cytosol [GO:0005829]; extracellular exosome [GO:0070062]; extracellular region [GO:0005576]; histone pre-mRNA 3'end processing complex [GO:0071204]; intracellular membrane-bounded organelle [GO:0043231]; messenger ribonucleoprotein complex [GO:1990124]; nuclear membrane [GO:0031965]; nucleoplasm [GO:0005654]; nucleus [GO:0005634]; ribonucleoprotein complex [GO:1990904]; U12-type spliceosomal complex [GO:0005689]
P78332	P78332	RBM6_HUMAN	RNA-binding protein 6 (Lung cancer antigen NY-LU-12) (Protein G16) (RNA-binding motif protein 6) (RNA-binding protein DEF-3)	RBM6 DEF3	mRNA splicing, via spliceosome [GO:0000398]; RNA processing [GO:0006396]	DNA binding [GO:0003677]; RNA binding [GO:0003723]	nucleus [GO:0005634]
P78346	P78346	RPP30_HUMAN	Ribonuclease P protein subunit p30 (RNaseP protein p30) (EC 3.1.26.5) (RNase P subunit 2)	RPP30 RNASEP2	RNA phosphodiester bond hydrolysis, endonucleolytic [GO:0090502]; rRNA processing [GO:0006364]; tRNA 5'-leader removal [GO:0001682]; tRNA processing [GO:0008033]	ribonuclease P activity [GO:0004526]; ribonuclease P RNA binding [GO:0033204]; RNA binding [GO:0003723]	multimeric ribonuclease P complex [GO:0030681]; nucleolar ribonuclease P complex [GO:0005655]; nucleoplasm [GO:0005654]; nucleus [GO:0005634]; ribonuclease MRP complex [GO:0000172]
P78536	P78536	ADA17_HUMAN	Disintegrin and metalloproteinase domain-containing protein 17 (ADAM 17) (EC 3.4.24.86) (Snake venom-like protease) (TNF-alpha convertase) (TNF-alpha-converting enzyme) (CD antigen CD156b)	ADAM17 CSVP TACE	amyloid precursor protein catabolic process [GO:0042987]; B cell differentiation [GO:0030183]; cell adhesion [GO:0007155]; cell adhesion mediated by integrin [GO:0033627]; cell motility [GO:0048870]; cellular response to high density lipoprotein particle stimulus [GO:0071403]; defense response to Gram-positive bacterium [GO:0050830]; epidermal growth factor receptor signaling pathway [GO:0007173]; germinal center formation [GO:0002467]; membrane protein ectodomain proteolysis [GO:0006509]; membrane protein intracellular domain proteolysis [GO:0031293]; negative regulation of cold-induced thermogenesis [GO:0120163]; negative regulation of inflammatory response to antigenic stimulus [GO:0002862]; negative regulation of transforming growth factor beta receptor signaling pathway [GO:0030512]; neutrophil mediated immunity [GO:0002446]; Notch receptor processing [GO:0007220]; Notch signaling pathway [GO:0007219]; positive regulation of blood vessel endothelial cell migration [GO:0043536]; positive regulation of cell growth [GO:0030307]; positive regulation of cell migration [GO:0030335]; positive regulation of cell population proliferation [GO:0008284]; positive regulation of cellular component movement [GO:0051272]; positive regulation of chemokine production [GO:0032722]; positive regulation of cyclin-dependent protein serine/threonine kinase activity [GO:0045737]; positive regulation of epidermal growth factor-activated receptor activity [GO:0045741]; positive regulation of G1/S transition of mitotic cell cycle [GO:1900087]; positive regulation of leukocyte chemotaxis [GO:0002690]; positive regulation of protein phosphorylation [GO:0001934]; positive regulation of T cell chemotaxis [GO:0010820]; positive regulation of transforming growth factor beta receptor signaling pathway [GO:0030511]; positive regulation of tumor necrosis factor-mediated signaling pathway [GO:1903265]; positive regulation of vascular endothelial cell proliferation [GO:1905564]; protein processing [GO:0016485]; proteolysis [GO:0006508]; receptor transactivation [GO:0035624]; regulation of mast cell apoptotic process [GO:0033025]; response to drug [GO:0042493]; response to hypoxia [GO:0001666]; response to lipopolysaccharide [GO:0032496]; spleen development [GO:0048536]; T cell differentiation in thymus [GO:0033077]; tumor necrosis factor-mediated signaling pathway [GO:0033209]; wound healing, spreading of epidermal cells [GO:0035313]	endopeptidase activity [GO:0004175]; integrin binding [GO:0005178]; interleukin-6 receptor binding [GO:0005138]; metal ion binding [GO:0046872]; metalloendopeptidase activity [GO:0004222]; metalloendopeptidase activity involved in amyloid precursor protein catabolic process [GO:1902945]; metallopeptidase activity [GO:0008237]; Notch binding [GO:0005112]; PDZ domain binding [GO:0030165]; peptidase activity [GO:0008233]; SH3 domain binding [GO:0017124]	actin cytoskeleton [GO:0015629]; apical plasma membrane [GO:0016324]; cell surface [GO:0009986]; cytoplasm [GO:0005737]; cytosol [GO:0005829]; endoplasmic reticulum lumen [GO:0005788]; Golgi membrane [GO:0000139]; integral component of plasma membrane [GO:0005887]; membrane [GO:0016020]; membrane raft [GO:0045121]; plasma membrane [GO:0005886]
P85037	P85037	FOXK1_HUMAN	Forkhead box protein K1 (Myocyte nuclear factor) (MNF)	FOXK1 MNF	canonical glycolysis [GO:0061621]; cell differentiation [GO:0030154]; cellular glucose homeostasis [GO:0001678]; muscle organ development [GO:0007517]; negative regulation of autophagy [GO:0010507]; negative regulation of transcription, DNA-templated [GO:0045892]; positive regulation of transcription, DNA-templated [GO:0045893]; protein deubiquitination [GO:0016579]; regulation of glucose metabolic process [GO:0010906]; regulation of transcription by RNA polymerase II [GO:0006357]; response to starvation [GO:0042594]; viral process [GO:0016032]	14-3-3 protein binding [GO:0071889]; DNA-binding transcription factor activity [GO:0003700]; DNA-binding transcription factor activity, RNA polymerase II-specific [GO:0000981]; DNA-binding transcription repressor activity, RNA polymerase II-specific [GO:0001227]; RNA polymerase II cis-regulatory region sequence-specific DNA binding [GO:0000978]; sequence-specific double-stranded DNA binding [GO:1990837]; transcription regulatory region sequence-specific DNA binding [GO:0000976]	chromatin [GO:0000785]; cytoplasm [GO:0005737]; nucleoplasm [GO:0005654]; nucleus [GO:0005634]
P86790	P86790	CCZ1B_HUMAN	Vacuolar fusion protein CCZ1 homolog B (Vacuolar fusion protein CCZ1 homolog-like)	CCZ1B C7orf28B	vesicle-mediated transport [GO:0016192]		intracellular membrane-bounded organelle [GO:0043231]; lysosomal membrane [GO:0005765]; Mon1-Ccz1 complex [GO:0035658]
P98171	P98171	RHG04_HUMAN	Rho GTPase-activating protein 4 (Rho-GAP hematopoietic protein C1) (Rho-type GTPase-activating protein 4) (p115)	ARHGAP4 KIAA0131 RGC1 RHOGAP4	cytoskeleton organization [GO:0007010]; negative regulation of axon extension [GO:0030517]; negative regulation of cell migration [GO:0030336]; negative regulation of fibroblast migration [GO:0010764]; regulation of small GTPase mediated signal transduction [GO:0051056]; Rho protein signal transduction [GO:0007266]	GTPase activator activity [GO:0005096]; identical protein binding [GO:0042802]	cytoplasm [GO:0005737]; cytosol [GO:0005829]; Golgi apparatus [GO:0005794]; growth cone [GO:0030426]; microtubule [GO:0005874]
Q00839	Q00839	HNRPU_HUMAN	Heterogeneous nuclear ribonucleoprotein U (hnRNP U) (GRIP120) (Nuclear p120 ribonucleoprotein) (Scaffold-attachment factor A) (SAF-A) (p120) (pp120)	HNRNPU C1orf199 HNRPU SAFA U21.1	adaptive thermogenesis [GO:1990845]; cardiac muscle cell development [GO:0055013]; cell cycle [GO:0007049]; cell division [GO:0051301]; cellular response to glucocorticoid stimulus [GO:0071385]; cellular response to leukemia inhibitory factor [GO:1990830]; chromatin organization [GO:0006325]; circadian regulation of gene expression [GO:0032922]; CRD-mediated mRNA stabilization [GO:0070934]; dendritic transport of messenger ribonucleoprotein complex [GO:0098963]; dosage compensation by inactivation of X chromosome [GO:0009048]; maintenance of protein location in nucleus [GO:0051457]; mRNA splicing, via spliceosome [GO:0000398]; mRNA stabilization [GO:0048255]; negative regulation of kinase activity [GO:0033673]; negative regulation of stem cell differentiation [GO:2000737]; negative regulation of telomere maintenance via telomerase [GO:0032211]; negative regulation of transcription by RNA polymerase II [GO:0000122]; negative regulation of transcription elongation from RNA polymerase II promoter [GO:0034244]; osteoblast differentiation [GO:0001649]; positive regulation of attachment of mitotic spindle microtubules to kinetochore [GO:1902425]; positive regulation of brown fat cell differentiation [GO:0090336]; positive regulation of DNA topoisomerase (ATP-hydrolyzing) activity [GO:2000373]; positive regulation of stem cell proliferation [GO:2000648]; positive regulation of transcription by RNA polymerase II [GO:0045944]; protein localization to spindle microtubule [GO:1902889]; regulation of alternative mRNA splicing, via spliceosome [GO:0000381]; regulation of chromatin organization [GO:1902275]; regulation of mitotic cell cycle [GO:0007346]; regulation of mitotic spindle assembly [GO:1901673]; RNA localization to chromatin [GO:1990280]; RNA metabolic process [GO:0016070]; RNA processing [GO:0006396]; viral process [GO:0016032]	actin binding [GO:0003779]; ATP binding [GO:0005524]; chromatin binding [GO:0003682]; chromatin DNA binding [GO:0031490]; DNA binding [GO:0003677]; double-stranded DNA binding [GO:0003690]; double-stranded RNA binding [GO:0003725]; identical protein binding [GO:0042802]; mRNA 3'-UTR binding [GO:0003730]; poly(A) binding [GO:0008143]; poly(C) RNA binding [GO:0017130]; poly(G) binding [GO:0034046]; pre-mRNA binding [GO:0036002]; promoter-specific chromatin binding [GO:1990841]; protein-containing complex binding [GO:0044877]; ribonucleoprotein complex binding [GO:0043021]; RNA binding [GO:0003723]; RNA polymerase II cis-regulatory region sequence-specific DNA binding [GO:0000978]; RNA polymerase II complex binding [GO:0000993]; RNA polymerase II C-terminal domain binding [GO:0099122]; sequence-specific double-stranded DNA binding [GO:1990837]; single-stranded DNA binding [GO:0003697]; single-stranded RNA binding [GO:0003727]; snRNA binding [GO:0017069]; telomerase RNA binding [GO:0070034]; TFIIH-class transcription factor complex binding [GO:0001097]; transcription corepressor activity [GO:0003714]	catalytic step 2 spliceosome [GO:0071013]; cell surface [GO:0009986]; centrosome [GO:0005813]; condensed chromosome kinetochore [GO:0000777]; CRD-mediated mRNA stability complex [GO:0070937]; cytoplasmic ribonucleoprotein granule [GO:0036464]; dendrite cytoplasm [GO:0032839]; inactive sex chromosome [GO:0098577]; kinetochore [GO:0000776]; membrane [GO:0016020]; midbody [GO:0030496]; mitotic spindle [GO:0072686]; mitotic spindle microtubule [GO:1990498]; mitotic spindle midzone [GO:1990023]; nuclear chromosome [GO:0000228]; nuclear matrix [GO:0016363]; nuclear speck [GO:0016607]; nucleoplasm [GO:0005654]; nucleus [GO:0005634]; protein-containing complex [GO:0032991]; ribonucleoprotein complex [GO:1990904]; spindle pole [GO:0000922]; telomerase holoenzyme complex [GO:0005697]
Q01105	Q01105	SET_HUMAN	Protein SET (HLA-DR-associated protein II) (Inhibitor of granzyme A-activated DNase) (IGAAD) (PHAPII) (Phosphatase 2A inhibitor I2PP2A) (I-2PP2A) (Template-activating factor I) (TAF-I)	SET	DNA replication [GO:0006260]; mitotic chromosome condensation [GO:0007076]; negative regulation of histone acetylation [GO:0035067]; negative regulation of neuron apoptotic process [GO:0043524]; negative regulation of transcription, DNA-templated [GO:0045892]; nucleosome assembly [GO:0006334]; nucleosome disassembly [GO:0006337]; regulation of mRNA stability [GO:0043488]; viral process [GO:0016032]	chromatin binding [GO:0003682]; DNA binding [GO:0003677]; histone binding [GO:0042393]; protein phosphatase inhibitor activity [GO:0004864]; protein phosphatase regulator activity [GO:0019888]	chromatin [GO:0000785]; cytoplasm [GO:0005737]; cytosol [GO:0005829]; endoplasmic reticulum [GO:0005783]; lipid droplet [GO:0005811]; nucleoplasm [GO:0005654]; nucleus [GO:0005634]; perinuclear region of cytoplasm [GO:0048471]; protein-containing complex [GO:0032991]
Q01130	Q01130	SRSF2_HUMAN	Serine/arginine-rich splicing factor 2 (Protein PR264) (Splicing component, 35 kDa) (Splicing factor SC35) (SC-35) (Splicing factor, arginine/serine-rich 2)	SRSF2 SFRS2	mRNA 3'-end processing [GO:0031124]; mRNA export from nucleus [GO:0006406]; mRNA processing [GO:0006397]; mRNA splicing, via spliceosome [GO:0000398]; regulation of alternative mRNA splicing, via spliceosome [GO:0000381]; RNA export from nucleus [GO:0006405]; RNA splicing [GO:0008380]	RNA binding [GO:0003723]; transcription corepressor activity [GO:0003714]	cytoplasm [GO:0005737]; cytosol [GO:0005829]; nuclear speck [GO:0016607]; nucleoplasm [GO:0005654]; nucleus [GO:0005634]
Q01196	Q01196	RUNX1_HUMAN	Runt-related transcription factor 1 (Acute myeloid leukemia 1 protein) (Core-binding factor subunit alpha-2) (CBF-alpha-2) (Oncogene AML-1) (Polyomavirus enhancer-binding protein 2 alpha B subunit) (PEA2-alpha B) (PEBP2-alpha B) (SL3-3 enhancer factor 1 alpha B subunit) (SL3/AKV core-binding factor alpha B subunit)	RUNX1 AML1 CBFA2	cardiac muscle tissue regeneration [GO:0061026]; chondrocyte differentiation [GO:0002062]; hematopoietic stem cell proliferation [GO:0071425]; hemopoiesis [GO:0030097]; myeloid cell differentiation [GO:0030099]; myeloid leukocyte differentiation [GO:0002573]; negative regulation of CD4-positive, alpha-beta T cell differentiation [GO:0043371]; negative regulation of gene expression [GO:0010629]; negative regulation of granulocyte differentiation [GO:0030853]; negative regulation of transcription by RNA polymerase II [GO:0000122]; neuron differentiation [GO:0030182]; ossification [GO:0001503]; peripheral nervous system neuron development [GO:0048935]; positive regulation of angiogenesis [GO:0045766]; positive regulation of CD8-positive, alpha-beta T cell differentiation [GO:0043378]; positive regulation of collagen biosynthetic process [GO:0032967]; positive regulation of extracellular matrix organization [GO:1903055]; positive regulation of granulocyte differentiation [GO:0030854]; positive regulation of interleukin-2 production [GO:0032743]; positive regulation of transcription, DNA-templated [GO:0045893]; positive regulation of transcription by RNA polymerase II [GO:0045944]; regulation of B cell receptor signaling pathway [GO:0050855]; regulation of bicellular tight junction assembly [GO:2000810]; regulation of cardiac muscle cell proliferation [GO:0060043]; regulation of cell differentiation [GO:0045595]; regulation of connective tissue replacement [GO:1905203]; regulation of cytokine-mediated signaling pathway [GO:0001959]; regulation of hematopoietic stem cell differentiation [GO:1902036]; regulation of intracellular estrogen receptor signaling pathway [GO:0033146]; regulation of keratinocyte differentiation [GO:0045616]; regulation of megakaryocyte differentiation [GO:0045652]; regulation of myeloid cell differentiation [GO:0045637]; regulation of plasminogen activation [GO:0010755]; regulation of regulatory T cell differentiation [GO:0045589]; regulation of transcription by RNA polymerase II [GO:0006357]; regulation of Wnt signaling pathway [GO:0030111]	ATP binding [GO:0005524]; calcium ion binding [GO:0005509]; DNA binding [GO:0003677]; DNA-binding transcription activator activity, RNA polymerase II-specific [GO:0001228]; DNA-binding transcription factor activity [GO:0003700]; DNA-binding transcription factor activity, RNA polymerase II-specific [GO:0000981]; protein heterodimerization activity [GO:0046982]; protein homodimerization activity [GO:0042803]; RNA polymerase II cis-regulatory region sequence-specific DNA binding [GO:0000978]; RNA polymerase II transcription regulatory region sequence-specific DNA binding [GO:0000977]; transcription factor binding [GO:0008134]; transcription regulatory region sequence-specific DNA binding [GO:0000976]	chromatin [GO:0000785]; core-binding factor complex [GO:0016513]; intracellular membrane-bounded organelle [GO:0043231]; nucleoplasm [GO:0005654]; nucleus [GO:0005634]
Q01433	Q01433	AMPD2_HUMAN	AMP deaminase 2 (EC 3.5.4.6) (AMP deaminase isoform L)	AMPD2	AMP metabolic process [GO:0046033]; cyclic purine nucleotide metabolic process [GO:0052652]; energy homeostasis [GO:0097009]; IMP biosynthetic process [GO:0006188]; IMP salvage [GO:0032264]; purine-containing compound salvage [GO:0043101]	AMP deaminase activity [GO:0003876]; identical protein binding [GO:0042802]; metal ion binding [GO:0046872]	cytosol [GO:0005829]
Q01518	Q01518	CAP1_HUMAN	Adenylyl cyclase-associated protein 1 (CAP 1)	CAP1 CAP	actin cytoskeleton organization [GO:0030036]; activation of adenylate cyclase activity [GO:0007190]; ameboidal-type cell migration [GO:0001667]; cAMP-mediated signaling [GO:0019933]; cell morphogenesis [GO:0000902]; establishment or maintenance of cell polarity [GO:0007163]; neutrophil degranulation [GO:0043312]; receptor-mediated endocytosis [GO:0006898]; regulation of adenylate cyclase activity [GO:0045761]; signal transduction [GO:0007165]	actin binding [GO:0003779]; adenylate cyclase binding [GO:0008179]	azurophil granule lumen [GO:0035578]; cortical actin cytoskeleton [GO:0030864]; cytoplasm [GO:0005737]; extracellular exosome [GO:0070062]; extracellular region [GO:0005576]; focal adhesion [GO:0005925]; plasma membrane [GO:0005886]
Q01543	Q01543	FLI1_HUMAN	Friend leukemia integration 1 transcription factor (Proto-oncogene Fli-1) (Transcription factor ERGB)	FLI1	animal organ morphogenesis [GO:0009887]; blood circulation [GO:0008015]; cell differentiation [GO:0030154]; hemostasis [GO:0007599]; megakaryocyte development [GO:0035855]; positive regulation of transcription, DNA-templated [GO:0045893]; regulation of transcription by RNA polymerase II [GO:0006357]	chromatin binding [GO:0003682]; DNA binding [GO:0003677]; DNA-binding transcription activator activity, RNA polymerase II-specific [GO:0001228]; DNA-binding transcription factor activity [GO:0003700]; DNA-binding transcription factor activity, RNA polymerase II-specific [GO:0000981]; RNA polymerase II cis-regulatory region sequence-specific DNA binding [GO:0000978]; sequence-specific double-stranded DNA binding [GO:1990837]; transcription regulatory region sequence-specific DNA binding [GO:0000976]	chromatin [GO:0000785]; cytosol [GO:0005829]; nuclear body [GO:0016604]; nucleoplasm [GO:0005654]; nucleus [GO:0005634]
Q01581	Q01581	HMCS1_HUMAN	Hydroxymethylglutaryl-CoA synthase, cytoplasmic (HMG-CoA synthase) (EC 2.3.3.10) (3-hydroxy-3-methylglutaryl coenzyme A synthase)	HMGCS1 HMGCS	acetyl-CoA metabolic process [GO:0006084]; brain development [GO:0007420]; cellular response to cholesterol [GO:0071397]; cellular response to follicle-stimulating hormone stimulus [GO:0071372]; cellular response to low-density lipoprotein particle stimulus [GO:0071404]; cholesterol biosynthetic process [GO:0006695]; farnesyl diphosphate biosynthetic process, mevalonate pathway [GO:0010142]; lipid metabolic process [GO:0006629]; liver development [GO:0001889]; male gonad development [GO:0008584]; regulation of lipid metabolic process [GO:0019216]; regulation of metabolic process [GO:0019222]; response to drug [GO:0042493]; response to low light intensity stimulus [GO:0009645]; response to purine-containing compound [GO:0014074]; response to tellurium ion [GO:0046690]; response to vitamin E [GO:0033197]	hydroxymethylglutaryl-CoA synthase activity [GO:0004421]; isomerase activity [GO:0016853]; organic acid binding [GO:0043177]; protein homodimerization activity [GO:0042803]	cytoplasm [GO:0005737]; cytosol [GO:0005829]
Q01826	Q01826	SATB1_HUMAN	DNA-binding protein SATB1 (Special AT-rich sequence-binding protein 1)	SATB1	chromatin organization [GO:0006325]; chromatin remodeling [GO:0006338]; negative regulation of transcription by RNA polymerase II [GO:0000122]; regulation of transcription by RNA polymerase II [GO:0006357]; viral process [GO:0016032]	DNA-binding transcription factor activity, RNA polymerase II-specific [GO:0000981]; DNA-binding transcription repressor activity, RNA polymerase II-specific [GO:0001227]; double-stranded DNA binding [GO:0003690]; RNA polymerase II cis-regulatory region sequence-specific DNA binding [GO:0000978]; RNA polymerase II transcription regulatory region sequence-specific DNA binding [GO:0000977]; sequence-specific DNA binding [GO:0043565]	chromatin [GO:0000785]; nuclear body [GO:0016604]; nuclear matrix [GO:0016363]; nucleoplasm [GO:0005654]; nucleus [GO:0005634]; PML body [GO:0016605]
Q02543	Q02543	RL18A_HUMAN	60S ribosomal protein L18a (Large ribosomal subunit protein eL20)	RPL18A	cytoplasmic translation [GO:0002181]; nuclear-transcribed mRNA catabolic process, nonsense-mediated decay [GO:0000184]; rRNA processing [GO:0006364]; SRP-dependent cotranslational protein targeting to membrane [GO:0006614]; translation [GO:0006412]; translational initiation [GO:0006413]; viral transcription [GO:0019083]	RNA binding [GO:0003723]; structural constituent of ribosome [GO:0003735]	cytosol [GO:0005829]; cytosolic large ribosomal subunit [GO:0022625]; cytosolic ribosome [GO:0022626]; membrane [GO:0016020]; polysomal ribosome [GO:0042788]
Q04837	Q04837	SSBP_HUMAN	Single-stranded DNA-binding protein, mitochondrial (Mt-SSB) (MtSSB) (PWP1-interacting protein 17)	SSBP1 SSBP	DNA unwinding involved in DNA replication [GO:0006268]; mitochondrial DNA replication [GO:0006264]; mitochondrion morphogenesis [GO:0070584]; mitochondrion organization [GO:0007005]; positive regulation of DNA helicase activity [GO:1905776]; positive regulation of helicase activity [GO:0051096]	chromatin binding [GO:0003682]; identical protein binding [GO:0042802]; RNA binding [GO:0003723]; single-stranded DNA binding [GO:0003697]	extracellular exosome [GO:0070062]; mitochondrial matrix [GO:0005759]; mitochondrial nucleoid [GO:0042645]; mitochondrion [GO:0005739]; nucleoid [GO:0009295]; nucleus [GO:0005634]
Q05209	Q05209	PTN12_HUMAN	Tyrosine-protein phosphatase non-receptor type 12 (EC 3.1.3.48) (PTP-PEST) (Protein-tyrosine phosphatase G1) (PTPG1)	PTPN12	cellular response to cytokine stimulus [GO:0071345]; cellular response to epidermal growth factor stimulus [GO:0071364]; ERBB2 signaling pathway [GO:0038128]; negative regulation of ERBB signaling pathway [GO:1901185]; negative regulation of platelet-derived growth factor receptor-beta signaling pathway [GO:2000587]; peptidyl-tyrosine dephosphorylation [GO:0035335]; protein dephosphorylation [GO:0006470]; regulation of epidermal growth factor receptor signaling pathway [GO:0042058]; tissue regeneration [GO:0042246]	non-membrane spanning protein tyrosine phosphatase activity [GO:0004726]; phosphoprotein phosphatase activity [GO:0004721]; protein tyrosine phosphatase activity [GO:0004725]; SH3 domain binding [GO:0017124]	cell projection [GO:0042995]; cytoplasm [GO:0005737]; cytosol [GO:0005829]; focal adhesion [GO:0005925]; nucleoplasm [GO:0005654]; nucleus [GO:0005634]; podosome [GO:0002102]
Q05519	Q05519	SRS11_HUMAN	Serine/arginine-rich splicing factor 11 (Arginine-rich 54 kDa nuclear protein) (p54) (Splicing factor, arginine/serine-rich 11)	SRSF11 SFRS11	mRNA 3'-end processing [GO:0031124]; mRNA export from nucleus [GO:0006406]; mRNA processing [GO:0006397]; mRNA splicing, via spliceosome [GO:0000398]; RNA export from nucleus [GO:0006405]; RNA splicing [GO:0008380]	identical protein binding [GO:0042802]; RNA binding [GO:0003723]	nuclear speck [GO:0016607]; nucleoplasm [GO:0005654]; nucleus [GO:0005634]
Q05655	Q05655	KPCD_HUMAN	Protein kinase C delta type (EC 2.7.11.13) (Tyrosine-protein kinase PRKCD) (EC 2.7.10.2) (nPKC-delta) [Cleaved into: Protein kinase C delta type regulatory subunit; Protein kinase C delta type catalytic subunit (Sphingosine-dependent protein kinase-1) (SDK1)]	PRKCD PKCD	activation of protein kinase activity [GO:0032147]; apoptotic process [GO:0006915]; B cell proliferation [GO:0042100]; cell chemotaxis [GO:0060326]; cell cycle [GO:0007049]; cellular response to angiotensin [GO:1904385]; cellular response to hydrogen peroxide [GO:0070301]; cellular response to hydroperoxide [GO:0071447]; cellular response to UV [GO:0034644]; cellular senescence [GO:0090398]; defense response to bacterium [GO:0042742]; Fc-gamma receptor signaling pathway involved in phagocytosis [GO:0038096]; histone phosphorylation [GO:0016572]; immunoglobulin mediated immune response [GO:0016064]; interferon-gamma-mediated signaling pathway [GO:0060333]; intracellular signal transduction [GO:0035556]; intrinsic apoptotic signaling pathway in response to oxidative stress [GO:0008631]; negative regulation of actin filament polymerization [GO:0030837]; negative regulation of filopodium assembly [GO:0051490]; negative regulation of glial cell apoptotic process [GO:0034351]; negative regulation of inflammatory response [GO:0050728]; negative regulation of insulin receptor signaling pathway [GO:0046627]; negative regulation of MAP kinase activity [GO:0043407]; negative regulation of peptidyl-tyrosine phosphorylation [GO:0050732]; negative regulation of platelet aggregation [GO:0090331]; negative regulation of protein binding [GO:0032091]; neutrophil activation [GO:0042119]; neutrophil degranulation [GO:0043312]; peptidyl-serine phosphorylation [GO:0018105]; peptidyl-threonine phosphorylation [GO:0018107]; platelet activation [GO:0030168]; positive regulation of apoptotic signaling pathway [GO:2001235]; positive regulation of ceramide biosynthetic process [GO:2000304]; positive regulation of endodeoxyribonuclease activity [GO:0032079]; positive regulation of glucosylceramide catabolic process [GO:2000753]; positive regulation of phospholipid scramblase activity [GO:1900163]; positive regulation of protein dephosphorylation [GO:0035307]; positive regulation of protein import into nucleus [GO:0042307]; positive regulation of response to DNA damage stimulus [GO:2001022]; positive regulation of sphingomyelin catabolic process [GO:2000755]; positive regulation of superoxide anion generation [GO:0032930]; protein phosphorylation [GO:0006468]; protein stabilization [GO:0050821]; regulation of actin cytoskeleton organization [GO:0032956]; regulation of ceramide biosynthetic process [GO:2000303]; regulation of mRNA stability [GO:0043488]; regulation of signaling receptor activity [GO:0010469]; signal transduction [GO:0007165]; stimulatory C-type lectin receptor signaling pathway [GO:0002223]; termination of signal transduction [GO:0023021]	ATP binding [GO:0005524]; calcium-dependent protein kinase C activity [GO:0004698]; calcium-independent protein kinase C activity [GO:0004699]; enzyme activator activity [GO:0008047]; enzyme binding [GO:0019899]; insulin receptor substrate binding [GO:0043560]; kinase binding [GO:0019900]; metal ion binding [GO:0046872]; non-membrane spanning protein tyrosine kinase activity [GO:0004715]; protein kinase activity [GO:0004672]; protein kinase binding [GO:0019901]; protein kinase C activity [GO:0004697]; protein serine/threonine kinase activity [GO:0004674]; protein serine kinase activity [GO:0106310]; protein threonine kinase activity [GO:0106311]; transmembrane receptor protein tyrosine kinase activity [GO:0004714]	azurophil granule lumen [GO:0035578]; cell-cell junction [GO:0005911]; cytoplasm [GO:0005737]; cytosol [GO:0005829]; endolysosome [GO:0036019]; endoplasmic reticulum [GO:0005783]; extracellular exosome [GO:0070062]; extracellular region [GO:0005576]; mitochondrion [GO:0005739]; nuclear matrix [GO:0016363]; nucleoplasm [GO:0005654]; nucleus [GO:0005634]; perinuclear region of cytoplasm [GO:0048471]; plasma membrane [GO:0005886]
Q05D32	Q05D32	CTSL2_HUMAN	CTD small phosphatase-like protein 2 (CTDSP-like 2) (EC 3.1.3.-)	CTDSPL2 HSPC058 HSPC129	negative regulation of BMP signaling pathway [GO:0030514]; positive regulation of protein export from nucleus [GO:0046827]	phosphoprotein phosphatase activity [GO:0004721]; RNA polymerase II CTD heptapeptide repeat phosphatase activity [GO:0008420]	nucleoplasm [GO:0005654]
Q07960	Q07960	RHG01_HUMAN	Rho GTPase-activating protein 1 (CDC42 GTPase-activating protein) (GTPase-activating protein rhoGAP) (Rho-related small GTPase protein activator) (Rho-type GTPase-activating protein 1) (p50-RhoGAP)	ARHGAP1 CDC42GAP RHOGAP1	endosomal transport [GO:0016197]; negative regulation of endocytic recycling [GO:2001136]; regulation of small GTPase mediated signal transduction [GO:0051056]; Rho protein signal transduction [GO:0007266]; small GTPase mediated signal transduction [GO:0007264]; transferrin transport [GO:0033572]	cadherin binding [GO:0045296]; GTPase activator activity [GO:0005096]; SH3 domain binding [GO:0017124]; small GTPase binding [GO:0031267]	cytoplasm [GO:0005737]; cytosol [GO:0005829]; endosome membrane [GO:0010008]; extracellular exosome [GO:0070062]; perinuclear region of cytoplasm [GO:0048471]
Q08170	Q08170	SRSF4_HUMAN	Serine/arginine-rich splicing factor 4 (Pre-mRNA-splicing factor SRP75) (SRP001LB) (Splicing factor, arginine/serine-rich 4)	SRSF4 SFRS4 SRP75	mRNA 3'-end processing [GO:0031124]; mRNA export from nucleus [GO:0006406]; mRNA processing [GO:0006397]; mRNA splicing, via spliceosome [GO:0000398]; negative regulation of mRNA splicing, via spliceosome [GO:0048025]; response to insulin [GO:0032868]; RNA export from nucleus [GO:0006405]; RNA splicing [GO:0008380]; RNA splicing, via transesterification reactions [GO:0000375]	mRNA binding [GO:0003729]; RNA binding [GO:0003723]; sequence-specific mRNA binding [GO:1990825]	nuclear speck [GO:0016607]; nucleoplasm [GO:0005654]; nucleus [GO:0005634]
Q08945	Q08945	SSRP1_HUMAN	FACT complex subunit SSRP1 (Chromatin-specific transcription elongation factor 80 kDa subunit) (Facilitates chromatin transcription complex 80 kDa subunit) (FACT 80 kDa subunit) (FACTp80) (Facilitates chromatin transcription complex subunit SSRP1) (Recombination signal sequence recognition protein 1) (Structure-specific recognition protein 1) (hSSRP1) (T160)	SSRP1 FACT80	DNA repair [GO:0006281]; DNA replication [GO:0006260]; regulation of chromatin organization [GO:1902275]; regulation of signal transduction by p53 class mediator [GO:1901796]; transcription by RNA polymerase II [GO:0006366]; transcription elongation from RNA polymerase II promoter [GO:0006368]; viral process [GO:0016032]	DNA binding [GO:0003677]; histone binding [GO:0042393]; nucleosome binding [GO:0031491]; RNA binding [GO:0003723]	FACT complex [GO:0035101]; nucleolus [GO:0005730]; nucleoplasm [GO:0005654]
Q09161	Q09161	NCBP1_HUMAN	Nuclear cap-binding protein subunit 1 (80 kDa nuclear cap-binding protein) (CBP80) (NCBP 80 kDa subunit)	NCBP1 CBP80 NCBP	7-methylguanosine mRNA capping [GO:0006370]; fibroblast growth factor receptor signaling pathway [GO:0008543]; gene silencing by RNA [GO:0031047]; histone mRNA metabolic process [GO:0008334]; mRNA 3'-end processing [GO:0031124]; mRNA cis splicing, via spliceosome [GO:0045292]; mRNA export from nucleus [GO:0006406]; mRNA splicing, via spliceosome [GO:0000398]; nuclear export [GO:0051168]; nuclear-transcribed mRNA catabolic process, nonsense-mediated decay [GO:0000184]; positive regulation of cell growth [GO:0030307]; positive regulation of mRNA 3'-end processing [GO:0031442]; positive regulation of mRNA splicing, via spliceosome [GO:0048026]; positive regulation of RNA binding [GO:1905216]; pre-mRNA cleavage required for polyadenylation [GO:0098789]; regulation of mRNA processing [GO:0050684]; regulation of translational initiation [GO:0006446]; RNA catabolic process [GO:0006401]; RNA export from nucleus [GO:0006405]; RNA metabolic process [GO:0016070]; RNA splicing [GO:0008380]; snRNA transcription by RNA polymerase II [GO:0042795]; spliceosomal complex assembly [GO:0000245]; termination of RNA polymerase II transcription [GO:0006369]; transcription by RNA polymerase II [GO:0006366]; transcription elongation from RNA polymerase II promoter [GO:0006368]	mRNA binding [GO:0003729]; RNA 7-methylguanosine cap binding [GO:0000340]; RNA binding [GO:0003723]; RNA cap binding [GO:0000339]	cytosol [GO:0005829]; mitochondrion [GO:0005739]; mRNA cap binding complex [GO:0005845]; nuclear cap binding complex [GO:0005846]; nucleoplasm [GO:0005654]; nucleus [GO:0005634]; ribonucleoprotein complex [GO:1990904]; RNA cap binding complex [GO:0034518]
Q09472	Q09472	EP300_HUMAN	Histone acetyltransferase p300 (p300 HAT) (EC 2.3.1.48) (E1A-associated protein p300) (Histone butyryltransferase p300) (EC 2.3.1.-) (Histone crotonyltransferase p300) (EC 2.3.1.-) (Protein 2-hydroxyisobutyryltransferase p300) (EC 2.3.1.-) (Protein lactyltransferas p300) (EC 2.3.1.-) (Protein propionyltransferase p300) (EC 2.3.1.-)	EP300 P300	animal organ morphogenesis [GO:0009887]; apoptotic process [GO:0006915]; B cell differentiation [GO:0030183]; behavioral defense response [GO:0002209]; beta-catenin-TCF complex assembly [GO:1904837]; cellular response to UV [GO:0034644]; circadian rhythm [GO:0007623]; DNA damage response, signal transduction by p53 class mediator resulting in cell cycle arrest [GO:0006977]; face morphogenesis [GO:0060325]; fat cell differentiation [GO:0045444]; granulocyte differentiation [GO:0030851]; heart development [GO:0007507]; histone acetylation [GO:0016573]; histone H2B acetylation [GO:0043969]; histone H4 acetylation [GO:0043967]; internal peptidyl-lysine acetylation [GO:0018393]; internal protein amino acid acetylation [GO:0006475]; intracellular receptor signaling pathway [GO:0030522]; intrinsic apoptotic signaling pathway in response to DNA damage by p53 class mediator [GO:0042771]; learning or memory [GO:0007611]; lung development [GO:0030324]; macrophage derived foam cell differentiation [GO:0010742]; megakaryocyte development [GO:0035855]; multicellular organism growth [GO:0035264]; negative regulation of gluconeogenesis [GO:0045721]; negative regulation of protein-containing complex assembly [GO:0031333]; negative regulation of transcription by RNA polymerase II [GO:0000122]; nervous system development [GO:0007399]; Notch signaling pathway [GO:0007219]; N-terminal peptidyl-lysine acetylation [GO:0018076]; peptidyl-lysine acetylation [GO:0018394]; peptidyl-lysine butyrylation [GO:0140067]; peptidyl-lysine crotonylation [GO:0140066]; peptidyl-lysine propionylation [GO:0061921]; platelet formation [GO:0030220]; positive regulation by host of viral transcription [GO:0043923]; positive regulation of DNA-binding transcription factor activity [GO:0051091]; positive regulation of gene expression, epigenetic [GO:0045815]; positive regulation of neuron projection development [GO:0010976]; positive regulation of NF-kappaB transcription factor activity [GO:0051092]; positive regulation of NIK/NF-kappaB signaling [GO:1901224]; positive regulation of Notch signaling pathway [GO:0045747]; positive regulation of protein binding [GO:0032092]; positive regulation of RNA polymerase II regulatory region sequence-specific DNA binding [GO:1905636]; positive regulation of transcription, DNA-templated [GO:0045893]; positive regulation of transcription by RNA polymerase II [GO:0045944]; positive regulation of transcription from RNA polymerase II promoter involved in unfolded protein response [GO:0006990]; positive regulation of transcription of Notch receptor target [GO:0007221]; positive regulation of transforming growth factor beta receptor signaling pathway [GO:0030511]; positive regulation of type I interferon production [GO:0032481]; protein acetylation [GO:0006473]; protein destabilization [GO:0031648]; protein deubiquitination [GO:0016579]; protein stabilization [GO:0050821]; regulation of androgen receptor signaling pathway [GO:0060765]; regulation of autophagy [GO:0010506]; regulation of cell cycle [GO:0051726]; regulation of cellular response to heat [GO:1900034]; regulation of glycolytic process [GO:0006110]; regulation of megakaryocyte differentiation [GO:0045652]; regulation of mitochondrion organization [GO:0010821]; regulation of signal transduction by p53 class mediator [GO:1901796]; regulation of transcription, DNA-templated [GO:0006355]; regulation of transcription from RNA polymerase II promoter in response to hypoxia [GO:0061418]; regulation of tubulin deacetylation [GO:0090043]; response to estrogen [GO:0043627]; response to hypoxia [GO:0001666]; skeletal muscle tissue development [GO:0007519]; somitogenesis [GO:0001756]; stimulatory C-type lectin receptor signaling pathway [GO:0002223]; swimming [GO:0036268]; thigmotaxis [GO:0001966]; transcription-coupled nucleotide-excision repair [GO:0006283]; viral process [GO:0016032]	acetyltransferase activity [GO:0016407]; activating transcription factor binding [GO:0033613]; androgen receptor binding [GO:0050681]; beta-catenin binding [GO:0008013]; chromatin binding [GO:0003682]; chromatin DNA binding [GO:0031490]; damaged DNA binding [GO:0003684]; DNA binding [GO:0003677]; H3 histone acetyltransferase activity [GO:0010484]; H4 histone acetyltransferase activity [GO:0010485]; histone acetyltransferase activity [GO:0004402]; histone butyryltransferase activity [GO:0140069]; histone crotonyltransferase activity [GO:0140068]; histone lactyltransferase activity [GO:0120301]; lysine N-acetyltransferase activity, acting on acetyl phosphate as donor [GO:0004468]; NF-kappaB binding [GO:0051059]; nuclear hormone receptor binding [GO:0035257]; p53 binding [GO:0002039]; peptide 2-hydroxyisobutyryltransferase activity [GO:0106226]; peptide butyryltransferase activity [GO:0140065]; pre-mRNA intronic binding [GO:0097157]; protein C-terminus binding [GO:0008022]; protein propionyltransferase activity [GO:0061920]; RNA polymerase II activating transcription factor binding [GO:0001102]; RNA polymerase II transcription factor binding [GO:0001085]; STAT family protein binding [GO:0097677]; tau protein binding [GO:0048156]; transcription coactivator activity [GO:0003713]; transcription factor binding [GO:0008134]; transferase activity, transferring acyl groups [GO:0016746]; zinc ion binding [GO:0008270]	chromosome [GO:0005694]; cytosol [GO:0005829]; histone acetyltransferase complex [GO:0000123]; nucleoplasm [GO:0005654]; nucleus [GO:0005634]; protein-DNA complex [GO:0032993]; transcription regulator complex [GO:0005667]
Q09666	Q09666	AHNK_HUMAN	Neuroblast differentiation-associated protein AHNAK (Desmoyokin)	AHNAK PM227	regulation of RNA splicing [GO:0043484]; regulation of voltage-gated calcium channel activity [GO:1901385]	cadherin binding [GO:0045296]; identical protein binding [GO:0042802]; RNA binding [GO:0003723]; S100 protein binding [GO:0044548]; structural molecule activity conferring elasticity [GO:0097493]	actin cytoskeleton [GO:0015629]; cell-cell contact zone [GO:0044291]; costamere [GO:0043034]; cytoplasm [GO:0005737]; cytosol [GO:0005829]; extracellular exosome [GO:0070062]; focal adhesion [GO:0005925]; lysosomal membrane [GO:0005765]; membrane [GO:0016020]; nucleus [GO:0005634]; plasma membrane [GO:0005886]; sarcolemma [GO:0042383]; T-tubule [GO:0030315]; vesicle [GO:0031982]
Q10570	Q10570	CPSF1_HUMAN	Cleavage and polyadenylation specificity factor subunit 1 (Cleavage and polyadenylation specificity factor 160 kDa subunit) (CPSF 160 kDa subunit)	CPSF1 CPSF160	mRNA 3'-end processing [GO:0031124]; mRNA export from nucleus [GO:0006406]; mRNA polyadenylation [GO:0006378]; mRNA splicing, via spliceosome [GO:0000398]; pre-mRNA cleavage required for polyadenylation [GO:0098789]; termination of RNA polymerase II transcription [GO:0006369]; tRNA splicing, via endonucleolytic cleavage and ligation [GO:0006388]	enzyme binding [GO:0019899]; mRNA 3'-UTR AU-rich region binding [GO:0035925]	mRNA cleavage and polyadenylation specificity factor complex [GO:0005847]; nucleoplasm [GO:0005654]; nucleus [GO:0005634]
Q12830	Q12830	BPTF_HUMAN	Nucleosome-remodeling factor subunit BPTF (Bromodomain and PHD finger-containing transcription factor) (Fetal Alz-50 clone 1 protein) (Fetal Alzheimer antigen)	BPTF FAC1 FALZ	anterior/posterior pattern specification [GO:0009952]; brain development [GO:0007420]; cellular response to nerve growth factor stimulus [GO:1990090]; chromatin remodeling [GO:0006338]; embryonic placenta development [GO:0001892]; endoderm development [GO:0007492]; negative regulation of transcription by RNA polymerase II [GO:0000122]; nucleosome mobilization [GO:0042766]; positive regulation of transcription by RNA polymerase II [GO:0045944]; regulation of transcription by RNA polymerase II [GO:0006357]; response to wounding [GO:0009611]	metal ion binding [GO:0046872]; methylated histone binding [GO:0035064]; RNA polymerase II cis-regulatory region sequence-specific DNA binding [GO:0000978]; sequence-specific DNA binding [GO:0043565]; transcription factor binding [GO:0008134]	cell body [GO:0044297]; chromatin [GO:0000785]; cytoplasm [GO:0005737]; dendrite [GO:0030425]; extracellular exosome [GO:0070062]; nucleoplasm [GO:0005654]; nucleus [GO:0005634]; NURF complex [GO:0016589]; perinuclear region of cytoplasm [GO:0048471]
Q12846	Q12846	STX4_HUMAN	Syntaxin-4 (Renal carcinoma antigen NY-REN-31)	STX4 STX4A	cellular response to interferon-gamma [GO:0071346]; cellular response to oxidative stress [GO:0034599]; cornified envelope assembly [GO:1903575]; cytokine-mediated signaling pathway [GO:0019221]; exocytosis [GO:0006887]; intracellular protein transport [GO:0006886]; long-term synaptic potentiation [GO:0060291]; organelle fusion [GO:0048284]; positive regulation of catalytic activity [GO:0043085]; positive regulation of cell adhesion [GO:0045785]; positive regulation of cell migration [GO:0030335]; positive regulation of cell population proliferation [GO:0008284]; positive regulation of chemotaxis [GO:0050921]; positive regulation of eosinophil degranulation [GO:0043311]; positive regulation of immunoglobulin production [GO:0002639]; positive regulation of insulin secretion involved in cellular response to glucose stimulus [GO:0035774]; positive regulation of protein localization to cell surface [GO:2000010]; positive regulation of protein localization to plasma membrane [GO:1903078]; post-Golgi vesicle-mediated transport [GO:0006892]; regulation of exocytosis [GO:0017157]; regulation of extrinsic apoptotic signaling pathway via death domain receptors [GO:1902041]; SNARE complex assembly [GO:0035493]; synaptic vesicle fusion to presynaptic active zone membrane [GO:0031629]; vesicle docking [GO:0048278]; vesicle fusion [GO:0006906]; vesicle fusion with endoplasmic reticulum-Golgi intermediate compartment (ERGIC) membrane [GO:1990668]	SNAP receptor activity [GO:0005484]; SNARE binding [GO:0000149]; sphingomyelin phosphodiesterase activator activity [GO:0016230]	basolateral plasma membrane [GO:0016323]; cell surface [GO:0009986]; cytosol [GO:0005829]; dendritic spine [GO:0043197]; endomembrane system [GO:0012505]; endosome [GO:0005768]; extracellular exosome [GO:0070062]; extracellular space [GO:0005615]; glutamatergic synapse [GO:0098978]; integral component of membrane [GO:0016021]; lamellipodium [GO:0030027]; lateral loop [GO:0043219]; membrane [GO:0016020]; myelin sheath adaxonal region [GO:0035749]; perinuclear region of cytoplasm [GO:0048471]; phagocytic vesicle membrane [GO:0030670]; plasma membrane [GO:0005886]; postsynapse [GO:0098794]; presynaptic active zone membrane [GO:0048787]; SNARE complex [GO:0031201]; somatodendritic compartment [GO:0036477]; specific granule [GO:0042581]; storage vacuole [GO:0000322]; synapse [GO:0045202]; synaptic vesicle [GO:0008021]; trans-Golgi network [GO:0005802]; vacuole [GO:0005773]
Q12873	Q12873	CHD3_HUMAN	Chromodomain-helicase-DNA-binding protein 3 (CHD-3) (EC 3.6.4.12) (ATP-dependent helicase CHD3) (Mi-2 autoantigen 240 kDa protein) (Mi2-alpha) (Zinc finger helicase) (hZFH)	CHD3	ATP-dependent chromatin remodeling [GO:0043044]; centrosome cycle [GO:0007098]; chromatin assembly or disassembly [GO:0006333]; negative regulation of transcription by RNA polymerase II [GO:0000122]; regulation of signal transduction by p53 class mediator [GO:1901796]; regulation of transcription, DNA-templated [GO:0006355]; regulation of transcription by RNA polymerase II [GO:0006357]; spindle organization [GO:0007051]	ATPase activity [GO:0016887]; ATP binding [GO:0005524]; DNA binding [GO:0003677]; DNA helicase activity [GO:0003678]; double-stranded DNA helicase activity [GO:0036121]; helicase activity [GO:0004386]; nucleosome-dependent ATPase activity [GO:0070615]; RNA binding [GO:0003723]; transcription regulatory region sequence-specific DNA binding [GO:0000976]; zinc ion binding [GO:0008270]	centriolar satellite [GO:0034451]; centrosome [GO:0005813]; cytoplasm [GO:0005737]; nucleolus [GO:0005730]; nucleoplasm [GO:0005654]; nucleus [GO:0005634]; NuRD complex [GO:0016581]; PML body [GO:0016605]
Q12888	Q12888	TP53B_HUMAN	TP53-binding protein 1 (53BP1) (p53-binding protein 1) (p53BP1)	TP53BP1	cellular response to DNA damage stimulus [GO:0006974]; cellular response to X-ray [GO:0071481]; DNA damage checkpoint [GO:0000077]; double-strand break repair [GO:0006302]; double-strand break repair via nonhomologous end joining [GO:0006303]; negative regulation of double-strand break repair via homologous recombination [GO:2000042]; positive regulation of DNA-binding transcription factor activity [GO:0051091]; positive regulation of isotype switching [GO:0045830]; positive regulation of transcription, DNA-templated [GO:0045893]; positive regulation of transcription by RNA polymerase II [GO:0045944]; protein homooligomerization [GO:0051260]	damaged DNA binding [GO:0003684]; histone binding [GO:0042393]; methylated histone binding [GO:0035064]; p53 binding [GO:0002039]; RNA polymerase II activating transcription factor binding [GO:0001102]; telomeric DNA binding [GO:0042162]; transcription coregulator activity [GO:0003712]; ubiquitin modification-dependent histone binding [GO:0061649]	chromosome, telomeric region [GO:0000781]; condensed chromosome kinetochore [GO:0000777]; cytoplasm [GO:0005737]; DNA repair complex [GO:1990391]; nuclear body [GO:0016604]; nucleoplasm [GO:0005654]; nucleus [GO:0005634]; replication fork [GO:0005657]; site of double-strand break [GO:0035861]
Q12929	Q12929	EPS8_HUMAN	Epidermal growth factor receptor kinase substrate 8	EPS8	actin crosslink formation [GO:0051764]; actin filament bundle assembly [GO:0051017]; actin polymerization-dependent cell motility [GO:0070358]; barbed-end actin filament capping [GO:0051016]; dendritic cell migration [GO:0036336]; exit from mitosis [GO:0010458]; positive regulation of ruffle assembly [GO:1900029]; Rac protein signal transduction [GO:0016601]; regulation of actin filament length [GO:0030832]; regulation of cell shape [GO:0008360]; regulation of Rho protein signal transduction [GO:0035023]; Rho protein signal transduction [GO:0007266]	actin binding [GO:0003779]; signaling adaptor activity [GO:0035591]; small GTPase binding [GO:0031267]	cell cortex [GO:0005938]; extracellular exosome [GO:0070062]; growth cone [GO:0030426]; plasma membrane [GO:0005886]; ruffle membrane [GO:0032587]; stereocilium [GO:0032420]; synapse [GO:0045202]; vesicle [GO:0031982]
Q12965	Q12965	MYO1E_HUMAN	Unconventional myosin-Ie (Myosin-Ic) (Unconventional myosin 1E)	MYO1E MYO1C	actin filament-based movement [GO:0030048]; actin filament organization [GO:0007015]; endocytosis [GO:0006897]; glomerular basement membrane development [GO:0032836]; glomerular filtration [GO:0003094]; glomerular visceral epithelial cell development [GO:0072015]; in utero embryonic development [GO:0001701]; nitrogen compound metabolic process [GO:0006807]; platelet-derived growth factor receptor signaling pathway [GO:0048008]; post-embryonic hemopoiesis [GO:0035166]; vasculogenesis [GO:0001570]; vesicle transport along actin filament [GO:0030050]	actin-dependent ATPase activity [GO:0030898]; actin filament binding [GO:0051015]; ATPase activity [GO:0016887]; ATP binding [GO:0005524]; calmodulin binding [GO:0005516]; microfilament motor activity [GO:0000146]; motor activity [GO:0003774]; phosphatidylinositol binding [GO:0035091]	actin cytoskeleton [GO:0015629]; adherens junction [GO:0005912]; brush border [GO:0005903]; clathrin-coated vesicle [GO:0030136]; cytoplasm [GO:0005737]; cytoskeleton [GO:0005856]; extracellular exosome [GO:0070062]; microvillus [GO:0005902]; myosin complex [GO:0016459]; plasma membrane [GO:0005886]; vesicle [GO:0031982]
Q12996	Q12996	CSTF3_HUMAN	Cleavage stimulation factor subunit 3 (CF-1 77 kDa subunit) (Cleavage stimulation factor 77 kDa subunit) (CSTF 77 kDa subunit) (CstF-77)	CSTF3	mRNA 3'-end processing [GO:0031124]; mRNA cleavage [GO:0006379]; mRNA polyadenylation [GO:0006378]; mRNA splicing, via spliceosome [GO:0000398]; RNA 3'-end processing [GO:0031123]; termination of RNA polymerase II transcription [GO:0006369]	mRNA binding [GO:0003729]; RNA binding [GO:0003723]	nucleoplasm [GO:0005654]; nucleus [GO:0005634]
Q13045	Q13045	FLII_HUMAN	Protein flightless-1 homolog	FLII FLIL	actin filament severing [GO:0051014]; actin polymerization or depolymerization [GO:0008154]; barbed-end actin filament capping [GO:0051016]; multicellular organism development [GO:0007275]; myofibril assembly [GO:0030239]	actin binding [GO:0003779]; actin filament binding [GO:0051015]; phosphatidylinositol-4,5-bisphosphate binding [GO:0005546]	actin cytoskeleton [GO:0015629]; brush border [GO:0005903]; centriolar satellite [GO:0034451]; cytoplasm [GO:0005737]; cytosol [GO:0005829]; focal adhesion [GO:0005925]; nucleoplasm [GO:0005654]; nucleus [GO:0005634]
Q13098	Q13098	CSN1_HUMAN	COP9 signalosome complex subunit 1 (SGN1) (Signalosome subunit 1) (G protein pathway suppressor 1) (GPS-1) (JAB1-containing signalosome subunit 1) (Protein MFH)	GPS1 COPS1 CSN1	inactivation of MAPK activity [GO:0000188]; JNK cascade [GO:0007254]; nucleotide-excision repair, DNA damage recognition [GO:0000715]; post-translational protein modification [GO:0043687]; protein deneddylation [GO:0000338]; transcription-coupled nucleotide-excision repair [GO:0006283]	GTPase inhibitor activity [GO:0005095]	COP9 signalosome [GO:0008180]; cytosol [GO:0005829]; nucleoplasm [GO:0005654]
Q13129	Q13129	RLF_HUMAN	Zinc finger protein Rlf (Rearranged L-myc fusion gene protein) (Zn-15-related protein)	RLF	histone H3-K4 monomethylation [GO:0097692]; positive regulation of transcription, DNA-templated [GO:0045893]; positive regulation of transcription by RNA polymerase II [GO:0045944]; regulation of DNA methylation [GO:0044030]; regulation of transcription by RNA polymerase II [GO:0006357]	DNA binding [GO:0003677]; DNA-binding transcription activator activity, RNA polymerase II-specific [GO:0001228]; DNA-binding transcription factor activity, RNA polymerase II-specific [GO:0000981]; metal ion binding [GO:0046872]	nucleus [GO:0005634]
Q13131	Q13131	AAPK1_HUMAN	5'-AMP-activated protein kinase catalytic subunit alpha-1 (AMPK subunit alpha-1) (EC 2.7.11.1) (Acetyl-CoA carboxylase kinase) (ACACA kinase) (EC 2.7.11.27) (Hydroxymethylglutaryl-CoA reductase kinase) (HMGCR kinase) (EC 2.7.11.31) (Tau-protein kinase PRKAA1) (EC 2.7.11.26)	PRKAA1 AMPK1	activation of MAPK activity [GO:0000187]; bile acid and bile salt transport [GO:0015721]; bile acid signaling pathway [GO:0038183]; CAMKK-AMPK signaling cascade [GO:0061762]; cell cycle arrest [GO:0007050]; cellular response to calcium ion [GO:0071277]; cellular response to drug [GO:0035690]; cellular response to ethanol [GO:0071361]; cellular response to glucose starvation [GO:0042149]; cellular response to glucose stimulus [GO:0071333]; cellular response to hydrogen peroxide [GO:0070301]; cellular response to hypoxia [GO:0071456]; cellular response to nutrient levels [GO:0031669]; cellular response to organonitrogen compound [GO:0071417]; cellular response to oxidative stress [GO:0034599]; cellular response to prostaglandin E stimulus [GO:0071380]; cholesterol biosynthetic process [GO:0006695]; cold acclimation [GO:0009631]; energy homeostasis [GO:0097009]; fatty acid biosynthetic process [GO:0006633]; fatty acid homeostasis [GO:0055089]; fatty acid oxidation [GO:0019395]; glucose homeostasis [GO:0042593]; glucose metabolic process [GO:0006006]; intracellular signal transduction [GO:0035556]; lipid biosynthetic process [GO:0008610]; macroautophagy [GO:0016236]; motor behavior [GO:0061744]; negative regulation of apoptotic process [GO:0043066]; negative regulation of gene expression [GO:0010629]; negative regulation of glucosylceramide biosynthetic process [GO:0046318]; negative regulation of insulin receptor signaling pathway [GO:0046627]; negative regulation of lipid catabolic process [GO:0050995]; negative regulation of TOR signaling [GO:0032007]; negative regulation of tubulin deacetylation [GO:1904428]; neuron cellular homeostasis [GO:0070050]; positive regulation of autophagy [GO:0010508]; positive regulation of cell population proliferation [GO:0008284]; positive regulation of cellular protein localization [GO:1903829]; positive regulation of cholesterol biosynthetic process [GO:0045542]; positive regulation of gene expression [GO:0010628]; positive regulation of glycolytic process [GO:0045821]; positive regulation of mitochondrial transcription [GO:1903109]; positive regulation of peptidyl-lysine acetylation [GO:2000758]; positive regulation of protein targeting to mitochondrion [GO:1903955]; positive regulation of skeletal muscle tissue development [GO:0048643]; protein phosphorylation [GO:0006468]; regulation of bile acid secretion [GO:0120188]; regulation of circadian rhythm [GO:0042752]; regulation of macroautophagy [GO:0016241]; regulation of microtubule cytoskeleton organization [GO:0070507]; regulation of peptidyl-serine phosphorylation [GO:0033135]; regulation of signal transduction by p53 class mediator [GO:1901796]; regulation of stress granule assembly [GO:0062028]; regulation of vesicle-mediated transport [GO:0060627]; response to 17alpha-ethynylestradiol [GO:1904486]; response to activity [GO:0014823]; response to caffeine [GO:0031000]; response to camptothecin [GO:1901563]; response to gamma radiation [GO:0010332]; response to hypoxia [GO:0001666]; response to UV [GO:0009411]; rhythmic process [GO:0048511]; signal transduction [GO:0007165]; Wnt signaling pathway [GO:0016055]	[acetyl-CoA carboxylase] kinase activity [GO:0050405]; [hydroxymethylglutaryl-CoA reductase (NADPH)] kinase activity [GO:0047322]; AMP-activated protein kinase activity [GO:0004679]; ATP binding [GO:0005524]; cAMP-dependent protein kinase activity [GO:0004691]; chromatin binding [GO:0003682]; histone serine kinase activity [GO:0035174]; metal ion binding [GO:0046872]; protein-containing complex binding [GO:0044877]; protein C-terminus binding [GO:0008022]; protein kinase activity [GO:0004672]; protein serine/threonine kinase activity [GO:0004674]; protein serine kinase activity [GO:0106310]; protein threonine kinase activity [GO:0106311]; tau protein binding [GO:0048156]; tau-protein kinase activity [GO:0050321]	apical plasma membrane [GO:0016324]; axon [GO:0030424]; cytoplasm [GO:0005737]; cytosol [GO:0005829]; dendrite [GO:0030425]; neuronal cell body [GO:0043025]; nuclear speck [GO:0016607]; nucleoplasm [GO:0005654]; nucleotide-activated protein kinase complex [GO:0031588]; nucleus [GO:0005634]
Q13136	Q13136	LIPA1_HUMAN	Liprin-alpha-1 (LAR-interacting protein 1) (LIP-1) (Protein tyrosine phosphatase receptor type f polypeptide-interacting protein alpha-1) (PTPRF-interacting protein alpha-1)	PPFIA1 LIP1	cell-matrix adhesion [GO:0007160]; negative regulation of protein localization to plasma membrane [GO:1903077]; negative regulation of stress fiber assembly [GO:0051497]; neurotransmitter transport [GO:0006836]; signal transduction [GO:0007165]; synapse organization [GO:0050808]		cytoplasm [GO:0005737]; cytosol [GO:0005829]; focal adhesion [GO:0005925]; presynaptic active zone [GO:0048786]
Q13137	Q13137	CACO2_HUMAN	Calcium-binding and coiled-coil domain-containing protein 2 (Antigen nuclear dot 52 kDa protein) (Nuclear domain 10 protein NDP52) (Nuclear domain 10 protein 52) (Nuclear dot protein 52)	CALCOCO2 NDP52	positive regulation of autophagosome maturation [GO:1901098]; response to interferon-gamma [GO:0034341]; viral process [GO:0016032]; xenophagy [GO:0098792]	metal ion binding [GO:0046872]; protein homodimerization activity [GO:0042803]	autophagosome [GO:0005776]; autophagosome membrane [GO:0000421]; cytoplasm [GO:0005737]; cytoplasmic vesicle [GO:0031410]; cytoskeleton [GO:0005856]; cytosol [GO:0005829]; intracellular membrane-bounded organelle [GO:0043231]; membrane [GO:0016020]; nucleus [GO:0005634]; perinuclear region of cytoplasm [GO:0048471]; PML body [GO:0016605]
Q13153	Q13153	PAK1_HUMAN	Serine/threonine-protein kinase PAK 1 (EC 2.7.11.1) (Alpha-PAK) (p21-activated kinase 1) (PAK-1) (p65-PAK)	PAK1	actin cytoskeleton reorganization [GO:0031532]; activation of protein kinase activity [GO:0032147]; apoptotic process [GO:0006915]; branching morphogenesis of an epithelial tube [GO:0048754]; cell migration [GO:0016477]; cellular response to DNA damage stimulus [GO:0006974]; cellular response to insulin stimulus [GO:0032869]; cerebellum development [GO:0021549]; chromatin remodeling [GO:0006338]; ephrin receptor signaling pathway [GO:0048013]; establishment of cell polarity [GO:0030010]; exocytosis [GO:0006887]; Fc-epsilon receptor signaling pathway [GO:0038095]; Fc-gamma receptor signaling pathway involved in phagocytosis [GO:0038096]; hepatocyte growth factor receptor signaling pathway [GO:0048012]; negative regulation of cell growth involved in cardiac muscle cell development [GO:0061052]; negative regulation of cell proliferation involved in contact inhibition [GO:0060244]; neuron projection morphogenesis [GO:0048812]; phosphorylation [GO:0016310]; positive regulation of axon extension [GO:0045773]; positive regulation of cell migration [GO:0030335]; positive regulation of cell population proliferation [GO:0008284]; positive regulation of fibroblast migration [GO:0010763]; positive regulation of insulin receptor signaling pathway [GO:0046628]; positive regulation of intracellular estrogen receptor signaling pathway [GO:0033148]; positive regulation of JUN kinase activity [GO:0043507]; positive regulation of microtubule nucleation [GO:0090063]; positive regulation of microtubule polymerization [GO:0031116]; positive regulation of peptidyl-serine phosphorylation [GO:0033138]; positive regulation of protein phosphorylation [GO:0001934]; positive regulation of protein targeting to membrane [GO:0090314]; positive regulation of stress fiber assembly [GO:0051496]; positive regulation of vascular associated smooth muscle cell migration [GO:1904754]; positive regulation of vascular associated smooth muscle cell proliferation [GO:1904707]; protein autophosphorylation [GO:0046777]; protein phosphorylation [GO:0006468]; regulation of axonogenesis [GO:0050770]; response to hypoxia [GO:0001666]; stimulatory C-type lectin receptor signaling pathway [GO:0002223]; stress-activated protein kinase signaling cascade [GO:0031098]; T cell costimulation [GO:0031295]; T cell receptor signaling pathway [GO:0050852]; wound healing [GO:0042060]	ATP binding [GO:0005524]; collagen binding [GO:0005518]; gamma-tubulin binding [GO:0043015]; identical protein binding [GO:0042802]; protein kinase activity [GO:0004672]; protein kinase binding [GO:0019901]; protein serine/threonine kinase activity [GO:0004674]; protein serine kinase activity [GO:0106310]; protein threonine kinase activity [GO:0106311]	actin filament [GO:0005884]; axon [GO:0030424]; cell-cell junction [GO:0005911]; chromosome [GO:0005694]; cytoplasm [GO:0005737]; cytosol [GO:0005829]; dendrite [GO:0030425]; focal adhesion [GO:0005925]; intercalated disc [GO:0014704]; lamellipodium [GO:0030027]; nuclear membrane [GO:0031965]; nucleoplasm [GO:0005654]; plasma membrane [GO:0005886]; protein-containing complex [GO:0032991]; ruffle [GO:0001726]; ruffle membrane [GO:0032587]; Z disc [GO:0030018]
Q13177	Q13177	PAK2_HUMAN	Serine/threonine-protein kinase PAK 2 (EC 2.7.11.1) (Gamma-PAK) (PAK65) (S6/H4 kinase) (p21-activated kinase 2) (PAK-2) (p58) [Cleaved into: PAK-2p27 (p27); PAK-2p34 (p34) (C-t-PAK2)]	PAK2	activation of protein kinase activity [GO:0032147]; adherens junction assembly [GO:0034333]; apoptotic process [GO:0006915]; bicellular tight junction assembly [GO:0070830]; cellular response to organic cyclic compound [GO:0071407]; dendritic spine development [GO:0060996]; Fc-epsilon receptor signaling pathway [GO:0038095]; interleukin-12-mediated signaling pathway [GO:0035722]; negative regulation of apoptotic process [GO:0043066]; negative regulation of cysteine-type endopeptidase activity involved in execution phase of apoptosis [GO:2001271]; negative regulation of protein kinase activity [GO:0006469]; negative regulation of stress fiber assembly [GO:0051497]; peptidyl-serine phosphorylation [GO:0018105]; phosphorylation [GO:0016310]; positive regulation of extrinsic apoptotic signaling pathway [GO:2001238]; positive regulation of peptidyl-tyrosine phosphorylation [GO:0050731]; protein autophosphorylation [GO:0046777]; protein localization to cell-cell junction [GO:0150105]; protein phosphorylation [GO:0006468]; regulation of axonogenesis [GO:0050770]; regulation of cytoskeleton organization [GO:0051493]; regulation of defense response to virus by virus [GO:0050690]; regulation of growth [GO:0040008]; signal transduction [GO:0007165]; stimulatory C-type lectin receptor signaling pathway [GO:0002223]; stress-activated protein kinase signaling cascade [GO:0031098]; T cell costimulation [GO:0031295]; T cell receptor signaling pathway [GO:0050852]; vascular endothelial growth factor receptor signaling pathway [GO:0048010]	ATP binding [GO:0005524]; cadherin binding [GO:0045296]; identical protein binding [GO:0042802]; protein kinase activity [GO:0004672]; protein kinase binding [GO:0019901]; protein serine/threonine kinase activity [GO:0004674]; protein serine kinase activity [GO:0106310]; protein threonine kinase activity [GO:0106311]; protein tyrosine kinase activator activity [GO:0030296]; small GTPase binding [GO:0031267]	cell-cell junction [GO:0005911]; cytoplasm [GO:0005737]; cytosol [GO:0005829]; glutamatergic synapse [GO:0098978]; nucleus [GO:0005634]; perinuclear region of cytoplasm [GO:0048471]; plasma membrane [GO:0005886]; postsynaptic density [GO:0014069]
Q13185	Q13185	CBX3_HUMAN	Chromobox protein homolog 3 (HECH) (Heterochromatin protein 1 homolog gamma) (HP1 gamma) (Modifier 2 protein)	CBX3	cellular response to dexamethasone stimulus [GO:0071549]; cellular response to DNA damage stimulus [GO:0006974]; chromatin remodeling [GO:0006338]; negative regulation of G0 to G1 transition [GO:0070317]; negative regulation of transcription, DNA-templated [GO:0045892]; rhythmic process [GO:0048511]	enzyme binding [GO:0019899]; histone methyltransferase binding [GO:1990226]; identical protein binding [GO:0042802]; protein domain specific binding [GO:0019904]; transcription factor binding [GO:0008134]	chromatin [GO:0000785]; chromosome, centromeric region [GO:0000775]; chromosome, telomeric region [GO:0000781]; condensed chromosome, centromeric region [GO:0000779]; euchromatin [GO:0000791]; heterochromatin [GO:0000792]; nuclear envelope [GO:0005635]; nuclear inner membrane [GO:0005637]; nucleoplasm [GO:0005654]; nucleus [GO:0005634]; pericentric heterochromatin [GO:0005721]; RNA polymerase II transcription regulator complex [GO:0090575]; senescence-associated heterochromatin focus [GO:0035985]; site of DNA damage [GO:0090734]; spindle [GO:0005819]
Q13200	Q13200	PSMD2_HUMAN	26S proteasome non-ATPase regulatory subunit 2 (26S proteasome regulatory subunit RPN1) (26S proteasome regulatory subunit S2) (26S proteasome subunit p97) (Protein 55.11) (Tumor necrosis factor type 1 receptor-associated protein 2)	PSMD2 TRAP2	anaphase-promoting complex-dependent catabolic process [GO:0031145]; antigen processing and presentation of exogenous peptide antigen via MHC class I, TAP-dependent [GO:0002479]; Fc-epsilon receptor signaling pathway [GO:0038095]; interleukin-1-mediated signaling pathway [GO:0070498]; MAPK cascade [GO:0000165]; negative regulation of canonical Wnt signaling pathway [GO:0090090]; negative regulation of G2/M transition of mitotic cell cycle [GO:0010972]; neutrophil degranulation [GO:0043312]; NIK/NF-kappaB signaling [GO:0038061]; positive regulation of canonical Wnt signaling pathway [GO:0090263]; post-translational protein modification [GO:0043687]; pre-replicative complex assembly [GO:0036388]; proteasome-mediated ubiquitin-dependent protein catabolic process [GO:0043161]; protein deubiquitination [GO:0016579]; protein polyubiquitination [GO:0000209]; regulation of cellular amino acid metabolic process [GO:0006521]; regulation of hematopoietic stem cell differentiation [GO:1902036]; regulation of mitotic cell cycle phase transition [GO:1901990]; regulation of mRNA stability [GO:0043488]; regulation of protein catabolic process [GO:0042176]; regulation of transcription from RNA polymerase II promoter in response to hypoxia [GO:0061418]; SCF-dependent proteasomal ubiquitin-dependent protein catabolic process [GO:0031146]; stimulatory C-type lectin receptor signaling pathway [GO:0002223]; T cell receptor signaling pathway [GO:0050852]; transmembrane transport [GO:0055085]; tumor necrosis factor-mediated signaling pathway [GO:0033209]; Wnt signaling pathway, planar cell polarity pathway [GO:0060071]	enzyme regulator activity [GO:0030234]	cytosol [GO:0005829]; extracellular exosome [GO:0070062]; extracellular region [GO:0005576]; ficolin-1-rich granule lumen [GO:1904813]; membrane [GO:0016020]; nucleoplasm [GO:0005654]; nucleus [GO:0005634]; proteasome accessory complex [GO:0022624]; proteasome complex [GO:0000502]; proteasome regulatory particle [GO:0005838]; proteasome regulatory particle, base subcomplex [GO:0008540]; proteasome storage granule [GO:0034515]; secretory granule lumen [GO:0034774]
Q13242	Q13242	SRSF9_HUMAN	Serine/arginine-rich splicing factor 9 (Pre-mRNA-splicing factor SRp30C) (Splicing factor, arginine/serine-rich 9)	SRSF9 SFRS9 SRP30C	alternative mRNA splicing, via spliceosome [GO:0000380]; mRNA 3'-end processing [GO:0031124]; mRNA export from nucleus [GO:0006406]; mRNA processing [GO:0006397]; mRNA splice site selection [GO:0006376]; mRNA splicing, via spliceosome [GO:0000398]; negative regulation of mRNA splicing, via spliceosome [GO:0048025]; response to alkaloid [GO:0043279]; response to toxic substance [GO:0009636]; RNA export from nucleus [GO:0006405]	protein domain specific binding [GO:0019904]; RNA binding [GO:0003723]	nuclear speck [GO:0016607]; nucleolus [GO:0005730]; nucleoplasm [GO:0005654]
Q13247	Q13247	SRSF6_HUMAN	Serine/arginine-rich splicing factor 6 (Pre-mRNA-splicing factor SRP55) (Splicing factor, arginine/serine-rich 6)	SRSF6 SFRS6 SRP55	alternative mRNA splicing, via spliceosome [GO:0000380]; mRNA 3'-end processing [GO:0031124]; mRNA export from nucleus [GO:0006406]; mRNA splice site selection [GO:0006376]; mRNA splicing, via spliceosome [GO:0000398]; negative regulation of cell death [GO:0060548]; negative regulation of keratinocyte differentiation [GO:0045617]; negative regulation of mRNA splicing, via spliceosome [GO:0048025]; negative regulation of type B pancreatic cell apoptotic process [GO:2000675]; positive regulation of epithelial cell proliferation involved in lung morphogenesis [GO:0060501]; regulation of alternative mRNA splicing, via spliceosome [GO:0000381]; regulation of keratinocyte proliferation [GO:0010837]; regulation of wound healing [GO:0061041]; response to insulin [GO:0032868]; RNA export from nucleus [GO:0006405]	mRNA binding [GO:0003729]; pre-mRNA binding [GO:0036002]; RNA binding [GO:0003723]	nuclear speck [GO:0016607]; nucleoplasm [GO:0005654]
Q13263	Q13263	TIF1B_HUMAN	Transcription intermediary factor 1-beta (TIF1-beta) (E3 SUMO-protein ligase TRIM28) (EC 2.3.2.27) (KRAB-associated protein 1) (KAP-1) (KRAB-interacting protein 1) (KRIP-1) (Nuclear corepressor KAP-1) (RING finger protein 96) (RING-type E3 ubiquitin transferase TIF1-beta) (Tripartite motif-containing protein 28)	TRIM28 KAP1 RNF96 TIF1B	chromatin organization [GO:0006325]; convergent extension involved in axis elongation [GO:0060028]; DNA methylation involved in embryo development [GO:0043045]; DNA repair [GO:0006281]; embryo implantation [GO:0007566]; embryonic placenta morphogenesis [GO:0060669]; epithelial to mesenchymal transition [GO:0001837]; innate immune response [GO:0045087]; negative regulation of DNA demethylation [GO:1901536]; negative regulation of single stranded viral RNA replication via double stranded DNA intermediate [GO:0045869]; negative regulation of transcription, DNA-templated [GO:0045892]; negative regulation of transcription by RNA polymerase II [GO:0000122]; negative regulation of viral release from host cell [GO:1902187]; positive regulation of DNA binding [GO:0043388]; positive regulation of DNA methylation-dependent heterochromatin assembly [GO:0090309]; positive regulation of DNA repair [GO:0045739]; positive regulation of protein import into nucleus [GO:0042307]; positive regulation of transcription, DNA-templated [GO:0045893]; protein autophosphorylation [GO:0046777]; protein sumoylation [GO:0016925]; Ras protein signal transduction [GO:0007265]; regulation of genetic imprinting [GO:2000653]; regulation of transcription initiation from RNA polymerase II promoter [GO:0060260]; viral process [GO:0016032]	chromatin binding [GO:0003682]; chromo shadow domain binding [GO:0070087]; DNA binding [GO:0003677]; Krueppel-associated box domain binding [GO:0035851]; promoter-specific chromatin binding [GO:1990841]; protein kinase activity [GO:0004672]; RNA binding [GO:0003723]; SUMO transferase activity [GO:0019789]; transcription coactivator activity [GO:0003713]; transcription corepressor activity [GO:0003714]; ubiquitin protein ligase binding [GO:0031625]; ubiquitin-protein transferase activity [GO:0004842]; zinc ion binding [GO:0008270]	chromatin [GO:0000785]; euchromatin [GO:0000791]; heterochromatin [GO:0000792]; nucleoplasm [GO:0005654]; nucleus [GO:0005634]; protein-containing complex [GO:0032991]; RNA polymerase II transcription regulator complex [GO:0090575]
Q13283	Q13283	G3BP1_HUMAN	Ras GTPase-activating protein-binding protein 1 (G3BP-1) (EC 3.6.4.12) (EC 3.6.4.13) (ATP-dependent DNA helicase VIII) (hDH VIII) (GAP SH3 domain-binding protein 1)	G3BP1 G3BP	defense response to virus [GO:0051607]; innate immune response [GO:0045087]; positive regulation of stress granule assembly [GO:0062029]; positive regulation of type I interferon production [GO:0032481]; Ras protein signal transduction [GO:0007265]; stress granule assembly [GO:0034063]; viral process [GO:0016032]	ATP binding [GO:0005524]; DNA/RNA helicase activity [GO:0033677]; DNA binding [GO:0003677]; DNA helicase activity [GO:0003678]; endonuclease activity [GO:0004519]; mRNA binding [GO:0003729]; RNA binding [GO:0003723]; RNA helicase activity [GO:0003724]	cytoplasm [GO:0005737]; cytoplasmic stress granule [GO:0010494]; cytosol [GO:0005829]; focal adhesion [GO:0005925]; nucleus [GO:0005634]; perikaryon [GO:0043204]; ribonucleoprotein complex [GO:1990904]
Q13370	Q13370	PDE3B_HUMAN	cGMP-inhibited 3',5'-cyclic phosphodiesterase B (EC 3.1.4.17) (CGIPDE1) (CGIP1) (Cyclic GMP-inhibited phosphodiesterase B) (CGI-PDE B)	PDE3B	angiogenesis [GO:0001525]; cellular response to insulin stimulus [GO:0032869]; G protein-coupled receptor signaling pathway [GO:0007186]; negative regulation of angiogenesis [GO:0016525]; negative regulation of cAMP-mediated signaling [GO:0043951]; negative regulation of cell adhesion [GO:0007162]; negative regulation of cell adhesion mediated by integrin [GO:0033629]; negative regulation of lipid catabolic process [GO:0050995]; signal transduction [GO:0007165]	3',5'-cyclic-AMP phosphodiesterase activity [GO:0004115]; 3',5'-cyclic-nucleotide phosphodiesterase activity [GO:0004114]; cGMP-inhibited cyclic-nucleotide phosphodiesterase activity [GO:0004119]; metal ion binding [GO:0046872]; protein kinase B binding [GO:0043422]	cytosol [GO:0005829]; endoplasmic reticulum [GO:0005783]; Golgi apparatus [GO:0005794]; guanyl-nucleotide exchange factor complex [GO:0032045]; integral component of membrane [GO:0016021]; membrane [GO:0016020]
Q13427	Q13427	PPIG_HUMAN	Peptidyl-prolyl cis-trans isomerase G (PPIase G) (Peptidyl-prolyl isomerase G) (EC 5.2.1.8) (CASP10) (Clk-associating RS-cyclophilin) (CARS-Cyp) (CARS-cyclophilin) (SR-cyclophilin) (SR-cyp) (SRcyp) (Cyclophilin G) (Rotamase G)	PPIG	protein folding [GO:0006457]; protein peptidyl-prolyl isomerization [GO:0000413]; RNA splicing [GO:0008380]	cyclosporin A binding [GO:0016018]; peptidyl-prolyl cis-trans isomerase activity [GO:0003755]; RNA binding [GO:0003723]	cytoplasm [GO:0005737]; cytosol [GO:0005829]; intracellular membrane-bounded organelle [GO:0043231]; nuclear matrix [GO:0016363]; nuclear speck [GO:0016607]; nucleoplasm [GO:0005654]; nucleus [GO:0005634]
Q13435	Q13435	SF3B2_HUMAN	Splicing factor 3B subunit 2 (Pre-mRNA-splicing factor SF3b 145 kDa subunit) (SF3b145) (Spliceosome-associated protein 145) (SAP 145)	SF3B2 SAP145	mRNA processing [GO:0006397]; mRNA splicing, via spliceosome [GO:0000398]; RNA splicing [GO:0008380]; viral process [GO:0016032]	RNA binding [GO:0003723]	catalytic step 2 spliceosome [GO:0071013]; nuclear speck [GO:0016607]; nucleoplasm [GO:0005654]; nucleus [GO:0005634]; precatalytic spliceosome [GO:0071011]; spliceosomal complex [GO:0005681]; U12-type spliceosomal complex [GO:0005689]; U2 snRNP [GO:0005686]; U2-type precatalytic spliceosome [GO:0071005]; U2-type spliceosomal complex [GO:0005684]
Q13443	Q13443	ADAM9_HUMAN	Disintegrin and metalloproteinase domain-containing protein 9 (ADAM 9) (EC 3.4.24.-) (Cellular disintegrin-related protein) (Meltrin-gamma) (Metalloprotease/disintegrin/cysteine-rich protein 9) (Myeloma cell metalloproteinase)	ADAM9 KIAA0021 MCMP MDC9 MLTNG	activation of MAPKK activity [GO:0000186]; amyloid precursor protein catabolic process [GO:0042987]; cell adhesion [GO:0007155]; cell adhesion mediated by integrin [GO:0033627]; cell-cell adhesion mediated by integrin [GO:0033631]; cell-matrix adhesion [GO:0007160]; cell migration [GO:0016477]; cellular response to lipopolysaccharide [GO:0071222]; integrin-mediated signaling pathway [GO:0007229]; keratinocyte differentiation [GO:0030216]; membrane protein ectodomain proteolysis [GO:0006509]; membrane protein intracellular domain proteolysis [GO:0031293]; monocyte activation [GO:0042117]; positive regulation of cell adhesion mediated by integrin [GO:0033630]; positive regulation of cell migration [GO:0030335]; positive regulation of keratinocyte migration [GO:0051549]; positive regulation of macrophage fusion [GO:0034241]; positive regulation of membrane protein ectodomain proteolysis [GO:0051044]; positive regulation of protein secretion [GO:0050714]; protein processing [GO:0016485]; response to calcium ion [GO:0051592]; response to glucocorticoid [GO:0051384]; response to hydrogen peroxide [GO:0042542]; response to manganese ion [GO:0010042]; response to tumor necrosis factor [GO:0034612]; transforming growth factor beta receptor signaling pathway [GO:0007179]	collagen binding [GO:0005518]; integrin binding [GO:0005178]; laminin binding [GO:0043236]; metal ion binding [GO:0046872]; metalloendopeptidase activity [GO:0004222]; metalloendopeptidase activity involved in amyloid precursor protein catabolic process [GO:1902945]; metallopeptidase activity [GO:0008237]; protein kinase C binding [GO:0005080]; SH3 domain binding [GO:0017124]	cell surface [GO:0009986]; extracellular exosome [GO:0070062]; extracellular space [GO:0005615]; focal adhesion [GO:0005925]; integral component of membrane [GO:0016021]; intrinsic component of external side of plasma membrane [GO:0031233]
Q13469	Q13469	NFAC2_HUMAN	Nuclear factor of activated T-cells, cytoplasmic 2 (NF-ATc2) (NFATc2) (NFAT pre-existing subunit) (NF-ATp) (T-cell transcription factor NFAT1)	NFATC2 NFAT1 NFATP	B cell receptor signaling pathway [GO:0050853]; calcineurin-NFAT signaling cascade [GO:0033173]; cell migration [GO:0016477]; cellular response to DNA damage stimulus [GO:0006974]; Fc-epsilon receptor signaling pathway [GO:0038095]; myotube cell development [GO:0014904]; negative regulation of vascular associated smooth muscle cell differentiation [GO:1905064]; positive regulation of B cell proliferation [GO:0030890]; positive regulation of gene expression [GO:0010628]; positive regulation of myoblast fusion [GO:1901741]; positive regulation of transcription, DNA-templated [GO:0045893]; regulation of regulatory T cell differentiation [GO:0045589]; regulation of transcription, DNA-templated [GO:0006355]; regulation of transcription by RNA polymerase II [GO:0006357]; response to drug [GO:0042493]	chromatin binding [GO:0003682]; DNA binding [GO:0003677]; DNA-binding transcription activator activity, RNA polymerase II-specific [GO:0001228]; DNA-binding transcription factor activity [GO:0003700]; DNA-binding transcription factor activity, RNA polymerase II-specific [GO:0000981]; DNA-binding transcription repressor activity, RNA polymerase II-specific [GO:0001227]; phosphatase binding [GO:0019902]; RNA polymerase II cis-regulatory region sequence-specific DNA binding [GO:0000978]; sequence-specific double-stranded DNA binding [GO:1990837]; transcription factor binding [GO:0008134]	chromatin [GO:0000785]; cytoplasm [GO:0005737]; cytosol [GO:0005829]; nucleoplasm [GO:0005654]; nucleus [GO:0005634]; ribonucleoprotein complex [GO:1990904]; transcription regulator complex [GO:0005667]
Q13501	Q13501	SQSTM_HUMAN	Sequestosome-1 (EBI3-associated protein of 60 kDa) (EBIAP) (p60) (Phosphotyrosine-independent ligand for the Lck SH2 domain of 62 kDa) (Ubiquitin-binding protein p62)	SQSTM1 ORCA OSIL	aggrephagy [GO:0035973]; apoptotic process [GO:0006915]; autophagy [GO:0006914]; autophagy of mitochondrion [GO:0000422]; cell differentiation [GO:0030154]; endosomal transport [GO:0016197]; endosome organization [GO:0007032]; immune system process [GO:0002376]; interleukin-1-mediated signaling pathway [GO:0070498]; intracellular signal transduction [GO:0035556]; macroautophagy [GO:0016236]; mitophagy [GO:0000423]; negative regulation of apoptotic process [GO:0043066]; negative regulation of protein ubiquitination [GO:0031397]; negative regulation of transcription by RNA polymerase II [GO:0000122]; pexophagy [GO:0000425]; positive regulation of apoptotic process [GO:0043065]; positive regulation of long-term synaptic potentiation [GO:1900273]; positive regulation of protein localization to plasma membrane [GO:1903078]; positive regulation of protein phosphorylation [GO:0001934]; positive regulation of transcription by RNA polymerase II [GO:0045944]; protein localization [GO:0008104]; protein localization to perinuclear region of cytoplasm [GO:1905719]; regulation of I-kappaB kinase/NF-kappaB signaling [GO:0043122]; regulation of mitochondrion organization [GO:0010821]; regulation of protein complex stability [GO:0061635]; regulation of Ras protein signal transduction [GO:0046578]; response to ischemia [GO:0002931]; response to mitochondrial depolarisation [GO:0098780]; selective autophagy [GO:0061912]; ubiquitin-dependent protein catabolic process [GO:0006511]	enzyme binding [GO:0019899]; identical protein binding [GO:0042802]; ionotropic glutamate receptor binding [GO:0035255]; K63-linked polyubiquitin modification-dependent protein binding [GO:0070530]; protein-containing complex binding [GO:0044877]; protein kinase binding [GO:0019901]; protein kinase C binding [GO:0005080]; protein serine/threonine kinase activity [GO:0004674]; receptor tyrosine kinase binding [GO:0030971]; SH2 domain binding [GO:0042169]; ubiquitin binding [GO:0043130]; ubiquitin protein ligase binding [GO:0031625]; zinc ion binding [GO:0008270]	aggresome [GO:0016235]; amphisome [GO:0044753]; autolysosome [GO:0044754]; autophagosome [GO:0005776]; cytoplasm [GO:0005737]; cytosol [GO:0005829]; endoplasmic reticulum [GO:0005783]; extracellular exosome [GO:0070062]; inclusion body [GO:0016234]; intracellular membrane-bounded organelle [GO:0043231]; late endosome [GO:0005770]; Lewy body [GO:0097413]; mitochondrion [GO:0005739]; nucleoplasm [GO:0005654]; P-body [GO:0000932]; phagophore assembly site [GO:0000407]; PML body [GO:0016605]; sarcomere [GO:0030017]; sperm midpiece [GO:0097225]
Q13523	Q13523	PRP4B_HUMAN	Serine/threonine-protein kinase PRP4 homolog (EC 2.7.11.1) (PRP4 kinase) (PRP4 pre-mRNA-processing factor 4 homolog)	PRPF4B KIAA0536 PRP4 PRP4H PRP4K	mRNA cis splicing, via spliceosome [GO:0045292]; mRNA splicing, via spliceosome [GO:0000398]; protein phosphorylation [GO:0006468]; RNA splicing [GO:0008380]	ATP binding [GO:0005524]; protein kinase activity [GO:0004672]; protein serine kinase activity [GO:0106310]; protein threonine kinase activity [GO:0106311]; RNA binding [GO:0003723]	catalytic step 2 spliceosome [GO:0071013]; chromosome [GO:0005694]; nuclear speck [GO:0016607]; nucleus [GO:0005634]
Q13547	Q13547	HDAC1_HUMAN	Histone deacetylase 1 (HD1) (EC 3.5.1.98)	HDAC1 RPD3L1	ATP-dependent chromatin remodeling [GO:0043044]; beta-catenin-TCF complex assembly [GO:1904837]; blood coagulation [GO:0007596]; chromatin organization [GO:0006325]; chromatin remodeling [GO:0006338]; circadian regulation of gene expression [GO:0032922]; DNA methylation-dependent heterochromatin assembly [GO:0006346]; embryonic digit morphogenesis [GO:0042733]; endoderm development [GO:0007492]; epidermal cell differentiation [GO:0009913]; eyelid development in camera-type eye [GO:0061029]; fungiform papilla formation [GO:0061198]; hair follicle placode formation [GO:0060789]; hippocampus development [GO:0021766]; histone deacetylation [GO:0016575]; histone H3 deacetylation [GO:0070932]; histone H4 deacetylation [GO:0070933]; negative regulation by host of viral transcription [GO:0043922]; negative regulation of androgen receptor signaling pathway [GO:0060766]; negative regulation of apoptotic process [GO:0043066]; negative regulation of canonical Wnt signaling pathway [GO:0090090]; negative regulation of gene expression [GO:0010629]; negative regulation of I-kappaB kinase/NF-kappaB signaling [GO:0043124]; negative regulation of intrinsic apoptotic signaling pathway [GO:2001243]; negative regulation of transcription, DNA-templated [GO:0045892]; negative regulation of transcription by RNA polymerase II [GO:0000122]; neuron differentiation [GO:0030182]; odontogenesis of dentin-containing tooth [GO:0042475]; positive regulation of cell population proliferation [GO:0008284]; positive regulation of oligodendrocyte differentiation [GO:0048714]; positive regulation of signaling receptor activity [GO:2000273]; positive regulation of transcription, DNA-templated [GO:0045893]; positive regulation of transcription by RNA polymerase II [GO:0045944]; protein deacetylation [GO:0006476]; regulation of amyloid-beta clearance [GO:1900221]; regulation of endopeptidase activity [GO:0052548]; regulation of megakaryocyte differentiation [GO:0045652]; regulation of signal transduction by p53 class mediator [GO:1901796]; regulation of transcription by RNA polymerase II [GO:0006357]; transcription initiation from RNA polymerase II promoter [GO:0006367]	activating transcription factor binding [GO:0033613]; core promoter sequence-specific DNA binding [GO:0001046]; deacetylase activity [GO:0019213]; E-box binding [GO:0070888]; enzyme binding [GO:0019899]; histone deacetylase activity [GO:0004407]; histone deacetylase binding [GO:0042826]; Krueppel-associated box domain binding [GO:0035851]; NAD-dependent histone deacetylase activity (H3-K14 specific) [GO:0032041]; NF-kappaB binding [GO:0051059]; p53 binding [GO:0002039]; promoter-specific chromatin binding [GO:1990841]; protein deacetylase activity [GO:0033558]; protein N-terminus binding [GO:0047485]; repressing transcription factor binding [GO:0070491]; RNA polymerase II cis-regulatory region sequence-specific DNA binding [GO:0000978]; RNA polymerase II core promoter sequence-specific DNA binding [GO:0000979]; RNA polymerase II repressing transcription factor binding [GO:0001103]; RNA polymerase II transcription factor binding [GO:0001085]; transcription corepressor activity [GO:0003714]; transcription factor binding [GO:0008134]	chromatin [GO:0000785]; cytoplasm [GO:0005737]; cytosol [GO:0005829]; heterochromatin [GO:0000792]; histone deacetylase complex [GO:0000118]; neuronal cell body [GO:0043025]; nucleoplasm [GO:0005654]; nucleus [GO:0005634]; NuRD complex [GO:0016581]; protein-containing complex [GO:0032991]; Sin3 complex [GO:0016580]
Q13574	Q13574	DGKZ_HUMAN	Diacylglycerol kinase zeta (DAG kinase zeta) (EC 2.7.1.107) (Diglyceride kinase zeta) (DGK-zeta)	DGKZ DAGK6	cell migration [GO:0016477]; diacylglycerol metabolic process [GO:0046339]; glycerolipid metabolic process [GO:0046486]; intracellular signal transduction [GO:0035556]; lipid phosphorylation [GO:0046834]; mitotic G1 DNA damage checkpoint [GO:0031571]; negative regulation of mitotic cell cycle [GO:0045930]; negative regulation of T cell receptor signaling pathway [GO:0050860]; phosphatidic acid biosynthetic process [GO:0006654]; platelet activation [GO:0030168]; positive regulation of 1-phosphatidylinositol-4-phosphate 5-kinase activity [GO:0090216]; protein kinase C-activating G protein-coupled receptor signaling pathway [GO:0007205]; regulation of synaptic transmission, glutamatergic [GO:0051966]	ATP binding [GO:0005524]; diacylglycerol kinase activity [GO:0004143]; kinase activity [GO:0016301]; lipid kinase activity [GO:0001727]; metal ion binding [GO:0046872]; NAD+ kinase activity [GO:0003951]; protein C-terminus binding [GO:0008022]	cytoplasm [GO:0005737]; cytosol [GO:0005829]; glutamatergic synapse [GO:0098978]; lamellipodium [GO:0030027]; nuclear speck [GO:0016607]; nucleus [GO:0005634]; plasma membrane [GO:0005886]; postsynaptic density [GO:0014069]
Q13617	Q13617	CUL2_HUMAN	Cullin-2 (CUL-2)	CUL2	G1/S transition of mitotic cell cycle [GO:0000082]; intrinsic apoptotic signaling pathway [GO:0097193]; post-translational protein modification [GO:0043687]; protein ubiquitination [GO:0016567]; regulation of transcription from RNA polymerase II promoter in response to hypoxia [GO:0061418]; SCF-dependent proteasomal ubiquitin-dependent protein catabolic process [GO:0031146]; viral process [GO:0016032]	protein-containing complex binding [GO:0044877]; ubiquitin protein ligase binding [GO:0031625]; ubiquitin-protein transferase activity [GO:0004842]	Cul2-RING ubiquitin ligase complex [GO:0031462]; cullin-RING ubiquitin ligase complex [GO:0031461]; cytosol [GO:0005829]; nucleoplasm [GO:0005654]; SCF ubiquitin ligase complex [GO:0019005]; VCB complex [GO:0030891]
Q13627	Q13627	DYR1A_HUMAN	Dual specificity tyrosine-phosphorylation-regulated kinase 1A (EC 2.7.12.1) (Dual specificity YAK1-related kinase) (HP86) (Protein kinase minibrain homolog) (MNBH) (hMNB)	DYRK1A DYRK MNB MNBH	amyloid-beta formation [GO:0034205]; circadian rhythm [GO:0007623]; negative regulation of DNA damage response, signal transduction by p53 class mediator [GO:0043518]; negative regulation of microtubule polymerization [GO:0031115]; negative regulation of mRNA splicing, via spliceosome [GO:0048025]; nervous system development [GO:0007399]; peptidyl-serine autophosphorylation [GO:0036289]; peptidyl-serine phosphorylation [GO:0018105]; peptidyl-threonine phosphorylation [GO:0018107]; peptidyl-tyrosine autophosphorylation [GO:0038083]; peptidyl-tyrosine phosphorylation [GO:0018108]; positive regulation of protein deacetylation [GO:0090312]; positive regulation of RNA splicing [GO:0033120]; positive regulation of transcription, DNA-templated [GO:0045893]; protein autophosphorylation [GO:0046777]; protein phosphorylation [GO:0006468]; regulation of alternative mRNA splicing, via spliceosome [GO:0000381]; viral process [GO:0016032]	actin binding [GO:0003779]; ATP binding [GO:0005524]; cytoskeletal protein binding [GO:0008092]; identical protein binding [GO:0042802]; non-membrane spanning protein tyrosine kinase activity [GO:0004715]; protein kinase activity [GO:0004672]; protein self-association [GO:0043621]; protein serine/threonine/tyrosine kinase activity [GO:0004712]; protein serine/threonine kinase activity [GO:0004674]; protein serine kinase activity [GO:0106310]; protein threonine kinase activity [GO:0106311]; protein tyrosine kinase activity [GO:0004713]; tau protein binding [GO:0048156]; tau-protein kinase activity [GO:0050321]; transcription coactivator activity [GO:0003713]; transmembrane receptor protein tyrosine kinase activity [GO:0004714]; tubulin binding [GO:0015631]	axon [GO:0030424]; cytoplasm [GO:0005737]; cytoskeleton [GO:0005856]; dendrite [GO:0030425]; nuclear speck [GO:0016607]; nucleoplasm [GO:0005654]; nucleus [GO:0005634]; ribonucleoprotein complex [GO:1990904]
Q13884	Q13884	SNTB1_HUMAN	Beta-1-syntrophin (59 kDa dystrophin-associated protein A1 basic component 1) (DAPA1B) (BSYN2) (Syntrophin-2) (Tax interaction protein 43) (TIP-43)	SNTB1 SNT2B1	muscle contraction [GO:0006936]	actin binding [GO:0003779]; calmodulin binding [GO:0005516]; PDZ domain binding [GO:0030165]; structural molecule activity [GO:0005198]	cytoplasm [GO:0005737]; cytoskeleton [GO:0005856]; dystrophin-associated glycoprotein complex [GO:0016010]; focal adhesion [GO:0005925]; protein-containing complex [GO:0032991]; sarcolemma [GO:0042383]; synapse [GO:0045202]
Q13905	Q13905	RPGF1_HUMAN	Rap guanine nucleotide exchange factor 1 (CRK SH3-binding GNRP) (Guanine nucleotide-releasing factor 2) (Protein C3G)	RAPGEF1 GRF2	activation of GTPase activity [GO:0090630]; activation of MAPKK activity [GO:0000186]; blood vessel development [GO:0001568]; cell-cell adhesion [GO:0098609]; cellular response to cAMP [GO:0071320]; cellular response to nerve growth factor stimulus [GO:1990090]; cytokine-mediated signaling pathway [GO:0019221]; establishment of endothelial barrier [GO:0061028]; negative regulation of canonical Wnt signaling pathway [GO:0090090]; negative regulation of ERK1 and ERK2 cascade [GO:0070373]; negative regulation of neural precursor cell proliferation [GO:2000178]; negative regulation of protein kinase B signaling [GO:0051898]; negative regulation of Ras protein signal transduction [GO:0046580]; nerve growth factor signaling pathway [GO:0038180]; nervous system development [GO:0007399]; platelet-derived growth factor receptor signaling pathway [GO:0048008]; positive regulation of ERK1 and ERK2 cascade [GO:0070374]; positive regulation of Fc-gamma receptor signaling pathway involved in phagocytosis [GO:1905451]; positive regulation of GTPase activity [GO:0043547]; positive regulation of neuron projection development [GO:0010976]; positive regulation of Ras protein signal transduction [GO:0046579]; Rap protein signal transduction [GO:0032486]; regulation of cell junction assembly [GO:1901888]; regulation of JNK cascade [GO:0046328]; signal transduction [GO:0007165]; transmembrane receptor protein tyrosine kinase signaling pathway [GO:0007169]	guanyl-nucleotide exchange factor activity [GO:0005085]; SH3 domain binding [GO:0017124]	cytoplasm [GO:0005737]; cytosol [GO:0005829]; early endosome [GO:0005769]; intracellular membrane-bounded organelle [GO:0043231]; perinuclear region of cytoplasm [GO:0048471]; phagocytic vesicle membrane [GO:0030670]; protein-containing complex [GO:0032991]
Q14004	Q14004	CDK13_HUMAN	Cyclin-dependent kinase 13 (EC 2.7.11.22) (EC 2.7.11.23) (CDC2-related protein kinase 5) (Cell division cycle 2-like protein kinase 5) (Cell division protein kinase 13) (hCDK13) (Cholinesterase-related cell division controller)	CDK13 CDC2L CDC2L5 CHED KIAA1791	alternative mRNA splicing, via spliceosome [GO:0000380]; hemopoiesis [GO:0030097]; multicellular organism development [GO:0007275]; negative regulation of stem cell differentiation [GO:2000737]; neutrophil degranulation [GO:0043312]; phosphorylation of RNA polymerase II C-terminal domain [GO:0070816]; positive regulation of cell population proliferation [GO:0008284]; positive regulation of transcription elongation from RNA polymerase II promoter [GO:0032968]; protein phosphorylation [GO:0006468]; regulation of mitotic nuclear division [GO:0007088]; transcription elongation from RNA polymerase II promoter [GO:0006368]; viral process [GO:0016032]	ATP binding [GO:0005524]; cyclin binding [GO:0030332]; cyclin-dependent protein serine/threonine kinase activity [GO:0004693]; protein kinase activity [GO:0004672]; protein kinase binding [GO:0019901]; protein serine kinase activity [GO:0106310]; protein threonine kinase activity [GO:0106311]; RNA binding [GO:0003723]; RNA polymerase II CTD heptapeptide repeat kinase activity [GO:0008353]	cyclin/CDK positive transcription elongation factor complex [GO:0008024]; cyclin-dependent protein kinase holoenzyme complex [GO:0000307]; cyclin K-CDK13 complex [GO:0002945]; cytosol [GO:0005829]; extracellular region [GO:0005576]; extracellular space [GO:0005615]; ficolin-1-rich granule lumen [GO:1904813]; Golgi apparatus [GO:0005794]; nuclear cyclin-dependent protein kinase holoenzyme complex [GO:0019908]; nuclear speck [GO:0016607]; nucleoplasm [GO:0005654]; nucleus [GO:0005634]
Q14012	Q14012	KCC1A_HUMAN	Calcium/calmodulin-dependent protein kinase type 1 (EC 2.7.11.17) (CaM kinase I) (CaM-KI) (CaM kinase I alpha) (CaMKI-alpha)	CAMK1	cell cycle [GO:0007049]; cell differentiation [GO:0030154]; chemical synaptic transmission [GO:0007268]; negative regulation of protein binding [GO:0032091]; nervous system development [GO:0007399]; nucleocytoplasmic transport [GO:0006913]; peptidyl-serine phosphorylation [GO:0018105]; positive regulation of dendritic spine development [GO:0060999]; positive regulation of muscle cell differentiation [GO:0051149]; positive regulation of neuron projection development [GO:0010976]; positive regulation of peptidyl-serine phosphorylation [GO:0033138]; positive regulation of protein acetylation [GO:1901985]; positive regulation of protein export from nucleus [GO:0046827]; positive regulation of protein serine/threonine kinase activity [GO:0071902]; positive regulation of synapse structural plasticity [GO:0051835]; positive regulation of syncytium formation by plasma membrane fusion [GO:0060143]; positive regulation of transcription by RNA polymerase II [GO:0045944]; protein phosphorylation [GO:0006468]; regulation of muscle cell differentiation [GO:0051147]; regulation of protein binding [GO:0043393]; regulation of protein localization [GO:0032880]; signal transduction [GO:0007165]	ATP binding [GO:0005524]; calmodulin binding [GO:0005516]; calmodulin-dependent protein kinase activity [GO:0004683]; protein serine kinase activity [GO:0106310]; protein threonine kinase activity [GO:0106311]	cytosol [GO:0005829]; glutamatergic synapse [GO:0098978]; nucleus [GO:0005634]; postsynaptic density [GO:0014069]
Q14157	Q14157	UBP2L_HUMAN	Ubiquitin-associated protein 2-like (Protein NICE-4)	UBAP2L KIAA0144 NICE4	binding of sperm to zona pellucida [GO:0007339]; hematopoietic stem cell homeostasis [GO:0061484]; stress granule assembly [GO:0034063]	RNA binding [GO:0003723]	cytoplasm [GO:0005737]; cytoplasmic stress granule [GO:0010494]; nucleus [GO:0005634]; PcG protein complex [GO:0031519]
Q14161	Q14161	GIT2_HUMAN	ARF GTPase-activating protein GIT2 (ARF GAP GIT2) (Cool-interacting tyrosine-phosphorylated protein 2) (CAT-2) (CAT2) (G protein-coupled receptor kinase-interactor 2) (GRK-interacting protein 2)	GIT2 KIAA0148	positive regulation of GTPase activity [GO:0043547]; regulation of G protein-coupled receptor signaling pathway [GO:0008277]	GTPase activator activity [GO:0005096]; metal ion binding [GO:0046872]	focal adhesion [GO:0005925]; nucleoplasm [GO:0005654]
Q14258	Q14258	TRI25_HUMAN	E3 ubiquitin/ISG15 ligase TRIM25 (EC 6.3.2.n3) (Estrogen-responsive finger protein) (RING finger protein 147) (RING-type E3 ubiquitin transferase) (EC 2.3.2.27) (RING-type E3 ubiquitin transferase TRIM25) (Tripartite motif-containing protein 25) (Ubiquitin/ISG15-conjugating enzyme TRIM25) (Zinc finger protein 147)	TRIM25 EFP RNF147 ZNF147	cellular response to leukemia inhibitory factor [GO:1990830]; defense response to virus [GO:0051607]; innate immune response [GO:0045087]; interferon-gamma-mediated signaling pathway [GO:0060333]; negative regulation of type I interferon production [GO:0032480]; negative regulation of viral entry into host cell [GO:0046597]; negative regulation of viral release from host cell [GO:1902187]; positive regulation of DNA-binding transcription factor activity [GO:0051091]; positive regulation of I-kappaB kinase/NF-kappaB signaling [GO:0043123]; positive regulation of NF-kappaB transcription factor activity [GO:0051092]; protein monoubiquitination [GO:0006513]; regulation of protein localization [GO:0032880]; regulation of viral entry into host cell [GO:0046596]; regulation of viral release from host cell [GO:1902186]; response to estrogen [GO:0043627]; response to vitamin D [GO:0033280]; translesion synthesis [GO:0019985]; ubiquitin-dependent ERAD pathway [GO:0030433]; ubiquitin-dependent protein catabolic process [GO:0006511]; viral process [GO:0016032]	cadherin binding [GO:0045296]; ligase activity [GO:0016874]; metal ion binding [GO:0046872]; RIG-I binding [GO:0039552]; RNA binding [GO:0003723]; transcription coactivator activity [GO:0003713]; ubiquitin protein ligase activity [GO:0061630]	cytoplasmic stress granule [GO:0010494]; cytosol [GO:0005829]; nuclear body [GO:0016604]; nucleoplasm [GO:0005654]
Q14289	Q14289	FAK2_HUMAN	Protein-tyrosine kinase 2-beta (EC 2.7.10.2) (Calcium-dependent tyrosine kinase) (CADTK) (Calcium-regulated non-receptor proline-rich tyrosine kinase) (Cell adhesion kinase beta) (CAK-beta) (CAKB) (Focal adhesion kinase 2) (FADK 2) (Proline-rich tyrosine kinase 2) (Related adhesion focal tyrosine kinase) (RAFTK)	PTK2B FAK2 PYK2 RAFTK	activation of GTPase activity [GO:0090630]; activation of Janus kinase activity [GO:0042976]; adaptive immune response [GO:0002250]; angiogenesis [GO:0001525]; apoptotic process [GO:0006915]; blood vessel endothelial cell migration [GO:0043534]; bone resorption [GO:0045453]; cell differentiation [GO:0030154]; cell surface receptor signaling pathway [GO:0007166]; cellular defense response [GO:0006968]; cellular response to fluid shear stress [GO:0071498]; cellular response to retinoic acid [GO:0071300]; chemokine-mediated signaling pathway [GO:0070098]; endothelin receptor signaling pathway [GO:0086100]; epidermal growth factor receptor signaling pathway [GO:0007173]; focal adhesion assembly [GO:0048041]; glial cell proliferation [GO:0014009]; innate immune response [GO:0045087]; integrin-mediated signaling pathway [GO:0007229]; interleukin-2-mediated signaling pathway [GO:0038110]; ionotropic glutamate receptor signaling pathway [GO:0035235]; long-term synaptic depression [GO:0060292]; long-term synaptic potentiation [GO:0060291]; MAPK cascade [GO:0000165]; marginal zone B cell differentiation [GO:0002315]; negative regulation of apoptotic process [GO:0043066]; negative regulation of bone mineralization [GO:0030502]; negative regulation of cell population proliferation [GO:0008285]; negative regulation of muscle cell apoptotic process [GO:0010656]; negative regulation of myeloid cell differentiation [GO:0045638]; negative regulation of neuron apoptotic process [GO:0043524]; negative regulation of potassium ion transport [GO:0043267]; neuron projection development [GO:0031175]; oocyte maturation [GO:0001556]; peptidyl-tyrosine autophosphorylation [GO:0038083]; peptidyl-tyrosine phosphorylation [GO:0018108]; positive regulation of actin filament polymerization [GO:0030838]; positive regulation of angiogenesis [GO:0045766]; positive regulation of B cell chemotaxis [GO:2000538]; positive regulation of cell growth [GO:0030307]; positive regulation of cell-matrix adhesion [GO:0001954]; positive regulation of cell migration [GO:0030335]; positive regulation of cell population proliferation [GO:0008284]; positive regulation of cytosolic calcium ion concentration [GO:0007204]; positive regulation of DNA biosynthetic process [GO:2000573]; positive regulation of endothelial cell migration [GO:0010595]; positive regulation of ERK1 and ERK2 cascade [GO:0070374]; positive regulation of excitatory postsynaptic potential [GO:2000463]; positive regulation of JNK cascade [GO:0046330]; positive regulation of JUN kinase activity [GO:0043507]; positive regulation of neuron projection development [GO:0010976]; positive regulation of nitric oxide biosynthetic process [GO:0045429]; positive regulation of nitric-oxide synthase activity [GO:0051000]; positive regulation of peptidyl-tyrosine phosphorylation [GO:0050731]; positive regulation of phosphatidylinositol 3-kinase activity [GO:0043552]; positive regulation of protein kinase activity [GO:0045860]; positive regulation of reactive oxygen species metabolic process [GO:2000379]; positive regulation of synaptic transmission, glutamatergic [GO:0051968]; positive regulation of translation [GO:0045727]; positive regulation of ubiquitin-dependent protein catabolic process [GO:2000060]; protein autophosphorylation [GO:0046777]; protein-containing complex assembly [GO:0065003]; protein phosphorylation [GO:0006468]; regulation of actin cytoskeleton reorganization [GO:2000249]; regulation of calcium-mediated signaling [GO:0050848]; regulation of cell adhesion [GO:0030155]; regulation of cell shape [GO:0008360]; regulation of cGMP-mediated signaling [GO:0010752]; regulation of establishment of cell polarity [GO:2000114]; regulation of inositol trisphosphate biosynthetic process [GO:0032960]; regulation of macrophage chemotaxis [GO:0010758]; regulation of NMDA receptor activity [GO:2000310]; regulation of release of sequestered calcium ion into cytosol [GO:0051279]; regulation of synaptic plasticity [GO:0048167]; regulation of ubiquitin-dependent protein catabolic process [GO:2000058]; response to calcium ion [GO:0051592]; response to cAMP [GO:0051591]; response to cocaine [GO:0042220]; response to drug [GO:0042493]; response to ethanol [GO:0045471]; response to glucose [GO:0009749]; response to hormone [GO:0009725]; response to hydrogen peroxide [GO:0042542]; response to hypoxia [GO:0001666]; response to immobilization stress [GO:0035902]; response to lithium ion [GO:0010226]; response to mechanical stimulus [GO:0009612]; response to osmotic stress [GO:0006970]; signal complex assembly [GO:0007172]; signal transduction [GO:0007165]; sprouting angiogenesis [GO:0002040]; stress fiber assembly [GO:0043149]; transmembrane receptor protein tyrosine kinase signaling pathway [GO:0007169]; tumor necrosis factor-mediated signaling pathway [GO:0033209]; vascular endothelial growth factor receptor signaling pathway [GO:0048010]	3-phosphoinositide-dependent protein kinase binding [GO:0043423]; ATP binding [GO:0005524]; calmodulin-dependent protein kinase activity [GO:0004683]; NMDA glutamate receptor activity [GO:0004972]; non-membrane spanning protein tyrosine kinase activity [GO:0004715]; protein-containing complex binding [GO:0044877]; protein C-terminus binding [GO:0008022]; protein tyrosine kinase activity [GO:0004713]; signaling receptor binding [GO:0005102]; transmembrane receptor protein tyrosine kinase activity [GO:0004714]; ubiquitin protein ligase binding [GO:0031625]	apical dendrite [GO:0097440]; cell body [GO:0044297]; cell cortex [GO:0005938]; cytoplasm [GO:0005737]; cytoskeleton [GO:0005856]; cytosol [GO:0005829]; dendrite [GO:0030425]; dendritic spine [GO:0043197]; extrinsic component of cytoplasmic side of plasma membrane [GO:0031234]; focal adhesion [GO:0005925]; glutamatergic synapse [GO:0098978]; growth cone [GO:0030426]; lamellipodium [GO:0030027]; membrane raft [GO:0045121]; neuronal cell body [GO:0043025]; NMDA selective glutamate receptor complex [GO:0017146]; nucleus [GO:0005634]; perinuclear region of cytoplasm [GO:0048471]; postsynaptic density [GO:0014069]
Q14498	Q14498	RBM39_HUMAN	RNA-binding protein 39 (CAPER alpha) (CAPERalpha) (Hepatocellular carcinoma protein 1) (RNA-binding motif protein 39) (RNA-binding region-containing protein 2) (Splicing factor HCC1)	RBM39 HCC1 RNPC2	mRNA processing [GO:0006397]; regulation of mRNA splicing, via spliceosome [GO:0048024]; RNA processing [GO:0006396]; RNA splicing [GO:0008380]	RNA binding [GO:0003723]; RS domain binding [GO:0050733]	centriolar satellite [GO:0034451]; microtubule cytoskeleton [GO:0015630]; nuclear speck [GO:0016607]; nucleoplasm [GO:0005654]; protein-containing complex [GO:0032991]
Q14566	Q14566	MCM6_HUMAN	DNA replication licensing factor MCM6 (EC 3.6.4.12) (p105MCM)	MCM6	DNA replication [GO:0006260]; DNA replication initiation [GO:0006270]; DNA unwinding involved in DNA replication [GO:0006268]; double-strand break repair via break-induced replication [GO:0000727]; mitotic DNA replication [GO:1902969]; pre-replicative complex assembly [GO:0036388]; pre-replicative complex assembly involved in nuclear cell cycle DNA replication [GO:0006267]	ATP binding [GO:0005524]; DNA helicase activity [GO:0003678]; DNA replication origin binding [GO:0003688]; hydrolase activity [GO:0016787]; identical protein binding [GO:0042802]; single-stranded DNA binding [GO:0003697]	chromosome, telomeric region [GO:0000781]; CMG complex [GO:0071162]; MCM complex [GO:0042555]; nucleoplasm [GO:0005654]; nucleus [GO:0005634]
Q14643	Q14643	ITPR1_HUMAN	Inositol 1,4,5-trisphosphate receptor type 1 (IP3 receptor isoform 1) (IP3R 1) (InsP3R1) (Type 1 inositol 1,4,5-trisphosphate receptor) (Type 1 InsP3 receptor)	ITPR1 INSP3R1	calcium ion transport [GO:0006816]; endoplasmic reticulum calcium ion homeostasis [GO:0032469]; epithelial fluid transport [GO:0042045]; intrinsic apoptotic signaling pathway in response to endoplasmic reticulum stress [GO:0070059]; negative regulation of calcium-mediated signaling [GO:0050849]; platelet activation [GO:0030168]; post-embryonic development [GO:0009791]; regulation of autophagy [GO:0010506]; regulation of cardiac conduction [GO:1903779]; regulation of insulin secretion [GO:0050796]; release of sequestered calcium ion into cytosol [GO:0051209]; response to hypoxia [GO:0001666]; signal transduction [GO:0007165]; voluntary musculoskeletal movement [GO:0050882]	calcium channel inhibitor activity [GO:0019855]; calcium ion binding [GO:0005509]; calcium ion transmembrane transporter activity [GO:0015085]; calcium-release channel activity [GO:0015278]; inositol 1,4,5 trisphosphate binding [GO:0070679]; inositol 1,4,5-trisphosphate receptor activity involved in regulation of postsynaptic cytosolic calcium levels [GO:0098695]; inositol 1,4,5-trisphosphate-sensitive calcium-release channel activity [GO:0005220]; phosphatidylinositol binding [GO:0035091]	calcineurin complex [GO:0005955]; cytoplasmic vesicle membrane [GO:0030659]; endoplasmic reticulum [GO:0005783]; endoplasmic reticulum membrane [GO:0005789]; integral component of membrane [GO:0016021]; membrane [GO:0016020]; nuclear inner membrane [GO:0005637]; nucleolus [GO:0005730]; perinuclear region of cytoplasm [GO:0048471]; plasma membrane [GO:0005886]; platelet dense granule membrane [GO:0031088]; platelet dense tubular network [GO:0031094]; platelet dense tubular network membrane [GO:0031095]; postsynaptic density [GO:0014069]; sarcoplasmic reticulum [GO:0016529]; Schaffer collateral - CA1 synapse [GO:0098685]; secretory granule membrane [GO:0030667]; transport vesicle membrane [GO:0030658]
Q14669	Q14669	TRIPC_HUMAN	E3 ubiquitin-protein ligase TRIP12 (EC 2.3.2.26) (E3 ubiquitin-protein ligase for Arf) (ULF) (HECT-type E3 ubiquitin transferase TRIP12) (Thyroid receptor-interacting protein 12) (TR-interacting protein 12) (TRIP-12)	TRIP12 KIAA0045 ULF	cellular response to DNA damage stimulus [GO:0006974]; DNA repair [GO:0006281]; negative regulation of double-strand break repair [GO:2000780]; negative regulation of histone H2A K63-linked ubiquitination [GO:1901315]; protein polyubiquitination [GO:0000209]; regulation of double-strand break repair [GO:2000779]; regulation of embryonic development [GO:0045995]; ubiquitin-dependent protein catabolic process [GO:0006511]	thyroid hormone receptor binding [GO:0046966]; ubiquitin protein ligase activity [GO:0061630]	cytosol [GO:0005829]; nuclear speck [GO:0016607]; nucleoplasm [GO:0005654]; nucleus [GO:0005634]
Q14676	Q14676	MDC1_HUMAN	Mediator of DNA damage checkpoint protein 1 (Nuclear factor with BRCT domains 1)	MDC1 KIAA0170 NFBD1	double-strand break repair [GO:0006302]; double-strand break repair via nonhomologous end joining [GO:0006303]; intra-S DNA damage checkpoint [GO:0031573]	FHA domain binding [GO:0070975]; protein C-terminus binding [GO:0008022]	chromosome [GO:0005694]; focal adhesion [GO:0005925]; nuclear body [GO:0016604]; nucleoplasm [GO:0005654]; nucleus [GO:0005634]
Q14678	Q14678	KANK1_HUMAN	KN motif and ankyrin repeat domain-containing protein 1 (Ankyrin repeat domain-containing protein 15) (Kidney ankyrin repeat-containing protein)	KANK1 ANKRD15 KANK KIAA0172	actin cytoskeleton organization [GO:0030036]; cell population proliferation [GO:0008283]; glomerular visceral epithelial cell migration [GO:0090521]; negative regulation of actin filament polymerization [GO:0030837]; negative regulation of cell migration [GO:0030336]; negative regulation of insulin receptor signaling pathway [GO:0046627]; negative regulation of lamellipodium morphogenesis [GO:2000393]; negative regulation of neuron projection development [GO:0010977]; negative regulation of Rho protein signal transduction [GO:0035024]; negative regulation of ruffle assembly [GO:1900028]; negative regulation of substrate adhesion-dependent cell spreading [GO:1900025]; positive regulation of canonical Wnt signaling pathway [GO:0090263]; positive regulation of Wnt signaling pathway [GO:0030177]; positive regulation of wound healing [GO:0090303]; regulation of establishment of cell polarity [GO:2000114]; regulation of Rho protein signal transduction [GO:0035023]	beta-catenin binding [GO:0008013]	cytoplasm [GO:0005737]; cytoskeleton [GO:0005856]; nucleus [GO:0005634]; plasma membrane [GO:0005886]; ruffle membrane [GO:0032587]
Q14699	Q14699	RFTN1_HUMAN	Raftlin (Cell migration-inducing gene 2 protein) (Raft-linking protein)	RFTN1 KIAA0084 MIG2	B cell receptor signaling pathway [GO:0050853]; dsRNA transport [GO:0033227]; membrane raft assembly [GO:0001765]; positive regulation of growth rate [GO:0040010]; positive regulation of interleukin-17 production [GO:0032740]; protein localization to membrane raft [GO:1903044]; protein transport into membrane raft [GO:0032596]; response to exogenous dsRNA [GO:0043330]; T cell antigen processing and presentation [GO:0002457]; T cell receptor signaling pathway [GO:0050852]; toll-like receptor 3 signaling pathway [GO:0034138]	double-stranded RNA binding [GO:0003725]	cytoplasm [GO:0005737]; early endosome [GO:0005769]; endosome [GO:0005768]; extracellular exosome [GO:0070062]; membrane raft [GO:0045121]; plasma membrane [GO:0005886]; protein-containing complex [GO:0032991]
Q14739	Q14739	LBR_HUMAN	Delta(14)-sterol reductase LBR (Delta-14-SR) (EC 1.3.1.70) (3-beta-hydroxysterol Delta (14)-reductase) (C-14 sterol reductase) (C14SR) (Integral nuclear envelope inner membrane protein) (LMN2R) (Lamin-B receptor) (Sterol C14-reductase)	LBR	cholesterol biosynthetic process [GO:0006695]; mitotic nuclear envelope reassembly [GO:0007084]; neutrophil differentiation [GO:0030223]; sterol biosynthetic process [GO:0016126]	chromo shadow domain binding [GO:0070087]; delta14-sterol reductase activity [GO:0050613]; DNA binding [GO:0003677]; lamin binding [GO:0005521]; NADPH binding [GO:0070402]; oxidoreductase activity, acting on the CH-CH group of donors [GO:0016627]; RNA binding [GO:0003723]	cytoplasm [GO:0005737]; endoplasmic reticulum membrane [GO:0005789]; integral component of membrane [GO:0016021]; integral component of nuclear inner membrane [GO:0005639]; membrane [GO:0016020]; nuclear envelope [GO:0005635]; nuclear inner membrane [GO:0005637]; nuclear membrane [GO:0031965]; nucleus [GO:0005634]
Q14966	Q14966	ZN638_HUMAN	Zinc finger protein 638 (Cutaneous T-cell lymphoma-associated antigen se33-1) (CTCL-associated antigen se33-1) (Nuclear protein 220) (Zinc finger matrin-like protein)	ZNF638 NP220 ZFML	RNA splicing [GO:0008380]	double-stranded DNA binding [GO:0003690]; RNA binding [GO:0003723]; zinc ion binding [GO:0008270]	cytoplasm [GO:0005737]; intracellular membrane-bounded organelle [GO:0043231]; nuclear speck [GO:0016607]; nucleoplasm [GO:0005654]; nucleus [GO:0005634]
Q14980	Q14980	NUMA1_HUMAN	Nuclear mitotic apparatus protein 1 (Nuclear matrix protein-22) (NMP-22) (Nuclear mitotic apparatus protein) (NuMA protein) (SP-H antigen)	NUMA1 NMP22 NUMA	anastral spindle assembly [GO:0055048]; astral microtubule organization [GO:0030953]; cell division [GO:0051301]; chromosome segregation [GO:0007059]; establishment of mitotic spindle orientation [GO:0000132]; meiotic cell cycle [GO:0051321]; microtubule bundle formation [GO:0001578]; nucleus organization [GO:0006997]; positive regulation of BMP signaling pathway [GO:0030513]; positive regulation of chromosome segregation [GO:0051984]; positive regulation of chromosome separation [GO:1905820]; positive regulation of hair follicle development [GO:0051798]; positive regulation of intracellular transport [GO:0032388]; positive regulation of keratinocyte differentiation [GO:0045618]; positive regulation of microtubule polymerization [GO:0031116]; positive regulation of mitotic spindle elongation [GO:1902846]; positive regulation of protein localization to cell cortex [GO:1904778]; positive regulation of protein localization to spindle pole body [GO:1902365]; positive regulation of spindle assembly [GO:1905832]; regulation of metaphase plate congression [GO:0090235]; regulation of mitotic spindle organization [GO:0060236]	disordered domain specific binding [GO:0097718]; dynein complex binding [GO:0070840]; microtubule binding [GO:0008017]; microtubule minus-end binding [GO:0051011]; microtubule plus-end binding [GO:0051010]; phosphatidylinositol binding [GO:0035091]; protein-containing complex binding [GO:0044877]; protein C-terminus binding [GO:0008022]; protein domain specific binding [GO:0019904]; structural molecule activity [GO:0005198]; tubulin binding [GO:0015631]	cell cortex [GO:0005938]; cell cortex region [GO:0099738]; centrosome [GO:0005813]; chromosome [GO:0005694]; cortical microtubule [GO:0055028]; cytoplasmic microtubule bundle [GO:1905720]; cytosol [GO:0005829]; dendrite [GO:0030425]; extracellular exosome [GO:0070062]; extrinsic component of plasma membrane [GO:0019897]; Golgi membrane [GO:0000139]; lateral cell cortex [GO:0097575]; lateral plasma membrane [GO:0016328]; microtubule bundle [GO:0097427]; microtubule minus-end [GO:0036449]; microtubule plus-end [GO:0035371]; mitotic spindle [GO:0072686]; mitotic spindle astral microtubule [GO:0061673]; mitotic spindle midzone [GO:1990023]; mitotic spindle pole [GO:0097431]; neuronal cell body [GO:0043025]; nuclear matrix [GO:0016363]; nucleoplasm [GO:0005654]; nucleus [GO:0005634]; protein-containing complex [GO:0032991]; spindle [GO:0005819]; spindle microtubule [GO:0005876]; spindle pole [GO:0000922]; spindle pole centrosome [GO:0031616]
Q14C86	Q14C86	GAPD1_HUMAN	GTPase-activating protein and VPS9 domain-containing protein 1 (GAPex-5) (Rab5-activating protein 6)	GAPVD1 GAPEX5 KIAA1521 RAP6	endocytosis [GO:0006897]; membrane organization [GO:0061024]; positive regulation of GTPase activity [GO:0043547]; regulation of protein transport [GO:0051223]; signal transduction [GO:0007165]	cadherin binding [GO:0045296]; GTPase activating protein binding [GO:0032794]; GTPase activator activity [GO:0005096]; guanyl-nucleotide exchange factor activity [GO:0005085]	cytosol [GO:0005829]; endosome [GO:0005768]; plasma membrane [GO:0005886]
Q15007	Q15007	FL2D_HUMAN	Pre-mRNA-splicing regulator WTAP (Female-lethal(2)D homolog) (hFL(2)D) (WT1-associated protein) (Wilms tumor 1-associating protein)	WTAP KIAA0105	cell cycle [GO:0007049]; mRNA methylation [GO:0080009]; mRNA processing [GO:0006397]; multicellular organism development [GO:0007275]; regulation of alternative mRNA splicing, via spliceosome [GO:0000381]; RNA metabolic process [GO:0016070]; RNA splicing [GO:0008380]	identical protein binding [GO:0042802]	cytoplasm [GO:0005737]; nuclear membrane [GO:0031965]; nuclear speck [GO:0016607]; nucleoplasm [GO:0005654]; nucleus [GO:0005634]; RNA N6-methyladenosine methyltransferase complex [GO:0036396]
Q15019	Q15019	SEPT2_HUMAN	Septin-2 (Neural precursor cell expressed developmentally down-regulated protein 5) (NEDD-5)	SEPTIN2 DIFF6 KIAA0158 NEDD5 SEPT2	cellular protein localization [GO:0034613]; cilium assembly [GO:0060271]; cytoskeleton-dependent cytokinesis [GO:0061640]; neuron projection development [GO:0031175]; regulation of exocytosis [GO:0017157]; smoothened signaling pathway [GO:0007224]; spermatogenesis [GO:0007283]	cadherin binding [GO:0045296]; GTPase activity [GO:0003924]; GTP binding [GO:0005525]; identical protein binding [GO:0042802]; molecular adaptor activity [GO:0060090]	actin cytoskeleton [GO:0015629]; axoneme [GO:0005930]; cell division site [GO:0032153]; ciliary membrane [GO:0060170]; cleavage furrow [GO:0032154]; condensed chromosome kinetochore [GO:0000777]; cytoplasm [GO:0005737]; exocyst [GO:0000145]; extracellular exosome [GO:0070062]; intercellular bridge [GO:0045171]; microtubule cytoskeleton [GO:0015630]; midbody [GO:0030496]; non-motile cilium [GO:0097730]; nucleoplasm [GO:0005654]; nucleus [GO:0005634]; perinuclear region of cytoplasm [GO:0048471]; photoreceptor connecting cilium [GO:0032391]; plasma membrane [GO:0005886]; septin complex [GO:0031105]; septin ring [GO:0005940]; sperm annulus [GO:0097227]; spindle [GO:0005819]; synaptic vesicle [GO:0008021]
Q15042	Q15042	RB3GP_HUMAN	Rab3 GTPase-activating protein catalytic subunit (RAB3 GTPase-activating protein 130 kDa subunit) (Rab3-GAP p130) (Rab3-GAP)	RAB3GAP1 KIAA0066 RAB3GAP	brain development [GO:0007420]; camera-type eye development [GO:0043010]; establishment of protein localization to endoplasmic reticulum membrane [GO:0097051]; excitatory postsynaptic potential [GO:0060079]; face morphogenesis [GO:0060325]; hypothalamus development [GO:0021854]; lipid droplet organization [GO:0034389]; positive regulation of autophagosome assembly [GO:2000786]; positive regulation of endoplasmic reticulum tubular network organization [GO:1903373]; positive regulation of glutamate neurotransmitter secretion in response to membrane depolarization [GO:0061646]; positive regulation of GTPase activity [GO:0043547]; positive regulation of protein lipidation [GO:1903061]; regulation of calcium ion-dependent exocytosis of neurotransmitter [GO:1903233]; regulation of GTPase activity [GO:0043087]; regulation of short-term neuronal synaptic plasticity [GO:0048172]	GTPase activator activity [GO:0005096]; small GTPase binding [GO:0031267]	cytosol [GO:0005829]; endoplasmic reticulum membrane [GO:0005789]; endoplasmic reticulum tubular network [GO:0071782]; extracellular exosome [GO:0070062]; Golgi apparatus [GO:0005794]; lipid droplet [GO:0005811]; postsynapse [GO:0098794]; protein-containing complex [GO:0032991]
Q15052	Q15052	ARHG6_HUMAN	Rho guanine nucleotide exchange factor 6 (Alpha-Pix) (COOL-2) (PAK-interacting exchange factor alpha) (Rac/Cdc42 guanine nucleotide exchange factor 6)	ARHGEF6 COOL2 KIAA0006 PIXA	apoptotic process [GO:0006915]; G protein-coupled receptor signaling pathway [GO:0007186]; JNK cascade [GO:0007254]; lamellipodium assembly [GO:0030032]; positive regulation of apoptotic process [GO:0043065]; regulation of small GTPase mediated signal transduction [GO:0051056]	GTPase activator activity [GO:0005096]; guanyl-nucleotide exchange factor activity [GO:0005085]	cytosol [GO:0005829]; lamellipodium [GO:0030027]
Q15061	Q15061	WDR43_HUMAN	WD repeat-containing protein 43 (U3 small nucleolar RNA-associated protein 5 homolog)	WDR43 KIAA0007 UTP5	positive regulation of rRNA processing [GO:2000234]; positive regulation of transcription by RNA polymerase I [GO:0045943]; regulation of stem cell population maintenance [GO:2000036]; regulation of transcription elongation from RNA polymerase II promoter [GO:0034243]; rRNA processing [GO:0006364]	RNA binding [GO:0003723]; RNA polymerase II complex binding [GO:0000993]; transcription elongation regulator activity [GO:0003711]	chromatin [GO:0000785]; fibrillar center [GO:0001650]; nucleolus [GO:0005730]; nucleoplasm [GO:0005654]
Q15121	Q15121	PEA15_HUMAN	Astrocytic phosphoprotein PEA-15 (15 kDa phosphoprotein enriched in astrocytes) (Phosphoprotein enriched in diabetes) (PED)	PEA15	activation of MAPK activity [GO:0000187]; apoptotic process [GO:0006915]; carbohydrate transport [GO:0008643]; MAPK cascade [GO:0000165]; negative regulation of extrinsic apoptotic signaling pathway via death domain receptors [GO:1902042]; negative regulation of glucose import [GO:0046325]; positive regulation of extrinsic apoptotic signaling pathway via death domain receptors [GO:1902043]; response to morphine [GO:0043278]		cytosol [GO:0005829]; microtubule associated complex [GO:0005875]; nucleoplasm [GO:0005654]
Q15149	Q15149	PLEC_HUMAN	Plectin (PCN) (PLTN) (Hemidesmosomal protein 1) (HD1) (Plectin-1)	PLEC PLEC1	collagen fibril organization [GO:0030199]; hemidesmosome assembly [GO:0031581]; intermediate filament cytoskeleton organization [GO:0045104]; wound healing [GO:0042060]	actin binding [GO:0003779]; ankyrin binding [GO:0030506]; cadherin binding [GO:0045296]; RNA binding [GO:0003723]; structural constituent of cytoskeleton [GO:0005200]; structural constituent of muscle [GO:0008307]; structural molecule activity [GO:0005198]	brush border [GO:0005903]; costamere [GO:0043034]; cytoplasm [GO:0005737]; cytosol [GO:0005829]; extracellular exosome [GO:0070062]; focal adhesion [GO:0005925]; hemidesmosome [GO:0030056]; intermediate filament cytoskeleton [GO:0045111]; membrane [GO:0016020]; perinuclear region of cytoplasm [GO:0048471]; plasma membrane [GO:0005886]; sarcolemma [GO:0042383]; sarcoplasm [GO:0016528]
Q15154	Q15154	PCM1_HUMAN	Pericentriolar material 1 protein (PCM-1) (hPCM-1)	PCM1	centrosome cycle [GO:0007098]; ciliary basal body-plasma membrane docking [GO:0097711]; cilium assembly [GO:0060271]; cytoplasmic microtubule organization [GO:0031122]; G2/M transition of mitotic cell cycle [GO:0000086]; interkinetic nuclear migration [GO:0022027]; intraciliary transport involved in cilium assembly [GO:0035735]; microtubule anchoring [GO:0034453]; microtubule anchoring at centrosome [GO:0034454]; negative regulation of neurogenesis [GO:0050768]; neuronal stem cell population maintenance [GO:0097150]; neuron migration [GO:0001764]; non-motile cilium assembly [GO:1905515]; positive regulation of intracellular protein transport [GO:0090316]; protein localization to centrosome [GO:0071539]; regulation of G2/M transition of mitotic cell cycle [GO:0010389]; social behavior [GO:0035176]	identical protein binding [GO:0042802]	apical part of cell [GO:0045177]; centriolar satellite [GO:0034451]; centriole [GO:0005814]; centrosome [GO:0005813]; ciliary basal body [GO:0036064]; ciliary transition zone [GO:0035869]; cytoplasm [GO:0005737]; cytosol [GO:0005829]; membrane [GO:0016020]; nuclear membrane [GO:0031965]; pericentriolar material [GO:0000242]; protein-containing complex [GO:0032991]
Q15287	Q15287	RNPS1_HUMAN	RNA-binding protein with serine-rich domain 1 (SR-related protein LDC2)	RNPS1 LDC2	mRNA 3'-end processing [GO:0031124]; mRNA export from nucleus [GO:0006406]; mRNA splicing, via spliceosome [GO:0000398]; negative regulation of mRNA splicing, via spliceosome [GO:0048025]; nuclear-transcribed mRNA catabolic process, nonsense-mediated decay [GO:0000184]; positive regulation of apoptotic process [GO:0043065]; regulation of alternative mRNA splicing, via spliceosome [GO:0000381]; RNA export from nucleus [GO:0006405]; RNA splicing [GO:0008380]; transcription, DNA-templated [GO:0006351]	mRNA 3'-UTR binding [GO:0003730]; RNA binding [GO:0003723]	ASAP complex [GO:0061574]; cytoplasm [GO:0005737]; cytosol [GO:0005829]; nuclear speck [GO:0016607]; nucleoplasm [GO:0005654]; nucleus [GO:0005634]
Q15311	Q15311	RBP1_HUMAN	RalA-binding protein 1 (RalBP1) (76 kDa Ral-interacting protein) (Dinitrophenyl S-glutathione ATPase) (DNP-SG ATPase) (EC 7.6.2.2) (EC 7.6.2.3) (Ral-interacting protein 1)	RALBP1 RLIP RLIP1 RLIP76	chemotaxis [GO:0006935]; doxorubicin transport [GO:1900753]; endocytosis [GO:0006897]; positive regulation of GTPase activity [GO:0043547]; regulation of GTPase activity [GO:0043087]; regulation of small GTPase mediated signal transduction [GO:0051056]; small GTPase mediated signal transduction [GO:0007264]; transmembrane transport [GO:0055085]; xenobiotic detoxification by transmembrane export across the plasma membrane [GO:1990961]	ATPase-coupled transmembrane transporter activity [GO:0042626]; GTPase activator activity [GO:0005096]; small GTPase binding [GO:0031267]; transmembrane transporter activity [GO:0022857]; xenobiotic transmembrane transporter activity [GO:0042910]	cytosol [GO:0005829]; membrane [GO:0016020]
Q15366	Q15366	PCBP2_HUMAN	Poly(rC)-binding protein 2 (Alpha-CP2) (Heterogeneous nuclear ribonucleoprotein E2) (hnRNP E2)	PCBP2	defense response to virus [GO:0051607]; innate immune response [GO:0045087]; IRES-dependent viral translational initiation [GO:0075522]; mRNA metabolic process [GO:0016071]; mRNA splicing, via spliceosome [GO:0000398]; negative regulation of defense response to virus [GO:0050687]; negative regulation of type I interferon production [GO:0032480]; positive regulation of transcription by RNA polymerase II [GO:0045944]; proteasome-mediated ubiquitin-dependent protein catabolic process [GO:0043161]; regulation of gene expression [GO:0010468]; regulation of RNA metabolic process [GO:0051252]; RNA metabolic process [GO:0016070]; viral RNA genome replication [GO:0039694]	C-rich single-stranded DNA binding [GO:1990829]; enzyme binding [GO:0019899]; mRNA binding [GO:0003729]; RNA binding [GO:0003723]; single-stranded DNA binding [GO:0003697]; ubiquitin protein ligase binding [GO:0031625]	cytoplasm [GO:0005737]; cytosol [GO:0005829]; extracellular exosome [GO:0070062]; focal adhesion [GO:0005925]; membrane [GO:0016020]; nucleoplasm [GO:0005654]; nucleus [GO:0005634]; postsynaptic density [GO:0014069]
Q15424	Q15424	SAFB1_HUMAN	Scaffold attachment factor B1 (SAF-B) (SAF-B1) (HSP27 estrogen response element-TATA box-binding protein) (HSP27 ERE-TATA-binding protein)	SAFB HAP HET SAFB1	chromatin organization [GO:0006325]; intracellular estrogen receptor signaling pathway [GO:0030520]; regulation of mRNA processing [GO:0050684]; regulation of transcription by RNA polymerase II [GO:0006357]	chromatin binding [GO:0003682]; double-stranded DNA binding [GO:0003690]; RNA binding [GO:0003723]; RNA polymerase II cis-regulatory region sequence-specific DNA binding [GO:0000978]; sequence-specific DNA binding [GO:0043565]	midbody [GO:0030496]; nucleoplasm [GO:0005654]; nucleus [GO:0005634]
Q15477	Q15477	SKIV2_HUMAN	Helicase SKI2W (Ski2) (EC 3.6.4.-) (Helicase-like protein) (HLP)	SKIV2L DDX13 SKI2W SKIV2 W	exonucleolytic catabolism of deadenylated mRNA [GO:0043928]; nuclear-transcribed mRNA catabolic process, 3'-5' exonucleolytic nonsense-mediated decay [GO:0070478]; RNA catabolic process [GO:0006401]	ATP binding [GO:0005524]; RNA binding [GO:0003723]; RNA helicase activity [GO:0003724]	cytosol [GO:0005829]; nucleus [GO:0005634]; Ski complex [GO:0055087]
Q15637	Q15637	SF01_HUMAN	Splicing factor 1 (Mammalian branch point-binding protein) (BBP) (mBBP) (Transcription factor ZFM1) (Zinc finger gene in MEN1 locus) (Zinc finger protein 162)	SF1 ZFM1 ZNF162	mRNA 3'-splice site recognition [GO:0000389]; mRNA splicing, via spliceosome [GO:0000398]; regulation of mRNA splicing, via spliceosome [GO:0048024]; spliceosomal complex assembly [GO:0000245]	identical protein binding [GO:0042802]; mRNA binding [GO:0003729]; pre-mRNA branch point binding [GO:0045131]; RNA binding [GO:0003723]; transcription corepressor activity [GO:0003714]; zinc ion binding [GO:0008270]	nucleoplasm [GO:0005654]; nucleus [GO:0005634]; ribosome [GO:0005840]; spliceosomal complex [GO:0005681]
Q15648	Q15648	MED1_HUMAN	Mediator of RNA polymerase II transcription subunit 1 (Activator-recruited cofactor 205 kDa component) (ARC205) (Mediator complex subunit 1) (Peroxisome proliferator-activated receptor-binding protein) (PBP) (PPAR-binding protein) (Thyroid hormone receptor-associated protein complex 220 kDa component) (Trap220) (Thyroid receptor-interacting protein 2) (TR-interacting protein 2) (TRIP-2) (Vitamin D receptor-interacting protein complex component DRIP205) (p53 regulatory protein RB18A)	MED1 ARC205 CRSP1 CRSP200 DRIP205 DRIP230 PBP PPARBP PPARGBP RB18A TRAP220 TRIP2	androgen biosynthetic process [GO:0006702]; angiogenesis [GO:0001525]; animal organ regeneration [GO:0031100]; brain development [GO:0007420]; cell morphogenesis [GO:0000902]; cellular response to epidermal growth factor stimulus [GO:0071364]; cellular response to hepatocyte growth factor stimulus [GO:0035729]; cellular response to steroid hormone stimulus [GO:0071383]; cellular response to thyroid hormone stimulus [GO:0097067]; embryonic heart tube development [GO:0035050]; embryonic hemopoiesis [GO:0035162]; embryonic hindlimb morphogenesis [GO:0035116]; embryonic placenta development [GO:0001892]; enucleate erythrocyte development [GO:0048822]; epithelial cell proliferation involved in mammary gland duct elongation [GO:0060750]; erythrocyte development [GO:0048821]; fat cell differentiation [GO:0045444]; intracellular steroid hormone receptor signaling pathway [GO:0030518]; keratinocyte differentiation [GO:0030216]; lactation [GO:0007595]; lens development in camera-type eye [GO:0002088]; liver development [GO:0001889]; mammary gland branching involved in pregnancy [GO:0060745]; mammary gland branching involved in thelarche [GO:0060744]; megakaryocyte development [GO:0035855]; monocyte differentiation [GO:0030224]; mRNA transcription by RNA polymerase II [GO:0042789]; negative regulation of apoptotic process [GO:0043066]; negative regulation of keratinocyte proliferation [GO:0010839]; negative regulation of neuron differentiation [GO:0045665]; negative regulation of transcription by RNA polymerase II [GO:0000122]; peroxisome proliferator activated receptor signaling pathway [GO:0035357]; positive regulation of erythrocyte differentiation [GO:0045648]; positive regulation of G0 to G1 transition [GO:0070318]; positive regulation of gene expression [GO:0010628]; positive regulation of hepatocyte proliferation [GO:2000347]; positive regulation of interferon-gamma-mediated signaling pathway [GO:0060335]; positive regulation of intracellular estrogen receptor signaling pathway [GO:0033148]; positive regulation of keratinocyte differentiation [GO:0045618]; positive regulation of transcription, DNA-templated [GO:0045893]; positive regulation of transcription by RNA polymerase II [GO:0045944]; positive regulation of transcription initiation from RNA polymerase II promoter [GO:0060261]; protein import into nucleus [GO:0006606]; regulation of lipid metabolic process [GO:0019216]; regulation of RNA biosynthetic process [GO:2001141]; regulation of transcription by RNA polymerase II [GO:0006357]; regulation of transcription initiation from RNA polymerase II promoter [GO:0060260]; regulation of vitamin D receptor signaling pathway [GO:0070562]; retinal pigment epithelium development [GO:0003406]; thyroid hormone generation [GO:0006590]; thyroid hormone mediated signaling pathway [GO:0002154]; transcription initiation from RNA polymerase II promoter [GO:0006367]; ventricular trabecula myocardium morphogenesis [GO:0003222]	chromatin binding [GO:0003682]; chromatin DNA binding [GO:0031490]; estrogen receptor binding [GO:0030331]; LBD domain binding [GO:0050693]; nuclear hormone receptor binding [GO:0035257]; nuclear receptor binding [GO:0016922]; nuclear receptor coactivator activity [GO:0030374]; peroxisome proliferator activated receptor binding [GO:0042975]; promoter-specific chromatin binding [GO:1990841]; protein-containing complex binding [GO:0044877]; retinoic acid receptor binding [GO:0042974]; RNA polymerase II cis-regulatory region sequence-specific DNA binding [GO:0000978]; thyroid hormone receptor binding [GO:0046966]; transcription coactivator activity [GO:0003713]; transcription coregulator activity [GO:0003712]; transcription corepressor activity [GO:0003714]; transcription factor binding [GO:0008134]; ubiquitin protein ligase activity [GO:0061630]; vitamin D receptor binding [GO:0042809]	chromatin [GO:0000785]; mediator complex [GO:0016592]; membrane [GO:0016020]; nucleolus [GO:0005730]; nucleoplasm [GO:0005654]; nucleus [GO:0005634]; protein-DNA complex [GO:0032993]; ubiquitin ligase complex [GO:0000151]
Q15652	Q15652	JHD2C_HUMAN	Probable JmjC domain-containing histone demethylation protein 2C (EC 1.14.11.-) (Jumonji domain-containing protein 1C) (Thyroid receptor-interacting protein 8) (TR-interacting protein 8) (TRIP-8)	JMJD1C JHDM2C KIAA1380 TRIP8	blood coagulation [GO:0007596]; histone H3-K9 demethylation [GO:0033169]; regulation of transcription, DNA-templated [GO:0006355]; regulation of transcription by RNA polymerase II [GO:0006357]	chromatin DNA binding [GO:0031490]; dioxygenase activity [GO:0051213]; histone demethylase activity (H3-K9 specific) [GO:0032454]; metal ion binding [GO:0046872]; thyroid hormone receptor binding [GO:0046966]; transcription coregulator activity [GO:0003712]	chromatin [GO:0000785]; histone deacetylase complex [GO:0000118]; nucleoplasm [GO:0005654]
Q15691	Q15691	MARE1_HUMAN	Microtubule-associated protein RP/EB family member 1 (APC-binding protein EB1) (End-binding protein 1) (EB1)	MAPRE1	cell division [GO:0051301]; cell migration [GO:0016477]; ciliary basal body-plasma membrane docking [GO:0097711]; G2/M transition of mitotic cell cycle [GO:0000086]; microtubule bundle formation [GO:0001578]; microtubule polymerization [GO:0046785]; mitotic spindle organization [GO:0007052]; negative regulation of microtubule polymerization [GO:0031115]; non-motile cilium assembly [GO:1905515]; positive regulation of cell migration [GO:0030335]; positive regulation of microtubule plus-end binding [GO:1903033]; positive regulation of microtubule polymerization [GO:0031116]; protein localization [GO:0008104]; protein localization to centrosome [GO:0071539]; protein localization to microtubule [GO:0035372]; protein localization to microtubule plus-end [GO:1904825]; regulation of G2/M transition of mitotic cell cycle [GO:0010389]; regulation of microtubule polymerization or depolymerization [GO:0031110]; spindle assembly [GO:0051225]	cadherin binding [GO:0045296]; identical protein binding [GO:0042802]; microtubule plus-end binding [GO:0051010]; protein C-terminus binding [GO:0008022]; protein kinase binding [GO:0019901]; RNA binding [GO:0003723]	cell projection membrane [GO:0031253]; centrosome [GO:0005813]; ciliary basal body [GO:0036064]; cortical microtubule cytoskeleton [GO:0030981]; cytoplasmic microtubule [GO:0005881]; cytosol [GO:0005829]; focal adhesion [GO:0005925]; Golgi apparatus [GO:0005794]; microtubule [GO:0005874]; microtubule organizing center [GO:0005815]; microtubule plus-end [GO:0035371]; mitotic spindle astral microtubule end [GO:1905721]; spindle midzone [GO:0051233]
Q15751	Q15751	HERC1_HUMAN	Probable E3 ubiquitin-protein ligase HERC1 (EC 2.3.2.26) (HECT domain and RCC1-like domain-containing protein 1) (HECT-type E3 ubiquitin transferase HERC1) (p532) (p619)	HERC1	cerebellar Purkinje cell differentiation [GO:0021702]; negative regulation of autophagy [GO:0010507]; neuromuscular process controlling balance [GO:0050885]; neuron projection development [GO:0031175]	guanyl-nucleotide exchange factor activity [GO:0005085]; ubiquitin-protein transferase activity [GO:0004842]	cytoplasm [GO:0005737]; cytosol [GO:0005829]; Golgi apparatus [GO:0005794]; membrane [GO:0016020]
Q15758	Q15758	AAAT_HUMAN	Neutral amino acid transporter B(0) (ATB(0)) (Baboon M7 virus receptor) (RD114/simian type D retrovirus receptor) (Sodium-dependent neutral amino acid transporter type 2) (Solute carrier family 1 member 5)	SLC1A5 ASCT2 M7V1 RDR RDRC	amino acid transport [GO:0006865]; glutamine secretion [GO:0010585]; glutamine transport [GO:0006868]; L-aspartate import across plasma membrane [GO:0140009]; L-glutamine import across plasma membrane [GO:1903803]; neutral amino acid transport [GO:0015804]; protein homotrimerization [GO:0070207]; transport across blood-brain barrier [GO:0150104]	L-aspartate transmembrane transporter activity [GO:0015183]; L-glutamine transmembrane transporter activity [GO:0015186]; L-serine transmembrane transporter activity [GO:0015194]; metal ion binding [GO:0046872]; neutral amino acid transmembrane transporter activity [GO:0015175]; signaling receptor activity [GO:0038023]; symporter activity [GO:0015293]; virus receptor activity [GO:0001618]	basal plasma membrane [GO:0009925]; extracellular exosome [GO:0070062]; integral component of membrane [GO:0016021]; integral component of plasma membrane [GO:0005887]; melanosome [GO:0042470]; membrane [GO:0016020]; plasma membrane [GO:0005886]
Q15785	Q15785	TOM34_HUMAN	Mitochondrial import receptor subunit TOM34 (hTom34) (Translocase of outer membrane 34 kDa subunit)	TOMM34 URCC3	protein targeting to mitochondrion [GO:0006626]	heat shock protein binding [GO:0031072]	cytosol [GO:0005829]; integral component of membrane [GO:0016021]; intracellular membrane-bounded organelle [GO:0043231]; membrane [GO:0016020]; mitochondrial outer membrane [GO:0005741]; mitochondrion [GO:0005739]; nucleus [GO:0005634]
Q15942	Q15942	ZYX_HUMAN	Zyxin (Zyxin-2)	ZYX	cell-cell signaling [GO:0007267]; cell-matrix adhesion [GO:0007160]; cellular response to interferon-gamma [GO:0071346]; integrin-mediated signaling pathway [GO:0007229]; regulation of inflammatory response [GO:0050727]; signal transduction [GO:0007165]; stress fiber assembly [GO:0043149]; transforming growth factor beta receptor signaling pathway [GO:0007179]; viral process [GO:0016032]	metal ion binding [GO:0046872]; RNA binding [GO:0003723]	actin cytoskeleton [GO:0015629]; adherens junction [GO:0005912]; cytoplasm [GO:0005737]; cytosol [GO:0005829]; focal adhesion [GO:0005925]; nucleus [GO:0005634]; phagocytic vesicle [GO:0045335]; plasma membrane [GO:0005886]; stress fiber [GO:0001725]
Q16512	Q16512	PKN1_HUMAN	Serine/threonine-protein kinase N1 (EC 2.7.11.13) (Protease-activated kinase 1) (PAK-1) (Protein kinase C-like 1) (Protein kinase C-like PKN) (Protein kinase PKN-alpha) (Protein-kinase C-related kinase 1) (Serine-threonine protein kinase N)	PKN1 PAK1 PKN PRK1 PRKCL1	activation of JUN kinase activity [GO:0007257]; B cell apoptotic process [GO:0001783]; B cell homeostasis [GO:0001782]; epithelial cell migration [GO:0010631]; histone H3-T11 phosphorylation [GO:0035407]; hyperosmotic response [GO:0006972]; intracellular signal transduction [GO:0035556]; negative regulation of B cell proliferation [GO:0030889]; negative regulation of protein kinase activity [GO:0006469]; peptidyl-serine phosphorylation [GO:0018105]; protein phosphorylation [GO:0006468]; regulation of androgen receptor signaling pathway [GO:0060765]; regulation of cell motility [GO:2000145]; regulation of germinal center formation [GO:0002634]; regulation of immunoglobulin production [GO:0002637]; regulation of transcription by RNA polymerase II [GO:0006357]; renal system process [GO:0003014]; signal transduction [GO:0007165]; spleen development [GO:0048536]	androgen receptor binding [GO:0050681]; ATP binding [GO:0005524]; calcium-dependent protein kinase C activity [GO:0004698]; chromatin binding [GO:0003682]; histone binding [GO:0042393]; histone deacetylase binding [GO:0042826]; histone kinase activity (H3-T11 specific) [GO:0035402]; nuclear receptor coactivator activity [GO:0030374]; protein kinase activity [GO:0004672]; protein kinase C activity [GO:0004697]; protein kinase C binding [GO:0005080]; protein serine/threonine kinase activity [GO:0004674]; protein serine kinase activity [GO:0106310]; protein threonine kinase activity [GO:0106311]; small GTPase binding [GO:0031267]	cleavage furrow [GO:0032154]; cytoplasm [GO:0005737]; cytosol [GO:0005829]; endosome [GO:0005768]; midbody [GO:0030496]; nucleoplasm [GO:0005654]; nucleus [GO:0005634]; protein-containing complex [GO:0032991]
Q16513	Q16513	PKN2_HUMAN	Serine/threonine-protein kinase N2 (EC 2.7.11.13) (PKN gamma) (Protein kinase C-like 2) (Protein-kinase C-related kinase 2)	PKN2 PRK2 PRKCL2	apical junction assembly [GO:0043297]; apoptotic process [GO:0006915]; cell adhesion [GO:0007155]; cell cycle [GO:0007049]; cell division [GO:0051301]; cell projection organization [GO:0030030]; epithelial cell migration [GO:0010631]; intracellular signal transduction [GO:0035556]; peptidyl-serine phosphorylation [GO:0018105]; positive regulation of cytokinesis [GO:0032467]; positive regulation of mitotic cell cycle [GO:0045931]; positive regulation of viral genome replication [GO:0045070]; protein phosphorylation [GO:0006468]; regulation of cell motility [GO:2000145]; signal transduction [GO:0007165]; viral process [GO:0016032]	ATP binding [GO:0005524]; cadherin binding [GO:0045296]; calcium-dependent protein kinase C activity [GO:0004698]; histone deacetylase binding [GO:0042826]; kinase activity [GO:0016301]; protein kinase activity [GO:0004672]; protein serine/threonine kinase activity [GO:0004674]; protein serine kinase activity [GO:0106310]; protein threonine kinase activity [GO:0106311]; RNA binding [GO:0003723]; RNA polymerase binding [GO:0070063]; small GTPase binding [GO:0031267]	apical junction complex [GO:0043296]; centrosome [GO:0005813]; cleavage furrow [GO:0032154]; cytoplasm [GO:0005737]; cytosol [GO:0005829]; intermediate filament cytoskeleton [GO:0045111]; lamellipodium [GO:0030027]; midbody [GO:0030496]; nuclear body [GO:0016604]; nucleoplasm [GO:0005654]; nucleus [GO:0005634]; perinuclear region of cytoplasm [GO:0048471]; plasma membrane [GO:0005886]; protein-containing complex [GO:0032991]
Q16658	Q16658	FSCN1_HUMAN	Fascin (55 kDa actin-bundling protein) (Singed-like protein) (p55)	FSCN1 FAN1 HSN SNL	actin cytoskeleton organization [GO:0030036]; actin filament bundle assembly [GO:0051017]; cell-cell junction assembly [GO:0007043]; cell migration [GO:0016477]; cell motility [GO:0048870]; cytokine-mediated signaling pathway [GO:0019221]; establishment of apical/basal cell polarity [GO:0035089]; establishment or maintenance of cell polarity [GO:0007163]; microspike assembly [GO:0030035]; parallel actin filament bundle assembly [GO:0030046]; positive regulation of extracellular matrix disassembly [GO:0090091]; positive regulation of filopodium assembly [GO:0051491]; positive regulation of lamellipodium assembly [GO:0010592]; positive regulation of podosome assembly [GO:0071803]; regulation of actin cytoskeleton organization [GO:0032956]; regulation of microvillus assembly [GO:0032534]	actin binding [GO:0003779]; actin filament binding [GO:0051015]; cadherin binding [GO:0045296]; drug binding [GO:0008144]; protein-macromolecule adaptor activity [GO:0030674]; RNA binding [GO:0003723]	actin cytoskeleton [GO:0015629]; cell-cell junction [GO:0005911]; cell cortex [GO:0005938]; cell projection membrane [GO:0031253]; cytoplasm [GO:0005737]; cytoskeleton [GO:0005856]; cytosol [GO:0005829]; extracellular exosome [GO:0070062]; filopodium [GO:0030175]; growth cone [GO:0030426]; lamellipodium [GO:0030027]; microspike [GO:0044393]; microvillus [GO:0005902]; podosome [GO:0002102]; ruffle [GO:0001726]; stress fiber [GO:0001725]
Q16666	Q16666	IF16_HUMAN	Gamma-interferon-inducible protein 16 (Ifi-16) (Interferon-inducible myeloid differentiation transcriptional activator)	IFI16 IFNGIP1	activation of cysteine-type endopeptidase activity [GO:0097202]; activation of innate immune response [GO:0002218]; autophagy [GO:0006914]; cellular response to glucose starvation [GO:0042149]; cellular response to interferon-beta [GO:0035458]; cellular response to ionizing radiation [GO:0071479]; defense response to virus [GO:0051607]; inflammatory response [GO:0006954]; innate immune response [GO:0045087]; intrinsic apoptotic signaling pathway by p53 class mediator [GO:0072332]; intrinsic apoptotic signaling pathway in response to DNA damage by p53 class mediator [GO:0042771]; monocyte differentiation [GO:0030224]; myeloid cell differentiation [GO:0030099]; negative regulation of cysteine-type endopeptidase activity [GO:2000117]; negative regulation of DNA binding [GO:0043392]; negative regulation of innate immune response [GO:0045824]; negative regulation of transcription, DNA-templated [GO:0045892]; negative regulation of transcription by RNA polymerase II [GO:0000122]; negative regulation of viral genome replication [GO:0045071]; positive regulation of cytokine production [GO:0001819]; positive regulation of interleukin-1 beta production [GO:0032731]; positive regulation of transcription by RNA polymerase II [GO:0045944]; positive regulation of type I interferon production [GO:0032481]; regulation of autophagy [GO:0010506]; regulation of gene expression, epigenetic [GO:0040029]	DNA-binding transcription repressor activity, RNA polymerase II-specific [GO:0001227]; double-stranded DNA binding [GO:0003690]; identical protein binding [GO:0042802]; RNA binding [GO:0003723]; RNA polymerase II cis-regulatory region sequence-specific DNA binding [GO:0000978]; transcription factor binding [GO:0008134]	cytosol [GO:0005829]; membrane [GO:0016020]; nuclear speck [GO:0016607]; nucleolus [GO:0005730]; nucleoplasm [GO:0005654]; nucleus [GO:0005634]
Q29RF7	Q29RF7	PDS5A_HUMAN	Sister chromatid cohesion protein PDS5 homolog A (Cell proliferation-inducing gene 54 protein) (Sister chromatid cohesion protein 112) (SCC-112)	PDS5A KIAA0648 PDS5 PIG54	cell division [GO:0051301]; DNA repair [GO:0006281]; mitotic sister chromatid cohesion [GO:0007064]; negative regulation of DNA replication [GO:0008156]		chromatin [GO:0000785]; chromosome [GO:0005694]; chromosome, centromeric region [GO:0000775]; cytosol [GO:0005829]; nucleoplasm [GO:0005654]; nucleus [GO:0005634]; plasma membrane [GO:0005886]
Q2M2I8	Q2M2I8	AAK1_HUMAN	AP2-associated protein kinase 1 (EC 2.7.11.1) (Adaptor-associated kinase 1)	AAK1 KIAA1048	endocytosis [GO:0006897]; membrane organization [GO:0061024]; positive regulation of Notch signaling pathway [GO:0045747]; protein autophosphorylation [GO:0046777]; protein phosphorylation [GO:0006468]; protein stabilization [GO:0050821]; regulation of clathrin-dependent endocytosis [GO:2000369]; regulation of protein localization [GO:0032880]	AP-2 adaptor complex binding [GO:0035612]; ATP binding [GO:0005524]; Notch binding [GO:0005112]; protein serine/threonine kinase activity [GO:0004674]; protein serine kinase activity [GO:0106310]; protein threonine kinase activity [GO:0106311]	cell leading edge [GO:0031252]; clathrin-coated pit [GO:0005905]; clathrin-coated vesicle [GO:0030136]; cytoplasm [GO:0005737]; cytosol [GO:0005829]; extrinsic component of plasma membrane [GO:0019897]; terminal bouton [GO:0043195]
Q2TB10	Q2TB10	ZN800_HUMAN	Zinc finger protein 800	ZNF800 PP902		DNA binding [GO:0003677]; metal ion binding [GO:0046872]	nucleus [GO:0005634]
Q32Q12	Q32Q12	Q32Q12_HUMAN	Nucleoside diphosphate kinase (EC 2.7.4.6)	NME1-NME2 hCG_2001850	CTP biosynthetic process [GO:0006241]; GTP biosynthetic process [GO:0006183]; UTP biosynthetic process [GO:0006228]	ATP binding [GO:0005524]; nucleoside diphosphate kinase activity [GO:0004550]	cytosol [GO:0005829]
Q3KQU3	Q3KQU3	MA7D1_HUMAN	MAP7 domain-containing protein 1 (Arginine/proline-rich coiled-coil domain-containing protein 1) (Proline/arginine-rich coiled-coil domain-containing protein 1)	MAP7D1 KIAA1187 PARCC1 RPRC1 PP2464	microtubule cytoskeleton organization [GO:0000226]		cytosol [GO:0005829]; microtubule cytoskeleton [GO:0015630]; spindle [GO:0005819]
Q3V6T2	Q3V6T2	GRDN_HUMAN	Girdin (Akt phosphorylation enhancer) (APE) (Coiled-coil domain-containing protein 88A) (G alpha-interacting vesicle-associated protein) (GIV) (Girders of actin filament) (Hook-related protein 1) (HkRP1)	CCDC88A APE GRDN KIAA1212	activation of protein kinase activity [GO:0032147]; activation of protein kinase B activity [GO:0032148]; cell migration [GO:0016477]; cytoplasmic microtubule organization [GO:0031122]; cytoskeleton-dependent intracellular transport [GO:0030705]; DNA replication [GO:0006260]; lamellipodium assembly [GO:0030032]; maintenance of protein location in plasma membrane [GO:0072660]; membrane organization [GO:0061024]; nervous system development [GO:0007399]; positive regulation of cilium assembly [GO:0045724]; positive regulation of epidermal growth factor receptor signaling pathway [GO:0045742]; positive regulation of protein localization to cilium [GO:1903566]; positive regulation of stress fiber assembly [GO:0051496]; regulation of actin cytoskeleton organization [GO:0032956]; regulation of cell population proliferation [GO:0042127]; regulation of DNA replication [GO:0006275]; regulation of neuron projection development [GO:0010975]; regulation of protein phosphorylation [GO:0001932]; small GTPase mediated signal transduction [GO:0007264]; TOR signaling [GO:0031929]	actin binding [GO:0003779]; dynein light intermediate chain binding [GO:0051959]; epidermal growth factor receptor binding [GO:0005154]; GDP-dissociation inhibitor activity [GO:0005092]; G-protein alpha-subunit binding [GO:0001965]; G-protein gamma-subunit binding [GO:0031682]; guanyl-nucleotide exchange factor activity [GO:0005085]; insulin receptor binding [GO:0005158]; microtubule binding [GO:0008017]; phosphatidylinositol binding [GO:0035091]; protein homodimerization activity [GO:0042803]; protein kinase B binding [GO:0043422]; protein kinase C binding [GO:0005080]; SH2 domain binding [GO:0042169]; vascular endothelial growth factor receptor 2 binding [GO:0043184]	centriole [GO:0005814]; centrosome [GO:0005813]; ciliary basal body [GO:0036064]; COPI-coated Golgi to ER transport vesicle [GO:0030142]; cytoplasm [GO:0005737]; cytoplasmic vesicle [GO:0031410]; cytosol [GO:0005829]; endoplasmic reticulum [GO:0005783]; Golgi apparatus [GO:0005794]; lamellipodium [GO:0030027]; membrane [GO:0016020]; plasma membrane [GO:0005886]
Q49A26	Q49A26	GLYR1_HUMAN	Putative oxidoreductase GLYR1 (EC 1.-.-.-) (3-hydroxyisobutyrate dehydrogenase-like protein) (Cytokine-like nuclear factor N-PAC) (Glyoxylate reductase 1 homolog) (Nuclear protein NP60) (Nuclear protein of 60 kDa) (Nucleosome-destabilizing factor) (hNDF)	GLYR1 HIBDL NDF NP60	positive regulation of histone acetylation [GO:0035066]; positive regulation of transcription by RNA polymerase II [GO:0045944]	chromatin binding [GO:0003682]; DNA binding [GO:0003677]; histone binding [GO:0042393]; methylated histone binding [GO:0035064]; NAD binding [GO:0051287]; NADP binding [GO:0050661]; nucleosome binding [GO:0031491]; oxidoreductase activity [GO:0016491]	cytosol [GO:0005829]; nucleoplasm [GO:0005654]; nucleosome [GO:0000786]
Q4G0J3	Q4G0J3	LARP7_HUMAN	La-related protein 7 (La ribonucleoprotein domain family member 7) (hLARP7) (P-TEFb-interaction protein for 7SK stability) (PIP7S)	LARP7 HDCMA18P	box C/D RNA 3'-end processing [GO:0000494]; cell differentiation [GO:0030154]; mRNA processing [GO:0006397]; negative regulation of transcription by RNA polymerase II [GO:0000122]; negative regulation of transcription elongation from RNA polymerase II promoter [GO:0034244]; negative regulation of viral transcription [GO:0032897]; positive regulation of protein localization to Cajal body [GO:1904871]; positive regulation of snRNA transcription by RNA polymerase II [GO:1905382]; regulation of mRNA splicing, via spliceosome [GO:0048024]; RNA splicing [GO:0008380]; spermatogenesis [GO:0007283]; U6 2'-O-snRNA methylation [GO:1990438]	7SK snRNA binding [GO:0097322]; RNA binding [GO:0003723]; U6 snRNA binding [GO:0017070]	7SK snRNP [GO:0120259]; cytosol [GO:0005829]; nucleoplasm [GO:0005654]; nucleus [GO:0005634]; ribonucleoprotein complex [GO:1990904]
Q4KMP7	Q4KMP7	TB10B_HUMAN	TBC1 domain family member 10B (Rab27A-GAP-beta)	TBC1D10B FP2461	activation of GTPase activity [GO:0090630]; intracellular protein transport [GO:0006886]; regulation of GTPase activity [GO:0043087]; retrograde transport, endosome to Golgi [GO:0042147]	GTPase activator activity [GO:0005096]	cytosol [GO:0005829]; plasma membrane [GO:0005886]
Q4KMQ2	Q4KMQ2	ANO6_HUMAN	Anoctamin-6 (Small-conductance calcium-activated nonselective cation channel) (SCAN channel) (Transmembrane protein 16F)	ANO6 TMEM16F	activation of blood coagulation via clotting cascade [GO:0002543]; bleb assembly [GO:0032060]; blood coagulation [GO:0007596]; calcium activated phosphatidylcholine scrambling [GO:0061590]; calcium activated phosphatidylserine scrambling [GO:0061589]; calcium ion transmembrane transport [GO:0070588]; cation transport [GO:0006812]; chloride transmembrane transport [GO:1902476]; chloride transport [GO:0006821]; dendritic cell chemotaxis [GO:0002407]; ion transmembrane transport [GO:0034220]; negative regulation of cell volume [GO:0045794]; neutrophil degranulation [GO:0043312]; phosphatidylserine exposure on blood platelet [GO:0097045]; plasma membrane phospholipid scrambling [GO:0017121]; pore complex assembly [GO:0046931]; positive regulation of apoptotic process [GO:0043065]; positive regulation of bone mineralization [GO:0030501]; positive regulation of endothelial cell apoptotic process [GO:2000353]; positive regulation of ion transmembrane transport [GO:0034767]; positive regulation of monocyte chemotaxis [GO:0090026]; positive regulation of phagocytosis, engulfment [GO:0060100]; positive regulation of potassium ion export across plasma membrane [GO:1903766]; purinergic nucleotide receptor signaling pathway [GO:0035590]; sodium ion transmembrane transport [GO:0035725]; transmembrane transport [GO:0055085]	calcium activated cation channel activity [GO:0005227]; chloride channel activity [GO:0005254]; intracellular calcium activated chloride channel activity [GO:0005229]; metal ion binding [GO:0046872]; phospholipid scramblase activity [GO:0017128]; protein dimerization activity [GO:0046983]; voltage-gated chloride channel activity [GO:0005247]; voltage-gated ion channel activity [GO:0005244]	cell surface [GO:0009986]; chloride channel complex [GO:0034707]; cytosol [GO:0005829]; extracellular exosome [GO:0070062]; membrane [GO:0016020]; plasma membrane [GO:0005886]; specific granule membrane [GO:0035579]; tertiary granule membrane [GO:0070821]
Q53GL0	Q53GL0	PKHO1_HUMAN	Pleckstrin homology domain-containing family O member 1 (PH domain-containing family O member 1) (C-Jun-binding protein) (JBP) (Casein kinase 2-interacting protein 1) (CK2-interacting protein 1) (CKIP-1) (Osteoclast maturation-associated gene 120 protein)	PLEKHO1 CKIP1 OC120 HQ0024c	lamellipodium morphogenesis [GO:0072673]; myoblast fusion [GO:0007520]; myoblast migration [GO:0051451]; regulation of cell shape [GO:0008360]		cytoplasm [GO:0005737]; muscle cell projection membrane [GO:0036195]; nucleus [GO:0005634]; ruffle membrane [GO:0032587]
Q53T59	Q53T59	H1BP3_HUMAN	HCLS1-binding protein 3 (HS1-binding protein 3) (HSP1BP-3)	HS1BP3	regulation of apoptotic process [GO:0042981]	phosphatidylinositol binding [GO:0035091]	endoplasmic reticulum [GO:0005783]; mitochondrion [GO:0005739]
Q5H9R7	Q5H9R7	PP6R3_HUMAN	Serine/threonine-protein phosphatase 6 regulatory subunit 3 (SAPS domain family member 3) (Sporulation-induced transcript 4-associated protein SAPL)	PPP6R3 C11orf23 KIAA1558 PP6R3 SAPL SAPS3	COPII vesicle coating [GO:0048208]; regulation of phosphoprotein phosphatase activity [GO:0043666]; telomere maintenance via telomerase [GO:0007004]	protein phosphatase binding [GO:0019903]; protein phosphatase regulator activity [GO:0019888]	cytosol [GO:0005829]; nucleoplasm [GO:0005654]; nucleus [GO:0005634]; plasma membrane [GO:0005886]
Q5JRA6	Q5JRA6	TGO1_HUMAN	Transport and Golgi organization protein 1 homolog (TANGO1) (C219-reactive peptide) (D320) (Melanoma inhibitory activity protein 3)	MIA3 KIAA0268 TANGO UNQ6077/PRO20088	cell migration involved in sprouting angiogenesis [GO:0002042]; cellular protein metabolic process [GO:0044267]; cellular response to oxidised low-density lipoprotein particle stimulus [GO:0140052]; COPII-coated vesicle cargo loading [GO:0090110]; endoplasmic reticulum organization [GO:0007029]; endoplasmic reticulum to Golgi vesicle-mediated transport [GO:0006888]; exocytosis [GO:0006887]; lipoprotein transport [GO:0042953]; negative regulation of cell adhesion [GO:0007162]; negative regulation of cell migration [GO:0030336]; negative regulation of leukocyte cell-cell adhesion [GO:1903038]; negative regulation of lymphocyte migration [GO:2000402]; positive regulation of leukocyte migration [GO:0002687]; post-translational protein modification [GO:0043687]; protein localization to endoplasmic reticulum exit site [GO:0070973]; protein secretion [GO:0009306]; protein transport [GO:0015031]; vesicle cargo loading [GO:0035459]; wound healing [GO:0042060]	cargo receptor activity [GO:0038024]	endoplasmic reticulum exit site [GO:0070971]; endoplasmic reticulum lumen [GO:0005788]; endoplasmic reticulum membrane [GO:0005789]; integral component of membrane [GO:0016021]; intracellular membrane-bounded organelle [GO:0043231]; membrane [GO:0016020]
Q5JSH3	Q5JSH3	WDR44_HUMAN	WD repeat-containing protein 44 (Rabphilin-11)	WDR44			cytosol [GO:0005829]; endosome membrane [GO:0010008]; Golgi apparatus [GO:0005794]; perinuclear region of cytoplasm [GO:0048471]
Q5JSP0	Q5JSP0	FGD3_HUMAN	FYVE, RhoGEF and PH domain-containing protein 3 (Zinc finger FYVE domain-containing protein 5)	FGD3 ZFYVE5	actin cytoskeleton organization [GO:0030036]; cytoskeleton organization [GO:0007010]; filopodium assembly [GO:0046847]; G protein-coupled receptor signaling pathway [GO:0007186]; positive regulation of apoptotic process [GO:0043065]; regulation of cell shape [GO:0008360]; regulation of GTPase activity [GO:0043087]; regulation of small GTPase mediated signal transduction [GO:0051056]	guanyl-nucleotide exchange factor activity [GO:0005085]; metal ion binding [GO:0046872]; small GTPase binding [GO:0031267]	cytoplasm [GO:0005737]; cytoskeleton [GO:0005856]; cytosol [GO:0005829]; Golgi apparatus [GO:0005794]; lamellipodium [GO:0030027]; ruffle [GO:0001726]
Q5JTD0	Q5JTD0	TJAP1_HUMAN	Tight junction-associated protein 1 (Protein incorporated later into tight junctions) (Tight junction protein 4)	TJAP1 PILT TJP4	Golgi organization [GO:0007030]		bicellular tight junction [GO:0005923]; Golgi apparatus [GO:0005794]; plasma membrane [GO:0005886]; trans-Golgi network [GO:0005802]
Q5SNT2	Q5SNT2	TM201_HUMAN	Transmembrane protein 201 (Spindle-associated membrane protein 1)	TMEM201 NET5 SAMP1	centrosome localization [GO:0051642]; fibroblast migration [GO:0010761]; nuclear envelope organization [GO:0006998]; nuclear migration along microtubule [GO:0030473]; protein localization to nuclear envelope [GO:0090435]	actin filament binding [GO:0051015]; lamin binding [GO:0005521]	cytoplasm [GO:0005737]; integral component of nuclear inner membrane [GO:0005639]; nuclear envelope [GO:0005635]; nuclear membrane [GO:0031965]; spindle pole [GO:0000922]
Q5SRE5	Q5SRE5	NU188_HUMAN	Nucleoporin NUP188 (hNup188)	NUP188 KIAA0169	intracellular transport of virus [GO:0075733]; mitotic nuclear envelope reassembly [GO:0007084]; mRNA export from nucleus [GO:0006406]; protein import into nucleus [GO:0006606]; protein sumoylation [GO:0016925]; regulation of cellular response to heat [GO:1900034]; regulation of gene silencing by miRNA [GO:0060964]; regulation of glycolytic process [GO:0006110]; RNA export from nucleus [GO:0006405]; tRNA export from nucleus [GO:0006409]; viral life cycle [GO:0019058]; viral process [GO:0016032]; viral transcription [GO:0019083]	structural constituent of nuclear pore [GO:0017056]	cytosol [GO:0005829]; host cell [GO:0043657]; membrane [GO:0016020]; nuclear envelope [GO:0005635]; nuclear pore inner ring [GO:0044611]
Q5SRQ6	Q5SRQ6	Q5SRQ6_HUMAN	Casein kinase II subunit beta (CK II beta)	CSNK2B hCG_43725	liver regeneration [GO:0097421]; response to testosterone [GO:0033574]; Wnt signaling pathway [GO:0016055]	kinase activity [GO:0016301]; protein kinase regulator activity [GO:0019887]; ribonucleoprotein complex binding [GO:0043021]	chromatin [GO:0000785]; cilium [GO:0005929]; cytoplasm [GO:0005737]; nuclear matrix [GO:0016363]; plasma membrane [GO:0005886]; protein kinase CK2 complex [GO:0005956]
Q5SW79	Q5SW79	CE170_HUMAN	Centrosomal protein of 170 kDa (Cep170) (KARP-1-binding protein) (KARP1-binding protein)	CEP170 FAM68A KAB KIAA0470			centriolar subdistal appendage [GO:0120103]; centriole [GO:0005814]; centrosome [GO:0005813]; cytosol [GO:0005829]; microtubule [GO:0005874]; mitotic spindle [GO:0072686]
Q5T1R4	Q5T1R4	ZEP3_HUMAN	Transcription factor HIVEP3 (Human immunodeficiency virus type I enhancer-binding protein 3) (Kappa-B and V(D)J recombination signal sequences-binding protein) (Kappa-binding protein 1) (KBP-1) (Zinc finger protein ZAS3)	HIVEP3 KBP1 KIAA1555 KRC ZAS3	positive regulation of transcription, DNA-templated [GO:0045893]; regulation of transcription by RNA polymerase II [GO:0006357]; skeletal muscle cell differentiation [GO:0035914]	DNA-binding transcription factor activity, RNA polymerase II-specific [GO:0000981]; metal ion binding [GO:0046872]; RNA polymerase II cis-regulatory region sequence-specific DNA binding [GO:0000978]	cytoplasm [GO:0005737]; nucleus [GO:0005634]
Q5T1Z8	Q5T1Z8	Q5T1Z8_HUMAN	Pumilio homolog 1 (Pumilio homolog 1 (Drosophila), isoform CRA_c)	PUM1 hCG_19946	adult locomotory behavior [GO:0008344]; mRNA destabilization [GO:0061157]; posttranscriptional gene silencing [GO:0016441]; spermatogenesis [GO:0007283]; stem cell differentiation [GO:0048863]	mRNA 3'-UTR binding [GO:0003730]	cytosol [GO:0005829]; nucleoplasm [GO:0005654]
Q5T200	Q5T200	ZC3HD_HUMAN	Zinc finger CCCH domain-containing protein 13	ZC3H13 KIAA0853	mRNA methylation [GO:0080009]; mRNA processing [GO:0006397]; multicellular organism development [GO:0007275]; regulation of stem cell population maintenance [GO:2000036]; RNA splicing [GO:0008380]	metal ion binding [GO:0046872]; RNA binding [GO:0003723]	nuclear speck [GO:0016607]; nucleoplasm [GO:0005654]; RNA N6-methyladenosine methyltransferase complex [GO:0036396]
Q5T4S7	Q5T4S7	UBR4_HUMAN	E3 ubiquitin-protein ligase UBR4 (EC 2.3.2.27) (600 kDa retinoblastoma protein-associated factor) (N-recognin-4) (RING-type E3 ubiquitin transferase UBR4) (Retinoblastoma-associated factor of 600 kDa) (RBAF600) (p600) (Zinc finger UBR1-type protein 1)	UBR4 KIAA0462 KIAA1307 RBAF600 ZUBR1	neutrophil degranulation [GO:0043312]; ubiquitin-dependent protein catabolic process [GO:0006511]; viral process [GO:0016032]	calmodulin binding [GO:0005516]; ubiquitin protein ligase activity [GO:0061630]; ubiquitin-protein transferase activity [GO:0004842]; zinc ion binding [GO:0008270]	centrosome [GO:0005813]; cytosol [GO:0005829]; ficolin-1-rich granule membrane [GO:0101003]; integral component of membrane [GO:0016021]; membrane [GO:0016020]; nucleoplasm [GO:0005654]; plasma membrane [GO:0005886]; specific granule membrane [GO:0035579]; tertiary granule membrane [GO:0070821]
Q5T5C0	Q5T5C0	STXB5_HUMAN	Syntaxin-binding protein 5 (Lethal(2) giant larvae protein homolog 3) (Tomosyn-1)	STXBP5 LLGL3	exocytosis [GO:0006887]; positive regulation of exocytosis [GO:0045921]; protein transport [GO:0015031]; regulation of exocytosis [GO:0017157]; regulation of protein secretion [GO:0050708]; regulation of synaptic vesicle exocytosis [GO:2000300]; regulation of synaptic vesicle priming [GO:0010807]; synaptic vesicle cycle [GO:0099504]	GTPase activator activity [GO:0005096]; myosin II binding [GO:0045159]; syntaxin-1 binding [GO:0017075]; syntaxin binding [GO:0019905]	acetylcholine-gated channel complex [GO:0005892]; cytoplasm [GO:0005737]; cytosol [GO:0005829]; extrinsic component of neuronal dense core vesicle membrane [GO:0098674]; extrinsic component of presynaptic membrane [GO:0098888]; hippocampal mossy fiber to CA3 synapse [GO:0098686]; neuromuscular junction [GO:0031594]; plasma membrane [GO:0005886]; presynaptic cytosol [GO:0099523]; Schaffer collateral - CA1 synapse [GO:0098685]; SNARE complex [GO:0031201]; synaptic vesicle [GO:0008021]
Q5T5H1	Q5T5H1	Q5T5H1_HUMAN	Alpha-endosulfine	ENSA	cell cycle [GO:0007049]; cell division [GO:0051301]	protein phosphatase inhibitor activity [GO:0004864]	
Q5UIP0	Q5UIP0	RIF1_HUMAN	Telomere-associated protein RIF1 (Rap1-interacting factor 1 homolog)	RIF1	cell cycle [GO:0007049]; cellular response to DNA damage stimulus [GO:0006974]; cellular response to leukemia inhibitory factor [GO:1990830]; chromatin silencing at telomere [GO:0006348]; double-strand break repair via nonhomologous end joining [GO:0006303]; negative regulation of double-strand break repair via homologous recombination [GO:2000042]; negative regulation of transcription by RNA polymerase II [GO:0000122]; positive regulation of double-strand break repair via nonhomologous end joining [GO:2001034]; positive regulation of histone H3-K9 methylation [GO:0051574]; positive regulation of isotype switching [GO:0045830]; stem cell population maintenance [GO:0019827]; telomere maintenance [GO:0000723]; telomere maintenance in response to DNA damage [GO:0043247]		chromatin [GO:0000785]; chromosome, telomeric region [GO:0000781]; condensed chromosome [GO:0000793]; cytoplasm [GO:0005737]; female pronucleus [GO:0001939]; male pronucleus [GO:0001940]; nuclear body [GO:0016604]; nuclear membrane [GO:0031965]; nucleoplasm [GO:0005654]; nucleus [GO:0005634]; plasma membrane [GO:0005886]; site of double-strand break [GO:0035861]; spindle midzone [GO:0051233]
Q5VSL9	Q5VSL9	STRP1_HUMAN	Striatin-interacting protein 1 (Protein FAM40A)	STRIP1 FAM40A KIAA1761	cortical actin cytoskeleton organization [GO:0030866]; cytoskeleton organization [GO:0007010]; regulation of cell morphogenesis [GO:0022604]	protein kinase binding [GO:0019901]; small GTPase binding [GO:0031267]	cytosol [GO:0005829]; extracellular exosome [GO:0070062]; nucleus [GO:0005634]
Q5VT52	Q5VT52	RPRD2_HUMAN	Regulation of nuclear pre-mRNA domain-containing protein 2	RPRD2 KIAA0460 HSPC099	mRNA 3'-end processing [GO:0031124]; snRNA transcription by RNA polymerase II [GO:0042795]	RNA polymerase II complex binding [GO:0000993]	nucleoplasm [GO:0005654]; RNA polymerase II, holoenzyme [GO:0016591]
Q5VUA4	Q5VUA4	ZN318_HUMAN	Zinc finger protein 318 (Endocrine regulatory protein)	ZNF318 HRIHFB2436	meiotic cell cycle [GO:0051321]; negative regulation of transcription, DNA-templated [GO:0045892]; positive regulation of transcription, DNA-templated [GO:0045893]	nucleic acid binding [GO:0003676]; protein homodimerization activity [GO:0042803]; zinc ion binding [GO:0008270]	cytosol [GO:0005829]; nucleoplasm [GO:0005654]
Q5VZL5	Q5VZL5	ZMYM4_HUMAN	Zinc finger MYM-type protein 4 (Zinc finger protein 262)	ZMYM4 KIAA0425 ZNF262	cytoskeleton organization [GO:0007010]; multicellular organism development [GO:0007275]; regulation of cell morphogenesis [GO:0022604]	DNA binding [GO:0003677]; zinc ion binding [GO:0008270]	
Q641Q2	Q641Q2	WAC2A_HUMAN	WASH complex subunit 2A	WASHC2A FAM21A FAM21B	protein localization to endosome [GO:0036010]; protein transport [GO:0015031]; retrograde transport, endosome to Golgi [GO:0042147]	lipid binding [GO:0008289]	cytosol [GO:0005829]; early endosome [GO:0005769]; early endosome membrane [GO:0031901]; intracellular membrane-bounded organelle [GO:0043231]; nucleolus [GO:0005730]; plasma membrane [GO:0005886]; WASH complex [GO:0071203]
Q66K14	Q66K14	TBC9B_HUMAN	TBC1 domain family member 9B	TBC1D9B KIAA0676	activation of GTPase activity [GO:0090630]; intracellular protein transport [GO:0006886]	calcium ion binding [GO:0005509]; GTPase activator activity [GO:0005096]	integral component of membrane [GO:0016021]
Q66K74	Q66K74	MAP1S_HUMAN	Microtubule-associated protein 1S (MAP-1S) (BPY2-interacting protein 1) (Microtubule-associated protein 8) (Variable charge Y chromosome 2-interacting protein 1) (VCY2-interacting protein 1) (VCY2IP-1) [Cleaved into: MAP1S heavy chain; MAP1S light chain]	MAP1S BPY2IP1 C19orf5 MAP8 VCY2IP1	apoptotic process [GO:0006915]; autophagy [GO:0006914]; axonogenesis [GO:0007409]; brain development [GO:0007420]; dendrite development [GO:0016358]; DNA metabolic process [GO:0006259]; microtubule bundle formation [GO:0001578]; microtubule cytoskeleton organization [GO:0000226]; mitochondrion transport along microtubule [GO:0047497]; nervous system development [GO:0007399]; neuron projection morphogenesis [GO:0048812]; regulation of chromatin disassembly [GO:0010848]; regulation of microtubule depolymerization [GO:0031114]	actin binding [GO:0003779]; actin filament binding [GO:0051015]; beta-tubulin binding [GO:0048487]; DNA binding [GO:0003677]; microtubule binding [GO:0008017]; tubulin binding [GO:0015631]	cell junction [GO:0030054]; cell projection [GO:0042995]; cytosol [GO:0005829]; dendrite [GO:0030425]; microtubule [GO:0005874]; microtubule associated complex [GO:0005875]; neuronal cell body [GO:0043025]; nucleolus [GO:0005730]; nucleoplasm [GO:0005654]; nucleus [GO:0005634]; perinuclear region of cytoplasm [GO:0048471]; spindle [GO:0005819]; synapse [GO:0045202]
Q68CZ2	Q68CZ2	TENS3_HUMAN	Tensin-3 (Tensin-like SH2 domain-containing protein 1) (Tumor endothelial marker 6)	TNS3 TEM6 TENS1 TPP			cytosol [GO:0005829]; focal adhesion [GO:0005925]
Q68E01	Q68E01	INT3_HUMAN	Integrator complex subunit 3 (Int3) (SOSS complex subunit A) (Sensor of single-strand DNA complex subunit A) (SOSS-A) (Sensor of ssDNA subunit A)	INTS3 C1orf193 C1orf60	cellular response to DNA damage stimulus [GO:0006974]; DNA repair [GO:0006281]; mitotic G2/M transition checkpoint [GO:0044818]; response to ionizing radiation [GO:0010212]; snRNA processing [GO:0016180]; snRNA transcription by RNA polymerase II [GO:0042795]		cytoplasm [GO:0005737]; integrator complex [GO:0032039]; nucleoplasm [GO:0005654]; nucleus [GO:0005634]; site of double-strand break [GO:0035861]; SOSS complex [GO:0070876]
Q68EM7	Q68EM7	RHG17_HUMAN	Rho GTPase-activating protein 17 (Rho-type GTPase-activating protein 17) (RhoGAP interacting with CIP4 homologs protein 1) (RICH-1)	ARHGAP17 RICH1 MSTP066 MSTP110	actin filament organization [GO:0007015]; calcium-ion regulated exocytosis [GO:0017156]; regulation of actin cytoskeleton organization [GO:0032956]; regulation of Rac protein signal transduction [GO:0035020]; regulation of small GTPase mediated signal transduction [GO:0051056]; signal transduction [GO:0007165]	GTPase activator activity [GO:0005096]; SH3 domain binding [GO:0017124]	bicellular tight junction [GO:0005923]; cytosol [GO:0005829]; nucleoplasm [GO:0005654]; plasma membrane [GO:0005886]
Q69YN4	Q69YN4	VIR_HUMAN	Protein virilizer homolog	VIRMA KIAA1429 MSTP054	mRNA alternative polyadenylation [GO:0110104]; mRNA methylation [GO:0080009]; mRNA processing [GO:0006397]; multicellular organism development [GO:0007275]; RNA splicing [GO:0008380]	RNA binding [GO:0003723]	cytosol [GO:0005829]; nuclear body [GO:0016604]; nuclear speck [GO:0016607]; nucleoplasm [GO:0005654]; RNA N6-methyladenosine methyltransferase complex [GO:0036396]
Q6JBY9	Q6JBY9	CPZIP_HUMAN	CapZ-interacting protein (Protein kinase substrate CapZIP) (RCSD domain-containing protein 1)	RCSD1 CAPZIP	cellular hyperosmotic response [GO:0071474]; skeletal muscle contraction [GO:0003009]	actin filament binding [GO:0051015]	actin filament [GO:0005884]
Q6KC79	Q6KC79	NIPBL_HUMAN	Nipped-B-like protein (Delangin) (SCC2 homolog)	NIPBL IDN3 SCC2	brain development [GO:0007420]; cellular protein localization [GO:0034613]; cellular response to DNA damage stimulus [GO:0006974]; cellular response to X-ray [GO:0071481]; cognition [GO:0050890]; cohesin loading [GO:0071921]; developmental growth [GO:0048589]; digestive tract development [GO:0048565]; ear morphogenesis [GO:0042471]; embryonic digestive tract morphogenesis [GO:0048557]; embryonic forelimb morphogenesis [GO:0035115]; embryonic viscerocranium morphogenesis [GO:0048703]; establishment of mitotic sister chromatid cohesion [GO:0034087]; establishment of protein localization to chromatin [GO:0071169]; external genitalia morphogenesis [GO:0035261]; eye morphogenesis [GO:0048592]; face morphogenesis [GO:0060325]; fat cell differentiation [GO:0045444]; forelimb morphogenesis [GO:0035136]; gall bladder development [GO:0061010]; heart morphogenesis [GO:0003007]; maintenance of mitotic sister chromatid cohesion [GO:0034088]; metanephros development [GO:0001656]; mitotic sister chromatid cohesion [GO:0007064]; negative regulation of transcription, DNA-templated [GO:0045892]; negative regulation of transcription by RNA polymerase II [GO:0000122]; outflow tract morphogenesis [GO:0003151]; positive regulation of histone deacetylation [GO:0031065]; positive regulation of mitotic cohesin loading [GO:1905406]; positive regulation of multicellular organism growth [GO:0040018]; positive regulation of neuron migration [GO:2001224]; positive regulation of ossification [GO:0045778]; regulation of developmental growth [GO:0048638]; regulation of embryonic development [GO:0045995]; regulation of hair cycle [GO:0042634]; replication-born double-strand break repair via sister chromatid exchange [GO:1990414]; sensory perception of sound [GO:0007605]; stem cell population maintenance [GO:0019827]; transcriptional activation by promoter-enhancer looping [GO:0071733]; uterus morphogenesis [GO:0061038]	chromatin binding [GO:0003682]; chromo shadow domain binding [GO:0070087]; histone deacetylase binding [GO:0042826]; mediator complex binding [GO:0036033]; promoter-specific chromatin binding [GO:1990841]; protein C-terminus binding [GO:0008022]; protein N-terminus binding [GO:0047485]	chromatin [GO:0000785]; cytosol [GO:0005829]; extracellular exosome [GO:0070062]; integrator complex [GO:0032039]; intracellular membrane-bounded organelle [GO:0043231]; nucleoplasm [GO:0005654]; nucleus [GO:0005634]; Scc2-Scc4 cohesin loading complex [GO:0090694]; SMC loading complex [GO:0032116]
Q6P2E9	Q6P2E9	EDC4_HUMAN	Enhancer of mRNA-decapping protein 4 (Autoantigen Ge-1) (Autoantigen RCD-8) (Human enhancer of decapping large subunit) (Hedls)	EDC4 HEDLS	deadenylation-independent decapping of nuclear-transcribed mRNA [GO:0031087]; exonucleolytic catabolism of deadenylated mRNA [GO:0043928]		cytoplasm [GO:0005737]; cytoplasmic ribonucleoprotein granule [GO:0036464]; cytosol [GO:0005829]; membrane [GO:0016020]; nucleoplasm [GO:0005654]; nucleus [GO:0005634]; P-body [GO:0000932]
Q6P4E1	Q6P4E1	GOLM2_HUMAN	Protein GOLM2 (Cancer susceptibility candidate gene 4 protein) (CASC4) (Golgi membrane protein 2)	GOLM2 CASC4 UNQ2573/PRO6308			Golgi apparatus [GO:0005794]; integral component of membrane [GO:0016021]
Q6PCB8	Q6PCB8	EMB_HUMAN	Embigin	EMB	axon guidance [GO:0007411]; dendrite self-avoidance [GO:0070593]; homophilic cell adhesion via plasma membrane adhesion molecules [GO:0007156]; plasma membrane lactate transport [GO:0035879]	cell-cell adhesion mediator activity [GO:0098632]	axon [GO:0030424]; integral component of plasma membrane [GO:0005887]; plasma membrane [GO:0005886]; synapse [GO:0045202]
Q6PD62	Q6PD62	CTR9_HUMAN	RNA polymerase-associated protein CTR9 homolog (SH2 domain-binding protein 1)	CTR9 KIAA0155 SH2BP1	blastocyst growth [GO:0001832]; blastocyst hatching [GO:0001835]; cellular response to lipopolysaccharide [GO:0071222]; endodermal cell fate commitment [GO:0001711]; histone H2B ubiquitination [GO:0033523]; histone H3-K4 trimethylation [GO:0080182]; histone monoubiquitination [GO:0010390]; inner cell mass cell differentiation [GO:0001826]; interleukin-6-mediated signaling pathway [GO:0070102]; negative regulation of mRNA polyadenylation [GO:1900364]; negative regulation of myeloid cell differentiation [GO:0045638]; negative regulation of transcription by RNA polymerase II [GO:0000122]; positive regulation of histone H2B ubiquitination [GO:2001168]; positive regulation of histone H3-K4 methylation [GO:0051571]; positive regulation of histone H3-K79 methylation [GO:2001162]; protein ubiquitination [GO:0016567]; receptor signaling pathway via JAK-STAT [GO:0007259]; regulation of genetic imprinting [GO:2000653]; regulation of histone H3-K4 methylation [GO:0051569]; regulation of transcription, DNA-templated [GO:0006355]; stem cell population maintenance [GO:0019827]; transcription by RNA polymerase II [GO:0006366]; transcription elongation from RNA polymerase II promoter [GO:0006368]; trophectodermal cell differentiation [GO:0001829]; Wnt signaling pathway [GO:0016055]	RNA polymerase II complex binding [GO:0000993]; SH2 domain binding [GO:0042169]	Cdc73/Paf1 complex [GO:0016593]; nuclear speck [GO:0016607]; nucleoplasm [GO:0005654]; transcriptionally active chromatin [GO:0035327]
Q6PJT7	Q6PJT7	ZC3HE_HUMAN	Zinc finger CCCH domain-containing protein 14 (Mammalian suppressor of tau pathology-2) (MSUT-2) (Renal carcinoma antigen NY-REN-37)	ZC3H14	negative regulation of mRNA polyadenylation [GO:1900364]; regulation of mRNA stability [GO:0043488]	metal ion binding [GO:0046872]; poly(A) binding [GO:0008143]; RNA binding [GO:0003723]	axon cytoplasm [GO:1904115]; cytoplasm [GO:0005737]; dendrite cytoplasm [GO:0032839]; nuclear speck [GO:0016607]; nucleolus [GO:0005730]; nucleus [GO:0005634]; ribonucleoprotein complex [GO:1990904]
Q6PKG0	Q6PKG0	LARP1_HUMAN	La-related protein 1 (La ribonucleoprotein domain family member 1)	LARP1 KIAA0731 LARP	cell population proliferation [GO:0008283]; cellular response to rapamycin [GO:0072752]; mRNA stabilization [GO:0048255]; negative regulation of translation [GO:0017148]; negative regulation of translational initiation [GO:0045947]; positive regulation of macroautophagy [GO:0016239]; positive regulation of translational initiation [GO:0045948]; positive regulation of viral genome replication [GO:0045070]; posttranscriptional regulation of gene expression [GO:0010608]; response to amino acid starvation [GO:1990928]; TORC1 signaling [GO:0038202]; TOR signaling [GO:0031929]; translational initiation [GO:0006413]	cadherin binding [GO:0045296]; eukaryotic initiation factor 4E binding [GO:0008190]; mRNA 3'-UTR binding [GO:0003730]; mRNA 5'-UTR binding [GO:0048027]; ribosomal small subunit binding [GO:0043024]; RNA 7-methylguanosine cap binding [GO:0000340]; RNA binding [GO:0003723]; RNA cap binding [GO:0000339]; translation activator activity [GO:0008494]; translation initiation factor binding [GO:0031369]	cytoplasm [GO:0005737]; cytoplasmic stress granule [GO:0010494]; membrane [GO:0016020]
Q6UN15	Q6UN15	FIP1_HUMAN	Pre-mRNA 3'-end-processing factor FIP1 (hFip1) (FIP1-like 1 protein) (Factor interacting with PAP) (Rearranged in hypereosinophilia)	FIP1L1 FIP1 RHE	mRNA 3'-end processing [GO:0031124]; mRNA export from nucleus [GO:0006406]; mRNA polyadenylation [GO:0006378]; mRNA splicing, via spliceosome [GO:0000398]; pre-mRNA cleavage required for polyadenylation [GO:0098789]; termination of RNA polymerase II transcription [GO:0006369]	RNA binding [GO:0003723]	cytosol [GO:0005829]; mRNA cleavage and polyadenylation specificity factor complex [GO:0005847]; nucleoplasm [GO:0005654]
Q6VMQ6	Q6VMQ6	MCAF1_HUMAN	Activating transcription factor 7-interacting protein 1 (ATF-interacting protein) (ATF-IP) (ATF7-interacting protein) (ATFa-associated modulator) (hAM) (MBD1-containing chromatin-associated factor 1) (P621)	ATF7IP MCAF MCAF1	DNA methylation [GO:0006306]; negative regulation of transcription, DNA-templated [GO:0045892]; negative regulation of transcription by RNA polymerase II [GO:0000122]; positive regulation of DNA methylation-dependent heterochromatin assembly [GO:0090309]; positive regulation of transcription, DNA-templated [GO:0045893]; protein stabilization [GO:0050821]; regulation of protein stability [GO:0031647]; regulation of RNA polymerase II transcription preinitiation complex assembly [GO:0045898]; viral process [GO:0016032]	ATPase activity [GO:0016887]; transcription corepressor activity [GO:0003714]	cytosol [GO:0005829]; nuclear body [GO:0016604]; nucleoplasm [GO:0005654]; nucleus [GO:0005634]; transcription regulator complex [GO:0005667]
Q6W2J9	Q6W2J9	BCOR_HUMAN	BCL-6 corepressor (BCoR)	BCOR KIAA1575	blastocyst hatching [GO:0001835]; heart development [GO:0007507]; histone H2A monoubiquitination [GO:0035518]; negative regulation of bone mineralization [GO:0030502]; negative regulation of histone H3-K36 methylation [GO:0000415]; negative regulation of histone H3-K4 methylation [GO:0051572]; negative regulation of tooth mineralization [GO:0070171]; negative regulation of transcription, DNA-templated [GO:0045892]; negative regulation of transcription by RNA polymerase II [GO:0000122]; odontogenesis [GO:0042476]; roof of mouth development [GO:0060021]; specification of axis polarity [GO:0065001]	heat shock protein binding [GO:0031072]; histone deacetylase binding [GO:0042826]; RNA polymerase II transcription regulatory region sequence-specific DNA binding [GO:0000977]; transcription corepressor activity [GO:0003714]; transcription factor binding [GO:0008134]; transcription regulatory region sequence-specific DNA binding [GO:0000976]	BCOR complex [GO:0140261]; nucleoplasm [GO:0005654]; nucleus [GO:0005634]
Q6ZNJ1	Q6ZNJ1	NBEL2_HUMAN	Neurobeachin-like protein 2	NBEAL2 KIAA0540 UNQ253/PRO290	neutrophil degranulation [GO:0043312]; platelet formation [GO:0030220]; protein localization [GO:0008104]	protein kinase binding [GO:0019901]	cytosol [GO:0005829]; endoplasmic reticulum [GO:0005783]; ficolin-1-rich granule membrane [GO:0101003]; membrane [GO:0016020]; plasma membrane [GO:0005886]; tertiary granule membrane [GO:0070821]
Q6ZRS2	Q6ZRS2	SRCAP_HUMAN	Helicase SRCAP (EC 3.6.4.-) (Domino homolog 2) (Snf2-related CBP activator)	SRCAP KIAA0309	ATP-dependent chromatin remodeling [GO:0043044]; gene silencing [GO:0016458]; histone exchange [GO:0043486]; regulation of transcription by RNA polymerase II [GO:0006357]; viral process [GO:0016032]	ATPase activity [GO:0016887]; ATP binding [GO:0005524]; DNA binding [GO:0003677]; helicase activity [GO:0004386]; histone acetyltransferase activity [GO:0004402]; histone binding [GO:0042393]; nucleosome-dependent ATPase activity [GO:0070615]; transcription coactivator activity [GO:0003713]	Golgi apparatus [GO:0005794]; nuclear body [GO:0016604]; nucleoplasm [GO:0005654]; nucleus [GO:0005634]; perinuclear region of cytoplasm [GO:0048471]; protein-containing complex [GO:0032991]; Swr1 complex [GO:0000812]
Q6ZS81	Q6ZS81	WDFY4_HUMAN	WD repeat- and FYVE domain-containing protein 4	WDFY4 C10orf64 KIAA1607	antigen processing and presentation [GO:0019882]; autophagy [GO:0006914]; CD8-positive, alpha-beta T cell activation [GO:0036037]; cellular response to virus [GO:0098586]		early endosome [GO:0005769]; endoplasmic reticulum [GO:0005783]
Q7L2J0	Q7L2J0	MEPCE_HUMAN	7SK snRNA methylphosphate capping enzyme (MePCE) (EC 2.1.1.-) (Bicoid-interacting protein 3 homolog) (Bin3 homolog)	MEPCE BCDIN3	negative regulation of chromatin binding [GO:0035562]; negative regulation of transcription by RNA polymerase II [GO:0000122]; positive regulation of G1/S transition of mitotic cell cycle [GO:1900087]; positive regulation of protein localization to Cajal body [GO:1904871]; positive regulation of snRNA transcription by RNA polymerase II [GO:1905382]; RNA methylation [GO:0001510]; snRNA metabolic process [GO:0016073]; snRNA modification [GO:0040031]	7SK snRNA binding [GO:0097322]; O-methyltransferase activity [GO:0008171]; RNA 5'-methyltransferase activity [GO:1990276]; RNA binding [GO:0003723]; RNA methyltransferase activity [GO:0008173]; S-adenosylmethionine-dependent methyltransferase activity [GO:0008757]; snRNA binding [GO:0017069]	7SK snRNP [GO:0120259]; nucleus [GO:0005634]; ribonucleoprotein complex [GO:1990904]
Q7L9L4	Q7L9L4	MOB1B_HUMAN	MOB kinase activator 1B (Mob1 homolog 1A) (Mob1A) (Mob1B) (Mps one binder kinase activator-like 1A)	MOB1B MOB4A MOBKL1A	hippo signaling [GO:0035329]; regulation of protein autophosphorylation [GO:0031952]	kinase activator activity [GO:0019209]; kinase binding [GO:0019900]; metal ion binding [GO:0046872]	cytoplasm [GO:0005737]; cytosol [GO:0005829]; extracellular exosome [GO:0070062]; nucleolus [GO:0005730]; nucleoplasm [GO:0005654]; nucleus [GO:0005634]
Q7LDG7	Q7LDG7	GRP2_HUMAN	RAS guanyl-releasing protein 2 (Calcium and DAG-regulated guanine nucleotide exchange factor I) (CalDAG-GEFI) (Cdc25-like protein) (hCDC25L) (F25B3.3 kinase-like protein)	RASGRP2 CDC25L MCG7	adaptive immune response [GO:0002250]; cellular response to calcium ion [GO:0071277]; positive regulation of GTPase activity [GO:0043547]; Ras protein signal transduction [GO:0007265]; regulation of cell growth [GO:0001558]; signal transduction [GO:0007165]	calcium ion binding [GO:0005509]; diacylglycerol binding [GO:0019992]; guanyl-nucleotide exchange factor activity [GO:0005085]; lipid binding [GO:0008289]	cytosol [GO:0005829]; neuron projection [GO:0043005]; plasma membrane [GO:0005886]; ruffle membrane [GO:0032587]; synapse [GO:0045202]
Q7Z333	Q7Z333	SETX_HUMAN	Probable helicase senataxin (EC 3.6.4.-) (Amyotrophic lateral sclerosis 4 protein) (SEN1 homolog) (Senataxin)	SETX ALS4 KIAA0625 SCAR1	cell differentiation [GO:0030154]; cellular response to DNA damage stimulus [GO:0006974]; cellular response to fibroblast growth factor stimulus [GO:0044344]; cellular response to hydrogen peroxide [GO:0070301]; cellular response to oxidative stress [GO:0034599]; cellular response to retinoic acid [GO:0071300]; circadian rhythm [GO:0007623]; DNA recombination [GO:0006310]; DNA-templated transcription, termination [GO:0006353]; double-strand break repair [GO:0006302]; fibroblast growth factor receptor signaling pathway [GO:0008543]; MAPK cascade [GO:0000165]; mRNA splice site selection [GO:0006376]; negative regulation of apoptotic process [GO:0043066]; nervous system development [GO:0007399]; positive regulation of DNA-templated transcription, initiation [GO:2000144]; positive regulation of DNA-templated transcription, termination [GO:0060566]; positive regulation of neuron projection development [GO:0010976]; positive regulation of RNA splicing [GO:0033120]; positive regulation of termination of RNA polymerase II transcription, poly(A)-coupled [GO:2000806]; positive regulation of transcription by RNA polymerase II [GO:0045944]; protein kinase B signaling [GO:0043491]; RNA processing [GO:0006396]; spermatogenesis [GO:0007283]; termination of RNA polymerase II transcription [GO:0006369]	ATP binding [GO:0005524]; DNA binding [GO:0003677]; DNA helicase activity [GO:0003678]; identical protein binding [GO:0042802]; RNA binding [GO:0003723]; transcription termination site sequence-specific DNA binding [GO:0001147]	axon [GO:0030424]; chromosome, telomeric region [GO:0000781]; cytoplasm [GO:0005737]; growth cone [GO:0030426]; intercellular bridge [GO:0045171]; nuclear body [GO:0016604]; nuclear chromosome [GO:0000228]; nucleolus [GO:0005730]; nucleoplasm [GO:0005654]; nucleus [GO:0005634]
Q7Z3C6	Q7Z3C6	ATG9A_HUMAN	Autophagy-related protein 9A (APG9-like 1) (mATG9)	ATG9A APG9L1	autophagosome assembly [GO:0000045]; autophagy of mitochondrion [GO:0000422]; late nucleophagy [GO:0044805]; protein localization to phagophore assembly site [GO:0034497]; protein transport [GO:0015031]		autophagosome [GO:0005776]; endoplasmic reticulum membrane [GO:0005789]; endosome [GO:0005768]; integral component of membrane [GO:0016021]; intracellular membrane-bounded organelle [GO:0043231]; late endosome [GO:0005770]; late endosome membrane [GO:0031902]; membrane [GO:0016020]; phagophore assembly site [GO:0000407]; recycling endosome [GO:0055037]; trans-Golgi network [GO:0005802]
Q7Z3K3	Q7Z3K3	POGZ_HUMAN	Pogo transposable element with ZNF domain (Suppressor of hairy wing homolog 5) (Zinc finger protein 280E) (Zinc finger protein 635)	POGZ KIAA0461 SUHW5 ZNF280E ZNF635 Nbla00003	cell division [GO:0051301]; kinetochore assembly [GO:0051382]; mitotic sister chromatid cohesion [GO:0007064]; positive regulation of transcription by RNA polymerase II [GO:0045944]; regulation of gene expression [GO:0010468]	DNA binding [GO:0003677]; metal ion binding [GO:0046872]	chromatin [GO:0000785]; cytoplasm [GO:0005737]; cytosol [GO:0005829]; nucleoplasm [GO:0005654]; nucleus [GO:0005634]
Q7Z3T8	Q7Z3T8	ZFY16_HUMAN	Zinc finger FYVE domain-containing protein 16 (Endofin) (Endosome-associated FYVE domain protein)	ZFYVE16 KIAA0305	BMP signaling pathway [GO:0030509]; endosomal transport [GO:0016197]; protein targeting to lysosome [GO:0006622]; regulation of endocytosis [GO:0030100]; signal transduction [GO:0007165]; vesicle organization [GO:0016050]	1-phosphatidylinositol binding [GO:0005545]; metal ion binding [GO:0046872]; phosphatidylinositol-3,4,5-trisphosphate binding [GO:0005547]	cytosol [GO:0005829]; early endosome [GO:0005769]; early endosome membrane [GO:0031901]; intracellular membrane-bounded organelle [GO:0043231]
Q7Z417	Q7Z417	NUFP2_HUMAN	Nuclear fragile X mental retardation-interacting protein 2 (82 kDa FMRP-interacting protein) (82-FIP) (Cell proliferation-inducing gene 1 protein) (FMRP-interacting protein 2)	NUFIP2 KIAA1321 PIG1		RNA binding [GO:0003723]	cytoplasm [GO:0005737]; cytoplasmic stress granule [GO:0010494]; cytosol [GO:0005829]; membrane [GO:0016020]; nuclear body [GO:0016604]; nucleoplasm [GO:0005654]; nucleus [GO:0005634]; polysomal ribosome [GO:0042788]
Q7Z4Q2	Q7Z4Q2	HEAT3_HUMAN	HEAT repeat-containing protein 3	HEATR3	protein import into nucleus [GO:0006606]; ribosomal large subunit biogenesis [GO:0042273]	unfolded protein binding [GO:0051082]	
Q7Z5L9	Q7Z5L9	I2BP2_HUMAN	Interferon regulatory factor 2-binding protein 2 (IRF-2-binding protein 2) (IRF-2BP2)	IRF2BP2	immature B cell differentiation [GO:0002327]; negative regulation of transcription by RNA polymerase II [GO:0000122]; regulation of transcription by RNA polymerase II [GO:0006357]	metal ion binding [GO:0046872]; transcription corepressor activity [GO:0003714]	cytoplasm [GO:0005737]; nucleoplasm [GO:0005654]; nucleus [GO:0005634]
Q7Z5Q1	Q7Z5Q1	CPEB2_HUMAN	Cytoplasmic polyadenylation element-binding protein 2 (CPE-BP2) (CPE-binding protein 2) (hCPEB-2)	CPEB2	cellular response to arsenic-containing substance [GO:0071243]; cellular response to hypoxia [GO:0071456]; cellular response to insulin stimulus [GO:0032869]; cellular response to oxidative stress [GO:0034599]; negative regulation of cytoplasmic translation [GO:2000766]; negative regulation of cytoplasmic translational elongation [GO:1900248]; negative regulation of GTPase activity [GO:0034260]	GTPase inhibitor activity [GO:0005095]; mRNA 3'-UTR AU-rich region binding [GO:0035925]; mRNA 3'-UTR binding [GO:0003730]; ribosomal large subunit binding [GO:0043023]; ribosomal small subunit binding [GO:0043024]; ribosome binding [GO:0043022]; RNA binding [GO:0003723]; translation factor activity, RNA binding [GO:0008135]; translation repressor activity, mRNA regulatory element binding [GO:0000900]	cytoplasm [GO:0005737]; messenger ribonucleoprotein complex [GO:1990124]; neuron projection [GO:0043005]; nucleus [GO:0005634]; synapse [GO:0045202]
Q7Z5R6	Q7Z5R6	AB1IP_HUMAN	Amyloid beta A4 precursor protein-binding family B member 1-interacting protein (APBB1-interacting protein 1) (Proline-rich EVH1 ligand 1) (PREL-1) (Proline-rich protein 73) (Rap1-GTP-interacting adapter molecule) (RIAM) (Retinoic acid-responsive proline-rich protein 1) (RARP-1)	APBB1IP PREL1 RARP1 RIAM	positive regulation of cell adhesion [GO:0045785]; signal transduction [GO:0007165]; T cell activation via T cell receptor contact with antigen bound to MHC molecule on antigen presenting cell [GO:0002291]		cytoskeleton [GO:0005856]; cytosol [GO:0005829]; focal adhesion [GO:0005925]; lamellipodium [GO:0030027]; plasma membrane [GO:0005886]; T cell receptor complex [GO:0042101]
Q7Z6I6	Q7Z6I6	RHG30_HUMAN	Rho GTPase-activating protein 30 (Rho-type GTPase-activating protein 30)	ARHGAP30	regulation of small GTPase mediated signal transduction [GO:0051056]; small GTPase mediated signal transduction [GO:0007264]	GTPase activator activity [GO:0005096]	cytoplasmic vesicle [GO:0031410]; cytosol [GO:0005829]; intracellular membrane-bounded organelle [GO:0043231]
Q7Z6Z7	Q7Z6Z7	HUWE1_HUMAN	E3 ubiquitin-protein ligase HUWE1 (EC 2.3.2.26) (ARF-binding protein 1) (ARF-BP1) (HECT, UBA and WWE domain-containing protein 1) (HECT-type E3 ubiquitin transferase HUWE1) (Homologous to E6AP carboxyl terminus homologous protein 9) (HectH9) (Large structure of UREB1) (LASU1) (Mcl-1 ubiquitin ligase E3) (Mule) (Upstream regulatory element-binding protein 1) (URE-B1) (URE-binding protein 1)	HUWE1 KIAA0312 KIAA1578 UREB1 HSPC272	base-excision repair [GO:0006284]; cell differentiation [GO:0030154]; circadian regulation of gene expression [GO:0032922]; Golgi organization [GO:0007030]; histone ubiquitination [GO:0016574]; membrane fusion [GO:0061025]; negative regulation of mitochondrial fusion [GO:0010637]; neutrophil degranulation [GO:0043312]; positive regulation of mitophagy in response to mitochondrial depolarization [GO:0098779]; positive regulation of protein catabolic process [GO:0045732]; positive regulation of protein targeting to mitochondrion [GO:1903955]; positive regulation of protein ubiquitination [GO:0031398]; proteasome-mediated ubiquitin-dependent protein catabolic process [GO:0043161]; protein monoubiquitination [GO:0006513]; protein polyubiquitination [GO:0000209]; protein ubiquitination [GO:0016567]	DNA binding [GO:0003677]; RNA binding [GO:0003723]; ubiquitin protein ligase activity [GO:0061630]; ubiquitin-protein transferase activity [GO:0004842]	cytoplasm [GO:0005737]; cytosol [GO:0005829]; extracellular exosome [GO:0070062]; extracellular region [GO:0005576]; ficolin-1-rich granule lumen [GO:1904813]; Golgi membrane [GO:0000139]; membrane [GO:0016020]; nucleoplasm [GO:0005654]; nucleus [GO:0005634]; secretory granule lumen [GO:0034774]
Q86SF2	Q86SF2	GALT7_HUMAN	N-acetylgalactosaminyltransferase 7 (EC 2.4.1.41) (Polypeptide GalNAc transferase 7) (GalNAc-T7) (pp-GaNTase 7) (Protein-UDP acetylgalactosaminyltransferase 7) (UDP-GalNAc:polypeptide N-acetylgalactosaminyltransferase 7)	GALNT7	carbohydrate metabolic process [GO:0005975]; O-glycan processing [GO:0016266]; protein O-linked glycosylation [GO:0006493]	carbohydrate binding [GO:0030246]; metal ion binding [GO:0046872]; polypeptide N-acetylgalactosaminyltransferase activity [GO:0004653]	extracellular exosome [GO:0070062]; Golgi apparatus [GO:0005794]; Golgi membrane [GO:0000139]; integral component of membrane [GO:0016021]; membrane [GO:0016020]
Q86TM6	Q86TM6	SYVN1_HUMAN	E3 ubiquitin-protein ligase synoviolin (EC 2.3.2.27) (RING-type E3 ubiquitin transferase synoviolin) (Synovial apoptosis inhibitor 1)	SYVN1 HRD1 KIAA1810	endoplasmic reticulum mannose trimming [GO:1904380]; ERAD pathway [GO:0036503]; immature B cell differentiation [GO:0002327]; IRE1-mediated unfolded protein response [GO:0036498]; negative regulation of endoplasmic reticulum stress-induced intrinsic apoptotic signaling pathway [GO:1902236]; protein K48-linked ubiquitination [GO:0070936]; protein stabilization [GO:0050821]; protein ubiquitination [GO:0016567]; retrograde protein transport, ER to cytosol [GO:0030970]; ubiquitin-dependent ERAD pathway [GO:0030433]; ubiquitin-dependent protein catabolic process [GO:0006511]	ATPase binding [GO:0051117]; chaperone binding [GO:0051087]; metal ion binding [GO:0046872]; ubiquitin protein ligase activity [GO:0061630]; ubiquitin-specific protease binding [GO:1990381]; unfolded protein binding [GO:0051082]	cytoplasm [GO:0005737]; Derlin-1 retrotranslocation complex [GO:0036513]; endoplasmic reticulum [GO:0005783]; endoplasmic reticulum membrane [GO:0005789]; endoplasmic reticulum quality control compartment [GO:0044322]; Hrd1p ubiquitin ligase complex [GO:0000836]; Hrd1p ubiquitin ligase ERAD-L complex [GO:0000839]; integral component of endoplasmic reticulum membrane [GO:0030176]; membrane [GO:0016020]; nucleoplasm [GO:0005654]; smooth endoplasmic reticulum [GO:0005790]
Q86UE4	Q86UE4	LYRIC_HUMAN	Protein LYRIC (3D3/LYRIC) (Astrocyte elevated gene-1 protein) (AEG-1) (Lysine-rich CEACAM1 co-isolated protein) (Metadherin) (Metastasis adhesion protein)	MTDH AEG1 LYRIC	bicellular tight junction assembly [GO:0070830]; lipopolysaccharide-mediated signaling pathway [GO:0031663]; negative regulation of apoptotic process [GO:0043066]; negative regulation of transcription by RNA polymerase II [GO:0000122]; positive regulation of angiogenesis [GO:0045766]; positive regulation of autophagy [GO:0010508]; positive regulation of I-kappaB kinase/NF-kappaB signaling [GO:0043123]; positive regulation of NF-kappaB transcription factor activity [GO:0051092]; positive regulation of protein kinase B signaling [GO:0051897]; regulation of transcription by RNA polymerase II [GO:0006357]	double-stranded RNA binding [GO:0003725]; NF-kappaB binding [GO:0051059]; RNA binding [GO:0003723]; RNA polymerase II transcription factor binding [GO:0001085]; transcription coactivator activity [GO:0003713]; transcription coregulator activity [GO:0003712]	apical plasma membrane [GO:0016324]; bicellular tight junction [GO:0005923]; cytoplasm [GO:0005737]; endoplasmic reticulum [GO:0005783]; endoplasmic reticulum membrane [GO:0005789]; fibrillar center [GO:0001650]; integral component of membrane [GO:0016021]; intercellular canaliculus [GO:0046581]; nuclear body [GO:0016604]; nuclear membrane [GO:0031965]; nucleus [GO:0005634]; perinuclear region of cytoplasm [GO:0048471]
Q86UP2	Q86UP2	KTN1_HUMAN	Kinectin (CG-1 antigen) (Kinesin receptor)	KTN1 CG1 KIAA0004	cellular protein metabolic process [GO:0044267]; microtubule-based movement [GO:0007018]; post-translational protein modification [GO:0043687]; protein transport [GO:0015031]	cadherin binding [GO:0045296]; kinesin binding [GO:0019894]; RNA binding [GO:0003723]	endoplasmic reticulum [GO:0005783]; endoplasmic reticulum lumen [GO:0005788]; endoplasmic reticulum membrane [GO:0005789]; integral component of endoplasmic reticulum membrane [GO:0030176]; integral component of membrane [GO:0016021]; integral component of plasma membrane [GO:0005887]; membrane [GO:0016020]
Q86WB0	Q86WB0	NIPA_HUMAN	Nuclear-interacting partner of ALK (Nuclear-interacting partner of anaplastic lymphoma kinase) (hNIPA) (Zinc finger C3HC-type protein 1)	ZC3HC1 NIPA HSPC216	cell cycle [GO:0007049]; cell division [GO:0051301]; negative regulation of extrinsic apoptotic signaling pathway in absence of ligand [GO:2001240]; protein ubiquitination [GO:0016567]	protein kinase binding [GO:0019901]; zinc ion binding [GO:0008270]	nuclear membrane [GO:0031965]; nucleoplasm [GO:0005654]; nucleus [GO:0005634]
Q86XL3	Q86XL3	ANKL2_HUMAN	Ankyrin repeat and LEM domain-containing protein 2 (LEM domain-containing protein 4)	ANKLE2 KIAA0692 LEM4	cell division [GO:0051301]; central nervous system development [GO:0007417]; mitotic nuclear envelope reassembly [GO:0007084]; negative regulation of apoptotic process [GO:0043066]; negative regulation of phosphorylation [GO:0042326]; positive regulation of protein dephosphorylation [GO:0035307]; regulation of catalytic activity [GO:0050790]	protein phosphatase 2A binding [GO:0051721]; protein phosphatase regulator activity [GO:0019888]	endoplasmic reticulum [GO:0005783]; endoplasmic reticulum membrane [GO:0005789]; integral component of endoplasmic reticulum membrane [GO:0030176]; membrane [GO:0016020]
Q86YP4	Q86YP4	P66A_HUMAN	Transcriptional repressor p66-alpha (Hp66alpha) (GATA zinc finger domain-containing protein 2A)	GATAD2A	DNA methylation [GO:0006306]; negative regulation of transcription, DNA-templated [GO:0045892]; negative regulation of transcription by RNA polymerase II [GO:0000122]	protein-macromolecule adaptor activity [GO:0030674]; sequence-specific DNA binding [GO:0043565]; zinc ion binding [GO:0008270]	nuclear speck [GO:0016607]; nucleoplasm [GO:0005654]; nucleus [GO:0005634]; NuRD complex [GO:0016581]
Q8IU81	Q8IU81	I2BP1_HUMAN	Interferon regulatory factor 2-binding protein 1 (IRF-2-binding protein 1) (IRF-2BP1) (Probable E3 ubiquitin-protein ligase IRF2BP1) (EC 2.3.2.27) (Probable RING-type E3 ubiquitin transferase IRF2BP1)	IRF2BP1	negative regulation of transcription by RNA polymerase II [GO:0000122]; protein polyubiquitination [GO:0000209]; regulation of transcription by RNA polymerase II [GO:0006357]	metal ion binding [GO:0046872]; transcription corepressor activity [GO:0003714]; transcription factor binding [GO:0008134]; ubiquitin protein ligase activity [GO:0061630]	nucleoplasm [GO:0005654]; nucleus [GO:0005634]
Q8IWB9	Q8IWB9	TEX2_HUMAN	Testis-expressed protein 2 (Transmembrane protein 96)	TEX2 KIAA1738 TMEM96	lipid transport [GO:0006869]; signal transduction [GO:0007165]; sphingolipid metabolic process [GO:0006665]	lipid binding [GO:0008289]	endoplasmic reticulum [GO:0005783]; endoplasmic reticulum membrane [GO:0005789]; integral component of membrane [GO:0016021]; nuclear membrane [GO:0031965]
Q8IWZ8	Q8IWZ8	SUGP1_HUMAN	SURP and G-patch domain-containing protein 1 (RNA-binding protein RBP) (Splicing factor 4)	SUGP1 SF4	mRNA splicing, via spliceosome [GO:0000398]	RNA binding [GO:0003723]	nucleoplasm [GO:0005654]; spliceosomal complex [GO:0005681]
Q8IXT5	Q8IXT5	RB12B_HUMAN	RNA-binding protein 12B (RNA-binding motif protein 12B)	RBM12B	regulation of RNA splicing [GO:0043484]	RNA binding [GO:0003723]	nucleoplasm [GO:0005654]; ribonucleoprotein complex [GO:1990904]
Q8IZD4	Q8IZD4	DCP1B_HUMAN	mRNA-decapping enzyme 1B (EC 3.-.-.-)	DCP1B	deadenylation-dependent decapping of nuclear-transcribed mRNA [GO:0000290]; deadenylation-independent decapping of nuclear-transcribed mRNA [GO:0031087]; exonucleolytic catabolism of deadenylated mRNA [GO:0043928]; nuclear-transcribed mRNA catabolic process, nonsense-mediated decay [GO:0000184]; positive regulation of catalytic activity [GO:0043085]	enzyme activator activity [GO:0008047]; enzyme regulator activity [GO:0030234]; hydrolase activity [GO:0016787]; mRNA binding [GO:0003729]	cytosol [GO:0005829]; intracellular membrane-bounded organelle [GO:0043231]; membrane [GO:0016020]; nucleus [GO:0005634]; P-body [GO:0000932]
Q8N122	Q8N122	RPTOR_HUMAN	Regulatory-associated protein of mTOR (Raptor) (p150 target of rapamycin (TOR)-scaffold protein)	RPTOR KIAA1303 RAPTOR	cell cycle arrest [GO:0007050]; cellular response to amino acid starvation [GO:0034198]; cellular response to amino acid stimulus [GO:0071230]; cellular response to leucine [GO:0071233]; cellular response to nutrient levels [GO:0031669]; cellular response to starvation [GO:0009267]; positive regulation of cell growth [GO:0030307]; positive regulation of endothelial cell proliferation [GO:0001938]; positive regulation of G1/S transition of mitotic cell cycle [GO:1900087]; positive regulation of peptidyl-serine phosphorylation [GO:0033138]; positive regulation of peptidyl-threonine phosphorylation [GO:0010800]; positive regulation of protein serine/threonine kinase activity [GO:0071902]; positive regulation of TOR signaling [GO:0032008]; positive regulation of transcription by RNA polymerase III [GO:0045945]; regulation of autophagy [GO:0010506]; regulation of cell growth [GO:0001558]; regulation of cell size [GO:0008361]; regulation of cellular response to heat [GO:1900034]; regulation of macroautophagy [GO:0016241]; response to xenobiotic stimulus [GO:0009410]; social behavior [GO:0035176]; TORC1 signaling [GO:0038202]; TOR signaling [GO:0031929]; viral process [GO:0016032]	14-3-3 protein binding [GO:0071889]; protein-containing complex binding [GO:0044877]; protein kinase activator activity [GO:0030295]; protein kinase binding [GO:0019901]; protein-macromolecule adaptor activity [GO:0030674]; protein serine/threonine kinase inhibitor activity [GO:0030291]; RNA polymerase III type 1 promoter sequence-specific DNA binding [GO:0001002]; RNA polymerase III type 2 promoter sequence-specific DNA binding [GO:0001003]; RNA polymerase III type 3 promoter sequence-specific DNA binding [GO:0001006]; TFIIIC-class transcription factor complex binding [GO:0001156]	cytoplasm [GO:0005737]; cytoplasmic stress granule [GO:0010494]; cytosol [GO:0005829]; dendrite [GO:0030425]; lysosomal membrane [GO:0005765]; lysosome [GO:0005764]; neuronal cell body [GO:0043025]; nucleoplasm [GO:0005654]; TORC1 complex [GO:0031931]
Q8N163	Q8N163	CCAR2_HUMAN	Cell cycle and apoptosis regulator protein 2 (Cell division cycle and apoptosis regulator protein 2) (DBIRD complex subunit KIAA1967) (Deleted in breast cancer gene 1 protein) (DBC-1) (DBC.1) (NET35) (p30 DBC)	CCAR2 DBC1 KIAA1967	cell cycle [GO:0007049]; cellular response to DNA damage stimulus [GO:0006974]; mitochondrial fragmentation involved in apoptotic process [GO:0043653]; mRNA processing [GO:0006397]; negative regulation of catalytic activity [GO:0043086]; negative regulation of cell growth [GO:0030308]; negative regulation of intrinsic apoptotic signaling pathway in response to DNA damage [GO:1902230]; negative regulation of proteasomal ubiquitin-dependent protein catabolic process [GO:0032435]; negative regulation of transcription, DNA-templated [GO:0045892]; positive regulation of apoptotic process [GO:0043065]; positive regulation of canonical Wnt signaling pathway [GO:0090263]; positive regulation of DNA damage checkpoint [GO:2000003]; regulation of cellular response to heat [GO:1900034]; regulation of circadian rhythm [GO:0042752]; regulation of DNA-templated transcription, elongation [GO:0032784]; regulation of protein deacetylation [GO:0090311]; regulation of protein stability [GO:0031647]; regulation of transcription, DNA-templated [GO:0006355]; response to UV [GO:0009411]; rhythmic process [GO:0048511]; RNA splicing [GO:0008380]; Wnt signaling pathway [GO:0016055]	enzyme binding [GO:0019899]; enzyme inhibitor activity [GO:0004857]; nuclear receptor coactivator activity [GO:0030374]; RNA binding [GO:0003723]; RNA polymerase II complex binding [GO:0000993]	chromatin [GO:0000785]; cytoplasm [GO:0005737]; DBIRD complex [GO:0044609]; mitochondrial matrix [GO:0005759]; nucleoplasm [GO:0005654]; nucleus [GO:0005634]; spindle [GO:0005819]
Q8N1F8	Q8N1F8	S11IP_HUMAN	Serine/threonine-protein kinase 11-interacting protein (LKB1-interacting protein 1)	STK11IP KIAA1898 LIP1 LKB1IP STK11IP1	neutrophil degranulation [GO:0043312]; protein localization [GO:0008104]	protein kinase binding [GO:0019901]	azurophil granule lumen [GO:0035578]; cytoplasm [GO:0005737]; extracellular region [GO:0005576]; lysosomal membrane [GO:0005765]
Q8N2F6	Q8N2F6	ARM10_HUMAN	Armadillo repeat-containing protein 10 (Splicing variant involved in hepatocarcinogenesis protein)	ARMC10 SVH PSEC0198	negative regulation of apoptotic process [GO:0043066]; negative regulation of intrinsic apoptotic signaling pathway by p53 class mediator [GO:1902254]; positive regulation of growth rate [GO:0040010]; regulation of growth [GO:0040008]	DNA binding domain binding [GO:0050692]; p53 binding [GO:0002039]	endoplasmic reticulum [GO:0005783]; endoplasmic reticulum membrane [GO:0005789]; integral component of membrane [GO:0016021]; mitochondrion [GO:0005739]
Q8N3U4	Q8N3U4	STAG2_HUMAN	Cohesin subunit SA-2 (SCC3 homolog 2) (Stromal antigen 2)	STAG2 SA2	cell division [GO:0051301]; meiotic cell cycle [GO:0051321]; mitotic spindle assembly [GO:0090307]; sister chromatid cohesion [GO:0007062]	chromatin binding [GO:0003682]	chromatin [GO:0000785]; chromosome [GO:0005694]; chromosome, centromeric region [GO:0000775]; cohesin complex [GO:0008278]; cytosol [GO:0005829]; membrane [GO:0016020]; mitotic spindle pole [GO:0097431]; nuclear matrix [GO:0016363]; nucleoplasm [GO:0005654]; nucleus [GO:0005634]
Q8N6T7	Q8N6T7	SIR6_HUMAN	NAD-dependent protein deacetylase sirtuin-6 (EC 2.3.1.286) (Regulatory protein SIR2 homolog 6) (SIR2-like protein 6)	SIRT6 SIR2L6	histone H3 deacetylation [GO:0070932]; negative regulation of transcription by RNA polymerase II [GO:0000122]; positive regulation of blood vessel branching [GO:1905555]; positive regulation of chondrocyte proliferation [GO:1902732]; positive regulation of chromatin silencing at telomere [GO:0031940]; positive regulation of cold-induced thermogenesis [GO:0120162]; positive regulation of subtelomeric heterochromatin assembly [GO:1905549]; positive regulation of telomere maintenance [GO:0032206]; positive regulation of transcription factor catabolic process [GO:1901485]; positive regulation of vascular endothelial cell proliferation [GO:1905564]; post-embryonic cardiac muscle cell growth involved in heart morphogenesis [GO:0003247]; protein ADP-ribosylation [GO:0006471]; protein deacetylation [GO:0006476]; regulation of double-strand break repair via homologous recombination [GO:0010569]; response to nutrient levels [GO:0031667]	deacetylase activity [GO:0019213]; histone deacetylase activity [GO:0004407]; NAD(P)+-protein-arginine ADP-ribosyltransferase activity [GO:0003956]; NAD+ ADP-ribosyltransferase activity [GO:0003950]; NAD+ binding [GO:0070403]; NAD-dependent histone deacetylase activity [GO:0017136]; NAD-dependent histone deacetylase activity (H3-K9 specific) [GO:0046969]; transcription corepressor activity [GO:0003714]; zinc ion binding [GO:0008270]	chromosome, subtelomeric region [GO:0099115]; cytoplasm [GO:0005737]; nucleoplasm [GO:0005654]; nucleus [GO:0005634]
Q8N7R7	Q8N7R7	CCYL1_HUMAN	Cyclin-Y-like protein 1	CCNYL1	flagellated sperm motility [GO:0030317]; positive regulation of cyclin-dependent protein serine/threonine kinase activity [GO:0045737]; spermatogenesis [GO:0007283]	cyclin-dependent protein serine/threonine kinase regulator activity [GO:0016538]; protein kinase binding [GO:0019901]	cytoplasm [GO:0005737]; plasma membrane [GO:0005886]
Q8N9T8	Q8N9T8	KRI1_HUMAN	Protein KRI1 homolog	KRI1	endonucleolytic cleavage in ITS1 to separate SSU-rRNA from 5.8S rRNA and LSU-rRNA from tricistronic rRNA transcript (SSU-rRNA, 5.8S rRNA, LSU-rRNA) [GO:0000447]	RNA binding [GO:0003723]	90S preribosome [GO:0030686]; nucleolus [GO:0005730]
Q8NBJ5	Q8NBJ5	GT251_HUMAN	Procollagen galactosyltransferase 1 (EC 2.4.1.50) (Collagen beta(1-O)galactosyltransferase 1) (ColGalT 1) (Glycosyltransferase 25 family member 1) (Hydroxylysine galactosyltransferase 1)	COLGALT1 GLT25D1 PSEC0241	collagen fibril organization [GO:0030199]; positive regulation of collagen fibril organization [GO:1904028]	procollagen galactosyltransferase activity [GO:0050211]	endoplasmic reticulum lumen [GO:0005788]; membrane [GO:0016020]
Q8NC44	Q8NC44	RETR2_HUMAN	Reticulophagy regulator 2	RETREG2 C2orf17 FAM134A MAG2			integral component of membrane [GO:0016021]
Q8NC51	Q8NC51	PAIRB_HUMAN	Plasminogen activator inhibitor 1 RNA-binding protein (PAI1 RNA-binding protein 1) (PAI-RBP1) (SERPINE1 mRNA-binding protein 1)	SERBP1 PAIRBP1 CGI-55	PML body organization [GO:0030578]; regulation of apoptotic process [GO:0042981]; regulation of mRNA stability [GO:0043488]	cadherin binding [GO:0045296]; mRNA 3'-UTR binding [GO:0003730]; ribosome binding [GO:0043022]; RNA binding [GO:0003723]; SUMO binding [GO:0032183]	cytoplasm [GO:0005737]; cytosol [GO:0005829]; extracellular exosome [GO:0070062]; membrane [GO:0016020]; nucleus [GO:0005634]; perinuclear region of cytoplasm [GO:0048471]; plasma membrane [GO:0005886]
Q8ND56	Q8ND56	LS14A_HUMAN	Protein LSM14 homolog A (Protein FAM61A) (Protein SCD6 homolog) (Putative alpha-synuclein-binding protein) (AlphaSNBP) (RNA-associated protein 55A) (hRAP55) (hRAP55A)	LSM14A C19orf13 FAM61A RAP55 RAP55A	mitotic spindle assembly [GO:0090307]; multicellular organism development [GO:0007275]; negative regulation of translation [GO:0017148]; P-body assembly [GO:0033962]; positive regulation of type I interferon-mediated signaling pathway [GO:0060340]; RIG-I signaling pathway [GO:0039529]; stress granule assembly [GO:0034063]	double-stranded DNA binding [GO:0003690]; double-stranded RNA binding [GO:0003725]; mRNA binding [GO:0003729]; RNA binding [GO:0003723]; single-stranded RNA binding [GO:0003727]	cytoplasm [GO:0005737]; cytoplasmic ribonucleoprotein granule [GO:0036464]; cytoplasmic stress granule [GO:0010494]; cytosol [GO:0005829]; messenger ribonucleoprotein complex [GO:1990124]; mitotic spindle [GO:0072686]; P-body [GO:0000932]
Q8NDX1	Q8NDX1	PSD4_HUMAN	PH and SEC7 domain-containing protein 4 (Exchange factor for ADP-ribosylation factor guanine nucleotide factor 6 B) (Exchange factor for ARF6 B) (Pleckstrin homology and SEC7 domain-containing protein 4) (Telomeric of interleukin-1 cluster protein)	PSD4 EFA6B TIC	regulation of ARF protein signal transduction [GO:0032012]	guanyl-nucleotide exchange factor activity [GO:0005085]; phospholipid binding [GO:0005543]	membrane [GO:0016020]; ruffle membrane [GO:0032587]
Q8NF50	Q8NF50	DOCK8_HUMAN	Dedicator of cytokinesis protein 8	DOCK8	cellular response to chemokine [GO:1990869]; dendritic cell migration [GO:0036336]; immunological synapse formation [GO:0001771]; memory T cell proliferation [GO:0061485]; negative regulation of T cell apoptotic process [GO:0070233]; positive regulation of establishment of T cell polarity [GO:1903905]; positive regulation of GTPase activity [GO:0043547]; positive regulation of T cell migration [GO:2000406]; small GTPase mediated signal transduction [GO:0007264]	guanyl-nucleotide exchange factor activity [GO:0005085]	cytoplasm [GO:0005737]; lamellipodium membrane [GO:0031258]; leading edge membrane [GO:0031256]; membrane [GO:0016020]
Q8NFC6	Q8NFC6	BD1L1_HUMAN	Biorientation of chromosomes in cell division protein 1-like 1	BOD1L1 BOD1L FAM44A KIAA1327	cellular response to DNA damage stimulus [GO:0006974]; DNA repair [GO:0006281]; negative regulation of phosphoprotein phosphatase activity [GO:0032515]; replication fork processing [GO:0031297]	protein phosphatase 2A binding [GO:0051721]; protein phosphatase inhibitor activity [GO:0004864]	centrosome [GO:0005813]; condensed chromosome outer kinetochore [GO:0000940]; nucleoplasm [GO:0005654]; spindle microtubule [GO:0005876]; spindle pole [GO:0000922]
Q8NHM5	Q8NHM5	KDM2B_HUMAN	Lysine-specific demethylase 2B (EC 1.14.11.27) (CXXC-type zinc finger protein 2) (F-box and leucine-rich repeat protein 10) (F-box protein FBL10) (F-box/LRR-repeat protein 10) (JmjC domain-containing histone demethylation protein 1B) (Jumonji domain-containing EMSY-interactor methyltransferase motif protein) (Protein JEMMA) (Protein-containing CXXC domain 2) ([Histone-H3]-lysine-36 demethylase 1B)	KDM2B CXXC2 FBL10 FBXL10 JHDM1B NDY1 PCCX2	embryonic camera-type eye morphogenesis [GO:0048596]; forebrain development [GO:0030900]; fourth ventricle development [GO:0021592]; hindbrain development [GO:0030902]; histone H2A monoubiquitination [GO:0035518]; histone H3-K36 demethylation [GO:0070544]; initiation of neural tube closure [GO:0021993]; lateral ventricle development [GO:0021670]; midbrain development [GO:0030901]; midbrain-hindbrain boundary morphogenesis [GO:0021555]; negative regulation of neural precursor cell proliferation [GO:2000178]; negative regulation of neuron apoptotic process [GO:0043524]; negative regulation of transcription by RNA polymerase II [GO:0000122]; positive regulation of cell growth [GO:0030307]; positive regulation of stem cell population maintenance [GO:1902459]; protein demethylation [GO:0006482]; regulation of transcription by RNA polymerase II [GO:0006357]; spermatogenesis [GO:0007283]; third ventricle development [GO:0021678]	DNA binding [GO:0003677]; histone demethylase activity [GO:0032452]; histone demethylase activity (H3-K36 specific) [GO:0051864]; RNA polymerase II cis-regulatory region sequence-specific DNA binding [GO:0000978]; rRNA binding [GO:0019843]; transcription coregulator activity [GO:0003712]; unmethylated CpG binding [GO:0045322]; zinc ion binding [GO:0008270]	chromosome [GO:0005694]; nucleolus [GO:0005730]; nucleoplasm [GO:0005654]; nucleus [GO:0005634]
Q8NHZ8	Q8NHZ8	CDC26_HUMAN	Anaphase-promoting complex subunit CDC26 (Anaphase-promoting complex subunit 12) (APC12) (Cell division cycle protein 26 homolog)	CDC26 ANAPC12 C9orf17	anaphase-promoting complex-dependent catabolic process [GO:0031145]; cell cycle [GO:0007049]; cell division [GO:0051301]; protein K11-linked ubiquitination [GO:0070979]; regulation of exit from mitosis [GO:0007096]; regulation of mitotic cell cycle [GO:0007346]; regulation of mitotic cell cycle phase transition [GO:1901990]; regulation of mitotic metaphase/anaphase transition [GO:0030071]; ubiquitin-dependent protein catabolic process [GO:0006511]		anaphase-promoting complex [GO:0005680]; cytosol [GO:0005829]; nucleoplasm [GO:0005654]
Q8NI27	Q8NI27	THOC2_HUMAN	THO complex subunit 2 (Tho2) (hTREX120)	THOC2 CXorf3	generation of neurons [GO:0048699]; mRNA 3'-end processing [GO:0031124]; mRNA export from nucleus [GO:0006406]; neuron development [GO:0048666]; poly(A)+ mRNA export from nucleus [GO:0016973]; RNA export from nucleus [GO:0006405]; RNA splicing [GO:0008380]; viral mRNA export from host cell nucleus [GO:0046784]	mRNA binding [GO:0003729]	nuclear speck [GO:0016607]; nucleoplasm [GO:0005654]; THO complex [GO:0000347]; THO complex part of transcription export complex [GO:0000445]; transcription export complex [GO:0000346]
Q8TBA6	Q8TBA6	GOGA5_HUMAN	Golgin subfamily A member 5 (Cell proliferation-inducing gene 31 protein) (Golgin-84) (Protein Ret-II) (RET-fused gene 5 protein)	GOLGA5 RETII RFG5 PIG31	Golgi organization [GO:0007030]; Golgi vesicle transport [GO:0048193]; retrograde transport, vesicle recycling within Golgi [GO:0000301]	protein homodimerization activity [GO:0042803]; small GTPase binding [GO:0031267]	cis-Golgi network [GO:0005801]; Golgi apparatus [GO:0005794]; Golgi cisterna [GO:0031985]; Golgi membrane [GO:0000139]; integral component of membrane [GO:0016021]; membrane [GO:0016020]; transport vesicle [GO:0030133]
Q8TCJ2	Q8TCJ2	STT3B_HUMAN	Dolichyl-diphosphooligosaccharide--protein glycosyltransferase subunit STT3B (Oligosaccharyl transferase subunit STT3B) (STT3-B) (EC 2.4.99.18) (Source of immunodominant MHC-associated peptides homolog)	STT3B SIMP	co-translational protein modification [GO:0043686]; glycoprotein catabolic process [GO:0006516]; post-translational protein modification [GO:0043687]; protein N-linked glycosylation [GO:0006487]; protein N-linked glycosylation via asparagine [GO:0018279]; response to unfolded protein [GO:0006986]; ubiquitin-dependent ERAD pathway [GO:0030433]	dolichyl-diphosphooligosaccharide-protein glycotransferase activity [GO:0004579]; metal ion binding [GO:0046872]	endoplasmic reticulum [GO:0005783]; integral component of membrane [GO:0016021]; membrane [GO:0016020]; oligosaccharyltransferase complex [GO:0008250]; oligosaccharyltransferase I complex [GO:0034998]; protein-containing complex [GO:0032991]
Q8TD16	Q8TD16	BICD2_HUMAN	Protein bicaudal D homolog 2 (Bic-D 2)	BICD2 KIAA0699	centrosome localization [GO:0051642]; microtubule anchoring at microtubule organizing center [GO:0072393]; microtubule-based movement [GO:0007018]; minus-end-directed organelle transport along microtubule [GO:0072385]; mRNA transport [GO:0051028]; protein localization to Golgi apparatus [GO:0034067]; protein localization to organelle [GO:0033365]; protein transport [GO:0015031]; regulation of microtubule cytoskeleton organization [GO:0070507]; retrograde vesicle-mediated transport, Golgi to endoplasmic reticulum [GO:0006890]	cytoskeletal anchor activity [GO:0008093]; dynactin binding [GO:0034452]; dynein complex binding [GO:0070840]; dynein light intermediate chain binding [GO:0051959]; small GTPase binding [GO:0031267]	annulate lamellae [GO:0005642]; centrosome [GO:0005813]; cytoplasm [GO:0005737]; cytoplasmic vesicle [GO:0031410]; cytosol [GO:0005829]; Golgi apparatus [GO:0005794]; nuclear envelope [GO:0005635]; nuclear pore [GO:0005643]; plasma membrane [GO:0005886]
Q8TD19	Q8TD19	NEK9_HUMAN	Serine/threonine-protein kinase Nek9 (EC 2.7.11.1) (Nercc1 kinase) (Never in mitosis A-related kinase 9) (NimA-related protein kinase 9) (NimA-related kinase 8) (Nek8)	NEK9 KIAA1995 NEK8 NERCC	cell division [GO:0051301]; mitotic nuclear envelope disassembly [GO:0007077]; mitotic spindle organization [GO:0007052]	ATP binding [GO:0005524]; metal ion binding [GO:0046872]; protein kinase binding [GO:0019901]; protein serine kinase activity [GO:0106310]; protein threonine kinase activity [GO:0106311]	cytosol [GO:0005829]; nucleus [GO:0005634]
Q8TDZ2	Q8TDZ2	MICA1_HUMAN	[F-actin]-monooxygenase MICAL1 (EC 1.14.13.225) (Molecule interacting with CasL protein 1) (MICAL-1) (NEDD9-interacting protein with calponin homology and LIM domains)	MICAL1 MICAL NICAL	actin filament bundle assembly [GO:0051017]; actin filament depolymerization [GO:0030042]; blood coagulation [GO:0007596]; cytoskeleton organization [GO:0007010]; negative regulation of cysteine-type endopeptidase activity involved in apoptotic process [GO:0043154]; negative regulation of protein phosphorylation [GO:0001933]; regulation of regulated secretory pathway [GO:1903305]; signal transduction [GO:0007165]; sulfur oxidation [GO:0019417]	actin binding [GO:0003779]; actin filament binding [GO:0051015]; FAD binding [GO:0071949]; metal ion binding [GO:0046872]; NAD(P)H oxidase H2O2-forming activity [GO:0016174]; oxidoreductase activity, acting on paired donors, with incorporation or reduction of molecular oxygen, NAD(P)H as one donor, and incorporation of one atom of oxygen [GO:0016709]; protein kinase binding [GO:0019901]; SH3 domain binding [GO:0017124]; small GTPase binding [GO:0031267]	actin cytoskeleton [GO:0015629]; cytoplasm [GO:0005737]; cytosol [GO:0005829]; hippocampal mossy fiber expansion [GO:1990026]; intercellular bridge [GO:0045171]; intermediate filament [GO:0005882]; midbody [GO:0030496]; plasma membrane [GO:0005886]
Q8TEK3	Q8TEK3	DOT1L_HUMAN	Histone-lysine N-methyltransferase, H3 lysine-79 specific (EC 2.1.1.360) (DOT1-like protein) (Histone H3-K79 methyltransferase) (H3-K79-HMTase) (Lysine N-methyltransferase 4)	DOT1L KIAA1814 KMT4	chromatin silencing at telomere [GO:0006348]; DNA damage checkpoint [GO:0000077]; DNA repair [GO:0006281]; gene expression [GO:0010467]; histone H3-K79 methylation [GO:0034729]; positive regulation of cell population proliferation [GO:0008284]; positive regulation of transcription by RNA polymerase II [GO:0045944]; regulation of receptor signaling pathway via JAK-STAT [GO:0046425]; regulation of transcription regulatory region DNA binding [GO:2000677]; telomere organization [GO:0032200]	DNA binding [GO:0003677]; histone-lysine N-methyltransferase activity [GO:0018024]; histone methyltransferase activity [GO:0042054]; histone methyltransferase activity (H3-K79 specific) [GO:0031151]; transcription factor binding [GO:0008134]	chromosome, telomeric region [GO:0000781]; intracellular membrane-bounded organelle [GO:0043231]; nucleoplasm [GO:0005654]; nucleus [GO:0005634]; protein-containing complex [GO:0032991]
Q8WU79	Q8WU79	SMAP2_HUMAN	Stromal membrane-associated protein 2 (Stromal membrane-associated protein 1-like)	SMAP2 SMAP1L		GTPase activator activity [GO:0005096]; metal ion binding [GO:0046872]	cytoplasm [GO:0005737]
Q8WUB8	Q8WUB8	PHF10_HUMAN	PHD finger protein 10 (BRG1-associated factor 45a) (BAF45a) (XAP135)	PHF10 BAF45A	negative regulation of transcription, DNA-templated [GO:0045892]; nervous system development [GO:0007399]; positive regulation of transcription by RNA polymerase II [GO:0045944]	histone binding [GO:0042393]; metal ion binding [GO:0046872]; transcription coregulator activity [GO:0003712]	npBAF complex [GO:0071564]; nucleoplasm [GO:0005654]
Q8WVC0	Q8WVC0	LEO1_HUMAN	RNA polymerase-associated protein LEO1 (Replicative senescence down-regulated leo1-like protein)	LEO1 RDL	beta-catenin-TCF complex assembly [GO:1904837]; endodermal cell fate commitment [GO:0001711]; histone H2B ubiquitination [GO:0033523]; histone monoubiquitination [GO:0010390]; mRNA polyadenylation [GO:0006378]; negative regulation of myeloid cell differentiation [GO:0045638]; positive regulation of mRNA 3'-end processing [GO:0031442]; positive regulation of transcription elongation from RNA polymerase II promoter [GO:0032968]; protein ubiquitination [GO:0016567]; stem cell population maintenance [GO:0019827]; transcription by RNA polymerase II [GO:0006366]; transcription elongation from RNA polymerase II promoter [GO:0006368]; Wnt signaling pathway [GO:0016055]	RNA polymerase II C-terminal domain phosphoserine binding [GO:1990269]	Cdc73/Paf1 complex [GO:0016593]; centrosome [GO:0005813]; fibrillar center [GO:0001650]; nucleoplasm [GO:0005654]; nucleus [GO:0005634]
Q8WW12	Q8WW12	PCNP_HUMAN	PEST proteolytic signal-containing nuclear protein (PCNP) (PEST-containing nuclear protein)	PCNP	cell cycle [GO:0007049]; proteasome-mediated ubiquitin-dependent protein catabolic process [GO:0043161]; protein ubiquitination [GO:0016567]		nuclear body [GO:0016604]; nucleoplasm [GO:0005654]; nucleus [GO:0005634]
Q8WWI5	Q8WWI5	CTL1_HUMAN	Choline transporter-like protein 1 (CDw92) (Solute carrier family 44 member 1) (CD antigen CD92)	SLC44A1 CD92 CDW92 CTL1	choline catabolic process [GO:0042426]; choline transport [GO:0015871]; phosphatidylcholine biosynthetic process [GO:0006656]; transmembrane transport [GO:0055085]; transport across blood-brain barrier [GO:0150104]	choline transmembrane transporter activity [GO:0015220]; transmembrane transporter activity [GO:0022857]	cytosol [GO:0005829]; extracellular exosome [GO:0070062]; integral component of membrane [GO:0016021]; membrane [GO:0016020]; mitochondrial outer membrane [GO:0005741]; mitochondrion [GO:0005739]; nucleoplasm [GO:0005654]; plasma membrane [GO:0005886]
Q8WWM7	Q8WWM7	ATX2L_HUMAN	Ataxin-2-like protein (Ataxin-2 domain protein) (Ataxin-2-related protein)	ATXN2L A2D A2LG A2LP A2RP	regulation of cytoplasmic mRNA processing body assembly [GO:0010603]; stress granule assembly [GO:0034063]	cadherin binding [GO:0045296]; RNA binding [GO:0003723]	cytoplasmic stress granule [GO:0010494]; cytosol [GO:0005829]; membrane [GO:0016020]; nuclear speck [GO:0016607]
Q8WWQ0	Q8WWQ0	PHIP_HUMAN	PH-interacting protein (PHIP) (DDB1- and CUL4-associated factor 14) (IRS-1 PH domain-binding protein) (WD repeat-containing protein 11)	PHIP DCAF14 WDR11	cytoskeleton organization [GO:0007010]; insulin receptor signaling pathway [GO:0008286]; negative regulation of apoptotic process [GO:0043066]; negative regulation of extrinsic apoptotic signaling pathway [GO:2001237]; positive regulation of cell population proliferation [GO:0008284]; positive regulation of insulin-like growth factor receptor signaling pathway [GO:0043568]; positive regulation of mitotic nuclear division [GO:0045840]; positive regulation of transcription, DNA-templated [GO:0045893]; positive regulation of transcription by RNA polymerase II [GO:0045944]; regulation of cell morphogenesis [GO:0022604]; regulation of cell shape [GO:0008360]; regulation of protein phosphorylation [GO:0001932]; regulation of transcription by RNA polymerase II [GO:0006357]	insulin receptor binding [GO:0005158]; lysine-acetylated histone binding [GO:0070577]	nucleus [GO:0005634]
Q8WWW0	Q8WWW0	RASF5_HUMAN	Ras association domain-containing protein 5 (New ras effector 1) (Regulator for cell adhesion and polarization enriched in lymphoid tissues) (RAPL)	RASSF5 NORE1 RAPL	apoptotic process [GO:0006915]; intracellular signal transduction [GO:0035556]; negative regulation of cell population proliferation [GO:0008285]; positive regulation of protein ubiquitination [GO:0031398]; regulation of apoptotic process [GO:0042981]; regulation of protein localization to nucleus [GO:1900180]; signal transduction [GO:0007165]	identical protein binding [GO:0042802]; metal ion binding [GO:0046872]; small GTPase binding [GO:0031267]	cytoplasm [GO:0005737]; microtubule [GO:0005874]; nucleus [GO:0005634]
Q8WXI9	Q8WXI9	P66B_HUMAN	Transcriptional repressor p66-beta (GATA zinc finger domain-containing protein 2B) (p66/p68)	GATAD2B KIAA1150	ATP-dependent chromatin remodeling [GO:0043044]; negative regulation of transcription by RNA polymerase II [GO:0000122]	sequence-specific DNA binding [GO:0043565]; zinc ion binding [GO:0008270]	chromatin [GO:0000785]; nuclear speck [GO:0016607]; nucleoplasm [GO:0005654]; NuRD complex [GO:0016581]; protein-containing complex [GO:0032991]
Q8WYP5	Q8WYP5	ELYS_HUMAN	Protein ELYS (Embryonic large molecule derived from yolk sac) (Protein MEL-28) (Putative AT-hook-containing transcription factor 1)	AHCTF1 ELYS TMBS62 MSTP108	cell division [GO:0051301]; mitotic nuclear envelope reassembly [GO:0007084]; mitotic spindle organization [GO:0007052]; mRNA transport [GO:0051028]; nuclear pore complex assembly [GO:0051292]; protein transport [GO:0015031]; regulation of cytokinesis [GO:0032465]	DNA binding [GO:0003677]	condensed chromosome kinetochore [GO:0000777]; cytosol [GO:0005829]; extracellular exosome [GO:0070062]; nuclear matrix [GO:0016363]; nuclear membrane [GO:0031965]; nuclear pore [GO:0005643]; nucleoplasm [GO:0005654]; nucleus [GO:0005634]
Q92522	Q92522	H1X_HUMAN	Histone H1.10 (Histone H1x)	H1-10 H1FX	chromosome condensation [GO:0030261]; negative regulation of chromatin silencing [GO:0031936]; negative regulation of DNA recombination [GO:0045910]; nucleosome assembly [GO:0006334]; nucleosome positioning [GO:0016584]	cadherin binding [GO:0045296]; double-stranded DNA binding [GO:0003690]; nucleosomal DNA binding [GO:0031492]; RNA binding [GO:0003723]	nucleolus [GO:0005730]; nucleoplasm [GO:0005654]; nucleosome [GO:0000786]; nucleus [GO:0005634]
Q92538	Q92538	GBF1_HUMAN	Golgi-specific brefeldin A-resistance guanine nucleotide exchange factor 1 (BFA-resistant GEF 1)	GBF1 KIAA0248	cell activation involved in immune response [GO:0002263]; cellular response to virus [GO:0098586]; cilium assembly [GO:0060271]; COPI coating of Golgi vesicle [GO:0048205]; endoplasmic reticulum-Golgi intermediate compartment organization [GO:0097111]; endoplasmic reticulum to Golgi vesicle-mediated transport [GO:0006888]; establishment of monopolar cell polarity [GO:0061162]; Golgi disassembly [GO:0090166]; Golgi organization [GO:0007030]; Golgi to endosome transport [GO:0006895]; neutrophil chemotaxis [GO:0030593]; post-Golgi vesicle-mediated transport [GO:0006892]; protein localization to endoplasmic reticulum exit site [GO:0070973]; protein localization to endoplasmic reticulum tubular network [GO:1903420]; protein localization to Golgi apparatus [GO:0034067]; protein transport [GO:0015031]; reactive oxygen species biosynthetic process [GO:1903409]; regulation of ARF protein signal transduction [GO:0032012]; regulation of mitotic cell cycle [GO:0007346]; regulation of protein localization to cell surface [GO:2000008]; retrograde transport, endosome to Golgi [GO:0042147]; retrograde vesicle-mediated transport, Golgi to endoplasmic reticulum [GO:0006890]; viral process [GO:0016032]	guanyl-nucleotide exchange factor activity [GO:0005085]; phosphatidylinositol-3,4,5-trisphosphate binding [GO:0005547]; phosphatidylinositol-3,5-bisphosphate binding [GO:0080025]	cell leading edge [GO:0031252]; cis-Golgi network [GO:0005801]; cytosol [GO:0005829]; endoplasmic reticulum-Golgi intermediate compartment [GO:0005793]; Golgi apparatus [GO:0005794]; Golgi membrane [GO:0000139]; lipid droplet [GO:0005811]; membrane [GO:0016020]; trans-Golgi network [GO:0005802]
Q92597	Q92597	NDRG1_HUMAN	Protein NDRG1 (Differentiation-related gene 1 protein) (DRG-1) (N-myc downstream-regulated gene 1 protein) (Nickel-specific induction protein Cap43) (Reducing agents and tunicamycin-responsive protein) (RTP) (Rit42)	NDRG1 CAP43 DRG1 RTP	cellular response to hypoxia [GO:0071456]; DNA damage response, signal transduction by p53 class mediator [GO:0030330]; mast cell activation [GO:0045576]; negative regulation of cell population proliferation [GO:0008285]; peripheral nervous system myelin maintenance [GO:0032287]; postsynapse organization [GO:0099173]; regulation of apoptotic process [GO:0042981]; response to metal ion [GO:0010038]; signal transduction [GO:0007165]	cadherin binding [GO:0045296]; gamma-tubulin binding [GO:0043015]; microtubule binding [GO:0008017]; small GTPase binding [GO:0031267]	adherens junction [GO:0005912]; centrosome [GO:0005813]; cytoplasm [GO:0005737]; cytosol [GO:0005829]; extracellular exosome [GO:0070062]; glutamatergic synapse [GO:0098978]; microtubule [GO:0005874]; microtubule cytoskeleton [GO:0015630]; nucleus [GO:0005634]; perinuclear region of cytoplasm [GO:0048471]; plasma membrane [GO:0005886]; recycling endosome membrane [GO:0055038]
Q92608	Q92608	DOCK2_HUMAN	Dedicator of cytokinesis protein 2	DOCK2 KIAA0209	actin cytoskeleton organization [GO:0030036]; alpha-beta T cell proliferation [GO:0046633]; chemotaxis [GO:0006935]; establishment of T cell polarity [GO:0001768]; immunological synapse formation [GO:0001771]; macropinocytosis [GO:0044351]; membrane raft polarization [GO:0001766]; myeloid dendritic cell activation involved in immune response [GO:0002277]; negative thymic T cell selection [GO:0045060]; neutrophil degranulation [GO:0043312]; positive regulation of GTPase activity [GO:0043547]; positive regulation of phagocytosis [GO:0050766]; positive thymic T cell selection [GO:0045059]; regulation of defense response to virus by virus [GO:0050690]; small GTPase mediated signal transduction [GO:0007264]	GTPase activator activity [GO:0005096]; guanyl-nucleotide exchange factor activity [GO:0005085]; T cell receptor binding [GO:0042608]	cytoskeleton [GO:0005856]; cytosol [GO:0005829]; extracellular exosome [GO:0070062]; extracellular region [GO:0005576]; membrane [GO:0016020]; specific granule lumen [GO:0035580]
Q92610	Q92610	ZN592_HUMAN	Zinc finger protein 592	ZNF592 KIAA0211		DNA binding [GO:0003677]; metal ion binding [GO:0046872]	nucleus [GO:0005634]
Q92619	Q92619	HMHA1_HUMAN	Rho GTPase-activating protein 45 [Cleaved into: Minor histocompatibility antigen HA-1 (mHag HA-1)]	ARHGAP45 HMHA1 KIAA0223	activation of GTPase activity [GO:0090630]; intracellular signal transduction [GO:0035556]; neutrophil degranulation [GO:0043312]; regulation of small GTPase mediated signal transduction [GO:0051056]	GTPase activator activity [GO:0005096]; metal ion binding [GO:0046872]	azurophil granule lumen [GO:0035578]; cytosol [GO:0005829]; extracellular region [GO:0005576]; membrane [GO:0016020]; ruffle membrane [GO:0032587]; secretory granule lumen [GO:0034774]
Q92621	Q92621	NU205_HUMAN	Nuclear pore complex protein Nup205 (205 kDa nucleoporin) (Nucleoporin Nup205)	NUP205 C7orf14 KIAA0225	intracellular transport of virus [GO:0075733]; mitotic nuclear envelope reassembly [GO:0007084]; mRNA export from nucleus [GO:0006406]; nuclear pore complex assembly [GO:0051292]; nuclear pore organization [GO:0006999]; nucleocytoplasmic transport [GO:0006913]; protein sumoylation [GO:0016925]; regulation of cellular response to heat [GO:1900034]; regulation of gene silencing by miRNA [GO:0060964]; regulation of glycolytic process [GO:0006110]; tRNA export from nucleus [GO:0006409]; viral life cycle [GO:0019058]; viral process [GO:0016032]; viral transcription [GO:0019083]	structural constituent of nuclear pore [GO:0017056]	cytosol [GO:0005829]; host cell [GO:0043657]; membrane [GO:0016020]; nuclear envelope [GO:0005635]; nuclear membrane [GO:0031965]; nuclear periphery [GO:0034399]; nuclear pore [GO:0005643]; nuclear pore inner ring [GO:0044611]
Q92667	Q92667	AKAP1_HUMAN	A-kinase anchor protein 1, mitochondrial (A-kinase anchor protein 149 kDa) (AKAP 149) (Dual specificity A-kinase-anchoring protein 1) (D-AKAP-1) (Protein kinase A-anchoring protein 1) (PRKA1) (Spermatid A-kinase anchor protein 84) (S-AKAP84)	AKAP1 AKAP149 PRKA1	antiviral innate immune response [GO:0140374]; apoptotic process [GO:0006915]; blood coagulation [GO:0007596]	protein kinase A regulatory subunit binding [GO:0034237]; RNA binding [GO:0003723]	cytosol [GO:0005829]; integral component of membrane [GO:0016021]; membrane [GO:0016020]; mitochondrial outer membrane [GO:0005741]; mitochondrion [GO:0005739]
Q92733	Q92733	PRCC_HUMAN	Proline-rich protein PRCC (Papillary renal cell carcinoma translocation-associated gene protein)	PRCC TPRC	cell cycle [GO:0007049]; mRNA splicing, via spliceosome [GO:0000398]; regulation of cell cycle [GO:0051726]		nuclear speck [GO:0016607]; nucleoplasm [GO:0005654]; nucleus [GO:0005634]
Q92766	Q92766	RREB1_HUMAN	Ras-responsive element-binding protein 1 (RREB-1) (Finger protein in nuclear bodies) (Raf-responsive zinc finger protein LZ321) (Zinc finger motif enhancer-binding protein 1) (Zep-1)	RREB1 FINB	multicellular organism development [GO:0007275]; negative regulation of transcription by RNA polymerase II [GO:0000122]; positive regulation of brown fat cell differentiation [GO:0090336]; positive regulation of epithelial cell migration [GO:0010634]; positive regulation of lamellipodium morphogenesis [GO:2000394]; positive regulation of mammary gland epithelial cell proliferation [GO:0033601]; positive regulation of substrate adhesion-dependent cell spreading [GO:1900026]; positive regulation of transcription, DNA-templated [GO:0045893]; positive regulation of transcription by RNA polymerase II [GO:0045944]; positive regulation of wound healing, spreading of epidermal cells [GO:1903691]; Ras protein signal transduction [GO:0007265]; regulation of transcription, DNA-templated [GO:0006355]; regulation of transcription by RNA polymerase II [GO:0006357]; transcription by RNA polymerase II [GO:0006366]	DNA-binding transcription activator activity, RNA polymerase II-specific [GO:0001228]; metal ion binding [GO:0046872]; RNA polymerase II cis-regulatory region sequence-specific DNA binding [GO:0000978]; RNA polymerase II transcription regulatory region sequence-specific DNA binding [GO:0000977]	cytoplasm [GO:0005737]; extracellular exosome [GO:0070062]; fibrillar center [GO:0001650]; nuclear body [GO:0016604]; nuclear speck [GO:0016607]; nucleus [GO:0005634]
Q92769	Q92769	HDAC2_HUMAN	Histone deacetylase 2 (HD2) (EC 3.5.1.98)	HDAC2	ATP-dependent chromatin remodeling [GO:0043044]; behavioral response to ethanol [GO:0048149]; blood coagulation [GO:0007596]; cardiac muscle hypertrophy [GO:0003300]; cellular response to dopamine [GO:1903351]; cellular response to heat [GO:0034605]; cellular response to hydrogen peroxide [GO:0070301]; cellular response to retinoic acid [GO:0071300]; cellular response to transforming growth factor beta stimulus [GO:0071560]; chromatin remodeling [GO:0006338]; circadian regulation of gene expression [GO:0032922]; dendrite development [GO:0016358]; embryonic digit morphogenesis [GO:0042733]; epidermal cell differentiation [GO:0009913]; eyelid development in camera-type eye [GO:0061029]; fungiform papilla formation [GO:0061198]; hair follicle placode formation [GO:0060789]; heterochromatin maintenance [GO:0070829]; histone deacetylation [GO:0016575]; histone H3 deacetylation [GO:0070932]; histone H4 deacetylation [GO:0070933]; negative regulation of apoptotic process [GO:0043066]; negative regulation of dendritic spine development [GO:0061000]; negative regulation of DNA binding [GO:0043392]; negative regulation of DNA-binding transcription factor activity [GO:0043433]; negative regulation of MHC class II biosynthetic process [GO:0045347]; negative regulation of neuron projection development [GO:0010977]; negative regulation of peptidyl-lysine acetylation [GO:2000757]; negative regulation of transcription, DNA-templated [GO:0045892]; negative regulation of transcription by RNA polymerase II [GO:0000122]; odontogenesis of dentin-containing tooth [GO:0042475]; positive regulation of cell population proliferation [GO:0008284]; positive regulation of collagen biosynthetic process [GO:0032967]; positive regulation of epithelial to mesenchymal transition [GO:0010718]; positive regulation of interleukin-1 production [GO:0032732]; positive regulation of male mating behavior [GO:1902437]; positive regulation of oligodendrocyte differentiation [GO:0048714]; positive regulation of proteolysis [GO:0045862]; positive regulation of signaling receptor activity [GO:2000273]; positive regulation of transcription, DNA-templated [GO:0045893]; positive regulation of transcription by RNA polymerase II [GO:0045944]; positive regulation of tumor necrosis factor production [GO:0032760]; positive regulation of tyrosine phosphorylation of STAT protein [GO:0042531]; regulation of signal transduction by p53 class mediator [GO:1901796]; response to amphetamine [GO:0001975]; response to caffeine [GO:0031000]; response to cocaine [GO:0042220]; response to drug [GO:0042493]; response to hyperoxia [GO:0055093]; response to lipopolysaccharide [GO:0032496]; response to nicotine [GO:0035094]	chromatin binding [GO:0003682]; deacetylase activity [GO:0019213]; enzyme binding [GO:0019899]; heat shock protein binding [GO:0031072]; histone deacetylase activity [GO:0004407]; histone deacetylase binding [GO:0042826]; NAD-dependent histone deacetylase activity (H3-K14 specific) [GO:0032041]; NF-kappaB binding [GO:0051059]; promoter-specific chromatin binding [GO:1990841]; protein deacetylase activity [GO:0033558]; RNA binding [GO:0003723]; RNA polymerase II repressing transcription factor binding [GO:0001103]; sequence-specific DNA binding [GO:0043565]; transcription factor binding [GO:0008134]	chromatin [GO:0000785]; cytoplasm [GO:0005737]; ESC/E(Z) complex [GO:0035098]; histone deacetylase complex [GO:0000118]; nucleoplasm [GO:0005654]; nucleus [GO:0005634]; NuRD complex [GO:0016581]; protein-containing complex [GO:0032991]; Sin3 complex [GO:0016580]
Q92797	Q92797	SYMPK_HUMAN	Symplekin	SYMPK SPK	cell adhesion [GO:0007155]; mRNA 3'-end processing [GO:0031124]; mRNA export from nucleus [GO:0006406]; mRNA polyadenylation [GO:0006378]; mRNA splicing, via spliceosome [GO:0000398]; negative regulation of protein binding [GO:0032091]; positive regulation of protein dephosphorylation [GO:0035307]; termination of RNA polymerase II transcription [GO:0006369]		bicellular tight junction [GO:0005923]; cytoplasm [GO:0005737]; cytoskeleton [GO:0005856]; cytosol [GO:0005829]; mRNA cleavage and polyadenylation specificity factor complex [GO:0005847]; nuclear body [GO:0016604]; nuclear stress granule [GO:0097165]; nucleoplasm [GO:0005654]; plasma membrane [GO:0005886]
Q92835	Q92835	SHIP1_HUMAN	Phosphatidylinositol 3,4,5-trisphosphate 5-phosphatase 1 (EC 3.1.3.86) (Inositol polyphosphate-5-phosphatase D) (EC 3.1.3.56) (Inositol polyphosphate-5-phosphatase of 145 kDa) (SIP-145) (Phosphatidylinositol 4,5-bisphosphate 5-phosphatase) (EC 3.1.3.36) (SH2 domain-containing inositol 5'-phosphatase 1) (SH2 domain-containing inositol phosphatase 1) (SHIP-1) (p150Ship) (hp51CN)	INPP5D SHIP SHIP1	apoptotic process [GO:0006915]; cytokine-mediated signaling pathway [GO:0019221]; determination of adult lifespan [GO:0008340]; immunoglobulin mediated immune response [GO:0016064]; inositol phosphate metabolic process [GO:0043647]; intracellular signal transduction [GO:0035556]; leukocyte migration [GO:0050900]; negative regulation of B cell proliferation [GO:0030889]; negative regulation of bone resorption [GO:0045779]; negative regulation of immune response [GO:0050777]; negative regulation of interleukin-6 production [GO:0032715]; negative regulation of monocyte differentiation [GO:0045656]; negative regulation of neutrophil differentiation [GO:0045659]; negative regulation of osteoclast differentiation [GO:0045671]; negative regulation of signal transduction [GO:0009968]; phosphate-containing compound metabolic process [GO:0006796]; phosphatidylinositol biosynthetic process [GO:0006661]; phosphatidylinositol dephosphorylation [GO:0046856]; positive regulation of apoptotic process [GO:0043065]; positive regulation of B cell differentiation [GO:0045579]; positive regulation of erythrocyte differentiation [GO:0045648]; signal transduction [GO:0007165]; T cell receptor signaling pathway [GO:0050852]	inositol-1,3,4,5-tetrakisphosphate 5-phosphatase activity [GO:0052659]; inositol-1,4,5-trisphosphate 5-phosphatase activity [GO:0052658]; inositol-polyphosphate 5-phosphatase activity [GO:0004445]; phosphatidylinositol-3,4,5-trisphosphate 5-phosphatase activity [GO:0034485]; phosphatidylinositol-4,5-bisphosphate 5-phosphatase activity [GO:0004439]; SH3 domain binding [GO:0017124]	cytoskeleton [GO:0005856]; cytosol [GO:0005829]; membrane raft [GO:0045121]; plasma membrane [GO:0005886]
Q92844	Q92844	TANK_HUMAN	TRAF family member-associated NF-kappa-B activator (TRAF-interacting protein) (I-TRAF)	TANK ITRAF TRAF2	cellular response to DNA damage stimulus [GO:0006974]; cellular response to interleukin-1 [GO:0071347]; cellular response to ionizing radiation [GO:0071479]; cellular response to tumor necrosis factor [GO:0071356]; I-kappaB kinase/NF-kappaB signaling [GO:0007249]; negative regulation of I-kappaB kinase/NF-kappaB signaling [GO:0043124]; positive regulation of protein deubiquitination [GO:1903003]; positive regulation of ubiquitin-specific protease activity [GO:2000158]; proteolysis [GO:0006508]; signal transduction [GO:0007165]; TRIF-dependent toll-like receptor signaling pathway [GO:0035666]; viral process [GO:0016032]	deubiquitinase activator activity [GO:0035800]; metal ion binding [GO:0046872]; ubiquitin protein ligase binding [GO:0031625]	cytosol [GO:0005829]; protein-containing complex [GO:0032991]
Q92922	Q92922	SMRC1_HUMAN	SWI/SNF complex subunit SMARCC1 (BRG1-associated factor 155) (BAF155) (SWI/SNF complex 155 kDa subunit) (SWI/SNF-related matrix-associated actin-dependent regulator of chromatin subfamily C member 1)	SMARCC1 BAF155	animal organ morphogenesis [GO:0009887]; ATP-dependent chromatin remodeling [GO:0043044]; chromatin remodeling [GO:0006338]; insulin receptor signaling pathway [GO:0008286]; negative regulation of proteasomal ubiquitin-dependent protein catabolic process [GO:0032435]; nervous system development [GO:0007399]; nucleosome disassembly [GO:0006337]; positive regulation of transcription, DNA-templated [GO:0045893]; positive regulation of transcription by RNA polymerase II [GO:0045944]; prostate gland development [GO:0030850]; regulation of transcription by RNA polymerase II [GO:0006357]	chromatin binding [GO:0003682]; histone binding [GO:0042393]; protein N-terminus binding [GO:0047485]; transcription coactivator activity [GO:0003713]	chromatin [GO:0000785]; cytoplasm [GO:0005737]; nBAF complex [GO:0071565]; npBAF complex [GO:0071564]; nucleoplasm [GO:0005654]; nucleus [GO:0005634]; protein-containing complex [GO:0032991]; SWI/SNF complex [GO:0016514]; XY body [GO:0001741]
Q93008	Q93008	USP9X_HUMAN	Probable ubiquitin carboxyl-terminal hydrolase FAF-X (EC 3.4.19.12) (Deubiquitinating enzyme FAF-X) (Fat facets in mammals) (hFAM) (Fat facets protein-related, X-linked) (Ubiquitin thioesterase FAF-X) (Ubiquitin-specific protease 9, X chromosome) (Ubiquitin-specific-processing protease FAF-X)	USP9X DFFRX FAM USP9	amyloid fibril formation [GO:1990000]; axon extension [GO:0048675]; BMP signaling pathway [GO:0030509]; cell cycle [GO:0007049]; cell division [GO:0051301]; cell migration [GO:0016477]; chromosome segregation [GO:0007059]; female gamete generation [GO:0007292]; negative regulation of transcription by RNA polymerase II [GO:0000122]; neuron migration [GO:0001764]; positive regulation of DNA demethylation [GO:1901537]; protein deubiquitination [GO:0016579]; protein deubiquitination involved in ubiquitin-dependent protein catabolic process [GO:0071947]; protein localization [GO:0008104]; protein stabilization [GO:0050821]; protein ubiquitination [GO:0016567]; regulation of circadian rhythm [GO:0042752]; rhythmic process [GO:0048511]; transforming growth factor beta receptor signaling pathway [GO:0007179]	co-SMAD binding [GO:0070410]; cysteine-type endopeptidase activity [GO:0004197]; cysteine-type peptidase activity [GO:0008234]; deubiquitinase activity [GO:0101005]; Lys48-specific deubiquitinase activity [GO:1990380]; thiol-dependent deubiquitinase [GO:0004843]	cytoplasm [GO:0005737]; cytosol [GO:0005829]; growth cone [GO:0030426]; membrane [GO:0016020]; nucleus [GO:0005634]
Q96AE4	Q96AE4	FUBP1_HUMAN	Far upstream element-binding protein 1 (FBP) (FUSE-binding protein 1) (DNA helicase V) (hDH V)	FUBP1	positive regulation of gene expression [GO:0010628]; regulation of gene expression [GO:0010468]	mRNA binding [GO:0003729]; RNA binding [GO:0003723]; single-stranded DNA binding [GO:0003697]	cytoplasm [GO:0005737]; nucleoplasm [GO:0005654]; nucleus [GO:0005634]
Q96B97	Q96B97	SH3K1_HUMAN	SH3 domain-containing kinase-binding protein 1 (CD2-binding protein 3) (CD2BP3) (Cbl-interacting protein of 85 kDa) (Human Src family kinase-binding protein 1) (HSB-1)	SH3KBP1 CIN85	actin filament organization [GO:0007015]; apoptotic process [GO:0006915]; axon guidance [GO:0007411]; cell-cell signaling [GO:0007267]; cell migration [GO:0016477]; cytoskeleton organization [GO:0007010]; endocytosis [GO:0006897]; membrane organization [GO:0061024]; negative regulation of epidermal growth factor receptor signaling pathway [GO:0042059]; positive regulation of B cell activation [GO:0050871]; regulation of cell shape [GO:0008360]	SH3 domain binding [GO:0017124]	cell-cell junction [GO:0005911]; cytoplasm [GO:0005737]; cytoplasmic vesicle membrane [GO:0030659]; cytoskeleton [GO:0005856]; cytosol [GO:0005829]; endocytic vesicle [GO:0030139]; focal adhesion [GO:0005925]; neuron projection [GO:0043005]; plasma membrane [GO:0005886]; synapse [GO:0045202]
Q96BY6	Q96BY6	DOC10_HUMAN	Dedicator of cytokinesis protein 10 (Zizimin-3)	DOCK10 KIAA0694 ZIZ3	B cell homeostasis [GO:0001782]; dendritic spine morphogenesis [GO:0060997]; marginal zone B cell differentiation [GO:0002315]; positive regulation of GTPase activity [GO:0043547]; regulation of cell migration [GO:0030334]; small GTPase mediated signal transduction [GO:0007264]	guanyl-nucleotide exchange factor activity [GO:0005085]	cytoplasm [GO:0005737]; cytosol [GO:0005829]; dendritic spine [GO:0043197]; extracellular exosome [GO:0070062]; membrane [GO:0016020]; nucleoplasm [GO:0005654]; nucleus [GO:0005634]
Q96C19	Q96C19	EFHD2_HUMAN	EF-hand domain-containing protein D2 (Swiprosin-1)	EFHD2 SWS1		cadherin binding [GO:0045296]; calcium ion binding [GO:0005509]	membrane raft [GO:0045121]
Q96D71	Q96D71	REPS1_HUMAN	RalBP1-associated Eps domain-containing protein 1 (RalBP1-interacting protein 1)	REPS1	endocytosis [GO:0006897]; endosomal transport [GO:0016197]; membrane organization [GO:0061024]; receptor-mediated endocytosis [GO:0006898]	calcium ion binding [GO:0005509]; SH3 domain binding [GO:0017124]	clathrin-coated pit [GO:0005905]; cytosol [GO:0005829]; plasma membrane [GO:0005886]
Q96EV2	Q96EV2	RBM33_HUMAN	RNA-binding protein 33 (Proline-rich protein 8) (RNA-binding motif protein 33)	RBM33 PRR8		RNA binding [GO:0003723]	
Q96FS4	Q96FS4	SIPA1_HUMAN	Signal-induced proliferation-associated protein 1 (Sipa-1) (GTPase-activating protein Spa-1) (p130 SPA-1)	SIPA1 SPA1	activation of GTPase activity [GO:0090630]; adaptive immune response [GO:0002250]; cellular response to water deprivation [GO:0042631]; cytoskeleton organization [GO:0007010]; intracellular signal transduction [GO:0035556]; negative regulation of cell adhesion [GO:0007162]; negative regulation of cell cycle [GO:0045786]; negative regulation of cell growth [GO:0030308]; regulation of small GTPase mediated signal transduction [GO:0051056]; signal transduction [GO:0007165]	GTPase activator activity [GO:0005096]; protein C-terminus binding [GO:0008022]	cytoplasm [GO:0005737]; cytosol [GO:0005829]; membrane [GO:0016020]; nucleus [GO:0005634]; perinuclear region of cytoplasm [GO:0048471]; protein-containing complex [GO:0032991]; transport vesicle [GO:0030133]
Q96G03	Q96G03	PGM2_HUMAN	Phosphoglucomutase-2 (PGM 2) (EC 5.4.2.2) (Glucose phosphomutase 2) (Phosphodeoxyribomutase) (Phosphopentomutase) (EC 5.4.2.7)	PGM2 MSTP006	deoxyribose phosphate catabolic process [GO:0046386]; galactose catabolic process [GO:0019388]; glucose metabolic process [GO:0006006]; glycogen biosynthetic process [GO:0005978]; glycogen catabolic process [GO:0005980]; neutrophil degranulation [GO:0043312]; pentose-phosphate shunt [GO:0006098]	magnesium ion binding [GO:0000287]; phosphoglucomutase activity [GO:0004614]; phosphopentomutase activity [GO:0008973]	cytosol [GO:0005829]; extracellular exosome [GO:0070062]; extracellular region [GO:0005576]; ficolin-1-rich granule lumen [GO:1904813]; secretory granule lumen [GO:0034774]
Q96G46	Q96G46	DUS3L_HUMAN	tRNA-dihydrouridine(47) synthase [NAD(P)(+)]-like (EC 1.3.1.-) (tRNA-dihydrouridine synthase 3-like)	DUS3L		flavin adenine dinucleotide binding [GO:0050660]; metal ion binding [GO:0046872]; RNA binding [GO:0003723]; tRNA dihydrouridine synthase activity [GO:0017150]	
Q96II5	Q96II5	Q96II5_HUMAN	ARAF protein	ARAF	intracellular signal transduction [GO:0035556]	ATP binding [GO:0005524]; protein serine kinase activity [GO:0106310]; protein threonine kinase activity [GO:0106311]	
Q96JM3	Q96JM3	CHAP1_HUMAN	Chromosome alignment-maintaining phosphoprotein 1 (Zinc finger protein 828)	CHAMP1 C13orf8 CAMP CHAMP KIAA1802 ZNF828	attachment of mitotic spindle microtubules to kinetochore [GO:0051315]; protein localization to kinetochore [GO:0034501]; protein localization to microtubule [GO:0035372]; sister chromatid biorientation [GO:0031134]	metal ion binding [GO:0046872]	condensed chromosome [GO:0000793]; condensed chromosome kinetochore [GO:0000777]; cytoplasm [GO:0005737]; Flemming body [GO:0090543]; nuclear body [GO:0016604]; nucleoplasm [GO:0005654]; nucleus [GO:0005634]; spindle [GO:0005819]
Q96JP5	Q96JP5	ZFP91_HUMAN	E3 ubiquitin-protein ligase ZFP91 (EC 2.3.2.27) (RING-type E3 ubiquitin transferase ZFP91) (Zinc finger protein 757) (Zinc finger protein 91 homolog) (Zfp-91)	ZFP91 ZNF757 FKSG11	activation of NF-kappaB-inducing kinase activity [GO:0007250]; protein K63-linked ubiquitination [GO:0070534]; regulation of transcription by RNA polymerase II [GO:0006357]	metal ion binding [GO:0046872]; ubiquitin-protein transferase activity [GO:0004842]	nucleolus [GO:0005730]; nucleoplasm [GO:0005654]; nucleus [GO:0005634]
Q96JY6	Q96JY6	PDLI2_HUMAN	PDZ and LIM domain protein 2 (PDZ-LIM protein mystique)	PDLIM2 PP6345	actin cytoskeleton organization [GO:0030036]; heart development [GO:0007507]; muscle structure development [GO:0061061]	actin binding [GO:0003779]; metal ion binding [GO:0046872]; muscle alpha-actinin binding [GO:0051371]	adherens junction [GO:0005912]; filamentous actin [GO:0031941]; nucleus [GO:0005634]; stress fiber [GO:0001725]; Z disc [GO:0030018]
Q96K37	Q96K37	S35E1_HUMAN	Solute carrier family 35 member E1	SLC35E1 PSEC0038		antiporter activity [GO:0015297]	Golgi apparatus [GO:0005794]; integral component of membrane [GO:0016021]
Q96KC8	Q96KC8	DNJC1_HUMAN	DnaJ homolog subfamily C member 1 (DnaJ protein homolog MTJ1)	DNAJC1 HTJ1	negative regulation of proteolysis [GO:0045861]; protein folding [GO:0006457]; regulation of protein secretion [GO:0050708]; regulation of translation [GO:0006417]	ATPase activator activity [GO:0001671]; chaperone binding [GO:0051087]; DNA binding [GO:0003677]	endoplasmic reticulum [GO:0005783]; endoplasmic reticulum membrane [GO:0005789]; integral component of membrane [GO:0016021]; membrane [GO:0016020]; nuclear membrane [GO:0031965]; plasma membrane [GO:0005886]
Q96KR1	Q96KR1	ZFR_HUMAN	Zinc finger RNA-binding protein (hZFR) (M-phase phosphoprotein homolog)	ZFR	multicellular organism development [GO:0007275]	DNA binding [GO:0003677]; double-stranded RNA binding [GO:0003725]; RNA binding [GO:0003723]; single-stranded RNA binding [GO:0003727]; zinc ion binding [GO:0008270]	chromosome [GO:0005694]; cytoplasm [GO:0005737]; nucleus [GO:0005634]
Q96PC5	Q96PC5	MIA2_HUMAN	Melanoma inhibitory activity protein 2 (MIA protein 2) (CTAGE family member 5 ER export factor) (Cutaneous T-cell lymphoma-associated antigen 5) (Meningioma-expressed antigen 6/11)	MIA2 CTAGE5 MEA11 MEA6 MGEA11 MGEA6	endoplasmic reticulum to Golgi vesicle-mediated transport [GO:0006888]; lipoprotein transport [GO:0042953]; protein exit from endoplasmic reticulum [GO:0032527]; protein localization to endoplasmic reticulum exit site [GO:0070973]; protein secretion [GO:0009306]; vesicle cargo loading [GO:0035459]	cargo receptor activity [GO:0038024]; enzyme activator activity [GO:0008047]	endoplasmic reticulum [GO:0005783]; endoplasmic reticulum exit site [GO:0070971]; endoplasmic reticulum membrane [GO:0005789]; integral component of membrane [GO:0016021]; membrane [GO:0016020]
Q96PK6	Q96PK6	RBM14_HUMAN	RNA-binding protein 14 (Paraspeckle protein 2) (PSP2) (RNA-binding motif protein 14) (RRM-containing coactivator activator/modulator) (Synaptotagmin-interacting protein) (SYT-interacting protein)	RBM14 SIP	activation of innate immune response [GO:0002218]; centriole assembly [GO:0098534]; histone deacetylation [GO:0016575]; innate immune response [GO:0045087]; mRNA splicing, via spliceosome [GO:0000398]; negative regulation of centriole replication [GO:0046600]; positive regulation of transcription by RNA polymerase II [GO:0045944]; response to hormone [GO:0009725]; SMAD protein signal transduction [GO:0060395]	mRNA binding [GO:0003729]; nuclear receptor coactivator activity [GO:0030374]; RNA binding [GO:0003723]	cytoplasm [GO:0005737]; nuclear speck [GO:0016607]; nucleolus [GO:0005730]; nucleoplasm [GO:0005654]; nucleus [GO:0005634]; ribonucleoprotein complex [GO:1990904]; transcription regulator complex [GO:0005667]
Q96PY5	Q96PY5	FMNL2_HUMAN	Formin-like protein 2 (Formin homology 2 domain-containing protein 2)	FMNL2 FHOD2 KIAA1902	cell migration [GO:0016477]; cortical actin cytoskeleton organization [GO:0030866]; cytoskeleton organization [GO:0007010]; regulation of cell morphogenesis [GO:0022604]; regulation of cell shape [GO:0008360]	actin filament binding [GO:0051015]; cadherin binding [GO:0045296]; small GTPase binding [GO:0031267]	cytosol [GO:0005829]
Q96QD9	Q96QD9	UIF_HUMAN	UAP56-interacting factor (Forty-two-three domain-containing protein 1) (Protein 40-2-3)	FYTTD1 UIF	mRNA export from nucleus [GO:0006406]	mRNA binding [GO:0003729]; RNA binding [GO:0003723]	nuclear speck [GO:0016607]; nucleoplasm [GO:0005654]
Q96QH2	Q96QH2	PRAM_HUMAN	PML-RARA-regulated adapter molecule 1 (PRAM) (PRAM-1)	PRAM1	integrin-mediated signaling pathway [GO:0007229]; protein localization to plasma membrane [GO:0072659]; regulation of neutrophil degranulation [GO:0043313]; T cell receptor signaling pathway [GO:0050852]	lipid binding [GO:0008289]; protein kinase binding [GO:0019901]	plasma membrane [GO:0005886]; protein-containing complex [GO:0032991]
Q96QR8	Q96QR8	PURB_HUMAN	Transcriptional activator protein Pur-beta (Purine-rich element-binding protein B)	PURB	cell differentiation [GO:0030154]; cell population proliferation [GO:0008283]; regulation of myeloid cell differentiation [GO:0045637]; regulation of transcription by RNA polymerase II [GO:0006357]	DNA-binding transcription factor activity, RNA polymerase II-specific [GO:0000981]; DNA-binding transcription repressor activity, RNA polymerase II-specific [GO:0001227]; mRNA binding [GO:0003729]; purine-rich negative regulatory element binding [GO:0032422]; RNA binding [GO:0003723]; RNA polymerase II transcription regulatory region sequence-specific DNA binding [GO:0000977]; single-stranded DNA binding [GO:0003697]; SMAD binding [GO:0046332]; transcription factor binding [GO:0008134]	nucleoplasm [GO:0005654]; nucleus [GO:0005634]
Q96SB4	Q96SB4	SRPK1_HUMAN	SRSF protein kinase 1 (EC 2.7.11.1) (SFRS protein kinase 1) (Serine/arginine-rich protein-specific kinase 1) (SR-protein-specific kinase 1)	SRPK1	chromosome segregation [GO:0007059]; innate immune response [GO:0045087]; intracellular signal transduction [GO:0035556]; negative regulation of viral genome replication [GO:0045071]; positive regulation of viral genome replication [GO:0045070]; protein phosphorylation [GO:0006468]; regulation of mRNA processing [GO:0050684]; regulation of mRNA splicing, via spliceosome [GO:0048024]; RNA splicing [GO:0008380]; sperm chromatin condensation [GO:0035092]; spliceosomal complex assembly [GO:0000245]; viral process [GO:0016032]	ATP binding [GO:0005524]; magnesium ion binding [GO:0000287]; protein kinase activity [GO:0004672]; protein serine/threonine kinase activity [GO:0004674]; protein serine kinase activity [GO:0106310]; protein threonine kinase activity [GO:0106311]; RNA binding [GO:0003723]	chromatin [GO:0000785]; cytoplasm [GO:0005737]; cytosol [GO:0005829]; endoplasmic reticulum [GO:0005783]; nuclear matrix [GO:0016363]; nuclear speck [GO:0016607]; nucleoplasm [GO:0005654]; nucleus [GO:0005634]; plasma membrane [GO:0005886]
Q96ST2	Q96ST2	IWS1_HUMAN	Protein IWS1 homolog (IWS1-like protein)	IWS1 IWS1L	mRNA processing [GO:0006397]; poly(A)+ mRNA export from nucleus [GO:0016973]; regulation of histone H3-K36 trimethylation [GO:2001253]; regulation of histone H4 acetylation [GO:0090239]; regulation of mRNA export from nucleus [GO:0010793]; regulation of mRNA processing [GO:0050684]; RNA splicing [GO:0008380]; transcription by RNA polymerase II [GO:0006366]; transcription elongation from RNA polymerase II promoter [GO:0006368]		nucleoplasm [GO:0005654]; nucleus [GO:0005634]
Q96ST3	Q96ST3	SIN3A_HUMAN	Paired amphipathic helix protein Sin3a (Histone deacetylase complex subunit Sin3a) (Transcriptional corepressor Sin3a)	SIN3A	activation of innate immune response [GO:0002218]; aging [GO:0007568]; cellular protein localization [GO:0034613]; cellular response to dopamine [GO:1903351]; cellular response to glucose stimulus [GO:0071333]; cerebral cortex neuron differentiation [GO:0021895]; DNA replication [GO:0006260]; hematopoietic progenitor cell differentiation [GO:0002244]; histone deacetylation [GO:0016575]; in utero embryonic development [GO:0001701]; negative regulation of apoptotic process [GO:0043066]; negative regulation of circadian rhythm [GO:0042754]; negative regulation of histone H3-K27 acetylation [GO:1901675]; negative regulation of protein localization to nucleus [GO:1900181]; negative regulation of transcription, DNA-templated [GO:0045892]; negative regulation of transcription by RNA polymerase II [GO:0000122]; negative regulation of transcription regulatory region DNA binding [GO:2000678]; positive regulation of chromatin silencing [GO:0031937]; positive regulation of defense response to virus by host [GO:0002230]; positive regulation of G2/M transition of mitotic cell cycle [GO:0010971]; positive regulation of neuron differentiation [GO:0045666]; positive regulation of transcription by RNA polymerase II [GO:0045944]; protein deacetylation [GO:0006476]; regulation of axon extension [GO:0030516]; regulation of hormone levels [GO:0010817]; regulation of lipid metabolic process [GO:0019216]; regulation of megakaryocyte differentiation [GO:0045652]; regulation of transcription from RNA polymerase II promoter in response to oxidative stress [GO:0043619]; response to methylglyoxal [GO:0051595]; rhythmic process [GO:0048511]	chromatin binding [GO:0003682]; DNA binding [GO:0003677]; protein-containing complex binding [GO:0044877]; RNA binding [GO:0003723]; RNA polymerase II activating transcription factor binding [GO:0001102]; RNA polymerase II repressing transcription factor binding [GO:0001103]; transcription coactivator activity [GO:0003713]; transcription corepressor activity [GO:0003714]; transcription regulator inhibitor activity [GO:0140416]	chromatin [GO:0000785]; histone deacetylase complex [GO:0000118]; kinetochore [GO:0000776]; nucleolus [GO:0005730]; nucleoplasm [GO:0005654]; nucleus [GO:0005634]; Sin3 complex [GO:0016580]; transcription repressor complex [GO:0017053]
Q96T23	Q96T23	RSF1_HUMAN	Remodeling and spacing factor 1 (Rsf-1) (HBV pX-associated protein 8) (Hepatitis B virus X-associated protein) (p325 subunit of RSF chromatin-remodeling complex)	RSF1 HBXAP XAP8	CENP-A containing nucleosome assembly [GO:0034080]; chromatin remodeling [GO:0006338]; DNA-templated transcription, initiation [GO:0006352]; negative regulation of DNA binding [GO:0043392]; negative regulation of transcription, DNA-templated [GO:0045892]; nucleosome assembly [GO:0006334]; nucleosome positioning [GO:0016584]; positive regulation of transcription, DNA-templated [GO:0045893]; positive regulation of transcription by RNA polymerase II [GO:0045944]; positive regulation of viral transcription [GO:0050434]	histone binding [GO:0042393]; metal ion binding [GO:0046872]; transcription coregulator activity [GO:0003712]	nucleoplasm [GO:0005654]; nucleus [GO:0005634]; RSF complex [GO:0031213]
Q96T37	Q96T37	RBM15_HUMAN	RNA-binding protein 15 (One-twenty two protein 1) (RNA-binding motif protein 15)	RBM15 OTT OTT1	branching involved in blood vessel morphogenesis [GO:0001569]; dosage compensation by inactivation of X chromosome [GO:0009048]; mRNA splicing, via spliceosome [GO:0000398]; negative regulation of myeloid cell differentiation [GO:0045638]; placenta blood vessel development [GO:0060674]; positive regulation of transcription of Notch receptor target [GO:0007221]; regulation of alternative mRNA splicing, via spliceosome [GO:0000381]; regulation of megakaryocyte differentiation [GO:0045652]; RNA methylation [GO:0001510]; spleen development [GO:0048536]; thrombopoietin-mediated signaling pathway [GO:0038163]; ventricular septum morphogenesis [GO:0060412]; viral process [GO:0016032]	mRNA binding [GO:0003729]; nucleic acid binding [GO:0003676]; RNA binding [GO:0003723]	nuclear membrane [GO:0031965]; nuclear speck [GO:0016607]; nucleoplasm [GO:0005654]; nucleus [GO:0005634]; RNA N6-methyladenosine methyltransferase complex [GO:0036396]
Q96T58	Q96T58	MINT_HUMAN	Msx2-interacting protein (SMART/HDAC1-associated repressor protein) (SPEN homolog)	SPEN KIAA0929 MINT SHARP	mRNA splicing, via spliceosome [GO:0000398]; negative regulation of transcription, DNA-templated [GO:0045892]; negative regulation of transcription by RNA polymerase II [GO:0000122]; Notch signaling pathway [GO:0007219]; positive regulation of neurogenesis [GO:0050769]; viral process [GO:0016032]	DNA binding [GO:0003677]; nucleic acid binding [GO:0003676]; RNA binding [GO:0003723]; RNA polymerase II transcription factor binding [GO:0001085]; transcription corepressor activity [GO:0003714]	extracellular exosome [GO:0070062]; nucleoplasm [GO:0005654]; nucleus [GO:0005634]; transcription repressor complex [GO:0017053]
Q96TA1	Q96TA1	NIBA2_HUMAN	Protein Niban 2 (Meg-3) (Melanoma invasion by ERK) (MINERVA) (Niban-like protein 1) (Protein FAM129B)	NIBAN2 C9orf88 FAM129B	axon guidance [GO:0007411]; cell differentiation [GO:0030154]; gonadotropin secretion [GO:0032274]; hypomethylation of CpG island [GO:0044029]; negative regulation of angiogenesis [GO:0016525]; negative regulation of apoptotic process [GO:0043066]; negative regulation of cell population proliferation [GO:0008285]; negative regulation of DNA biosynthetic process [GO:2000279]; negative regulation of Notch signaling pathway [GO:0045746]; negative regulation of transcription, DNA-templated [GO:0045892]; negative regulation of vascular endothelial growth factor receptor signaling pathway [GO:0030948]; positive regulation of embryonic development [GO:0040019]; positive regulation of skeletal muscle fiber development [GO:0048743]; positive regulation of transcription, DNA-templated [GO:0045893]; positive regulation of transcription regulatory region DNA binding [GO:2000679]	cadherin binding [GO:0045296]; transcription coactivator activity [GO:0003713]	adherens junction [GO:0005912]; cytoplasm [GO:0005737]; cytosol [GO:0005829]; extracellular exosome [GO:0070062]; nucleoplasm [GO:0005654]; nucleus [GO:0005634]; plasma membrane [GO:0005886]
Q96TC7	Q96TC7	RMD3_HUMAN	Regulator of microtubule dynamics protein 3 (RMD-3) (hRMD-3) (Cerebral protein 10) (Protein FAM82A2) (Protein FAM82C) (Protein tyrosine phosphatase-interacting protein 51) (TCPTP-interacting protein 51)	RMDN3 FAM82A2 FAM82C PTPIP51 hucep-10 UNQ3122/PRO10274	apoptotic process [GO:0006915]; cell differentiation [GO:0030154]; cellular calcium ion homeostasis [GO:0006874]	microtubule binding [GO:0008017]	cytoplasm [GO:0005737]; integral component of membrane [GO:0016021]; intercellular bridge [GO:0045171]; mitochondrial outer membrane [GO:0005741]; mitochondrion [GO:0005739]; mitotic spindle pole [GO:0097431]; nucleus [GO:0005634]; organelle membrane contact site [GO:0044232]; spindle microtubule [GO:0005876]
Q99567	Q99567	NUP88_HUMAN	Nuclear pore complex protein Nup88 (88 kDa nucleoporin) (Nucleoporin Nup88)	NUP88	intracellular transport of virus [GO:0075733]; mitotic cell cycle [GO:0000278]; mRNA export from nucleus [GO:0006406]; protein import into nucleus [GO:0006606]; protein sumoylation [GO:0016925]; regulation of cellular response to heat [GO:1900034]; regulation of gene silencing by miRNA [GO:0060964]; regulation of glycolytic process [GO:0006110]; ribosomal large subunit export from nucleus [GO:0000055]; ribosomal small subunit export from nucleus [GO:0000056]; tRNA export from nucleus [GO:0006409]; viral life cycle [GO:0019058]; viral process [GO:0016032]; viral transcription [GO:0019083]	structural constituent of nuclear pore [GO:0017056]; transporter activity [GO:0005215]	cytosol [GO:0005829]; host cell [GO:0043657]; nuclear pore [GO:0005643]; nucleoplasm [GO:0005654]
Q99575	Q99575	POP1_HUMAN	Ribonucleases P/MRP protein subunit POP1 (hPOP1) (EC 3.1.26.5)	POP1 KIAA0061	RNA phosphodiester bond hydrolysis, endonucleolytic [GO:0090502]; tRNA 5'-leader removal [GO:0001682]; tRNA catabolic process [GO:0016078]; tRNA processing [GO:0008033]	ribonuclease P activity [GO:0004526]; ribonuclease P RNA binding [GO:0033204]; RNA binding [GO:0003723]	extracellular space [GO:0005615]; multimeric ribonuclease P complex [GO:0030681]; nucleolar ribonuclease P complex [GO:0005655]; nucleolus [GO:0005730]; nucleoplasm [GO:0005654]; ribonuclease MRP complex [GO:0000172]
Q99590	Q99590	SCAFB_HUMAN	Protein SCAF11 (CTD-associated SR protein 11) (Renal carcinoma antigen NY-REN-40) (SC35-interacting protein 1) (SR-related and CTD-associated factor 11) (SRSF2-interacting protein) (Serine/arginine-rich splicing factor 2-interacting protein) (Splicing factor, arginine/serine-rich 2-interacting protein) (Splicing regulatory protein 129) (SRrp129)	SCAF11 CASP11 SFRS2IP SIP1 SRSF2IP	mRNA processing [GO:0006397]; RNA splicing [GO:0008380]; RNA splicing, via transesterification reactions [GO:0000375]; spliceosomal complex assembly [GO:0000245]	metal ion binding [GO:0046872]; RNA binding [GO:0003723]	nuclear body [GO:0016604]; nucleolus [GO:0005730]; nucleoplasm [GO:0005654]
Q99698	Q99698	LYST_HUMAN	Lysosomal-trafficking regulator (Beige homolog)	LYST CHS CHS1	defense response to bacterium [GO:0042742]; defense response to protozoan [GO:0042832]; defense response to virus [GO:0051607]; endosome to lysosome transport via multivesicular body sorting pathway [GO:0032510]; leukocyte chemotaxis [GO:0030595]; lysosome organization [GO:0007040]; mast cell secretory granule organization [GO:0033364]; melanosome organization [GO:0032438]; natural killer cell mediated cytotoxicity [GO:0042267]; phagocytosis [GO:0006909]; pigmentation [GO:0043473]; protein localization [GO:0008104]; protein transport [GO:0015031]	protein kinase binding [GO:0019901]	cytosol [GO:0005829]; membrane [GO:0016020]; microtubule cytoskeleton [GO:0015630]
Q99973	Q99973	TEP1_HUMAN	Telomerase protein component 1 (Telomerase-associated protein 1) (Telomerase protein 1) (p240) (p80 telomerase homolog)	TEP1 TLP1 TP1	telomere maintenance via recombination [GO:0000722]	ATP binding [GO:0005524]; enzyme binding [GO:0019899]; p53 binding [GO:0002039]; RNA binding [GO:0003723]; telomerase activity [GO:0003720]; telomerase RNA binding [GO:0070034]	chromosome, telomeric region [GO:0000781]; cytoplasm [GO:0005737]; nuclear matrix [GO:0016363]; ribonucleoprotein complex [GO:1990904]; telomerase holoenzyme complex [GO:0005697]
Q9BPX3	Q9BPX3	CND3_HUMAN	Condensin complex subunit 3 (Chromosome-associated protein G) (Condensin subunit CAP-G) (hCAP-G) (Melanoma antigen NY-MEL-3) (Non-SMC condensin I complex subunit G) (XCAP-G homolog)	NCAPG CAPG NYMEL3	cell division [GO:0051301]; mitotic chromosome condensation [GO:0007076]		condensed chromosome [GO:0000793]; condensed chromosome, centromeric region [GO:0000779]; condensin complex [GO:0000796]; cytoplasm [GO:0005737]; cytosol [GO:0005829]; membrane [GO:0016020]; nucleus [GO:0005634]
Q9BQA1	Q9BQA1	MEP50_HUMAN	Methylosome protein 50 (MEP-50) (Androgen receptor cofactor p44) (WD repeat-containing protein 77) (p44/Mep50)	WDR77 MEP50 WD45 HKMT1069 Nbla10071	negative regulation of epithelial cell proliferation involved in prostate gland development [GO:0060770]; pole plasm assembly [GO:0007315]; positive regulation of cell population proliferation [GO:0008284]; regulation of transcription by RNA polymerase II [GO:0006357]; secretory columnal luminar epithelial cell differentiation involved in prostate glandular acinus development [GO:0060528]; spliceosomal snRNP assembly [GO:0000387]	methyl-CpG binding [GO:0008327]; nuclear receptor coactivator activity [GO:0030374]	cytoplasm [GO:0005737]; cytosol [GO:0005829]; Golgi apparatus [GO:0005794]; methylosome [GO:0034709]; nucleoplasm [GO:0005654]; nucleus [GO:0005634]; pole plasm [GO:0045495]
Q9BQG0	Q9BQG0	MBB1A_HUMAN	Myb-binding protein 1A	MYBBP1A P160	cellular response to glucose starvation [GO:0042149]; circadian regulation of gene expression [GO:0032922]; intrinsic apoptotic signaling pathway by p53 class mediator [GO:0072332]; negative regulation of transcription, DNA-templated [GO:0045892]; osteoblast differentiation [GO:0001649]; positive regulation of anoikis [GO:2000210]; positive regulation of cell cycle arrest [GO:0071158]; positive regulation of gene expression, epigenetic [GO:0045815]; regulation of transcription, DNA-templated [GO:0006355]; respiratory electron transport chain [GO:0022904]; ribosome biogenesis [GO:0042254]	E-box binding [GO:0070888]; RNA binding [GO:0003723]; sequence-specific DNA binding [GO:0043565]; transcription corepressor activity [GO:0003714]; transcription factor binding [GO:0008134]	cytoplasm [GO:0005737]; intracellular membrane-bounded organelle [GO:0043231]; membrane [GO:0016020]; NLS-dependent protein nuclear import complex [GO:0042564]; nucleolus [GO:0005730]; nucleoplasm [GO:0005654]; nucleus [GO:0005634]
Q9BTA9	Q9BTA9	WAC_HUMAN	WW domain-containing adapter protein with coiled-coil	WAC KIAA1844	cellular response to DNA damage stimulus [GO:0006974]; G1 DNA damage checkpoint [GO:0044783]; histone H2B conserved C-terminal lysine ubiquitination [GO:0071894]; histone monoubiquitination [GO:0010390]; negative regulation of proteasomal ubiquitin-dependent protein catabolic process [GO:0032435]; positive regulation of macroautophagy [GO:0016239]; positive regulation of transcription, DNA-templated [GO:0045893]; protein ubiquitination [GO:0016567]	chromatin binding [GO:0003682]; RNA polymerase II complex binding [GO:0000993]	nuclear speck [GO:0016607]; nucleoplasm [GO:0005654]; nucleus [GO:0005634]
Q9BTC0	Q9BTC0	DIDO1_HUMAN	Death-inducer obliterator 1 (DIO-1) (hDido1) (Death-associated transcription factor 1) (DATF-1)	DIDO1 C20orf158 DATF1 KIAA0333	apoptotic signaling pathway [GO:0097190]; transcription, DNA-templated [GO:0006351]	metal ion binding [GO:0046872]; RNA binding [GO:0003723]	cytoplasm [GO:0005737]; nucleus [GO:0005634]; spindle [GO:0005819]
Q9BTU6	Q9BTU6	P4K2A_HUMAN	Phosphatidylinositol 4-kinase type 2-alpha (EC 2.7.1.67) (Phosphatidylinositol 4-kinase type II-alpha)	PI4K2A	endosome organization [GO:0007032]; Golgi organization [GO:0007030]; phosphatidylinositol biosynthetic process [GO:0006661]; phosphatidylinositol phosphorylation [GO:0046854]	1-phosphatidylinositol 4-kinase activity [GO:0004430]; AP-3 adaptor complex binding [GO:0035651]; ATP binding [GO:0005524]; magnesium ion binding [GO:0000287]	cytoplasmic vesicle [GO:0031410]; cytosol [GO:0005829]; dendrite [GO:0030425]; endosome [GO:0005768]; growing cell tip [GO:0035838]; integral component of plasma membrane [GO:0005887]; intrinsic component of membrane [GO:0031224]; lysosomal membrane [GO:0005765]; membrane [GO:0016020]; membrane raft [GO:0045121]; mitochondrion [GO:0005739]; neuronal cell body [GO:0043025]; neuron projection [GO:0043005]; perikaryon [GO:0043204]; plasma membrane [GO:0005886]; presynaptic membrane [GO:0042734]; trans-Golgi network [GO:0005802]
Q9BTX1	Q9BTX1	NDC1_HUMAN	Nucleoporin NDC1 (hNDC1) (Transmembrane protein 48)	NDC1 TMEM48	homologous chromosome pairing at meiosis [GO:0007129]; intracellular transport of virus [GO:0075733]; mitotic nuclear envelope reassembly [GO:0007084]; mRNA export from nucleus [GO:0006406]; nuclear pore complex assembly [GO:0051292]; nuclear pore localization [GO:0051664]; nuclear pore organization [GO:0006999]; protein sumoylation [GO:0016925]; protein transport [GO:0015031]; regulation of cellular response to heat [GO:1900034]; regulation of gene silencing by miRNA [GO:0060964]; regulation of glycolytic process [GO:0006110]; spermatogenesis [GO:0007283]; tRNA export from nucleus [GO:0006409]; viral life cycle [GO:0019058]; viral process [GO:0016032]; viral transcription [GO:0019083]	protein-macromolecule adaptor activity [GO:0030674]; structural constituent of nuclear pore [GO:0017056]	actin cytoskeleton [GO:0015629]; cytoplasm [GO:0005737]; host cell [GO:0043657]; integral component of membrane [GO:0016021]; membrane [GO:0016020]; nuclear envelope [GO:0005635]; nuclear membrane [GO:0031965]; nuclear pore [GO:0005643]; nuclear pore transmembrane ring [GO:0070762]; plasma membrane [GO:0005886]
Q9BU23	Q9BU23	LMF2_HUMAN	Lipase maturation factor 2 (Transmembrane protein 112B) (Transmembrane protein 153)	LMF2 TMEM112B TMEM153	protein maturation [GO:0051604]		endoplasmic reticulum membrane [GO:0005789]; integral component of membrane [GO:0016021]; membrane [GO:0016020]
Q9BUH6	Q9BUH6	PAXX_HUMAN	Protein PAXX (Paralog of XRCC4 and XLF) (XRCC4-like small protein)	PAXX C9orf142 XLS	cellular response to DNA damage stimulus [GO:0006974]; double-strand break repair via nonhomologous end joining [GO:0006303]	identical protein binding [GO:0042802]; molecular adaptor activity [GO:0060090]; protein homodimerization activity [GO:0042803]	nonhomologous end joining complex [GO:0070419]; nucleoplasm [GO:0005654]; nucleus [GO:0005634]; site of double-strand break [GO:0035861]
Q9BUJ2	Q9BUJ2	HNRL1_HUMAN	Heterogeneous nuclear ribonucleoprotein U-like protein 1 (Adenovirus early region 1B-associated protein 5) (E1B-55 kDa-associated protein 5) (E1B-AP5)	HNRNPUL1 E1BAP5 HNRPUL1	mRNA splicing, via spliceosome [GO:0000398]; response to virus [GO:0009615]; RNA processing [GO:0006396]	enzyme binding [GO:0019899]; RNA binding [GO:0003723]	nucleoplasm [GO:0005654]; nucleus [GO:0005634]
Q9BUQ8	Q9BUQ8	DDX23_HUMAN	Probable ATP-dependent RNA helicase DDX23 (EC 3.6.4.13) (100 kDa U5 snRNP-specific protein) (DEAD box protein 23) (PRP28 homolog) (U5-100kD)	DDX23	cis assembly of pre-catalytic spliceosome [GO:0000354]; mRNA splicing, via spliceosome [GO:0000398]; R-loop disassembly [GO:0062176]; RNA splicing [GO:0008380]; RNA splicing, via transesterification reactions [GO:0000375]	ATP binding [GO:0005524]; RNA binding [GO:0003723]; RNA helicase activity [GO:0003724]	catalytic step 2 spliceosome [GO:0071013]; chromatin [GO:0000785]; extracellular exosome [GO:0070062]; nucleolus [GO:0005730]; nucleoplasm [GO:0005654]; nucleus [GO:0005634]; U4/U6 x U5 tri-snRNP complex [GO:0046540]; U5 snRNP [GO:0005682]
Q9BW71	Q9BW71	HIRP3_HUMAN	HIRA-interacting protein 3	HIRIP3	chromatin assembly or disassembly [GO:0006333]		nucleolus [GO:0005730]; nucleoplasm [GO:0005654]; nucleus [GO:0005634]
Q9BXP5	Q9BXP5	SRRT_HUMAN	Serrate RNA effector molecule homolog (Arsenite-resistance protein 2)	SRRT ARS2 ASR2	mRNA splicing, via spliceosome [GO:0000398]; neuronal stem cell population maintenance [GO:0097150]; positive regulation of neurogenesis [GO:0050769]; primary miRNA processing [GO:0031053]; regulation of transcription, DNA-templated [GO:0006355]; response to arsenic-containing substance [GO:0046685]; snRNA transcription by RNA polymerase II [GO:0042795]	DNA binding [GO:0003677]; mRNA cap binding complex binding [GO:0140262]; protein-macromolecule adaptor activity [GO:0030674]; RNA binding [GO:0003723]	cytoplasm [GO:0005737]; nuclear body [GO:0016604]; nucleoplasm [GO:0005654]; protein-containing complex [GO:0032991]; ribonucleoprotein complex [GO:1990904]
Q9BY44	Q9BY44	EIF2A_HUMAN	Eukaryotic translation initiation factor 2A (eIF-2A) (65 kDa eukaryotic translation initiation factor 2A) [Cleaved into: Eukaryotic translation initiation factor 2A, N-terminally processed]	EIF2A CDA02 MSTP004 MSTP089	positive regulation of signal transduction [GO:0009967]; protein phosphorylation [GO:0006468]; regulation of translation [GO:0006417]; response to amino acid starvation [GO:1990928]; ribosome assembly [GO:0042255]; SREBP signaling pathway [GO:0032933]	cadherin binding [GO:0045296]; mRNA binding [GO:0003729]; ribosome binding [GO:0043022]; translation initiation factor activity [GO:0003743]; tRNA binding [GO:0000049]	blood microparticle [GO:0072562]; cytoplasm [GO:0005737]; cytosolic small ribosomal subunit [GO:0022627]; eukaryotic translation initiation factor 2 complex [GO:0005850]; extracellular space [GO:0005615]
Q9BYX4	Q9BYX4	IFIH1_HUMAN	Interferon-induced helicase C domain-containing protein 1 (EC 3.6.4.13) (Clinically amyopathic dermatomyositis autoantigen 140 kDa) (CADM-140 autoantigen) (Helicase with 2 CARD domains) (Helicard) (Interferon-induced with helicase C domain protein 1) (Melanoma differentiation-associated protein 5) (MDA-5) (Murabutide down-regulated protein) (RIG-I-like receptor 2) (RLR-2) (RNA helicase-DEAD box protein 116)	IFIH1 MDA5 RH116	cellular response to exogenous dsRNA [GO:0071360]; cellular response to virus [GO:0098586]; cytoplasmic pattern recognition receptor signaling pathway in response to virus [GO:0039528]; defense response to virus [GO:0051607]; detection of virus [GO:0009597]; innate immune response [GO:0045087]; MDA-5 signaling pathway [GO:0039530]; negative regulation of type I interferon production [GO:0032480]; positive regulation of interferon-alpha production [GO:0032727]; positive regulation of interferon-beta production [GO:0032728]; positive regulation of interleukin-6 production [GO:0032755]; positive regulation of response to cytokine stimulus [GO:0060760]; positive regulation of tumor necrosis factor production [GO:0032760]; protein deubiquitination [GO:0016579]; protein sumoylation [GO:0016925]; regulation of type III interferon production [GO:0034344]; response to virus [GO:0009615]; viral process [GO:0016032]	ATP binding [GO:0005524]; DNA binding [GO:0003677]; double-stranded RNA binding [GO:0003725]; hydrolase activity [GO:0016787]; identical protein binding [GO:0042802]; ribonucleoprotein complex binding [GO:0043021]; RNA helicase activity [GO:0003724]; single-stranded RNA binding [GO:0003727]; zinc ion binding [GO:0008270]	cytoplasm [GO:0005737]; cytosol [GO:0005829]; nucleus [GO:0005634]
Q9BZF1	Q9BZF1	OSBL8_HUMAN	Oxysterol-binding protein-related protein 8 (ORP-8) (OSBP-related protein 8)	OSBPL8 KIAA1451 ORP8 OSBP10	activation of protein kinase B activity [GO:0032148]; fat cell differentiation [GO:0045444]; negative regulation of cell migration [GO:0030336]; negative regulation of sequestering of triglyceride [GO:0010891]; phosphatidylserine acyl-chain remodeling [GO:0036150]; phospholipid transport [GO:0015914]; positive regulation of glucose import [GO:0046326]; positive regulation of insulin receptor signaling pathway [GO:0046628]; positive regulation of protein kinase B signaling [GO:0051897]; protein localization to nuclear pore [GO:0090204]	cholesterol binding [GO:0015485]; phosphatidylinositol-4-phosphate binding [GO:0070273]; phosphatidylserine binding [GO:0001786]; phosphatidylserine transfer activity [GO:0140343]; sterol binding [GO:0032934]; sterol transporter activity [GO:0015248]	cortical endoplasmic reticulum [GO:0032541]; cytosol [GO:0005829]; endoplasmic reticulum [GO:0005783]; endoplasmic reticulum membrane [GO:0005789]; integral component of membrane [GO:0016021]; intracellular membrane-bounded organelle [GO:0043231]; membrane [GO:0016020]; nuclear membrane [GO:0031965]
Q9BZZ5	Q9BZZ5	API5_HUMAN	Apoptosis inhibitor 5 (API-5) (Antiapoptosis clone 11 protein) (AAC-11) (Cell migration-inducing gene 8 protein) (Fibroblast growth factor 2-interacting factor) (FIF) (Protein XAGL)	API5 MIG8	apoptotic process [GO:0006915]; negative regulation of apoptotic process [GO:0043066]; negative regulation of fibroblast apoptotic process [GO:2000270]	fibroblast growth factor binding [GO:0017134]; RNA binding [GO:0003723]	cytoplasm [GO:0005737]; membrane [GO:0016020]; nuclear speck [GO:0016607]; nucleus [GO:0005634]; spliceosomal complex [GO:0005681]
Q9C0B5	Q9C0B5	ZDHC5_HUMAN	Palmitoyltransferase ZDHHC5 (EC 2.3.1.225) (Zinc finger DHHC domain-containing protein 5) (DHHC-5) (Zinc finger protein 375)	ZDHHC5 KIAA1748 ZNF375	positive regulation of pattern recognition receptor signaling pathway [GO:0062208]; positive regulation of protein localization to phagocytic vesicle [GO:1905171]; positive regulation of protein localization to plasma membrane [GO:1903078]; protein palmitoylation [GO:0018345]	palmitoyltransferase activity [GO:0016409]; protein-cysteine S-palmitoyltransferase activity [GO:0019706]	dendrite [GO:0030425]; integral component of membrane [GO:0016021]; membrane [GO:0016020]; phagocytic vesicle [GO:0045335]; plasma membrane [GO:0005886]
Q9C0C2	Q9C0C2	TB182_HUMAN	182 kDa tankyrase-1-binding protein	TNKS1BP1 KIAA1741 TAB182	cellular response to ionizing radiation [GO:0071479]; DNA damage response, signal transduction by p53 class mediator resulting in cell cycle arrest [GO:0006977]; double-strand break repair [GO:0006302]; nuclear-transcribed mRNA poly(A) tail shortening [GO:0000289]; positive regulation of peptidyl-serine phosphorylation [GO:0033138]; positive regulation of peptidyl-threonine phosphorylation [GO:0010800]; positive regulation of protein autophosphorylation [GO:0031954]; telomere maintenance via telomerase [GO:0007004]	ankyrin repeat binding [GO:0071532]; cadherin binding [GO:0045296]; enzyme binding [GO:0019899]; protein-containing complex binding [GO:0044877]	actin cytoskeleton [GO:0015629]; adherens junction [GO:0005912]; CCR4-NOT complex [GO:0030014]; cytoplasm [GO:0005737]; cytosol [GO:0005829]; heterochromatin [GO:0000792]; nucleus [GO:0005634]; plasma membrane [GO:0005886]
Q9GZR7	Q9GZR7	DDX24_HUMAN	ATP-dependent RNA helicase DDX24 (EC 3.6.4.13) (DEAD box protein 24)	DDX24	RNA metabolic process [GO:0016070]	ATP binding [GO:0005524]; RNA binding [GO:0003723]; RNA helicase activity [GO:0003724]	membrane [GO:0016020]; nucleolus [GO:0005730]
Q9GZY6	Q9GZY6	NTAL_HUMAN	Linker for activation of T-cells family member 2 (Linker for activation of B-cells) (Membrane-associated adapter molecule) (Non-T-cell activation linker) (Williams-Beuren syndrome chromosomal region 15 protein) (Williams-Beuren syndrome chromosomal region 5 protein)	LAT2 LAB NTAL WBS15 WBSCR15 WBSCR5 HSPC046	adaptive immune response [GO:0002250]; B cell activation [GO:0042113]; B cell receptor signaling pathway [GO:0050853]; calcium-mediated signaling [GO:0019722]; Fc-epsilon receptor signaling pathway [GO:0038095]; intracellular signal transduction [GO:0035556]; mast cell degranulation [GO:0043303]	SH2 domain binding [GO:0042169]	extracellular exosome [GO:0070062]; integral component of membrane [GO:0016021]; membrane raft [GO:0045121]; plasma membrane [GO:0005886]
Q9H019	Q9H019	MFR1L_HUMAN	Mitochondrial fission regulator 1-like	MTFR1L FAM54B HYST1888 MSTP116	aerobic respiration [GO:0009060]; mitochondrial fission [GO:0000266]		mitochondrion [GO:0005739]
Q9H0J9	Q9H0J9	PAR12_HUMAN	Protein mono-ADP-ribosyltransferase PARP12 (EC 2.4.2.-) (ADP-ribosyltransferase diphtheria toxin-like 12) (ARTD12) (Poly [ADP-ribose] polymerase 12) (PARP-12) (Zinc finger CCCH domain-containing protein 1)	PARP12 ZC3HDC1	protein auto-ADP-ribosylation [GO:0070213]; protein mono-ADP-ribosylation [GO:0140289]	metal ion binding [GO:0046872]; NAD+ ADP-ribosyltransferase activity [GO:0003950]; protein ADP-ribosylase activity [GO:1990404]; RNA binding [GO:0003723]	nucleus [GO:0005634]
Q9H1A4	Q9H1A4	APC1_HUMAN	Anaphase-promoting complex subunit 1 (APC1) (Cyclosome subunit 1) (Mitotic checkpoint regulator) (Testis-specific gene 24 protein)	ANAPC1 TSG24	anaphase-promoting complex-dependent catabolic process [GO:0031145]; cell division [GO:0051301]; metaphase/anaphase transition of mitotic cell cycle [GO:0007091]; protein K11-linked ubiquitination [GO:0070979]; regulation of exit from mitosis [GO:0007096]; regulation of mitotic cell cycle phase transition [GO:1901990]; ubiquitin-dependent protein catabolic process [GO:0006511]	molecular adaptor activity [GO:0060090]	anaphase-promoting complex [GO:0005680]; cytosol [GO:0005829]; nucleoplasm [GO:0005654]
Q9H1B7	Q9H1B7	I2BPL_HUMAN	Probable E3 ubiquitin-protein ligase IRF2BPL (EC 2.3.2.27) (Enhanced at puberty protein 1) (Interferon regulatory factor 2-binding protein-like)	IRF2BPL C14orf4 EAP1 KIAA1865 My039	development of secondary female sexual characteristics [GO:0046543]; negative regulation of transcription by RNA polymerase II [GO:0000122]; nervous system development [GO:0007399]; positive regulation of transcription by RNA polymerase II [GO:0045944]; regulation of transcription by RNA polymerase II [GO:0006357]	metal ion binding [GO:0046872]; transcription corepressor activity [GO:0003714]; ubiquitin protein ligase activity [GO:0061630]	extracellular space [GO:0005615]; nucleoplasm [GO:0005654]; nucleus [GO:0005634]
Q9H1C4	Q9H1C4	UN93B_HUMAN	Protein unc-93 homolog B1 (Unc-93B1) (hUNC93B1)	UNC93B1 UNC93 UNC93B	adaptive immune response [GO:0002250]; defense response to virus [GO:0051607]; innate immune response [GO:0045087]; intracellular protein transport [GO:0006886]; toll-like receptor 3 signaling pathway [GO:0034138]; toll-like receptor 7 signaling pathway [GO:0034154]; toll-like receptor 9 signaling pathway [GO:0034162]; toll-like receptor signaling pathway [GO:0002224]	Toll-like receptor binding [GO:0035325]	early phagosome [GO:0032009]; endoplasmic reticulum [GO:0005783]; endoplasmic reticulum membrane [GO:0005789]; endosome [GO:0005768]; Golgi membrane [GO:0000139]; integral component of membrane [GO:0016021]; lysosome [GO:0005764]
Q9H1E3	Q9H1E3	NUCKS_HUMAN	Nuclear ubiquitous casein and cyclin-dependent kinase substrate 1 (P1)	NUCKS1 NUCKS JC7	cellular glucose homeostasis [GO:0001678]; cellular response to X-ray [GO:0071481]; chromatin organization [GO:0006325]; double-strand break repair via homologous recombination [GO:0000724]; gene conversion [GO:0035822]; interstrand cross-link repair [GO:0036297]; modulation by host of RNA binding by virus [GO:1990968]; modulation by host of viral RNA-binding transcription factor activity [GO:1990969]; positive regulation by host of viral genome replication [GO:0044829]; positive regulation by host of viral transcription [GO:0043923]; positive regulation of insulin receptor signaling pathway [GO:0046628]; positive regulation of transcription by RNA polymerase II [GO:0045944]; regulation of DNA replication [GO:0006275]; regulation of DNA strand elongation [GO:0060382]; regulation of insulin receptor signaling pathway [GO:0046626]; regulation of transcription by RNA polymerase II [GO:0006357]; release from viral latency [GO:0019046]; replication fork processing [GO:0031297]	chromatin binding [GO:0003682]; double-stranded DNA binding [GO:0003690]; RNA binding [GO:0003723]; single-stranded DNA binding [GO:0003697]; transcription coactivator activity [GO:0003713]; transcription factor binding [GO:0008134]	chromatin [GO:0000785]; cytoplasm [GO:0005737]; nucleolus [GO:0005730]; nucleoplasm [GO:0005654]; nucleus [GO:0005634]
Q9H257	Q9H257	CARD9_HUMAN	Caspase recruitment domain-containing protein 9 (hCARD9)	CARD9	defense response to Gram-positive bacterium [GO:0050830]; defense response to virus [GO:0051607]; I-kappaB kinase/NF-kappaB signaling [GO:0007249]; innate immune response [GO:0045087]; positive regulation of cysteine-type endopeptidase activity involved in apoptotic process [GO:0043280]; positive regulation of I-kappaB kinase/NF-kappaB signaling [GO:0043123]; positive regulation of interleukin-6 production [GO:0032755]; positive regulation of JNK cascade [GO:0046330]; positive regulation of stress-activated MAPK cascade [GO:0032874]; positive regulation of tumor necrosis factor production [GO:0032760]; regulation of apoptotic process [GO:0042981]; regulation of interleukin-2 production [GO:0032663]; response to drug [GO:0042493]; response to exogenous dsRNA [GO:0043330]; response to fungus [GO:0009620]; response to muramyl dipeptide [GO:0032495]; response to peptidoglycan [GO:0032494]; stimulatory C-type lectin receptor signaling pathway [GO:0002223]	CARD domain binding [GO:0050700]; identical protein binding [GO:0042802]; protein homodimerization activity [GO:0042803]	cytoplasm [GO:0005737]; cytosol [GO:0005829]; plasma membrane [GO:0005886]; protein-containing complex [GO:0032991]
Q9H2Y7	Q9H2Y7	ZN106_HUMAN	Zinc finger protein 106 (Zfp-106) (Zinc finger protein 474)	ZNF106 SH3BP3 ZFP106 ZNF474	insulin receptor signaling pathway [GO:0008286]	metal ion binding [GO:0046872]; RNA binding [GO:0003723]; SH3 domain binding [GO:0017124]	cytosol [GO:0005829]; membrane [GO:0016020]; nuclear speck [GO:0016607]; nucleolus [GO:0005730]
Q9H307	Q9H307	PININ_HUMAN	Pinin (140 kDa nuclear and cell adhesion-related phosphoprotein) (Desmosome-associated protein) (Domain-rich serine protein) (DRS protein) (DRSP) (Melanoma metastasis clone A protein) (Nuclear protein SDK3) (SR-like protein)	PNN DRS MEMA	cell adhesion [GO:0007155]; mRNA splicing, via spliceosome [GO:0000398]	DNA binding [GO:0003677]; RNA binding [GO:0003723]; structural molecule activity [GO:0005198]	catalytic step 2 spliceosome [GO:0071013]; cell-cell junction [GO:0005911]; desmosome [GO:0030057]; intermediate filament [GO:0005882]; membrane [GO:0016020]; nuclear speck [GO:0016607]; plasma membrane [GO:0005886]
Q9H3N1	Q9H3N1	TMX1_HUMAN	Thioredoxin-related transmembrane protein 1 (Thioredoxin domain-containing protein 1) (Transmembrane Trx-related protein)	TMX1 TMX TXNDC TXNDC1 PSEC0085 UNQ235/PRO268	response to endoplasmic reticulum stress [GO:0034976]	disulfide oxidoreductase activity [GO:0015036]	endoplasmic reticulum membrane [GO:0005789]; integral component of membrane [GO:0016021]
Q9H3Z4	Q9H3Z4	DNJC5_HUMAN	DnaJ homolog subfamily C member 5 (Ceroid-lipofuscinosis neuronal protein 4) (Cysteine string protein) (CSP)	DNAJC5 CLN4	chaperone-mediated protein folding [GO:0061077]; exocytosis [GO:0006887]; negative regulation of neuron apoptotic process [GO:0043524]; neurotransmitter secretion [GO:0007269]; neutrophil degranulation [GO:0043312]; regulated exocytosis [GO:0045055]; regulation of synaptic vesicle cycle [GO:0098693]; synaptic vesicle exocytosis [GO:0016079]	ATP-dependent protein binding [GO:0043008]	anchored component of membrane [GO:0031225]; anchored component of synaptic vesicle membrane [GO:0098993]; azurophil granule membrane [GO:0035577]; chromaffin granule membrane [GO:0042584]; clathrin-sculpted gamma-aminobutyric acid transport vesicle membrane [GO:0061202]; cytosol [GO:0005829]; Golgi apparatus [GO:0005794]; intracellular membrane-bounded organelle [GO:0043231]; lysosomal membrane [GO:0005765]; melanosome [GO:0042470]; membrane [GO:0016020]; mitochondrion [GO:0005739]; neuromuscular junction [GO:0031594]; plasma membrane [GO:0005886]; specific granule membrane [GO:0035579]
Q9H4A3	Q9H4A3	WNK1_HUMAN	Serine/threonine-protein kinase WNK1 (EC 2.7.11.1) (Erythrocyte 65 kDa protein) (p65) (Kinase deficient protein) (Protein kinase lysine-deficient 1) (Protein kinase with no lysine 1) (hWNK1)	WNK1 HSN2 KDP KIAA0344 PRKWNK1	cellular response to chemokine [GO:1990869]; chemokine (C-C motif) ligand 21 signaling pathway [GO:0038116]; intracellular signal transduction [GO:0035556]; ion homeostasis [GO:0050801]; ion transport [GO:0006811]; lymphocyte migration into lymph node [GO:0097022]; negative regulation of cell-cell adhesion mediated by integrin [GO:0033633]; negative regulation of GTPase activity [GO:0034260]; negative regulation of heterotypic cell-cell adhesion [GO:0034115]; negative regulation of leukocyte cell-cell adhesion [GO:1903038]; negative regulation of phosphatase activity [GO:0010923]; negative regulation of sodium ion transport [GO:0010766]; neuron development [GO:0048666]; peptidyl-serine phosphorylation [GO:0018105]; peptidyl-threonine phosphorylation [GO:0018107]; positive regulation of canonical Wnt signaling pathway [GO:0090263]; positive regulation of potassium ion import across plasma membrane [GO:1903288]; positive regulation of sodium ion transmembrane transporter activity [GO:2000651]; positive regulation of T cell chemotaxis [GO:0010820]; protein phosphorylation [GO:0006468]; regulation of cation transmembrane transport [GO:1904062]; regulation of cellular process [GO:0050794]; regulation of sodium ion transport [GO:0002028]; signal transduction [GO:0007165]; T cell receptor signaling pathway [GO:0050852]	ATP binding [GO:0005524]; chloride channel inhibitor activity [GO:0019869]; phosphatase binding [GO:0019902]; potassium channel inhibitor activity [GO:0019870]; protein kinase activator activity [GO:0030295]; protein kinase activity [GO:0004672]; protein kinase binding [GO:0019901]; protein kinase inhibitor activity [GO:0004860]; protein serine/threonine kinase activity [GO:0004674]; protein serine kinase activity [GO:0106310]; protein threonine kinase activity [GO:0106311]	cytoplasm [GO:0005737]; cytosol [GO:0005829]; membrane [GO:0016020]
Q9H4E7	Q9H4E7	DEFI6_HUMAN	Differentially expressed in FDCP 6 homolog (DEF-6) (IRF4-binding protein)	DEF6 IBP			cytoplasm [GO:0005737]; cytoskeleton [GO:0005856]; cytosol [GO:0005829]; filopodium [GO:0030175]; membrane [GO:0016020]; nucleoplasm [GO:0005654]; nucleus [GO:0005634]; perinuclear region of cytoplasm [GO:0048471]; plasma membrane [GO:0005886]
Q9H4L4	Q9H4L4	SENP3_HUMAN	Sentrin-specific protease 3 (EC 3.4.22.-) (SUMO-1-specific protease 3) (Sentrin/SUMO-specific protease SENP3)	SENP3 SSP3 SUSP3	protein desumoylation [GO:0016926]; rRNA processing [GO:0006364]	cysteine-type peptidase activity [GO:0008234]	cytoplasm [GO:0005737]; MLL1 complex [GO:0071339]; nucleolus [GO:0005730]; nucleoplasm [GO:0005654]; nucleus [GO:0005634]
Q9H4L7	Q9H4L7	SMRCD_HUMAN	SWI/SNF-related matrix-associated actin-dependent regulator of chromatin subfamily A containing DEAD/H box 1 (EC 3.6.4.12) (ATP-dependent helicase 1) (hHEL1)	SMARCAD1 KIAA1122	ATP-dependent chromatin remodeling [GO:0043044]; chromatin remodeling [GO:0006338]; chromosome separation [GO:0051304]; DNA double-strand break processing [GO:0000729]; histone H3 deacetylation [GO:0070932]; histone H4 deacetylation [GO:0070933]; regulation of DNA recombination [GO:0000018]	ATPase activity, acting on DNA [GO:0008094]; ATP binding [GO:0005524]; chromatin binding [GO:0003682]; DNA binding [GO:0003677]; DNA helicase activity [GO:0003678]; nucleosome-dependent ATPase activity [GO:0070615]; ubiquitin binding [GO:0043130]	heterochromatin [GO:0000792]; nuclear replication fork [GO:0043596]; nucleoplasm [GO:0005654]; nucleus [GO:0005634]; site of double-strand break [GO:0035861]
Q9H582	Q9H582	ZN644_HUMAN	Zinc finger protein 644 (Zinc finger motif enhancer-binding protein 2) (Zep-2)	ZNF644 KIAA1221 ZEP2	regulation of transcription by RNA polymerase II [GO:0006357]	DNA-binding transcription factor activity, RNA polymerase II-specific [GO:0000981]; metal ion binding [GO:0046872]; RNA polymerase II cis-regulatory region sequence-specific DNA binding [GO:0000978]; RNA polymerase II transcription corepressor binding [GO:0001226]	nucleus [GO:0005634]
Q9H6F5	Q9H6F5	CCD86_HUMAN	Coiled-coil domain-containing protein 86 (Cytokine-induced protein with coiled-coil domain)	CCDC86 CYCLON	viral process [GO:0016032]	RNA binding [GO:0003723]	chromosome [GO:0005694]; nucleolus [GO:0005730]; nucleoplasm [GO:0005654]; nucleus [GO:0005634]
Q9H7D0	Q9H7D0	DOCK5_HUMAN	Dedicator of cytokinesis protein 5	DOCK5	cell migration [GO:0016477]; negative regulation of vascular associated smooth muscle contraction [GO:1904694]; positive regulation of epithelial cell migration [GO:0010634]; positive regulation of GTPase activity [GO:0043547]; positive regulation of substrate adhesion-dependent cell spreading [GO:1900026]; positive regulation of vascular associated smooth muscle cell migration [GO:1904754]; small GTPase mediated signal transduction [GO:0007264]	GTPase activator activity [GO:0005096]; guanyl-nucleotide exchange factor activity [GO:0005085]	cytoplasm [GO:0005737]; cytosol [GO:0005829]; plasma membrane [GO:0005886]
Q9HC52	Q9HC52	CBX8_HUMAN	Chromobox protein homolog 8 (Polycomb 3 homolog) (Pc3) (hPc3) (Rectachrome 1)	CBX8 PC3 RC1	cellular response to hydrogen peroxide [GO:0070301]; histone ubiquitination [GO:0016574]; negative regulation of transcription by RNA polymerase II [GO:0000122]; positive regulation of cell population proliferation [GO:0008284]; positive regulation of collagen biosynthetic process [GO:0032967]; positive regulation of DNA repair [GO:0045739]	methylated histone binding [GO:0035064]; single-stranded RNA binding [GO:0003727]; ubiquitin-protein transferase activator activity [GO:0097027]	chromatin [GO:0000785]; heterochromatin [GO:0000792]; nucleoplasm [GO:0005654]; nucleus [GO:0005634]; PcG protein complex [GO:0031519]; PRC1 complex [GO:0035102]
Q9HCG8	Q9HCG8	CWC22_HUMAN	Pre-mRNA-splicing factor CWC22 homolog (Nucampholin homolog) (fSAPb)	CWC22 KIAA1604 NCM	mRNA splicing, via spliceosome [GO:0000398]; regulation of mRNA splicing, via spliceosome [GO:0048024]	RNA binding [GO:0003723]	catalytic step 2 spliceosome [GO:0071013]; cytosol [GO:0005829]; nuclear speck [GO:0016607]; nucleoplasm [GO:0005654]; nucleus [GO:0005634]; spliceosomal complex [GO:0005681]; U2-type catalytic step 1 spliceosome [GO:0071006]; U2-type catalytic step 2 spliceosome [GO:0071007]; U2-type precatalytic spliceosome [GO:0071005]
Q9HCK8	Q9HCK8	CHD8_HUMAN	Chromodomain-helicase-DNA-binding protein 8 (CHD-8) (EC 3.6.4.12) (ATP-dependent helicase CHD8) (Helicase with SNF2 domain 1)	CHD8 HELSNF1 KIAA1564	ATP-dependent chromatin remodeling [GO:0043044]; brain development [GO:0007420]; digestive tract development [GO:0048565]; in utero embryonic development [GO:0001701]; negative regulation of canonical Wnt signaling pathway [GO:0090090]; negative regulation of fibroblast apoptotic process [GO:2000270]; negative regulation of transcription, DNA-templated [GO:0045892]; negative regulation of transcription by RNA polymerase II [GO:0000122]; positive regulation of transcription, DNA-templated [GO:0045893]; positive regulation of transcription by RNA polymerase II [GO:0045944]; positive regulation of transcription by RNA polymerase III [GO:0045945]; prepulse inhibition [GO:0060134]; social behavior [GO:0035176]; Wnt signaling pathway [GO:0016055]	armadillo repeat domain binding [GO:0070016]; ATPase activity, acting on DNA [GO:0008094]; ATP binding [GO:0005524]; beta-catenin binding [GO:0008013]; chromatin binding [GO:0003682]; DNA binding [GO:0003677]; DNA helicase activity [GO:0003678]; histone binding [GO:0042393]; methylated histone binding [GO:0035064]; nucleosome-dependent ATPase activity [GO:0070615]; p53 binding [GO:0002039]	MLL1 complex [GO:0071339]; nucleoplasm [GO:0005654]; nucleus [GO:0005634]; protein-containing complex [GO:0032991]
Q9HD20	Q9HD20	AT131_HUMAN	Endoplasmic reticulum transmembrane helix translocase (EC 7.4.2.-) (Endoplasmic reticulum P5A-ATPase)	ATP13A1 ATP13A KIAA1825 CGI-152	cellular calcium ion homeostasis [GO:0006874]; extraction of mislocalized protein from ER membrane [GO:0140569]; ion transmembrane transport [GO:0034220]; protein transport [GO:0015031]	ATPase-coupled cation transmembrane transporter activity [GO:0019829]; ATP binding [GO:0005524]; metal ion binding [GO:0046872]; transmembrane protein dislocase activity [GO:0140567]	endoplasmic reticulum membrane [GO:0005789]; integral component of membrane [GO:0016021]; membrane [GO:0016020]
Q9NPH3	Q9NPH3	IL1AP_HUMAN	Interleukin-1 receptor accessory protein (IL-1 receptor accessory protein) (IL-1RAcP) (EC 3.2.2.6) (Interleukin-1 receptor 3) (IL-1R-3) (IL-1R3)	IL1RAP C3orf13 IL1R3	cytokine-mediated signaling pathway [GO:0019221]; immune response [GO:0006955]; inflammatory response [GO:0006954]; innate immune response [GO:0045087]; interleukin-1-mediated signaling pathway [GO:0070498]; interleukin-33-mediated signaling pathway [GO:0038172]; positive regulation of interleukin-13 production [GO:0032736]; positive regulation of interleukin-4 production [GO:0032753]; positive regulation of interleukin-5 production [GO:0032754]; positive regulation of interleukin-6 production [GO:0032755]; positive regulation of NF-kappaB transcription factor activity [GO:0051092]; positive regulation of synapse assembly [GO:0051965]; protein-containing complex assembly [GO:0065003]; regulation of postsynaptic density assembly [GO:0099151]; regulation of presynapse assembly [GO:1905606]; synaptic membrane adhesion [GO:0099560]; trans-synaptic signaling by trans-synaptic complex [GO:0099545]	interleukin-1 receptor activity [GO:0004908]; interleukin-1 receptor binding [GO:0005149]; interleukin-33 receptor activity [GO:0002114]; NAD(P)+ nucleosidase activity [GO:0050135]; NAD+ nucleotidase, cyclic ADP-ribose generating [GO:0061809]	extracellular region [GO:0005576]; glutamatergic synapse [GO:0098978]; integral component of plasma membrane [GO:0005887]; membrane [GO:0016020]; plasma membrane [GO:0005886]
Q9NR30	Q9NR30	DDX21_HUMAN	Nucleolar RNA helicase 2 (EC 3.6.4.13) (DEAD box protein 21) (Gu-alpha) (Nucleolar RNA helicase Gu) (Nucleolar RNA helicase II) (RH II/Gu)	DDX21	defense response to virus [GO:0051607]; innate immune response [GO:0045087]; osteoblast differentiation [GO:0001649]; positive regulation of gene expression, epigenetic [GO:0045815]; positive regulation of I-kappaB kinase/NF-kappaB signaling [GO:0043123]; positive regulation of myeloid dendritic cell cytokine production [GO:0002735]; response to exogenous dsRNA [GO:0043330]; R-loop disassembly [GO:0062176]; rRNA processing [GO:0006364]; transcription by RNA polymerase II [GO:0006366]	7SK snRNA binding [GO:0097322]; ATP binding [GO:0005524]; double-stranded RNA binding [GO:0003725]; identical protein binding [GO:0042802]; miRNA binding [GO:0035198]; RNA binding [GO:0003723]; RNA helicase activity [GO:0003724]; rRNA binding [GO:0019843]; snoRNA binding [GO:0030515]	chromosome [GO:0005694]; cytosol [GO:0005829]; membrane [GO:0016020]; mitochondrion [GO:0005739]; nucleolus [GO:0005730]; nucleoplasm [GO:0005654]
Q9NRA8	Q9NRA8	4ET_HUMAN	Eukaryotic translation initiation factor 4E transporter (4E-T) (eIF4E transporter) (Eukaryotic translation initiation factor 4E nuclear import factor 1)	EIF4ENIF1	gene silencing by RNA [GO:0031047]; mRNA stabilization [GO:0048255]; negative regulation of deadenylation-dependent decapping of nuclear-transcribed mRNA [GO:0106289]; negative regulation of neuron differentiation [GO:0045665]; negative regulation of translation [GO:0017148]; P-body assembly [GO:0033962]; positive regulation of miRNA mediated inhibition of translation [GO:1905618]; positive regulation of nuclear-transcribed mRNA poly(A) tail shortening [GO:0060213]; protein import into nucleus [GO:0006606]; stem cell population maintenance [GO:0019827]	kinase binding [GO:0019900]; mRNA binding [GO:0003729]; nuclear export signal receptor activity [GO:0005049]; RNA binding [GO:0003723]	cytoplasm [GO:0005737]; cytosol [GO:0005829]; intracellular membrane-bounded organelle [GO:0043231]; membrane [GO:0016020]; nuclear speck [GO:0016607]; nucleus [GO:0005634]; P-body [GO:0000932]; PML body [GO:0016605]
Q9NRL2	Q9NRL2	BAZ1A_HUMAN	Bromodomain adjacent to zinc finger domain protein 1A (ATP-dependent chromatin-remodeling protein) (ATP-utilizing chromatin assembly and remodeling factor 1) (hACF1) (CHRAC subunit ACF1) (Williams syndrome transcription factor-related chromatin-remodeling factor 180) (WCRF180) (hWALp1)	BAZ1A ACF1 WCRF180 HSPC317	chromatin remodeling [GO:0006338]; DNA-dependent DNA replication [GO:0006261]; histone acetylation [GO:0016573]; regulation of transcription by RNA polymerase II [GO:0006357]	metal ion binding [GO:0046872]	ACF complex [GO:0016590]; CHRAC [GO:0008623]; nuclear chromosome [GO:0000228]
Q9NSY1	Q9NSY1	BMP2K_HUMAN	BMP-2-inducible protein kinase (BIKe) (EC 2.7.11.1)	BMP2K BIKE HRIHFB2017	positive regulation of Notch signaling pathway [GO:0045747]; protein phosphorylation [GO:0006468]; regulation of bone mineralization [GO:0030500]; regulation of clathrin-dependent endocytosis [GO:2000369]	AP-2 adaptor complex binding [GO:0035612]; ATP binding [GO:0005524]; phosphatase regulator activity [GO:0019208]; protein serine/threonine kinase activity [GO:0004674]; protein serine kinase activity [GO:0106310]; protein threonine kinase activity [GO:0106311]	cytoplasm [GO:0005737]; nuclear speck [GO:0016607]; nucleus [GO:0005634]
Q9NTI5	Q9NTI5	PDS5B_HUMAN	Sister chromatid cohesion protein PDS5 homolog B (Androgen-induced proliferation inhibitor) (Androgen-induced prostate proliferative shutoff-associated protein AS3)	PDS5B APRIN AS3 KIAA0979	cell division [GO:0051301]; cell population proliferation [GO:0008283]; DNA repair [GO:0006281]; mitotic sister chromatid cohesion [GO:0007064]; negative regulation of cell population proliferation [GO:0008285]; regulation of cell population proliferation [GO:0042127]	DNA binding [GO:0003677]	chromatin [GO:0000785]; chromosome [GO:0005694]; chromosome, centromeric region [GO:0000775]; cytosol [GO:0005829]; nucleoplasm [GO:0005654]; nucleus [GO:0005634]
Q9NTJ3	Q9NTJ3	SMC4_HUMAN	Structural maintenance of chromosomes protein 4 (SMC protein 4) (SMC-4) (Chromosome-associated polypeptide C) (hCAP-C) (XCAP-C homolog)	SMC4 CAPC SMC4L1	cell division [GO:0051301]; kinetochore organization [GO:0051383]; meiotic chromosome condensation [GO:0010032]; meiotic chromosome segregation [GO:0045132]; mitotic chromosome condensation [GO:0007076]; mitotic sister chromatid segregation [GO:0000070]	ATPase activity [GO:0016887]; ATP binding [GO:0005524]; chromatin binding [GO:0003682]; single-stranded DNA binding [GO:0003697]	chromosome, centromeric region [GO:0000775]; condensin complex [GO:0000796]; cytosol [GO:0005829]; nuclear speck [GO:0016607]; nucleoplasm [GO:0005654]; nucleus [GO:0005634]
Q9NTZ6	Q9NTZ6	RBM12_HUMAN	RNA-binding protein 12 (RNA-binding motif protein 12) (SH3/WW domain anchor protein in the nucleus) (SWAN)	RBM12 KIAA0765 HRIHFB2091	regulation of RNA splicing [GO:0043484]	RNA binding [GO:0003723]	nucleoplasm [GO:0005654]; ribonucleoprotein complex [GO:1990904]
Q9NU22	Q9NU22	MDN1_HUMAN	Midasin (Dynein-related AAA-ATPase MDN1) (MIDAS-containing protein)	MDN1 KIAA0301	protein-containing complex assembly [GO:0065003]; ribosomal large subunit assembly [GO:0000027]; rRNA processing [GO:0006364]	ATPase activity [GO:0016887]; ATP binding [GO:0005524]; unfolded protein binding [GO:0051082]	cytosol [GO:0005829]; intermediate filament cytoskeleton [GO:0045111]; membrane [GO:0016020]; nucleolus [GO:0005730]; nucleoplasm [GO:0005654]; nucleus [GO:0005634]; preribosome, large subunit precursor [GO:0030687]
Q9NWB6	Q9NWB6	ARGL1_HUMAN	Arginine and glutamate-rich protein 1	ARGLU1		cadherin binding [GO:0045296]	cytosol [GO:0005829]; mitochondrion [GO:0005739]; nucleoplasm [GO:0005654]
Q9NWH9	Q9NWH9	SLTM_HUMAN	SAFB-like transcription modulator (Modulator of estrogen-induced transcription)	SLTM MET	apoptotic process [GO:0006915]; regulation of mRNA processing [GO:0050684]; regulation of transcription by RNA polymerase II [GO:0006357]	RNA binding [GO:0003723]; sequence-specific DNA binding [GO:0043565]	nuclear body [GO:0016604]; nucleoplasm [GO:0005654]; nucleus [GO:0005634]
Q9NX40	Q9NX40	OCAD1_HUMAN	OCIA domain-containing protein 1 (Ovarian cancer immunoreactive antigen domain containing 1) (Ovarian carcinoma immunoreactive antigen)	OCIAD1 ASRIJ OCIA	endocytosis [GO:0006897]; hematopoietic stem cell homeostasis [GO:0061484]; positive regulation of receptor signaling pathway via JAK-STAT [GO:0046427]; regulation of stem cell differentiation [GO:2000736]		endosome [GO:0005768]; Golgi apparatus [GO:0005794]; lysosome [GO:0005764]; membrane [GO:0016020]
Q9NXG2	Q9NXG2	THUM1_HUMAN	THUMP domain-containing protein 1	THUMPD1	rRNA modification [GO:0000154]; tRNA modification [GO:0006400]	RNA binding [GO:0003723]	nucleoplasm [GO:0005654]
Q9NXH8	Q9NXH8	TOR4A_HUMAN	Torsin-4A (Torsin family 4 member A)	TOR4A C9orf167	platelet degranulation [GO:0002576]	ATPase activity [GO:0016887]; ATP binding [GO:0005524]	endoplasmic reticulum lumen [GO:0005788]; extracellular region [GO:0005576]; integral component of membrane [GO:0016021]; nuclear envelope [GO:0005635]; platelet alpha granule lumen [GO:0031093]
Q9NYF8	Q9NYF8	BCLF1_HUMAN	Bcl-2-associated transcription factor 1 (Btf) (BCLAF1 and THRAP3 family member 1)	BCLAF1 BTF KIAA0164	apoptotic process [GO:0006915]; cellular response to leukemia inhibitory factor [GO:1990830]; negative regulation of transcription, DNA-templated [GO:0045892]; positive regulation of apoptotic process [GO:0043065]; positive regulation of DNA-templated transcription, initiation [GO:2000144]; positive regulation of intrinsic apoptotic signaling pathway [GO:2001244]; positive regulation of response to DNA damage stimulus [GO:2001022]; positive regulation of transcription by RNA polymerase II [GO:0045944]; regulation of DNA-templated transcription in response to stress [GO:0043620]	DNA binding [GO:0003677]; RNA binding [GO:0003723]; transcription coregulator activity [GO:0003712]	cytoplasm [GO:0005737]; mediator complex [GO:0016592]; nuclear speck [GO:0016607]; nucleoplasm [GO:0005654]; nucleus [GO:0005634]
Q9NZN8	Q9NZN8	CNOT2_HUMAN	CCR4-NOT transcription complex subunit 2 (CCR4-associated factor 2)	CNOT2 CDC36 NOT2 HSPC131 MSTP046	DNA damage response, signal transduction by p53 class mediator resulting in cell cycle arrest [GO:0006977]; gene silencing by RNA [GO:0031047]; negative regulation of intracellular estrogen receptor signaling pathway [GO:0033147]; negative regulation of transcription by RNA polymerase II [GO:0000122]; nuclear-transcribed mRNA poly(A) tail shortening [GO:0000289]; positive regulation of cytoplasmic mRNA processing body assembly [GO:0010606]; regulation of stem cell population maintenance [GO:2000036]; regulation of transcription by RNA polymerase II [GO:0006357]; regulation of translation [GO:0006417]; RNA phosphodiester bond hydrolysis, exonucleolytic [GO:0090503]; trophectodermal cell differentiation [GO:0001829]	RNA polymerase II transcription corepressor binding [GO:0001226]; transcription coregulator activity [GO:0003712]	CCR4-NOT complex [GO:0030014]; CCR4-NOT core complex [GO:0030015]; cytoplasm [GO:0005737]; cytosol [GO:0005829]; membrane [GO:0016020]; nucleoplasm [GO:0005654]; nucleus [GO:0005634]; P-body [GO:0000932]; plasma membrane [GO:0005886]
Q9NZT2	Q9NZT2	OGFR_HUMAN	Opioid growth factor receptor (OGFr) (Protein 7-60) (Zeta-type opioid receptor)	OGFR	regulation of cell growth [GO:0001558]	opioid receptor activity [GO:0004985]	cytoplasm [GO:0005737]; membrane [GO:0016020]; nucleus [GO:0005634]
Q9P270	Q9P270	SLAI2_HUMAN	SLAIN motif-containing protein 2	SLAIN2 KIAA1458	cytoplasmic microtubule organization [GO:0031122]; microtubule nucleation [GO:0007020]; positive regulation of microtubule polymerization [GO:0031116]		centrosome [GO:0005813]; cytosol [GO:0005829]; microtubule cytoskeleton [GO:0015630]
Q9P2D1	Q9P2D1	CHD7_HUMAN	Chromodomain-helicase-DNA-binding protein 7 (CHD-7) (EC 3.6.4.12) (ATP-dependent helicase CHD7)	CHD7 KIAA1416	adult heart development [GO:0007512]; adult walking behavior [GO:0007628]; aorta morphogenesis [GO:0035909]; atrioventricular canal development [GO:0036302]; blood circulation [GO:0008015]; blood vessel remodeling [GO:0001974]; cardiac septum morphogenesis [GO:0060411]; central nervous system development [GO:0007417]; chromatin remodeling [GO:0006338]; cognition [GO:0050890]; cranial nerve development [GO:0021545]; embryonic hindlimb morphogenesis [GO:0035116]; epithelium development [GO:0060429]; face development [GO:0060324]; female genitalia development [GO:0030540]; genitalia development [GO:0048806]; heart morphogenesis [GO:0003007]; inner ear morphogenesis [GO:0042472]; innervation [GO:0060384]; in utero embryonic development [GO:0001701]; limb development [GO:0060173]; nose development [GO:0043584]; olfactory behavior [GO:0042048]; olfactory bulb development [GO:0021772]; olfactory nerve development [GO:0021553]; positive regulation of multicellular organism growth [GO:0040018]; positive regulation of transcription by RNA polymerase II [GO:0045944]; regulation of growth hormone secretion [GO:0060123]; regulation of neurogenesis [GO:0050767]; regulation of release of sequestered calcium ion into cytosol by sarcoplasmic reticulum [GO:0010880]; regulation of transcription, DNA-templated [GO:0006355]; response to bacterium [GO:0009617]; retina development in camera-type eye [GO:0060041]; right ventricular compact myocardium morphogenesis [GO:0003226]; rRNA processing [GO:0006364]; secondary palate development [GO:0062009]; semicircular canal morphogenesis [GO:0048752]; sensory perception of sound [GO:0007605]; skeletal system development [GO:0001501]; T cell differentiation [GO:0030217]; ventricular trabecula myocardium morphogenesis [GO:0003222]	ATP binding [GO:0005524]; chromatin binding [GO:0003682]; DNA helicase activity [GO:0003678]; hydrolase activity [GO:0016787]; nucleosome-dependent ATPase activity [GO:0070615]; promoter-specific chromatin binding [GO:1990841]; RNA polymerase II cis-regulatory region sequence-specific DNA binding [GO:0000978]	nucleolus [GO:0005730]; nucleoplasm [GO:0005654]; nucleus [GO:0005634]
Q9P2K8	Q9P2K8	E2AK4_HUMAN	eIF-2-alpha kinase GCN2 (EC 2.7.11.1) (Eukaryotic translation initiation factor 2-alpha kinase 4) (GCN2-like protein)	EIF2AK4 GCN2 KIAA1338	adaptive immune response [GO:0002250]; cell cycle arrest [GO:0007050]; cellular response to amino acid starvation [GO:0034198]; cellular response to cold [GO:0070417]; cellular response to leucine starvation [GO:1990253]; cellular response to UV [GO:0034644]; defense response to virus [GO:0051607]; DNA damage checkpoint [GO:0000077]; eiF2alpha phosphorylation in response to endoplasmic reticulum stress [GO:0036492]; GCN2-mediated signaling [GO:0140469]; induction by virus of host autophagy [GO:0039520]; learning [GO:0007612]; long-term memory [GO:0007616]; negative regulation by host of viral genome replication [GO:0044828]; negative regulation of CREB transcription factor activity [GO:0032792]; negative regulation of neuron differentiation [GO:0045665]; negative regulation of translational initiation [GO:0045947]; negative regulation of translational initiation in response to stress [GO:0032057]; neuron projection extension [GO:1990138]; positive regulation of adaptive immune response [GO:0002821]; positive regulation of defense response to virus by host [GO:0002230]; positive regulation of long-term synaptic potentiation [GO:1900273]; positive regulation of protein phosphorylation [GO:0001934]; positive regulation of translational initiation in response to starvation [GO:0071264]; protein autophosphorylation [GO:0046777]; protein phosphorylation [GO:0006468]; regulation of feeding behavior [GO:0060259]; regulation of translational initiation [GO:0006446]; regulation of translational initiation by eIF2 alpha phosphorylation [GO:0010998]; T cell activation involved in immune response [GO:0002286]; viral translation [GO:0019081]	ATP binding [GO:0005524]; eukaryotic translation initiation factor 2alpha kinase activity [GO:0004694]; protein kinase activity [GO:0004672]; protein serine/threonine kinase activity [GO:0004674]; protein serine kinase activity [GO:0106310]; protein threonine kinase activity [GO:0106311]; tRNA binding [GO:0000049]	cytosol [GO:0005829]; cytosolic ribosome [GO:0022626]; polysome [GO:0005844]
Q9UBB9	Q9UBB9	TFP11_HUMAN	Tuftelin-interacting protein 11 (Septin and tuftelin-interacting protein 1) (STIP-1)	TFIP11 STIP HSPC006	biomineral tissue development [GO:0031214]; mRNA splicing, via spliceosome [GO:0000398]; negative regulation of DNA ligase activity [GO:1904876]; negative regulation of double-strand break repair via nonhomologous end joining [GO:2001033]; negative regulation of protein binding [GO:0032091]; negative regulation of protein-containing complex assembly [GO:0031333]; protection from non-homologous end joining at telomere [GO:0031848]; RNA processing [GO:0006396]; spliceosomal complex disassembly [GO:0000390]	nucleic acid binding [GO:0003676]	catalytic step 2 spliceosome [GO:0071013]; chromosome, telomeric region [GO:0000781]; cytoplasm [GO:0005737]; extracellular matrix [GO:0031012]; nuclear speck [GO:0016607]; nucleolus [GO:0005730]; nucleoplasm [GO:0005654]; spliceosomal complex [GO:0005681]; U2-type post-mRNA release spliceosomal complex [GO:0071008]
Q9UBM7	Q9UBM7	DHCR7_HUMAN	7-dehydrocholesterol reductase (7-DHC reductase) (EC 1.3.1.21) (Delta7-sterol reductase) (Sterol Delta(7)-reductase) (Sterol reductase SR-2)	DHCR7 D7SR	brassinosteroid biosynthetic process [GO:0016132]; cholesterol biosynthetic process [GO:0006695]; cholesterol biosynthetic process via desmosterol [GO:0033489]; cholesterol biosynthetic process via lathosterol [GO:0033490]; regulation of cholesterol biosynthetic process [GO:0045540]; regulation of lipid metabolic process [GO:0019216]; sterol biosynthetic process [GO:0016126]	7-dehydrocholesterol reductase activity [GO:0047598]; NADP binding [GO:0050661]; oxidoreductase activity, acting on the CH-CH group of donors [GO:0016627]; sterol delta7 reductase activity [GO:0009918]	endoplasmic reticulum [GO:0005783]; endoplasmic reticulum membrane [GO:0005789]; integral component of endoplasmic reticulum membrane [GO:0030176]; membrane [GO:0016020]; nuclear outer membrane [GO:0005640]
Q9UFW8	Q9UFW8	CGBP1_HUMAN	CGG triplet repeat-binding protein 1 (CGG-binding protein 1) (20 kDa CGG-binding protein) (p20-CGGBP DNA-binding protein)	CGGBP1 CGGBP	negative regulation of transcription by RNA polymerase II [GO:0000122]; regulation of gene expression [GO:0010468]; regulation of gene expression, epigenetic [GO:0040029]	DNA-binding transcription factor binding [GO:0140297]; double-stranded DNA binding [GO:0003690]; identical protein binding [GO:0042802]	nucleoplasm [GO:0005654]; nucleus [GO:0005634]
Q9UGY1	Q9UGY1	NOL12_HUMAN	Nucleolar protein 12	NOL12		identical protein binding [GO:0042802]; RNA binding [GO:0003723]; rRNA binding [GO:0019843]	nucleolus [GO:0005730]
Q9UH99	Q9UH99	SUN2_HUMAN	SUN domain-containing protein 2 (Protein unc-84 homolog B) (Rab5-interacting protein) (Rab5IP) (Sad1/unc-84 protein-like 2)	SUN2 FRIGG KIAA0668 RAB5IP UNC84B	centrosome localization [GO:0051642]; meiotic cell cycle [GO:0051321]; mitotic spindle organization [GO:0007052]; nuclear envelope organization [GO:0006998]; nuclear matrix anchoring at nuclear membrane [GO:0090292]; nuclear migration [GO:0007097]; nuclear migration along microfilament [GO:0031022]; nucleokinesis involved in cell motility in cerebral cortex radial glia guided migration [GO:0021817]; positive regulation of cell migration [GO:0030335]	cytoskeleton-nuclear membrane anchor activity [GO:0140444]; identical protein binding [GO:0042802]; lamin binding [GO:0005521]; microtubule binding [GO:0008017]; protein-membrane adaptor activity [GO:0043495]	chromosome, telomeric region [GO:0000781]; condensed nuclear chromosome [GO:0000794]; endosome membrane [GO:0010008]; integral component of nuclear inner membrane [GO:0005639]; meiotic nuclear membrane microtubule tethering complex [GO:0034993]; nuclear envelope [GO:0005635]; nuclear membrane [GO:0031965]
Q9UHB6	Q9UHB6	LIMA1_HUMAN	LIM domain and actin-binding protein 1 (Epithelial protein lost in neoplasm)	LIMA1 EPLIN SREBP3 PP624	actin filament bundle assembly [GO:0051017]; cell migration [GO:0016477]; cholesterol homeostasis [GO:0042632]; cholesterol metabolic process [GO:0008203]; intestinal cholesterol absorption [GO:0030299]; negative regulation of actin filament depolymerization [GO:0030835]; ruffle organization [GO:0031529]	actin filament binding [GO:0051015]; actin monomer binding [GO:0003785]; cadherin binding [GO:0045296]; metal ion binding [GO:0046872]	actin cytoskeleton [GO:0015629]; brush border membrane [GO:0031526]; cleavage furrow [GO:0032154]; cytosol [GO:0005829]; focal adhesion [GO:0005925]; plasma membrane [GO:0005886]; ruffle [GO:0001726]; stress fiber [GO:0001725]
Q9UHD8	Q9UHD8	SEPT9_HUMAN	Septin-9 (MLL septin-like fusion protein MSF-A) (MLL septin-like fusion protein) (Ovarian/Breast septin) (Ov/Br septin) (Septin D1)	SEPTIN9 KIAA0991 MSF SEPT9	cellular protein localization [GO:0034613]; cytoskeleton-dependent cytokinesis [GO:0061640]; positive regulation of non-motile cilium assembly [GO:1902857]	cadherin binding [GO:0045296]; GTPase activity [GO:0003924]; GTP binding [GO:0005525]; molecular adaptor activity [GO:0060090]	actin cytoskeleton [GO:0015629]; axoneme [GO:0005930]; cell division site [GO:0032153]; cytoplasm [GO:0005737]; microtubule [GO:0005874]; microtubule cytoskeleton [GO:0015630]; non-motile cilium [GO:0097730]; perinuclear region of cytoplasm [GO:0048471]; septin complex [GO:0031105]; septin ring [GO:0005940]; stress fiber [GO:0001725]
Q9UI08	Q9UI08	EVL_HUMAN	Ena/VASP-like protein (Ena/vasodilator-stimulated phosphoprotein-like)	EVL RNB6	actin filament organization [GO:0007015]; actin nucleation [GO:0045010]; actin polymerization or depolymerization [GO:0008154]; animal organ morphogenesis [GO:0009887]; axon guidance [GO:0007411]; cell surface receptor signaling pathway [GO:0007166]; negative regulation of epithelial cell migration [GO:0010633]; negative regulation of ruffle assembly [GO:1900028]; nervous system development [GO:0007399]; positive regulation of actin filament polymerization [GO:0030838]; positive regulation of stress fiber assembly [GO:0051496]; protein homotetramerization [GO:0051289]	actin binding [GO:0003779]; profilin binding [GO:0005522]; SH3 domain binding [GO:0017124]	cytoplasm [GO:0005737]; cytoskeleton [GO:0005856]; cytosol [GO:0005829]; focal adhesion [GO:0005925]; lamellipodium [GO:0030027]; membrane [GO:0016020]
Q9UIG0	Q9UIG0	BAZ1B_HUMAN	Tyrosine-protein kinase BAZ1B (EC 2.7.10.2) (Bromodomain adjacent to zinc finger domain protein 1B) (Williams syndrome transcription factor) (Williams-Beuren syndrome chromosomal region 10 protein) (Williams-Beuren syndrome chromosomal region 9 protein) (hWALp2)	BAZ1B WBSC10 WBSCR10 WBSCR9 WSTF	cellular response to DNA damage stimulus [GO:0006974]; chromatin assembly or disassembly [GO:0006333]; chromatin remodeling [GO:0006338]; double-strand break repair [GO:0006302]; histone phosphorylation [GO:0016572]; positive regulation of gene expression, epigenetic [GO:0045815]; regulation of transcription by RNA polymerase II [GO:0006357]	ATP binding [GO:0005524]; histone binding [GO:0042393]; histone kinase activity [GO:0035173]; non-membrane spanning protein tyrosine kinase activity [GO:0004715]; protein tyrosine kinase activity [GO:0004713]; transmembrane receptor protein tyrosine kinase activity [GO:0004714]; zinc ion binding [GO:0008270]	condensed chromosome [GO:0000793]; nuclear body [GO:0016604]; nucleoplasm [GO:0005654]; pericentric heterochromatin [GO:0005721]
Q9UIQ6	Q9UIQ6	LCAP_HUMAN	Leucyl-cystinyl aminopeptidase (Cystinyl aminopeptidase) (EC 3.4.11.3) (Insulin-regulated membrane aminopeptidase) (Insulin-responsive aminopeptidase) (IRAP) (Oxytocinase) (OTase) (Placental leucine aminopeptidase) (P-LAP) [Cleaved into: Leucyl-cystinyl aminopeptidase, pregnancy serum form]	LNPEP OTASE	antigen processing and presentation of exogenous peptide antigen via MHC class I, TAP-independent [GO:0002480]; cell-cell signaling [GO:0007267]; female pregnancy [GO:0007565]; negative regulation of cold-induced thermogenesis [GO:0120163]; peptide catabolic process [GO:0043171]; protein polyubiquitination [GO:0000209]; proteolysis [GO:0006508]; regulation of blood pressure [GO:0008217]; signal transduction [GO:0007165]	aminopeptidase activity [GO:0004177]; metalloaminopeptidase activity [GO:0070006]; metallopeptidase activity [GO:0008237]; peptide binding [GO:0042277]; zinc ion binding [GO:0008270]	cytoplasm [GO:0005737]; cytosol [GO:0005829]; early endosome lumen [GO:0031905]; extracellular region [GO:0005576]; integral component of plasma membrane [GO:0005887]; lysosomal membrane [GO:0005765]; membrane [GO:0016020]; plasma membrane [GO:0005886]
Q9UIS9	Q9UIS9	MBD1_HUMAN	Methyl-CpG-binding domain protein 1 (CXXC-type zinc finger protein 3) (Methyl-CpG-binding protein MBD1) (Protein containing methyl-CpG-binding domain 1)	MBD1 CXXC3 PCM1	negative regulation of transcription, DNA-templated [GO:0045892]; transcription by RNA polymerase II [GO:0006366]	DNA binding [GO:0003677]; double-stranded methylated DNA binding [GO:0010385]; methyl-CpG binding [GO:0008327]; unmethylated CpG binding [GO:0045322]; zinc ion binding [GO:0008270]	chromosome [GO:0005694]; nuclear matrix [GO:0016363]; nuclear speck [GO:0016607]; nucleoplasm [GO:0005654]; nucleus [GO:0005634]
Q9UJ70	Q9UJ70	NAGK_HUMAN	N-acetyl-D-glucosamine kinase (N-acetylglucosamine kinase) (EC 2.7.1.59) (GlcNAc kinase)	NAGK	N-acetylglucosamine metabolic process [GO:0006044]; N-acetylmannosamine metabolic process [GO:0006051]; N-acetylneuraminate catabolic process [GO:0019262]; UDP-N-acetylglucosamine biosynthetic process [GO:0006048]	ATP binding [GO:0005524]; N-acetylglucosamine kinase activity [GO:0045127]	cytosol [GO:0005829]; extracellular exosome [GO:0070062]
Q9UJU6	Q9UJU6	DBNL_HUMAN	Drebrin-like protein (Cervical SH3P7) (Cervical mucin-associated protein) (Drebrin-F) (HPK1-interacting protein of 55 kDa) (HIP-55) (SH3 domain-containing protein 7)	DBNL CMAP SH3P7 PP5423	activation of JUN kinase activity [GO:0007257]; adaptive immune response [GO:0002250]; neuron projection morphogenesis [GO:0048812]; neutrophil degranulation [GO:0043312]; podosome assembly [GO:0071800]; positive regulation of axon extension [GO:0045773]; positive regulation of dendritic spine morphogenesis [GO:0061003]; postsynaptic actin cytoskeleton organization [GO:0098974]; Rac protein signal transduction [GO:0016601]; receptor-mediated endocytosis [GO:0006898]; regulation of actin filament polymerization [GO:0030833]; ruffle assembly [GO:0097178]; synapse assembly [GO:0007416]	actin binding [GO:0003779]; actin filament binding [GO:0051015]; cadherin binding [GO:0045296]; enzyme activator activity [GO:0008047]; protein C-terminus binding [GO:0008022]; protein domain specific binding [GO:0019904]	cell cortex [GO:0005938]; clathrin-coated vesicle membrane [GO:0030665]; cortical actin cytoskeleton [GO:0030864]; cytoplasm [GO:0005737]; cytosol [GO:0005829]; dendrite [GO:0030425]; early endosome [GO:0005769]; extracellular exosome [GO:0070062]; extracellular region [GO:0005576]; ficolin-1-rich granule lumen [GO:1904813]; Golgi membrane [GO:0000139]; lamellipodium [GO:0030027]; perikaryon [GO:0043204]; plasma membrane [GO:0005886]; podosome [GO:0002102]; postsynaptic density [GO:0014069]; postsynaptic membrane [GO:0045211]; ruffle [GO:0001726]; secretory granule lumen [GO:0034774]; site of polarized growth [GO:0030427]; tertiary granule lumen [GO:1904724]
Q9UK61	Q9UK61	TASOR_HUMAN	Protein TASOR (CTCL tumor antigen se89-1) (Retinoblastoma-associated protein RAP140) (Transgene activation suppressor protein)	TASOR C3orf63 FAM208A KIAA1105	anterior/posterior axis specification, embryo [GO:0008595]; in utero embryonic development [GO:0001701]; mesodermal to mesenchymal transition involved in gastrulation [GO:0060809]; mitotic spindle assembly [GO:0090307]; negative regulation of gene expression, epigenetic [GO:0045814]; negative regulation of single stranded viral RNA replication via double stranded DNA intermediate [GO:0045869]; positive regulation of DNA methylation-dependent heterochromatin assembly [GO:0090309]; protein localization to heterochromatin [GO:0097355]	chromatin binding [GO:0003682]; RNA binding [GO:0003723]	heterochromatin [GO:0000792]; nucleoplasm [GO:0005654]
Q9UKA4	Q9UKA4	AKA11_HUMAN	A-kinase anchor protein 11 (AKAP-11) (A-kinase anchor protein 220 kDa) (AKAP 220) (hAKAP220) (Protein kinase A-anchoring protein 11) (PRKA11)	AKAP11 AKAP220 KIAA0629	cortical actin cytoskeleton organization [GO:0030866]; intracellular signal transduction [GO:0035556]; protein localization [GO:0008104]; protein localization to endosome [GO:0036010]; renal water homeostasis [GO:0003091]	kinase regulator activity [GO:0019207]; protein kinase A binding [GO:0051018]; protein kinase A regulatory subunit binding [GO:0034237]; protein phosphatase 1 binding [GO:0008157]	cytoplasm [GO:0005737]; cytosol [GO:0005829]; microtubule organizing center [GO:0005815]; nucleolus [GO:0005730]; peroxisome [GO:0005777]; plasma membrane [GO:0005886]
Q9UKJ3	Q9UKJ3	GPTC8_HUMAN	G patch domain-containing protein 8	GPATCH8 GPATC8 KIAA0553		metal ion binding [GO:0046872]; RNA binding [GO:0003723]	nucleus [GO:0005634]
Q9UKM9	Q9UKM9	RALY_HUMAN	RNA-binding protein Raly (Autoantigen p542) (Heterogeneous nuclear ribonucleoprotein C-like 2) (hnRNP core protein C-like 2) (hnRNP associated with lethal yellow protein homolog)	RALY HNRPCL2 P542	cholesterol homeostasis [GO:0042632]; mRNA splicing, via spliceosome [GO:0000398]; regulation of nucleic acid-templated transcription [GO:1903506]	RNA binding [GO:0003723]; transcription coregulator activity [GO:0003712]	catalytic step 2 spliceosome [GO:0071013]; nucleus [GO:0005634]
Q9UKV3	Q9UKV3	ACINU_HUMAN	Apoptotic chromatin condensation inducer in the nucleus (Acinus)	ACIN1 ACINUS KIAA0670	apoptotic chromosome condensation [GO:0030263]; erythrocyte differentiation [GO:0030218]; mRNA processing [GO:0006397]; negative regulation of mRNA splicing, via spliceosome [GO:0048025]; positive regulation of apoptotic process [GO:0043065]; positive regulation of monocyte differentiation [GO:0045657]; RNA splicing [GO:0008380]	ATPase activity [GO:0016887]; enzyme binding [GO:0019899]; nucleic acid binding [GO:0003676]; RNA binding [GO:0003723]	ASAP complex [GO:0061574]; cytosol [GO:0005829]; nuclear speck [GO:0016607]; nucleolus [GO:0005730]; nucleoplasm [GO:0005654]; nucleus [GO:0005634]; plasma membrane [GO:0005886]
Q9UKX7	Q9UKX7	NUP50_HUMAN	Nuclear pore complex protein Nup50 (50 kDa nucleoporin) (Nuclear pore-associated protein 60 kDa-like) (Nucleoporin Nup50)	NUP50 NPAP60L PRO1146	intracellular transport of virus [GO:0075733]; mRNA export from nucleus [GO:0006406]; protein import into nucleus [GO:0006606]; protein sumoylation [GO:0016925]; regulation of cellular response to heat [GO:1900034]; regulation of gene silencing by miRNA [GO:0060964]; regulation of glycolytic process [GO:0006110]; tRNA export from nucleus [GO:0006409]; viral life cycle [GO:0019058]; viral process [GO:0016032]; viral transcription [GO:0019083]		host cell [GO:0043657]; nuclear membrane [GO:0031965]; nuclear pore [GO:0005643]; nucleoplasm [GO:0005654]
Q9UNL2	Q9UNL2	SSRG_HUMAN	Translocon-associated protein subunit gamma (TRAP-gamma) (Signal sequence receptor subunit gamma) (SSR-gamma)	SSR3 TRAPG	SRP-dependent cotranslational protein targeting to membrane [GO:0006614]		endoplasmic reticulum [GO:0005783]; endoplasmic reticulum membrane [GO:0005789]; integral component of membrane [GO:0016021]
Q9UNX4	Q9UNX4	WDR3_HUMAN	WD repeat-containing protein 3	WDR3	maturation of SSU-rRNA [GO:0030490]; rRNA processing [GO:0006364]	RNA binding [GO:0003723]; snoRNA binding [GO:0030515]	nuclear membrane [GO:0031965]; nucleolus [GO:0005730]; nucleoplasm [GO:0005654]; Pwp2p-containing subcomplex of 90S preribosome [GO:0034388]; small-subunit processome [GO:0032040]
Q9UPN7	Q9UPN7	PP6R1_HUMAN	Serine/threonine-protein phosphatase 6 regulatory subunit 1 (SAPS domain family member 1)	PPP6R1 KIAA1115 PP6R1 SAPS1	COPII vesicle coating [GO:0048208]; regulation of phosphoprotein phosphatase activity [GO:0043666]	protein phosphatase binding [GO:0019903]; protein phosphatase regulator activity [GO:0019888]; small GTPase binding [GO:0031267]	cytosol [GO:0005829]; nucleus [GO:0005634]
Q9UPN9	Q9UPN9	TRI33_HUMAN	E3 ubiquitin-protein ligase TRIM33 (EC 2.3.2.27) (Ectodermin homolog) (RET-fused gene 7 protein) (Protein Rfg7) (RING-type E3 ubiquitin transferase TRIM33) (Transcription intermediary factor 1-gamma) (TIF1-gamma) (Tripartite motif-containing protein 33)	TRIM33 KIAA1113 RFG7 TIF1G	negative regulation of BMP signaling pathway [GO:0030514]; negative regulation of transcription, DNA-templated [GO:0045892]; negative regulation of transcription by RNA polymerase II [GO:0000122]; protein ubiquitination [GO:0016567]; regulation of transforming growth factor beta receptor signaling pathway [GO:0017015]	co-SMAD binding [GO:0070410]; DNA binding [GO:0003677]; R-SMAD binding [GO:0070412]; transferase activity [GO:0016740]; zinc ion binding [GO:0008270]	nucleoplasm [GO:0005654]; nucleus [GO:0005634]
Q9UPP1	Q9UPP1	PHF8_HUMAN	Histone lysine demethylase PHF8 (EC 1.14.11.27) (EC 1.14.11.65) (PHD finger protein 8) ([histone H3]-dimethyl-L-lysine(36) demethylase PHF8) ([histone H3]-dimethyl-L-lysine(9) demethylase PHF8)	PHF8 KIAA1111 ZNF422	brain development [GO:0007420]; G1/S transition of mitotic cell cycle [GO:0000082]; histone H3-K27 demethylation [GO:0071557]; histone H3-K36 demethylation [GO:0070544]; histone H3-K9 demethylation [GO:0033169]; histone H4-K20 demethylation [GO:0035574]; mitotic chromosome condensation [GO:0007076]; negative regulation of ribosomal DNA heterochromatin assembly [GO:0061188]; positive regulation of transcription, DNA-templated [GO:0045893]; positive regulation of transcription by RNA polymerase I [GO:0045943]; protein demethylation [GO:0006482]; regulation of transcription by RNA polymerase II [GO:0006357]	2-oxoglutarate-dependent dioxygenase activity [GO:0016706]; chromatin binding [GO:0003682]; histone demethylase activity [GO:0032452]; histone demethylase activity (H3-K27 specific) [GO:0071558]; histone demethylase activity (H3-K36 specific) [GO:0051864]; histone demethylase activity (H3-K9 specific) [GO:0032454]; histone demethylase activity (H4-K20 specific) [GO:0035575]; iron ion binding [GO:0005506]; methylated histone binding [GO:0035064]; transcription coregulator activity [GO:0003712]; zinc ion binding [GO:0008270]	nuclear membrane [GO:0031965]; nucleolus [GO:0005730]; nucleoplasm [GO:0005654]; nucleus [GO:0005634]
Q9UPT8	Q9UPT8	ZC3H4_HUMAN	Zinc finger CCCH domain-containing protein 4	ZC3H4 C19orf7 KIAA1064		DNA-binding transcription factor activity, RNA polymerase II-specific [GO:0000981]; metal ion binding [GO:0046872]; RNA binding [GO:0003723]	cytosol [GO:0005829]; nucleoplasm [GO:0005654]; nucleus [GO:0005634]
Q9UPU5	Q9UPU5	UBP24_HUMAN	Ubiquitin carboxyl-terminal hydrolase 24 (EC 3.4.19.12) (Deubiquitinating enzyme 24) (Ubiquitin thioesterase 24) (Ubiquitin-specific-processing protease 24)	USP24 KIAA1057	protein deubiquitination [GO:0016579]; ubiquitin-dependent protein catabolic process [GO:0006511]; viral process [GO:0016032]	cysteine-type endopeptidase activity [GO:0004197]; thiol-dependent deubiquitinase [GO:0004843]	cytosol [GO:0005829]; nucleoplasm [GO:0005654]; nucleus [GO:0005634]
Q9UPW6	Q9UPW6	SATB2_HUMAN	DNA-binding protein SATB2 (Special AT-rich sequence-binding protein 2)	SATB2 KIAA1034	cartilage development [GO:0051216]; cellular response to organic substance [GO:0071310]; chromatin remodeling [GO:0006338]; commitment of neuronal cell to specific neuron type in forebrain [GO:0021902]; embryonic pattern specification [GO:0009880]; embryonic skeletal system morphogenesis [GO:0048704]; negative regulation of transcription by RNA polymerase II [GO:0000122]; neuron migration [GO:0001764]; osteoblast development [GO:0002076]; positive regulation of transcription by RNA polymerase II [GO:0045944]; regulation of transcription by RNA polymerase II [GO:0006357]; roof of mouth development [GO:0060021]	chromatin binding [GO:0003682]; DNA-binding transcription activator activity, RNA polymerase II-specific [GO:0001228]; DNA-binding transcription factor activity, RNA polymerase II-specific [GO:0000981]; histone deacetylase binding [GO:0042826]; RNA polymerase II cis-regulatory region sequence-specific DNA binding [GO:0000978]; RNA polymerase II transcription regulatory region sequence-specific DNA binding [GO:0000977]	chromatin [GO:0000785]; histone deacetylase complex [GO:0000118]; nuclear matrix [GO:0016363]; nucleoplasm [GO:0005654]; transcription regulator complex [GO:0005667]
Q9UPY5	Q9UPY5	XCT_HUMAN	Cystine/glutamate transporter (Amino acid transport system xc-) (Calcium channel blocker resistance protein CCBR1) (Solute carrier family 7 member 11) (xCT)	SLC7A11	adult behavior [GO:0030534]; amino acid transport [GO:0006865]; cellular response to oxidative stress [GO:0034599]; dipeptide import across plasma membrane [GO:0140206]; glutamate homeostasis [GO:0090461]; glutathione metabolic process [GO:0006749]; glutathione transmembrane transport [GO:0034775]; lens fiber cell differentiation [GO:0070306]; leukocyte migration [GO:0050900]; L-glutamate import across plasma membrane [GO:0098712]; limb development [GO:0060173]; lung alveolus development [GO:0048286]; modulation of chemical synaptic transmission [GO:0050804]; negative regulation of oxidative stress-induced neuron death [GO:1903204]; platelet aggregation [GO:0070527]; regulation of AMPA glutamate receptor clustering [GO:1904717]; regulation of cell population proliferation [GO:0042127]; regulation of cysteine metabolic process [GO:1901494]; regulation of glutamate metabolic process [GO:2000211]; regulation of glutathione biosynthetic process [GO:1903786]; regulation of melanin biosynthetic process [GO:0048021]; regulation of neutrophil apoptotic process [GO:0033029]; regulation of protein transport [GO:0051223]; regulation of synapse organization [GO:0050807]; response to nicotine [GO:0035094]; response to organic cyclic compound [GO:0014070]; response to redox state [GO:0051775]; response to toxic substance [GO:0009636]; striatum development [GO:0021756]; ventricular system development [GO:0021591]; visual learning [GO:0008542]	cystine:glutamate antiporter activity [GO:0015327]; L-amino acid transmembrane transporter activity [GO:0015179]	apical part of cell [GO:0045177]; astrocyte projection [GO:0097449]; brush border membrane [GO:0031526]; cell surface [GO:0009986]; cytoskeleton [GO:0005856]; integral component of membrane [GO:0016021]; plasma membrane [GO:0005886]; rough endoplasmic reticulum [GO:0005791]
Q9UQ35	Q9UQ35	SRRM2_HUMAN	Serine/arginine repetitive matrix protein 2 (300 kDa nuclear matrix antigen) (Serine/arginine-rich splicing factor-related nuclear matrix protein of 300 kDa) (SR-related nuclear matrix protein of 300 kDa) (Ser/Arg-related nuclear matrix protein of 300 kDa) (Splicing coactivator subunit SRm300) (Tax-responsive enhancer element-binding protein 803) (TaxREB803)	SRRM2 KIAA0324 SRL300 SRM300 HSPC075	mRNA splicing, via spliceosome [GO:0000398]	C2H2 zinc finger domain binding [GO:0070742]; mRNA binding [GO:0003729]; protein N-terminus binding [GO:0047485]; RNA binding [GO:0003723]	Cajal body [GO:0015030]; catalytic step 2 spliceosome [GO:0071013]; nuclear speck [GO:0016607]; nucleoplasm [GO:0005654]; nucleus [GO:0005634]; U2-type catalytic step 2 spliceosome [GO:0071007]; U2-type precatalytic spliceosome [GO:0071005]
Q9Y2D5	Q9Y2D5	AKAP2_HUMAN	A-kinase anchor protein 2 (AKAP-2) (AKAP-KL) (Protein kinase A-anchoring protein 2) (PRKA2)	AKAP2 KIAA0920 PRKA2			
Q9Y2L5	Q9Y2L5	TPPC8_HUMAN	Trafficking protein particle complex subunit 8 (Protein TRS85 homolog)	TRAPPC8 KIAA1012	autophagy of peroxisome [GO:0030242]; endoplasmic reticulum to Golgi vesicle-mediated transport [GO:0006888]; Golgi organization [GO:0007030]; protein localization to phagophore assembly site [GO:0034497]		cytoplasmic vesicle [GO:0031410]; cytosol [GO:0005829]; phagophore assembly site [GO:0000407]; TRAPP complex [GO:0030008]; TRAPPIII protein complex [GO:1990072]
Q9Y2V2	Q9Y2V2	CHSP1_HUMAN	Calcium-regulated heat-stable protein 1 (Calcium-regulated heat-stable protein of 24 kDa) (CRHSP-24)	CARHSP1	intracellular signal transduction [GO:0035556]; regulation of mRNA stability [GO:0043488]	mRNA 3'-UTR binding [GO:0003730]; phosphatase binding [GO:0019902]	cytoplasm [GO:0005737]; cytoplasmic exosome (RNase complex) [GO:0000177]; cytosol [GO:0005829]; P-body [GO:0000932]; P granule [GO:0043186]
Q9Y2W1	Q9Y2W1	TR150_HUMAN	Thyroid hormone receptor-associated protein 3 (BCLAF1 and THRAP3 family member 2) (Thyroid hormone receptor-associated protein complex 150 kDa component) (Trap150)	THRAP3 BCLAF2 TRAP150	mRNA processing [GO:0006397]; mRNA stabilization [GO:0048255]; nuclear-transcribed mRNA catabolic process [GO:0000956]; positive regulation of circadian rhythm [GO:0042753]; positive regulation of mRNA splicing, via spliceosome [GO:0048026]; positive regulation of transcription, DNA-templated [GO:0045893]; positive regulation of transcription by RNA polymerase II [GO:0045944]; regulation of alternative mRNA splicing, via spliceosome [GO:0000381]; rhythmic process [GO:0048511]; RNA splicing [GO:0008380]	ATP binding [GO:0005524]; DNA binding [GO:0003677]; nuclear receptor coactivator activity [GO:0030374]; phosphoprotein binding [GO:0051219]; RNA binding [GO:0003723]; RNA polymerase II cis-regulatory region sequence-specific DNA binding [GO:0000978]; thyroid hormone receptor binding [GO:0046966]; transcription coactivator activity [GO:0003713]; transcription coregulator activity [GO:0003712]; vitamin D receptor binding [GO:0042809]	extracellular exosome [GO:0070062]; mediator complex [GO:0016592]; nuclear speck [GO:0016607]; nucleoplasm [GO:0005654]; nucleus [GO:0005634]
Q9Y2X3	Q9Y2X3	NOP58_HUMAN	Nucleolar protein 58 (Nucleolar protein 5)	NOP58 NOL5 NOP5 HSPC120	rRNA processing [GO:0006364]; snoRNA localization [GO:0048254]	ATPase binding [GO:0051117]; RNA binding [GO:0003723]; snoRNA binding [GO:0030515]; TFIID-class transcription factor complex binding [GO:0001094]	box C/D RNP complex [GO:0031428]; Cajal body [GO:0015030]; cytosol [GO:0005829]; fibrillar center [GO:0001650]; membrane [GO:0016020]; nucleolus [GO:0005730]; nucleoplasm [GO:0005654]; pre-snoRNP complex [GO:0070761]; small-subunit processome [GO:0032040]; sno(s)RNA-containing ribonucleoprotein complex [GO:0005732]
Q9Y2X7	Q9Y2X7	GIT1_HUMAN	ARF GTPase-activating protein GIT1 (ARF GAP GIT1) (Cool-associated and tyrosine-phosphorylated protein 1) (CAT-1) (CAT1) (G protein-coupled receptor kinase-interactor 1) (GRK-interacting protein 1) (p95-APP1)	GIT1	brain development [GO:0007420]; cell redox homeostasis [GO:0045454]; cellular response to lipopolysaccharide [GO:0071222]; ephrin receptor signaling pathway [GO:0048013]; intramembranous ossification [GO:0001957]; locomotory behavior [GO:0007626]; motor learning [GO:0061743]; negative regulation of glycolytic process [GO:0045820]; negative regulation of inflammatory response to wounding [GO:0106015]; negative regulation of interleukin-1 beta production [GO:0032691]; neuron development [GO:0048666]; positive regulation of GTPase activity [GO:0043547]; positive regulation of microtubule nucleation [GO:0090063]; presynaptic modulation of chemical synaptic transmission [GO:0099171]; regulation of cytokinesis [GO:0032465]; regulation of G protein-coupled receptor signaling pathway [GO:0008277]; regulation of synaptic vesicle exocytosis [GO:2000300]	gamma-tubulin binding [GO:0043015]; GTPase activator activity [GO:0005096]; metal ion binding [GO:0046872]; protein-containing complex binding [GO:0044877]	calyx of Held [GO:0044305]; centrosome [GO:0005813]; cytosol [GO:0005829]; focal adhesion [GO:0005925]; membrane [GO:0016020]; mitochondrion [GO:0005739]; mitotic spindle pole [GO:0097431]; postsynapse [GO:0098794]
Q9Y320	Q9Y320	TMX2_HUMAN	Thioredoxin-related transmembrane protein 2 (Cell proliferation-inducing gene 26 protein) (Thioredoxin domain-containing protein 14)	TMX2 TXNDC14 CGI-31 My009 PIG26 PSEC0045 UNQ237/PRO270	brain development [GO:0007420]	disulfide oxidoreductase activity [GO:0015036]; identical protein binding [GO:0042802]	endoplasmic reticulum membrane [GO:0005789]; integral component of membrane [GO:0016021]; membrane-bounded organelle [GO:0043227]; mitochondria-associated endoplasmic reticulum membrane [GO:0044233]; mitochondrial membrane [GO:0031966]; mitochondrion [GO:0005739]
Q9Y385	Q9Y385	UB2J1_HUMAN	Ubiquitin-conjugating enzyme E2 J1 (EC 2.3.2.23) (E2 ubiquitin-conjugating enzyme J1) (Non-canonical ubiquitin-conjugating enzyme 1) (NCUBE-1) (Yeast ubiquitin-conjugating enzyme UBC6 homolog E) (HsUBC6e)	UBE2J1 NCUBE1 CGI-76 HSPC153 HSPC205	negative regulation of retrograde protein transport, ER to cytosol [GO:1904153]; protein N-linked glycosylation via asparagine [GO:0018279]; protein polyubiquitination [GO:0000209]; regulation of tumor necrosis factor production [GO:0032680]; spermatid development [GO:0007286]; ubiquitin-dependent ERAD pathway [GO:0030433]	ATP binding [GO:0005524]; ubiquitin conjugating enzyme activity [GO:0061631]; ubiquitin protein ligase binding [GO:0031625]	endoplasmic reticulum membrane [GO:0005789]; integral component of membrane [GO:0016021]; nucleus [GO:0005634]
Q9Y3L3	Q9Y3L3	3BP1_HUMAN	SH3 domain-binding protein 1	SH3BP1	actin filament organization [GO:0007015]; cell junction assembly [GO:0034329]; cell migration [GO:0016477]; establishment of epithelial cell apical/basal polarity [GO:0045198]; filopodium assembly [GO:0046847]; negative regulation of small GTPase mediated signal transduction [GO:0051058]; phagocytosis, engulfment [GO:0006911]; positive regulation of GTPase activity [GO:0043547]; regulation of actin cytoskeleton organization [GO:0032956]; regulation of actin filament depolymerization [GO:0030834]; regulation of blood vessel endothelial cell migration [GO:0043535]; regulation of Rac protein signal transduction [GO:0035020]; ruffle assembly [GO:0097178]; semaphorin-plexin signaling pathway [GO:0071526]	GTPase activator activity [GO:0005096]; semaphorin receptor binding [GO:0030215]; SH3 domain binding [GO:0017124]	adherens junction [GO:0005912]; bicellular tight junction [GO:0005923]; cell leading edge [GO:0031252]; cytosol [GO:0005829]; lamellipodium [GO:0030027]; nucleus [GO:0005634]; phagocytic cup [GO:0001891]
Q9Y3T9	Q9Y3T9	NOC2L_HUMAN	Nucleolar complex protein 2 homolog (Protein NOC2 homolog) (NOC2-like protein) (Novel INHAT repressor)	NOC2L NIR	apoptotic process [GO:0006915]; cellular response to UV [GO:0034644]; chromatin assembly [GO:0031497]; negative regulation of B cell apoptotic process [GO:0002903]; negative regulation of histone acetylation [GO:0035067]; negative regulation of intrinsic apoptotic signaling pathway [GO:2001243]; negative regulation of transcription by RNA polymerase II [GO:0000122]; regulation of signal transduction by p53 class mediator [GO:1901796]; ribosomal large subunit biogenesis [GO:0042273]	chromatin binding [GO:0003682]; histone binding [GO:0042393]; nucleosome binding [GO:0031491]; repressing transcription factor binding [GO:0070491]; RNA binding [GO:0003723]; transcription corepressor activity [GO:0003714]	chromosome [GO:0005694]; cytosol [GO:0005829]; Noc1p-Noc2p complex [GO:0030690]; Noc2p-Noc3p complex [GO:0030691]; nucleolus [GO:0005730]; nucleoplasm [GO:0005654]; nucleus [GO:0005634]
Q9Y3Z3	Q9Y3Z3	SAMH1_HUMAN	Deoxynucleoside triphosphate triphosphohydrolase SAMHD1 (dNTPase) (EC 3.1.5.-) (Dendritic cell-derived IFNG-induced protein) (DCIP) (Monocyte protein 5) (MOP-5) (SAM domain and HD domain-containing protein 1) (hSAMHD1)	SAMHD1 MOP5	cellular response to DNA damage stimulus [GO:0006974]; dATP catabolic process [GO:0046061]; defense response to virus [GO:0051607]; deoxyribonucleotide catabolic process [GO:0009264]; dGTP catabolic process [GO:0006203]; DNA strand resection involved in replication fork processing [GO:0110025]; double-strand break repair via homologous recombination [GO:0000724]; immune response [GO:0006955]; negative regulation of type I interferon-mediated signaling pathway [GO:0060339]; protein homotetramerization [GO:0051289]; regulation of innate immune response [GO:0045088]; somatic hypermutation of immunoglobulin genes [GO:0016446]; type I interferon signaling pathway [GO:0060337]; viral process [GO:0016032]	dGTPase activity [GO:0008832]; dGTP binding [GO:0032567]; GTP binding [GO:0005525]; identical protein binding [GO:0042802]; nucleic acid binding [GO:0003676]; ribonuclease activity [GO:0004540]; RNA binding [GO:0003723]; single-stranded DNA binding [GO:0003697]; triphosphoric monoester hydrolase activity [GO:0016793]; zinc ion binding [GO:0008270]	nucleoplasm [GO:0005654]; nucleus [GO:0005634]; plasma membrane [GO:0005886]; site of double-strand break [GO:0035861]; tetraspanin-enriched microdomain [GO:0097197]
Q9Y4E8	Q9Y4E8	UBP15_HUMAN	Ubiquitin carboxyl-terminal hydrolase 15 (EC 3.4.19.12) (Deubiquitinating enzyme 15) (Ubiquitin thioesterase 15) (Ubiquitin-specific-processing protease 15) (Unph-2) (Unph4)	USP15 KIAA0529	BMP signaling pathway [GO:0030509]; histone H2B conserved C-terminal lysine deubiquitination [GO:0035616]; monoubiquitinated protein deubiquitination [GO:0035520]; pathway-restricted SMAD protein phosphorylation [GO:0060389]; positive regulation of RIG-I signaling pathway [GO:1900246]; protein deubiquitination [GO:0016579]; transforming growth factor beta receptor signaling pathway [GO:0007179]; ubiquitin-dependent protein catabolic process [GO:0006511]; viral process [GO:0016032]	cysteine-type endopeptidase activity [GO:0004197]; identical protein binding [GO:0042802]; Lys48-specific deubiquitinase activity [GO:1990380]; SMAD binding [GO:0046332]; thiol-dependent deubiquitinase [GO:0004843]; transforming growth factor beta receptor binding [GO:0005160]; ubiquitin modification-dependent histone binding [GO:0061649]	cytoplasm [GO:0005737]; cytosol [GO:0005829]; mitochondrion [GO:0005739]; nucleus [GO:0005634]; plasma membrane [GO:0005886]
Q9Y520	Q9Y520	PRC2C_HUMAN	Protein PRRC2C (BAT2 domain-containing protein 1) (HBV X-transactivated gene 2 protein) (HBV XAg-transactivated protein 2) (HLA-B-associated transcript 2-like 2) (Proline-rich and coiled-coil-containing protein 2C)	PRRC2C BAT2D1 BAT2L2 KIAA1096 XTP2	cell differentiation [GO:0030154]; hematopoietic progenitor cell differentiation [GO:0002244]; stress granule assembly [GO:0034063]	protein C-terminus binding [GO:0008022]; RNA binding [GO:0003723]	cytoplasmic stress granule [GO:0010494]; cytosol [GO:0005829]; membrane [GO:0016020]
Q9Y5K6	Q9Y5K6	CD2AP_HUMAN	CD2-associated protein (Adapter protein CMS) (Cas ligand with multiple SH3 domains)	CD2AP	actin filament organization [GO:0007015]; cell-cell adhesion [GO:0098609]; cell cycle [GO:0007049]; cell division [GO:0051301]; negative regulation of small GTPase mediated signal transduction [GO:0051058]; negative regulation of transforming growth factor beta1 production [GO:0032911]; positive regulation of protein localization to nucleus [GO:1900182]; positive regulation of protein secretion [GO:0050714]; proteasome-mediated ubiquitin-dependent protein catabolic process [GO:0043161]; protein-containing complex assembly [GO:0065003]; regulation of actin cytoskeleton reorganization [GO:2000249]; regulation of receptor-mediated endocytosis [GO:0048259]; signal transduction [GO:0007165]; substrate-dependent cell migration, cell extension [GO:0006930]; vesicle organization [GO:0016050]	beta-catenin binding [GO:0008013]; cadherin binding [GO:0045296]; identical protein binding [GO:0042802]; protein-containing complex binding [GO:0044877]; protein C-terminus binding [GO:0008022]; SH3 domain binding [GO:0017124]; structural constituent of cytoskeleton [GO:0005200]; vascular endothelial growth factor receptor binding [GO:0005172]	actin cytoskeleton [GO:0015629]; axon [GO:0030424]; cell-cell junction [GO:0005911]; centriolar satellite [GO:0034451]; cytoplasm [GO:0005737]; cytosol [GO:0005829]; dendrite [GO:0030425]; endocytic vesicle [GO:0030139]; extracellular exosome [GO:0070062]; fibrillar center [GO:0001650]; filamentous actin [GO:0031941]; perinuclear region of cytoplasm [GO:0048471]; plasma membrane [GO:0005886]; ruffle [GO:0001726]
Q9Y5Q9	Q9Y5Q9	TF3C3_HUMAN	General transcription factor 3C polypeptide 3 (Transcription factor IIIC 102 kDa subunit) (TFIIIC 102 kDa subunit) (TFIIIC102) (Transcription factor IIIC subunit gamma) (TF3C-gamma)	GTF3C3	5S class rRNA transcription by RNA polymerase III [GO:0042791]; transcription by RNA polymerase III [GO:0006383]; tRNA transcription by RNA polymerase III [GO:0042797]	DNA binding [GO:0003677]	nuclear membrane [GO:0031965]; nucleolus [GO:0005730]; nucleoplasm [GO:0005654]; transcription factor TFIIIC complex [GO:0000127]
Q9Y608	Q9Y608	LRRF2_HUMAN	Leucine-rich repeat flightless-interacting protein 2 (LRR FLII-interacting protein 2)	LRRFIP2	regulation of transcription, DNA-templated [GO:0006355]; Wnt signaling pathway [GO:0016055]	LRR domain binding [GO:0030275]	
Q9Y618	Q9Y618	NCOR2_HUMAN	Nuclear receptor corepressor 2 (N-CoR2) (CTG repeat protein 26) (SMAP270) (Silencing mediator of retinoic acid and thyroid hormone receptor) (SMRT) (T3 receptor-associating factor) (TRAC) (Thyroid-, retinoic-acid-receptor-associated corepressor)	NCOR2 CTG26	estrous cycle [GO:0044849]; intracellular receptor signaling pathway [GO:0030522]; lactation [GO:0007595]; negative regulation of androgen receptor signaling pathway [GO:0060766]; negative regulation of production of miRNAs involved in gene silencing by miRNA [GO:1903799]; negative regulation of transcription, DNA-templated [GO:0045892]; negative regulation of transcription by RNA polymerase II [GO:0000122]; regulation of cellular ketone metabolic process [GO:0010565]; regulation of lipid metabolic process [GO:0019216]; response to estradiol [GO:0032355]; response to organonitrogen compound [GO:0010243]; transcription initiation from RNA polymerase II promoter [GO:0006367]	chromatin binding [GO:0003682]; DNA binding [GO:0003677]; glucocorticoid receptor binding [GO:0035259]; histone deacetylase binding [GO:0042826]; Notch binding [GO:0005112]; nuclear hormone receptor binding [GO:0035257]; protein-containing complex binding [GO:0044877]; protein N-terminus binding [GO:0047485]; retinoid X receptor binding [GO:0046965]; transcription corepressor activity [GO:0003714]	chromatin [GO:0000785]; histone deacetylase complex [GO:0000118]; membrane [GO:0016020]; nuclear body [GO:0016604]; nuclear matrix [GO:0016363]; nucleoplasm [GO:0005654]; nucleus [GO:0005634]; transcription repressor complex [GO:0017053]
Q9Y6D5	Q9Y6D5	BIG2_HUMAN	Brefeldin A-inhibited guanine nucleotide-exchange protein 2 (Brefeldin A-inhibited GEP 2) (ADP-ribosylation factor guanine nucleotide-exchange factor 2)	ARFGEF2 ARFGEP2 BIG2	endomembrane system organization [GO:0010256]; endosome organization [GO:0007032]; exocytosis [GO:0006887]; Golgi to plasma membrane transport [GO:0006893]; intracellular signal transduction [GO:0035556]; positive regulation of tumor necrosis factor production [GO:0032760]; protein transport [GO:0015031]; receptor recycling [GO:0001881]; regulation of ARF protein signal transduction [GO:0032012]	GABA receptor binding [GO:0050811]; guanyl-nucleotide exchange factor activity [GO:0005085]; myosin binding [GO:0017022]; protein kinase A regulatory subunit binding [GO:0034237]	asymmetric synapse [GO:0032279]; axonemal microtubule [GO:0005879]; cytoplasmic vesicle [GO:0031410]; cytosol [GO:0005829]; dendritic spine [GO:0043197]; Golgi apparatus [GO:0005794]; Golgi membrane [GO:0000139]; intracellular membrane-bounded organelle [GO:0043231]; membrane [GO:0016020]; microtubule organizing center [GO:0005815]; perinuclear region of cytoplasm [GO:0048471]; recycling endosome [GO:0055037]; symmetric synapse [GO:0032280]; trans-Golgi network [GO:0005802]
Q9Y6D6	Q9Y6D6	BIG1_HUMAN	Brefeldin A-inhibited guanine nucleotide-exchange protein 1 (Brefeldin A-inhibited GEP 1) (ADP-ribosylation factor guanine nucleotide-exchange factor 1) (p200 ARF guanine nucleotide exchange factor) (p200 ARF-GEP1)	ARFGEF1 ARFGEP1 BIG1	endomembrane system organization [GO:0010256]; exocytosis [GO:0006887]; Golgi organization [GO:0007030]; negative regulation of actin filament polymerization [GO:0030837]; negative regulation of GTPase activity [GO:0034260]; neuron projection development [GO:0031175]; positive regulation of GTPase activity [GO:0043547]; positive regulation of protein glycosylation in Golgi [GO:0090284]; positive regulation of protein kinase B signaling [GO:0051897]; positive regulation of wound healing [GO:0090303]; protein transport [GO:0015031]; regulation of ARF protein signal transduction [GO:0032012]; regulation of establishment of cell polarity [GO:2000114]	guanyl-nucleotide exchange factor activity [GO:0005085]; myosin binding [GO:0017022]; protein kinase A regulatory subunit binding [GO:0034237]	cytosol [GO:0005829]; Golgi apparatus [GO:0005794]; Golgi membrane [GO:0000139]; nuclear matrix [GO:0016363]; nucleolus [GO:0005730]; nucleoplasm [GO:0005654]; perinuclear region of cytoplasm [GO:0048471]; small nuclear ribonucleoprotein complex [GO:0030532]; trans-Golgi network [GO:0005802]
Q9Y6G9	Q9Y6G9	DC1L1_HUMAN	Cytoplasmic dynein 1 light intermediate chain 1 (LIC1) (Dynein light chain A) (DLC-A) (Dynein light intermediate chain 1, cytosolic)	DYNC1LI1 DNCLI1	aggrephagy [GO:0035973]; antigen processing and presentation of exogenous peptide antigen via MHC class II [GO:0019886]; cell division [GO:0051301]; endoplasmic reticulum to Golgi vesicle-mediated transport [GO:0006888]; microtubule-based movement [GO:0007018]; microtubule cytoskeleton organization [GO:0000226]; mitotic spindle organization [GO:0007052]; neutrophil degranulation [GO:0043312]; positive regulation of mitotic cell cycle spindle assembly checkpoint [GO:0090267]; viral life cycle [GO:0019058]	ATP binding [GO:0005524]; dynein heavy chain binding [GO:0045504]; GDP binding [GO:0019003]; RNA binding [GO:0003723]	centrosome [GO:0005813]; condensed chromosome kinetochore [GO:0000777]; cytoplasmic dynein complex [GO:0005868]; cytosol [GO:0005829]; ficolin-1-rich granule membrane [GO:0101003]; kinetochore [GO:0000776]; membrane [GO:0016020]; microtubule [GO:0005874]; plasma membrane [GO:0005886]; secretory granule membrane [GO:0030667]; spindle pole [GO:0000922]
Q9Y6M5	Q9Y6M5	ZNT1_HUMAN	Zinc transporter 1 (ZnT-1) (Solute carrier family 30 member 1)	SLC30A1 ZNT1	cadmium ion transmembrane transport [GO:0070574]; calcium ion import [GO:0070509]; cellular calcium ion homeostasis [GO:0006874]; cellular zinc ion homeostasis [GO:0006882]; detoxification of cadmium ion [GO:0071585]; detoxification of zinc ion [GO:0010312]; in utero embryonic development [GO:0001701]; negative regulation of calcium ion import [GO:0090281]; negative regulation of neurotransmitter secretion [GO:0046929]; negative regulation of zinc ion transmembrane import [GO:0071584]; zinc ion transmembrane transport [GO:0071577]; zinc ion transport [GO:0006829]	calcium channel inhibitor activity [GO:0019855]; zinc ion transmembrane transporter activity [GO:0005385]	cytoplasm [GO:0005737]; endoplasmic reticulum [GO:0005783]; Golgi apparatus [GO:0005794]; integral component of membrane [GO:0016021]; integral component of postsynaptic density membrane [GO:0099061]; nuclear membrane [GO:0031965]; plasma membrane [GO:0005886]; Schaffer collateral - CA1 synapse [GO:0098685]; T-tubule [GO:0030315]
R4GN35	Q5VZ89	DEN4C_HUMAN	DENN domain-containing protein 4C	DENND4C C9orf55 C9orf55B	cellular response to insulin stimulus [GO:0032869]; protein localization to plasma membrane [GO:0072659]; protein transport [GO:0015031]; regulation of Rab protein signal transduction [GO:0032483]	guanyl-nucleotide exchange factor activity [GO:0005085]	cytoplasmic vesicle [GO:0031410]; cytoplasmic vesicle membrane [GO:0030659]; cytosol [GO:0005829]; Golgi apparatus [GO:0005794]; insulin-responsive compartment [GO:0032593]; intracellular membrane-bounded organelle [GO:0043231]; plasma membrane [GO:0005886]; retromer complex [GO:0030904]
V9GYM8	V9GYM8	V9GYM8_HUMAN	Guanine nucleotide exchange factor H1 (Rho guanine nucleotide exchange factor 2)	ARHGEF2	cell cycle [GO:0007049]; cell differentiation [GO:0030154]; cell division [GO:0051301]; innate immune response [GO:0045087]; intracellular signal transduction [GO:0035556]; nervous system development [GO:0007399]	guanyl-nucleotide exchange factor activity [GO:0005085]	bicellular tight junction [GO:0005923]; Golgi apparatus [GO:0005794]
